true_pos,obs_pos,true_var
124,116,20
124,116,20
124,116,20
124,116,20
124,116,20
124,116,20
124,116,20
124,116,20
124,116,20
124,116,20
124,116,20
124,116,20
124,116,20
124,116,20
124,116,20
124,116,20
124,116,20
124,116,20
124,118,20
124,118,20
124,118,20
124,118,20
124,118,20
124,118,20
124,118,20
124,118,20
124,118,20
124,118,20
124,123,20
124,123,20
124,123,20
124,123,20
124,123,20
124,123,20
124,123,20
124,123,20
124,123,20
124,123,20
124,123,20
124,123,20
124,136,20
124,136,20
124,136,20
124,136,20
124,136,20
124,136,20
124,136,20
124,136,20
124,136,20
124,136,20
124,136,20
124,136,20
124,136,20
124,136,20
124,136,20
124,136,20
124,153,20
124,153,20
124,153,20
124,153,20
124,153,20
124,153,20
124,153,20
124,153,20
124,153,20
124,153,20
124,153,20
124,153,20
124,153,20
124,153,20
124,153,20
124,153,20
124,153,20
124,153,20
124,153,20
124,153,20
124,153,20
124,153,20
124,153,20
124,153,20
124,153,20
124,153,20
124,153,20
124,153,20
124,153,20
124,153,20
124,153,20
124,153,20
124,153,20
124,153,20
124,153,20
124,153,20
124,153,20
124,136,20
124,136,20
124,136,20
124,136,20
124,136,20
124,136,20
124,136,20
124,120,20
124,120,20
124,120,20
124,120,20
124,120,20
124,120,20
124,120,20
124,120,20
124,120,20
124,120,20
124,120,20
124,120,20
124,120,20
124,120,20
124,120,20
124,120,20
124,120,20
124,120,20
124,120,20
124,120,20
124,102,20
124,102,20
124,102,20
124,102,20
124,102,20
124,102,20
124,102,20
124,102,20
124,102,20
124,102,20
124,102,20
124,102,20
124,102,20
124,103,20
124,103,20
124,103,20
124,103,20
124,103,20
124,103,20
124,103,20
124,103,20
124,125,20
124,125,20
124,125,20
124,125,20
124,125,20
124,125,20
124,125,20
124,125,20
124,125,20
124,125,20
124,125,20
124,125,20
124,125,20
124,125,20
124,125,20
124,125,20
124,125,20
124,125,20
124,125,20
124,125,20
124,125,20
124,125,20
124,125,20
124,125,20
124,125,20
124,125,20
124,125,20
124,125,20
124,125,20
124,125,20
124,125,20
124,125,20
124,125,20
124,125,20
124,105,20
124,105,20
124,105,20
124,105,20
124,105,20
124,105,20
124,105,20
124,105,20
124,105,20
124,171,20
124,171,20
124,171,20
124,171,20
124,171,20
124,171,20
124,171,20
124,171,20
124,171,20
124,171,20
124,171,20
124,171,20
124,171,20
124,171,20
124,171,20
124,171,20
124,97,20
124,97,20
124,97,20
124,97,20
124,97,20
124,97,20
124,97,20
124,113,20
124,113,20
124,113,20
124,113,20
124,113,20
124,113,20
124,113,20
124,113,20
124,113,20
124,113,20
124,113,20
124,113,20
124,113,20
124,113,20
124,113,20
124,113,20
124,113,20
124,113,20
124,113,20
124,113,20
124,113,20
124,113,20
124,113,20
124,113,20
124,113,20
124,113,20
124,113,20
124,113,20
124,113,20
124,113,20
124,113,20
124,113,20
124,113,20
124,113,20
124,113,20
124,113,20
124,113,20
124,140,20
124,140,20
124,140,20
124,140,20
124,140,20
124,140,20
124,140,20
124,140,20
124,140,20
124,140,20
124,140,20
124,140,20
124,140,20
124,140,20
124,140,20
124,140,20
124,140,20
124,140,20
124,140,20
124,140,20
124,140,20
124,140,20
124,140,20
124,140,20
124,140,20
124,140,20
124,140,20
124,140,20
124,140,20
124,105,20
124,105,20
124,105,20
124,105,20
124,105,20
124,105,20
124,105,20
124,105,20
124,105,20
124,105,20
124,105,20
124,105,20
124,105,20
124,105,20
124,105,20
124,105,20
124,105,20
124,105,20
124,147,20
124,147,20
124,147,20
124,147,20
124,147,20
124,147,20
124,147,20
124,147,20
124,147,20
124,147,20
124,147,20
124,147,20
124,147,20
124,147,20
124,147,20
124,147,20
124,147,20
124,147,20
124,147,20
124,147,20
124,147,20
124,147,20
124,147,20
124,147,20
124,147,20
124,147,20
124,147,20
124,147,20
124,147,20
124,147,20
124,147,20
124,147,20
124,147,20
124,147,20
124,147,20
124,147,20
124,147,20
124,147,20
124,147,20
124,147,20
124,147,20
124,147,20
124,147,20
124,147,20
124,147,20
124,147,20
124,147,20
124,147,20
124,147,20
124,147,20
124,147,20
124,147,20
124,147,20
124,147,20
124,147,20
124,147,20
124,147,20
124,147,20
124,147,20
124,147,20
124,130,20
124,130,20
124,130,20
124,130,20
124,130,20
124,130,20
124,130,20
124,130,20
124,130,20
124,130,20
124,130,20
124,130,20
124,130,20
124,130,20
124,130,20
124,130,20
124,130,20
124,164,20
124,164,20
124,164,20
124,164,20
124,164,20
124,164,20
124,164,20
124,164,20
124,164,20
124,164,20
124,164,20
124,112,20
124,112,20
124,112,20
124,112,20
124,112,20
124,112,20
124,112,20
124,112,20
124,112,20
124,112,20
124,112,20
124,112,20
124,112,20
124,112,20
124,112,20
124,112,20
124,112,20
124,112,20
124,112,20
124,112,20
124,112,20
124,130,20
124,130,20
124,130,20
124,130,20
124,130,20
124,130,20
124,130,20
124,130,20
124,110,20
124,110,20
124,110,20
124,110,20
124,110,20
124,110,20
124,110,20
124,110,20
124,110,20
124,110,20
124,110,20
124,110,20
124,110,20
124,110,20
124,103,20
124,103,20
124,103,20
124,103,20
124,103,20
124,103,20
124,103,20
124,103,20
124,103,20
124,103,20
124,103,20
124,103,20
124,103,20
124,103,20
124,103,20
124,103,20
124,103,20
124,103,20
124,103,20
124,103,20
124,103,20
124,85,20
124,85,20
124,85,20
124,85,20
124,85,20
124,85,20
124,85,20
124,85,20
124,85,20
124,85,20
124,85,20
124,85,20
124,85,20
124,85,20
124,121,20
124,121,20
124,121,20
124,121,20
124,121,20
124,121,20
124,121,20
124,121,20
124,121,20
124,121,20
124,121,20
124,121,20
124,121,20
124,124,20
124,124,20
124,124,20
124,124,20
124,124,20
124,124,20
124,124,20
124,124,20
124,124,20
124,124,20
124,124,20
124,124,20
124,124,20
124,124,20
124,124,20
124,124,20
124,124,20
124,124,20
124,124,20
124,124,20
124,124,20
124,124,20
124,124,20
124,124,20
124,124,20
124,124,20
124,124,20
124,124,20
124,124,20
124,124,20
124,124,20
124,124,20
124,127,20
124,127,20
124,127,20
124,127,20
124,127,20
124,127,20
124,127,20
124,127,20
124,127,20
124,127,20
124,127,20
124,127,20
124,127,20
124,127,20
124,127,20
124,127,20
124,127,20
124,127,20
124,127,20
124,127,20
124,127,20
124,127,20
124,127,20
124,127,20
124,127,20
124,127,20
124,127,20
124,127,20
124,127,20
124,127,20
124,127,20
124,127,20
124,127,20
124,127,20
124,115,20
124,115,20
124,115,20
124,115,20
124,115,20
124,115,20
124,115,20
124,115,20
124,115,20
124,115,20
124,115,20
124,115,20
124,115,20
124,115,20
124,115,20
124,115,20
124,115,20
124,115,20
124,115,20
124,115,20
124,115,20
124,115,20
124,115,20
124,115,20
124,115,20
124,115,20
124,115,20
124,115,20
124,115,20
124,115,20
124,115,20
124,115,20
124,115,20
124,115,20
124,115,20
124,115,20
124,115,20
124,115,20
124,115,20
124,115,20
124,115,20
124,115,20
124,115,20
124,115,20
124,115,20
124,115,20
124,115,20
124,115,20
124,115,20
124,130,20
124,130,20
124,130,20
124,130,20
124,130,20
124,130,20
124,130,20
124,130,20
124,130,20
124,130,20
124,130,20
124,130,20
124,130,20
124,139,20
124,139,20
124,139,20
124,139,20
124,139,20
124,139,20
124,134,20
124,134,20
124,134,20
124,134,20
124,134,20
124,134,20
124,134,20
124,134,20
124,134,20
124,134,20
124,134,20
124,134,20
124,134,20
124,134,20
124,134,20
124,134,20
124,134,20
124,134,20
124,134,20
124,134,20
124,134,20
124,134,20
124,134,20
124,134,20
124,134,20
124,134,20
124,134,20
124,134,20
124,134,20
124,135,20
124,135,20
124,135,20
124,135,20
124,135,20
124,135,20
124,135,20
124,135,20
124,135,20
124,135,20
124,135,20
124,135,20
124,126,20
124,126,20
124,126,20
124,126,20
124,126,20
124,126,20
124,126,20
124,126,20
124,126,20
124,126,20
124,126,20
124,126,20
124,126,20
124,126,20
124,126,20
124,126,20
124,126,20
124,126,20
124,126,20
124,126,20
124,126,20
124,126,20
124,126,20
124,126,20
124,126,20
124,126,20
124,126,20
124,126,20
124,126,20
124,92,20
124,92,20
124,92,20
124,92,20
124,92,20
124,92,20
124,92,20
124,92,20
124,92,20
124,92,20
124,92,20
124,92,20
124,92,20
124,92,20
124,92,20
124,92,20
124,92,20
124,92,20
124,92,20
124,92,20
124,92,20
124,92,20
124,92,20
124,92,20
124,92,20
124,92,20
124,92,20
124,92,20
124,92,20
124,92,20
124,92,20
124,92,20
124,92,20
124,92,20
124,92,20
124,148,20
124,148,20
124,148,20
124,148,20
124,148,20
124,148,20
124,148,20
124,148,20
124,148,20
124,148,20
124,148,20
124,148,20
124,148,20
124,148,20
124,148,20
124,148,20
124,148,20
124,148,20
124,148,20
124,148,20
124,148,20
124,148,20
124,148,20
124,148,20
124,148,20
124,148,20
124,148,20
124,148,20
124,148,20
124,148,20
124,148,20
124,148,20
124,148,20
124,148,20
124,148,20
124,148,20
124,148,20
124,148,20
124,148,20
124,148,20
124,148,20
124,148,20
124,148,20
124,148,20
124,148,20
124,148,20
124,148,20
124,148,20
124,148,20
124,148,20
124,148,20
124,148,20
124,148,20
124,148,20
124,148,20
124,148,20
124,148,20
124,148,20
154,149,20
154,149,20
154,149,20
154,149,20
154,149,20
154,149,20
154,149,20
154,149,20
154,117,20
154,117,20
154,117,20
154,117,20
154,117,20
154,117,20
154,117,20
154,117,20
154,117,20
154,117,20
154,117,20
154,117,20
154,117,20
154,117,20
154,117,20
154,117,20
154,117,20
154,157,20
154,157,20
154,157,20
154,157,20
154,157,20
154,157,20
154,157,20
154,157,20
154,157,20
154,157,20
154,157,20
154,157,20
154,157,20
154,157,20
154,157,20
154,157,20
154,157,20
154,157,20
154,157,20
154,157,20
154,157,20
154,157,20
154,157,20
154,157,20
154,157,20
154,157,20
154,157,20
154,157,20
154,157,20
154,157,20
154,157,20
154,157,20
154,157,20
154,157,20
154,157,20
154,157,20
154,157,20
154,157,20
154,157,20
154,157,20
154,157,20
154,157,20
154,157,20
154,157,20
154,157,20
154,157,20
154,157,20
154,157,20
154,157,20
154,157,20
154,157,20
154,157,20
154,157,20
154,157,20
154,157,20
154,157,20
154,157,20
154,157,20
154,173,20
154,173,20
154,173,20
154,173,20
154,173,20
154,173,20
154,138,20
154,138,20
154,138,20
154,138,20
154,138,20
154,138,20
154,138,20
154,138,20
154,138,20
154,138,20
154,138,20
154,138,20
154,138,20
154,138,20
154,138,20
154,138,20
154,165,20
154,165,20
154,165,20
154,165,20
154,165,20
154,165,20
154,165,20
154,165,20
154,165,20
154,165,20
154,165,20
154,165,20
154,148,20
154,148,20
154,148,20
154,148,20
154,148,20
154,148,20
154,148,20
154,148,20
154,148,20
154,148,20
154,148,20
154,136,20
154,136,20
154,136,20
154,136,20
154,136,20
154,136,20
154,136,20
154,147,20
154,147,20
154,147,20
154,147,20
154,147,20
154,147,20
154,147,20
154,147,20
154,147,20
154,147,20
154,147,20
154,121,20
154,121,20
154,121,20
154,121,20
154,121,20
154,121,20
154,121,20
154,121,20
154,121,20
154,121,20
154,121,20
154,123,20
154,123,20
154,123,20
154,123,20
154,123,20
154,123,20
154,123,20
154,123,20
154,123,20
154,123,20
154,123,20
154,123,20
154,123,20
154,123,20
154,123,20
154,123,20
154,123,20
154,123,20
154,123,20
154,123,20
154,123,20
154,123,20
154,123,20
154,123,20
154,153,20
154,153,20
154,153,20
154,153,20
154,153,20
154,153,20
154,153,20
154,153,20
154,153,20
154,153,20
154,153,20
154,153,20
154,153,20
154,153,20
154,153,20
154,153,20
154,142,20
154,142,20
154,142,20
154,142,20
154,142,20
154,142,20
154,142,20
154,142,20
154,142,20
154,142,20
154,170,20
154,170,20
154,170,20
154,170,20
154,170,20
154,170,20
154,171,20
154,171,20
154,171,20
154,171,20
154,171,20
154,171,20
154,171,20
154,171,20
154,171,20
154,171,20
154,171,20
154,171,20
154,171,20
154,171,20
154,171,20
154,171,20
154,171,20
154,171,20
154,171,20
154,171,20
154,171,20
154,171,20
154,171,20
154,171,20
154,171,20
154,171,20
154,171,20
154,171,20
154,171,20
154,171,20
154,171,20
154,171,20
154,171,20
154,171,20
154,171,20
154,171,20
154,171,20
154,171,20
154,171,20
154,171,20
154,171,20
154,171,20
154,171,20
154,171,20
154,171,20
154,171,20
154,171,20
154,171,20
154,171,20
154,171,20
154,171,20
154,171,20
154,171,20
154,171,20
154,171,20
154,174,20
154,174,20
154,174,20
154,174,20
154,174,20
154,174,20
154,174,20
154,174,20
154,174,20
154,174,20
154,174,20
154,174,20
154,174,20
154,174,20
154,174,20
154,174,20
154,174,20
154,174,20
154,174,20
154,174,20
154,174,20
154,174,20
154,174,20
154,174,20
154,174,20
154,174,20
154,174,20
154,174,20
154,174,20
154,174,20
154,174,20
154,174,20
154,174,20
154,174,20
154,174,20
154,174,20
154,174,20
154,174,20
154,174,20
154,174,20
154,174,20
154,174,20
154,174,20
154,174,20
154,174,20
154,174,20
154,181,20
154,181,20
154,181,20
154,181,20
154,181,20
154,181,20
154,181,20
154,181,20
154,181,20
154,181,20
154,181,20
154,181,20
154,181,20
154,181,20
154,181,20
154,181,20
154,125,20
154,125,20
154,125,20
154,125,20
154,125,20
154,125,20
154,125,20
154,125,20
154,125,20
154,125,20
154,125,20
154,125,20
154,125,20
154,125,20
154,125,20
154,125,20
154,125,20
154,125,20
154,125,20
154,167,20
154,167,20
154,167,20
154,167,20
154,167,20
154,167,20
154,167,20
154,167,20
154,167,20
154,167,20
154,167,20
154,167,20
154,167,20
154,167,20
154,167,20
154,167,20
154,167,20
154,167,20
154,167,20
154,167,20
154,167,20
154,167,20
154,167,20
154,167,20
154,167,20
154,167,20
154,167,20
154,167,20
154,167,20
154,167,20
154,167,20
154,167,20
154,167,20
154,153,20
154,153,20
154,153,20
154,153,20
154,153,20
154,153,20
154,153,20
154,153,20
154,153,20
154,153,20
154,153,20
154,153,20
154,153,20
154,153,20
154,153,20
154,153,20
154,153,20
154,153,20
154,153,20
154,153,20
154,153,20
154,153,20
154,153,20
154,153,20
154,153,20
154,153,20
154,153,20
154,153,20
154,153,20
154,153,20
154,153,20
154,153,20
154,153,20
154,153,20
154,153,20
154,153,20
154,153,20
154,153,20
154,153,20
154,153,20
154,153,20
154,153,20
154,153,20
154,153,20
154,153,20
154,153,20
154,153,20
154,153,20
154,153,20
154,153,20
154,153,20
154,153,20
154,153,20
154,153,20
154,153,20
154,173,20
154,173,20
154,173,20
154,173,20
154,173,20
154,173,20
154,173,20
154,173,20
154,173,20
154,173,20
154,173,20
154,173,20
154,173,20
154,173,20
154,144,20
154,144,20
154,144,20
154,144,20
154,144,20
154,144,20
154,144,20
154,144,20
154,144,20
154,144,20
154,144,20
154,144,20
154,144,20
154,144,20
154,144,20
154,144,20
154,144,20
154,184,20
154,184,20
154,184,20
154,184,20
154,184,20
154,184,20
154,184,20
154,184,20
154,184,20
154,184,20
154,184,20
154,184,20
154,184,20
154,184,20
154,184,20
154,184,20
154,184,20
154,177,20
154,177,20
154,177,20
154,177,20
154,177,20
154,177,20
154,177,20
154,177,20
154,177,20
154,177,20
154,177,20
154,177,20
154,177,20
154,152,20
154,152,20
154,152,20
154,152,20
154,152,20
154,152,20
154,152,20
154,152,20
154,152,20
154,152,20
154,152,20
154,152,20
154,152,20
154,152,20
154,152,20
154,152,20
154,152,20
154,152,20
154,160,20
154,160,20
154,160,20
154,160,20
154,160,20
154,160,20
154,160,20
154,160,20
154,160,20
154,160,20
154,160,20
154,180,20
154,180,20
154,180,20
154,180,20
154,180,20
154,180,20
154,180,20
154,180,20
154,180,20
154,180,20
154,180,20
154,180,20
154,180,20
154,180,20
154,180,20
154,180,20
154,180,20
154,180,20
124,118,20
124,118,20
124,118,20
124,118,20
124,118,20
124,118,20
124,118,20
124,118,20
124,118,20
124,118,20
124,118,20
124,118,20
124,118,20
124,118,20
124,118,20
124,118,20
124,118,20
124,171,20
124,171,20
124,171,20
124,171,20
124,171,20
124,171,20
124,171,20
124,118,20
124,118,20
124,118,20
124,118,20
124,118,20
124,118,20
124,118,20
124,118,20
124,121,20
124,121,20
124,121,20
124,121,20
124,121,20
124,121,20
124,121,20
124,121,20
124,121,20
124,121,20
124,121,20
124,121,20
124,121,20
124,121,20
124,121,20
124,96,20
124,96,20
124,96,20
124,96,20
124,96,20
124,96,20
124,128,20
124,128,20
124,128,20
124,128,20
124,128,20
124,128,20
124,128,20
124,128,20
124,128,20
124,128,20
124,128,20
124,128,20
124,128,20
124,128,20
124,128,20
124,128,20
124,128,20
124,128,20
124,128,20
124,128,20
124,128,20
124,128,20
124,128,20
124,128,20
124,128,20
124,128,20
124,128,20
124,128,20
124,128,20
124,128,20
124,128,20
124,128,20
124,128,20
124,128,20
124,128,20
124,128,20
124,128,20
124,128,20
124,128,20
124,128,20
124,128,20
124,84,20
124,84,20
124,84,20
124,84,20
124,84,20
124,84,20
124,84,20
124,84,20
124,84,20
124,128,20
124,128,20
124,128,20
124,128,20
124,128,20
124,128,20
124,128,20
124,128,20
124,186,20
124,186,20
124,186,20
124,186,20
124,186,20
124,186,20
124,186,20
124,186,20
124,186,20
124,186,20
124,186,20
124,186,20
124,186,20
124,186,20
124,186,20
124,186,20
124,121,20
124,121,20
124,121,20
124,121,20
124,121,20
124,121,20
124,121,20
124,121,20
124,121,20
124,121,20
124,121,20
124,121,20
124,93,20
124,93,20
124,93,20
124,93,20
124,93,20
124,93,20
124,93,20
124,93,20
124,93,20
124,123,20
124,123,20
124,123,20
124,123,20
124,123,20
124,123,20
124,123,20
124,123,20
124,123,20
124,123,20
124,124,20
124,124,20
124,124,20
124,124,20
124,124,20
124,124,20
124,124,20
124,124,20
124,124,20
124,124,20
124,124,20
124,124,20
124,124,20
124,124,20
124,124,20
124,124,20
124,124,20
124,124,20
124,124,20
124,124,20
124,124,20
124,124,20
124,132,20
124,132,20
124,132,20
124,132,20
124,132,20
124,132,20
124,132,20
124,132,20
124,132,20
124,132,20
124,132,20
124,132,20
124,132,20
124,132,20
124,132,20
124,132,20
124,132,20
124,132,20
124,132,20
124,132,20
124,132,20
124,132,20
124,132,20
124,132,20
124,132,20
124,132,20
124,132,20
124,132,20
124,132,20
124,132,20
124,132,20
124,132,20
124,132,20
124,132,20
124,132,20
124,132,20
124,143,20
124,143,20
124,143,20
124,143,20
124,143,20
124,143,20
124,143,20
124,143,20
124,133,20
124,133,20
124,133,20
124,133,20
124,133,20
124,133,20
124,133,20
124,133,20
124,106,20
124,106,20
124,106,20
124,106,20
124,106,20
124,106,20
124,138,20
124,138,20
124,138,20
124,138,20
124,138,20
124,138,20
124,138,20
124,138,20
124,138,20
124,138,20
124,138,20
124,138,20
124,138,20
124,138,20
124,138,20
124,138,20
124,138,20
124,138,20
124,138,20
124,138,20
124,138,20
124,138,20
124,138,20
124,138,20
124,138,20
124,138,20
124,138,20
124,138,20
124,138,20
124,138,20
124,138,20
124,138,20
124,138,20
124,138,20
124,133,20
124,133,20
124,133,20
124,133,20
124,133,20
124,133,20
124,99,20
124,99,20
124,99,20
124,99,20
124,99,20
124,99,20
124,99,20
124,99,20
124,99,20
124,99,20
124,99,20
124,99,20
124,99,20
124,99,20
124,99,20
124,99,20
124,99,20
124,99,20
124,99,20
124,99,20
124,99,20
124,99,20
124,99,20
124,99,20
124,99,20
124,99,20
124,99,20
124,99,20
124,99,20
124,99,20
124,99,20
124,99,20
124,99,20
124,99,20
124,99,20
124,99,20
124,99,20
124,107,20
124,107,20
124,107,20
124,107,20
124,107,20
124,107,20
124,107,20
124,107,20
124,107,20
124,107,20
124,107,20
124,107,20
124,107,20
124,107,20
124,107,20
124,149,20
124,149,20
124,149,20
124,149,20
124,149,20
124,149,20
124,149,20
124,149,20
124,149,20
124,149,20
124,149,20
124,149,20
124,149,20
124,149,20
124,149,20
124,149,20
124,149,20
124,149,20
124,149,20
124,175,20
124,175,20
124,175,20
124,175,20
124,175,20
124,175,20
124,82,20
124,82,20
124,82,20
124,82,20
124,82,20
124,82,20
124,82,20
124,82,20
124,82,20
124,82,20
124,82,20
124,82,20
124,82,20
124,82,20
124,82,20
124,82,20
124,82,20
124,82,20
124,82,20
124,82,20
124,82,20
124,82,20
124,82,20
124,82,20
124,82,20
124,82,20
124,82,20
124,148,20
124,148,20
124,148,20
124,148,20
124,148,20
124,148,20
124,148,20
124,148,20
124,148,20
124,148,20
124,148,20
124,148,20
124,148,20
124,148,20
124,148,20
124,148,20
124,148,20
124,148,20
124,148,20
124,148,20
124,148,20
124,148,20
124,148,20
124,148,20
124,148,20
124,148,20
124,148,20
124,148,20
124,148,20
124,148,20
124,148,20
124,148,20
124,148,20
124,148,20
124,148,20
124,148,20
124,148,20
124,148,20
124,148,20
124,148,20
124,148,20
124,148,20
124,148,20
124,148,20
124,148,20
124,148,20
124,148,20
124,148,20
124,148,20
124,148,20
124,148,20
124,148,20
124,124,20
124,124,20
124,124,20
124,124,20
124,124,20
124,124,20
124,124,20
124,124,20
124,124,20
124,160,20
124,160,20
124,160,20
124,160,20
124,160,20
124,160,20
124,160,20
124,160,20
124,160,20
124,160,20
124,160,20
124,160,20
124,160,20
124,160,20
124,160,20
124,160,20
124,160,20
124,160,20
124,160,20
124,160,20
124,124,20
124,124,20
124,124,20
124,124,20
124,124,20
124,124,20
124,124,20
124,124,20
124,113,20
124,113,20
124,113,20
124,113,20
124,113,20
124,113,20
124,144,20
124,144,20
124,144,20
124,144,20
124,144,20
124,144,20
124,144,20
124,144,20
124,144,20
124,144,20
124,144,20
124,144,20
124,144,20
124,144,20
124,144,20
124,144,20
124,175,20
124,175,20
124,175,20
124,175,20
124,175,20
124,175,20
124,175,20
124,175,20
124,175,20
124,175,20
124,175,20
124,175,20
124,175,20
124,175,20
124,175,20
124,175,20
124,175,20
124,175,20
124,175,20
124,175,20
124,175,20
124,175,20
124,175,20
124,175,20
124,140,20
124,140,20
124,140,20
124,140,20
124,140,20
124,140,20
124,140,20
124,140,20
124,140,20
124,140,20
124,140,20
124,140,20
124,140,20
124,140,20
164,145,20
164,145,20
164,145,20
164,145,20
164,145,20
164,145,20
164,145,20
164,145,20
164,194,20
164,194,20
164,194,20
164,194,20
164,194,20
164,194,20
164,194,20
164,194,20
164,194,20
164,194,20
164,194,20
164,194,20
164,194,20
164,194,20
164,194,20
164,194,20
164,194,20
164,194,20
164,194,20
164,194,20
164,182,20
164,182,20
164,182,20
164,182,20
164,182,20
164,182,20
164,182,20
164,182,20
164,182,20
164,173,20
164,173,20
164,173,20
164,173,20
164,173,20
164,173,20
164,173,20
164,173,20
164,173,20
164,179,20
164,179,20
164,179,20
164,179,20
164,179,20
164,179,20
164,157,20
164,157,20
164,157,20
164,157,20
164,157,20
164,157,20
164,157,20
164,157,20
164,157,20
164,157,20
164,157,20
164,157,20
164,157,20
164,157,20
164,157,20
164,157,20
164,157,20
164,157,20
164,157,20
164,157,20
164,157,20
164,157,20
164,157,20
164,157,20
164,157,20
164,157,20
164,157,20
164,157,20
164,157,20
164,157,20
164,157,20
164,157,20
164,157,20
164,146,20
164,146,20
164,146,20
164,146,20
164,146,20
164,146,20
164,146,20
164,146,20
164,146,20
164,146,20
164,159,20
164,159,20
164,159,20
164,159,20
164,159,20
164,159,20
164,159,20
164,159,20
164,159,20
164,159,20
164,159,20
164,159,20
164,138,20
164,138,20
164,138,20
164,138,20
164,138,20
164,138,20
164,138,20
164,138,20
164,138,20
164,138,20
164,138,20
164,138,20
164,138,20
164,138,20
164,138,20
164,138,20
164,138,20
164,138,20
164,138,20
164,138,20
164,138,20
164,138,20
164,138,20
164,138,20
164,138,20
164,138,20
164,138,20
164,138,20
164,138,20
164,138,20
164,138,20
164,138,20
164,138,20
164,138,20
164,138,20
164,138,20
164,119,20
164,119,20
164,119,20
164,119,20
164,119,20
164,119,20
164,119,20
164,119,20
164,119,20
164,119,20
164,119,20
164,119,20
164,119,20
164,119,20
164,119,20
164,119,20
164,119,20
164,119,20
164,119,20
164,119,20
164,119,20
164,119,20
164,119,20
164,119,20
164,119,20
164,119,20
164,119,20
164,119,20
164,119,20
164,119,20
164,119,20
164,119,20
164,119,20
164,119,20
164,119,20
164,119,20
164,119,20
164,119,20
164,119,20
164,185,20
164,185,20
164,185,20
164,185,20
164,185,20
164,185,20
164,185,20
164,185,20
164,185,20
164,185,20
164,185,20
164,185,20
164,185,20
164,185,20
164,185,20
164,185,20
164,185,20
164,185,20
164,185,20
164,185,20
164,185,20
164,145,20
164,145,20
164,145,20
164,145,20
164,145,20
164,145,20
164,145,20
164,145,20
164,145,20
164,145,20
164,145,20
164,145,20
164,145,20
164,145,20
164,145,20
164,145,20
164,145,20
164,145,20
164,145,20
164,145,20
164,145,20
164,145,20
164,145,20
164,145,20
164,145,20
164,145,20
164,145,20
164,145,20
164,145,20
164,145,20
164,145,20
164,145,20
164,145,20
164,145,20
164,145,20
164,145,20
164,145,20
164,154,20
164,154,20
164,154,20
164,154,20
164,154,20
164,154,20
164,154,20
164,154,20
164,154,20
164,154,20
164,154,20
164,154,20
164,154,20
164,154,20
164,154,20
164,154,20
164,154,20
164,154,20
164,154,20
164,154,20
164,154,20
164,154,20
164,154,20
164,154,20
164,154,20
164,154,20
164,154,20
164,154,20
164,154,20
164,154,20
164,154,20
164,154,20
164,154,20
164,154,20
164,154,20
164,154,20
164,154,20
164,154,20
164,154,20
164,154,20
164,154,20
164,154,20
164,154,20
164,154,20
164,154,20
164,154,20
164,154,20
164,154,20
164,154,20
164,154,20
164,154,20
164,154,20
164,178,20
164,178,20
164,178,20
164,178,20
164,178,20
164,178,20
164,178,20
164,168,20
164,168,20
164,168,20
164,168,20
164,168,20
164,168,20
164,159,20
164,159,20
164,159,20
164,159,20
164,159,20
164,159,20
164,159,20
164,159,20
164,159,20
164,159,20
164,159,20
164,159,20
164,159,20
164,159,20
164,159,20
164,159,20
164,159,20
164,159,20
164,159,20
164,159,20
164,159,20
164,159,20
164,159,20
164,159,20
164,159,20
164,159,20
164,159,20
164,159,20
164,159,20
164,159,20
164,159,20
164,159,20
164,159,20
164,159,20
164,159,20
164,159,20
164,159,20
164,159,20
164,159,20
164,159,20
164,159,20
164,159,20
164,159,20
164,159,20
164,147,20
164,147,20
164,147,20
164,147,20
164,147,20
164,147,20
164,147,20
164,147,20
164,147,20
164,147,20
164,147,20
164,147,20
164,147,20
164,147,20
164,147,20
164,147,20
164,147,20
164,147,20
164,147,20
164,147,20
164,172,20
164,172,20
164,172,20
164,172,20
164,172,20
164,172,20
164,141,20
164,141,20
164,141,20
164,141,20
164,141,20
164,141,20
164,141,20
164,141,20
164,141,20
164,141,20
164,141,20
164,141,20
164,141,20
164,141,20
164,141,20
164,141,20
164,141,20
164,141,20
164,141,20
164,141,20
164,141,20
164,141,20
164,141,20
164,141,20
164,141,20
164,141,20
164,141,20
164,141,20
164,141,20
164,138,20
164,138,20
164,138,20
164,138,20
164,138,20
164,138,20
164,138,20
164,138,20
164,138,20
164,138,20
164,160,20
164,160,20
164,160,20
164,160,20
164,160,20
164,160,20
164,160,20
164,160,20
164,160,20
164,160,20
164,160,20
164,160,20
164,160,20
164,187,20
164,187,20
164,187,20
164,187,20
164,187,20
164,187,20
164,187,20
164,187,20
164,187,20
164,187,20
164,187,20
164,187,20
164,187,20
164,187,20
164,187,20
164,187,20
164,187,20
164,187,20
164,187,20
164,187,20
164,187,20
164,166,20
164,166,20
164,166,20
164,166,20
164,166,20
164,166,20
164,166,20
164,166,20
164,166,20
164,166,20
164,126,20
164,126,20
164,126,20
164,126,20
164,126,20
164,126,20
164,126,20
164,126,20
164,126,20
164,126,20
164,126,20
164,126,20
164,126,20
164,126,20
164,126,20
164,126,20
164,126,20
164,126,20
164,126,20
164,126,20
164,126,20
164,126,20
164,126,20
164,126,20
164,126,20
164,126,20
164,126,20
164,126,20
164,126,20
164,126,20
164,126,20
164,126,20
164,126,20
164,126,20
164,126,20
164,172,20
164,172,20
164,172,20
164,172,20
164,172,20
164,172,20
164,172,20
194,204,20
194,204,20
194,204,20
194,204,20
194,204,20
194,204,20
194,204,20
194,204,20
194,204,20
194,204,20
194,204,20
194,204,20
194,204,20
194,204,20
194,204,20
194,204,20
194,204,20
194,204,20
194,204,20
194,204,20
194,204,20
194,204,20
194,204,20
194,204,20
194,204,20
194,204,20
194,204,20
194,204,20
194,204,20
194,204,20
194,204,20
194,204,20
194,204,20
194,204,20
194,204,20
194,204,20
194,204,20
194,204,20
194,204,20
194,204,20
194,204,20
194,204,20
194,204,20
194,204,20
194,204,20
194,204,20
194,194,20
194,194,20
194,194,20
194,194,20
194,194,20
194,194,20
194,194,20
194,194,20
194,194,20
194,194,20
194,194,20
194,202,20
194,202,20
194,202,20
194,202,20
194,202,20
194,202,20
194,202,20
194,180,20
194,180,20
194,180,20
194,180,20
194,180,20
194,180,20
194,180,20
194,180,20
194,180,20
194,180,20
194,180,20
194,180,20
194,180,20
194,188,20
194,188,20
194,188,20
194,188,20
194,188,20
194,188,20
194,188,20
194,188,20
194,188,20
194,188,20
194,188,20
194,188,20
194,188,20
194,188,20
194,188,20
194,188,20
194,188,20
194,188,20
194,188,20
194,188,20
194,188,20
194,188,20
194,188,20
194,188,20
194,188,20
194,188,20
194,188,20
194,188,20
194,188,20
194,188,20
194,188,20
194,188,20
194,188,20
194,188,20
194,188,20
194,188,20
194,188,20
194,188,20
194,188,20
194,188,20
194,188,20
194,188,20
194,188,20
194,188,20
194,188,20
194,188,20
194,188,20
194,188,20
194,188,20
194,188,20
194,188,20
194,188,20
194,188,20
194,188,20
194,170,20
194,170,20
194,170,20
194,170,20
194,170,20
194,170,20
194,170,20
194,170,20
194,158,20
194,158,20
194,158,20
194,158,20
194,158,20
194,158,20
194,158,20
194,158,20
194,158,20
194,158,20
194,158,20
194,158,20
194,158,20
194,158,20
194,158,20
194,158,20
194,158,20
194,158,20
194,158,20
194,158,20
194,158,20
194,158,20
194,158,20
194,158,20
194,158,20
194,158,20
194,158,20
194,158,20
194,158,20
194,158,20
194,158,20
194,158,20
194,158,20
194,158,20
194,158,20
194,158,20
194,158,20
194,179,20
194,179,20
194,179,20
194,179,20
194,179,20
194,179,20
194,181,20
194,181,20
194,181,20
194,181,20
194,181,20
194,181,20
194,181,20
194,181,20
194,181,20
194,181,20
194,181,20
194,184,20
194,184,20
194,184,20
194,184,20
194,184,20
194,184,20
194,184,20
194,184,20
194,184,20
194,224,20
194,224,20
194,224,20
194,224,20
194,224,20
194,224,20
194,224,20
194,224,20
194,224,20
194,224,20
194,224,20
194,224,20
194,224,20
194,224,20
194,224,20
194,224,20
194,224,20
194,224,20
194,224,20
194,224,20
194,224,20
194,224,20
194,224,20
194,224,20
194,224,20
194,186,20
194,186,20
194,186,20
194,186,20
194,186,20
194,186,20
194,186,20
194,186,20
194,186,20
194,186,20
194,186,20
194,186,20
194,186,20
194,186,20
194,186,20
194,186,20
194,186,20
194,186,20
194,186,20
194,186,20
194,186,20
194,186,20
194,186,20
194,186,20
194,186,20
194,186,20
194,186,20
194,186,20
194,186,20
194,186,20
194,186,20
194,186,20
194,186,20
194,186,20
194,186,20
194,186,20
194,186,20
194,186,20
194,186,20
194,186,20
194,186,20
194,186,20
194,186,20
194,186,20
194,186,20
194,186,20
194,186,20
194,186,20
194,186,20
194,186,20
194,186,20
194,186,20
194,186,20
194,186,20
194,186,20
194,186,20
194,186,20
194,186,20
194,193,20
194,193,20
194,193,20
194,193,20
194,193,20
194,193,20
194,193,20
194,193,20
194,193,20
194,193,20
194,193,20
194,193,20
194,193,20
194,193,20
194,193,20
194,193,20
194,193,20
194,193,20
194,193,20
194,193,20
194,193,20
194,193,20
194,193,20
194,193,20
194,193,20
194,193,20
194,193,20
194,193,20
194,193,20
194,193,20
194,193,20
194,193,20
194,193,20
194,193,20
194,193,20
194,193,20
194,193,20
194,193,20
194,193,20
194,213,20
194,213,20
194,213,20
194,213,20
194,213,20
194,213,20
194,213,20
194,213,20
194,213,20
194,213,20
194,213,20
194,203,20
194,203,20
194,203,20
194,203,20
194,203,20
194,203,20
194,203,20
194,203,20
194,203,20
194,191,20
194,191,20
194,191,20
194,191,20
194,191,20
194,191,20
194,191,20
194,191,20
194,191,20
194,191,20
194,191,20
194,191,20
194,191,20
194,191,20
194,191,20
194,191,20
194,191,20
194,191,20
194,191,20
194,191,20
194,191,20
194,191,20
194,191,20
194,191,20
194,191,20
194,191,20
194,191,20
194,191,20
194,191,20
194,191,20
194,191,20
194,191,20
194,191,20
194,191,20
194,191,20
194,191,20
194,191,20
194,191,20
194,191,20
194,191,20
194,191,20
194,191,20
194,191,20
194,191,20
194,191,20
194,191,20
194,191,20
194,191,20
194,191,20
194,191,20
194,191,20
194,215,20
194,215,20
194,215,20
194,215,20
194,215,20
194,215,20
194,215,20
194,215,20
194,215,20
194,215,20
194,215,20
194,215,20
194,215,20
194,215,20
194,215,20
194,215,20
194,215,20
194,215,20
194,195,20
194,195,20
194,195,20
194,195,20
194,195,20
194,195,20
194,195,20
194,195,20
194,195,20
194,195,20
194,195,20
194,195,20
194,195,20
194,195,20
194,195,20
194,195,20
194,195,20
194,220,20
194,220,20
194,220,20
194,220,20
194,220,20
194,220,20
194,220,20
194,220,20
194,220,20
194,220,20
194,220,20
194,220,20
194,220,20
194,220,20
194,220,20
194,220,20
194,220,20
194,220,20
194,220,20
194,204,20
194,204,20
194,204,20
194,204,20
194,204,20
194,204,20
194,204,20
194,204,20
194,204,20
194,204,20
194,204,20
194,204,20
194,204,20
194,204,20
194,204,20
194,204,20
194,204,20
194,204,20
194,204,20
194,204,20
194,204,20
194,204,20
194,204,20
194,204,20
194,181,20
194,181,20
194,181,20
194,181,20
194,181,20
194,181,20
194,181,20
194,181,20
194,181,20
194,181,20
194,181,20
194,181,20
194,181,20
194,181,20
194,181,20
194,181,20
194,181,20
194,181,20
194,181,20
194,181,20
194,181,20
194,181,20
194,181,20
194,181,20
194,181,20
194,181,20
194,181,20
194,181,20
194,181,20
194,181,20
194,181,20
194,181,20
194,181,20
194,181,20
194,181,20
194,181,20
194,181,20
194,181,20
194,181,20
194,181,20
194,194,20
194,194,20
194,194,20
194,194,20
194,194,20
194,194,20
194,194,20
194,194,20
194,194,20
194,194,20
194,194,20
194,194,20
194,194,20
194,194,20
194,194,20
194,194,20
194,194,20
194,194,20
194,194,20
194,194,20
194,194,20
194,194,20
194,194,20
194,194,20
194,194,20
194,194,20
194,194,20
194,194,20
194,194,20
194,194,20
194,194,20
194,194,20
194,194,20
194,194,20
194,194,20
194,194,20
194,194,20
194,194,20
194,194,20
194,194,20
194,196,20
194,196,20
194,196,20
194,196,20
194,196,20
194,196,20
194,196,20
194,196,20
194,196,20
194,196,20
194,196,20
194,196,20
194,196,20
194,196,20
194,196,20
194,196,20
194,196,20
194,196,20
194,196,20
194,196,20
194,196,20
194,196,20
194,196,20
194,196,20
194,196,20
194,196,20
194,196,20
194,220,20
194,220,20
194,220,20
194,220,20
194,220,20
194,220,20
194,220,20
194,220,20
194,220,20
194,220,20
194,220,20
194,220,20
194,220,20
194,220,20
194,220,20
194,220,20
194,215,20
194,215,20
194,215,20
194,215,20
194,215,20
194,215,20
194,215,20
194,215,20
194,215,20
194,215,20
194,215,20
194,215,20
194,215,20
194,215,20
194,215,20
194,215,20
194,215,20
194,215,20
194,215,20
194,215,20
194,215,20
194,215,20
194,215,20
194,215,20
194,215,20
194,215,20
194,215,20
194,178,20
194,178,20
194,178,20
194,178,20
194,178,20
194,178,20
194,178,20
194,178,20
194,178,20
194,178,20
194,178,20
194,178,20
194,178,20
194,178,20
194,178,20
194,178,20
194,178,20
194,178,20
194,178,20
194,178,20
164,162,20
164,162,20
164,162,20
164,162,20
164,162,20
164,162,20
164,162,20
164,162,20
164,162,20
164,162,20
164,162,20
164,162,20
164,162,20
164,162,20
164,162,20
164,162,20
164,162,20
164,162,20
164,162,20
164,162,20
164,162,20
164,162,20
164,162,20
164,162,20
164,162,20
164,162,20
164,162,20
164,162,20
164,162,20
164,162,20
164,162,20
164,162,20
164,162,20
164,162,20
164,162,20
164,162,20
164,162,20
164,162,20
164,162,20
164,162,20
164,137,20
164,137,20
164,137,20
164,137,20
164,137,20
164,137,20
164,137,20
164,137,20
164,137,20
164,137,20
164,137,20
164,137,20
164,137,20
164,137,20
164,137,20
164,137,20
164,137,20
164,137,20
164,137,20
164,177,20
164,177,20
164,177,20
164,177,20
164,177,20
164,177,20
164,177,20
164,177,20
164,177,20
164,177,20
164,177,20
164,177,20
164,177,20
164,177,20
164,177,20
164,177,20
164,177,20
164,177,20
164,177,20
164,141,20
164,141,20
164,141,20
164,141,20
164,141,20
164,141,20
164,141,20
164,141,20
164,141,20
164,141,20
164,141,20
164,141,20
164,141,20
164,141,20
164,141,20
164,141,20
164,141,20
164,141,20
164,141,20
164,141,20
164,141,20
164,141,20
164,141,20
164,141,20
164,141,20
164,141,20
164,141,20
164,141,20
164,141,20
164,137,20
164,137,20
164,137,20
164,137,20
164,137,20
164,137,20
164,137,20
164,137,20
164,137,20
164,137,20
164,137,20
164,137,20
164,137,20
164,137,20
164,137,20
164,137,20
164,137,20
164,137,20
164,182,20
164,182,20
164,182,20
164,182,20
164,182,20
164,182,20
164,182,20
164,182,20
164,182,20
164,182,20
164,182,20
164,166,20
164,166,20
164,166,20
164,166,20
164,166,20
164,166,20
164,166,20
164,166,20
164,166,20
164,166,20
164,166,20
164,166,20
164,166,20
164,166,20
164,166,20
164,166,20
164,166,20
164,166,20
164,166,20
164,166,20
164,166,20
164,166,20
164,166,20
164,166,20
164,166,20
164,166,20
164,191,20
164,191,20
164,191,20
164,191,20
164,191,20
164,191,20
164,191,20
164,191,20
164,191,20
164,191,20
164,191,20
164,191,20
164,191,20
164,191,20
164,191,20
164,161,20
164,161,20
164,161,20
164,161,20
164,161,20
164,161,20
164,161,20
164,161,20
164,161,20
164,161,20
164,161,20
164,161,20
164,161,20
164,161,20
164,161,20
164,161,20
164,161,20
164,161,20
164,161,20
164,161,20
164,161,20
164,184,20
164,184,20
164,184,20
164,184,20
164,184,20
164,184,20
164,184,20
164,184,20
164,184,20
164,184,20
164,184,20
164,184,20
164,184,20
164,184,20
164,184,20
164,184,20
164,184,20
164,184,20
164,184,20
164,184,20
164,184,20
164,184,20
164,184,20
164,184,20
164,184,20
164,184,20
164,142,20
164,142,20
164,142,20
164,142,20
164,142,20
164,142,20
164,142,20
164,142,20
164,142,20
164,142,20
164,142,20
164,142,20
164,142,20
164,142,20
164,142,20
164,142,20
164,142,20
164,142,20
164,142,20
164,142,20
164,142,20
164,142,20
164,142,20
164,142,20
164,142,20
164,155,20
164,155,20
164,155,20
164,155,20
164,155,20
164,155,20
164,155,20
164,183,20
164,183,20
164,183,20
164,183,20
164,183,20
164,183,20
164,183,20
164,183,20
164,183,20
164,183,20
164,183,20
164,183,20
164,183,20
164,183,20
164,183,20
164,183,20
164,183,20
164,183,20
164,183,20
164,183,20
164,183,20
164,183,20
164,183,20
164,183,20
164,183,20
164,183,20
164,183,20
164,183,20
164,183,20
164,183,20
164,183,20
164,183,20
164,183,20
164,183,20
164,183,20
164,183,20
164,175,20
164,175,20
164,175,20
164,175,20
164,175,20
164,175,20
164,175,20
164,175,20
164,175,20
164,175,20
164,175,20
164,175,20
164,175,20
164,175,20
164,175,20
164,175,20
164,175,20
164,175,20
164,175,20
164,167,20
164,167,20
164,167,20
164,167,20
164,167,20
164,167,20
164,167,20
164,167,20
164,167,20
164,167,20
164,167,20
164,184,20
164,184,20
164,184,20
164,184,20
164,184,20
164,184,20
164,184,20
164,184,20
164,184,20
164,184,20
164,184,20
164,184,20
164,184,20
164,184,20
164,184,20
164,184,20
164,184,20
164,184,20
164,184,20
164,184,20
164,184,20
164,184,20
164,184,20
164,184,20
164,184,20
164,184,20
164,184,20
164,184,20
164,184,20
164,184,20
164,184,20
164,184,20
164,184,20
164,184,20
164,184,20
164,184,20
164,184,20
164,184,20
164,184,20
164,184,20
164,184,20
164,184,20
164,184,20
164,184,20
164,184,20
164,184,20
164,157,20
164,157,20
164,157,20
164,157,20
164,157,20
164,157,20
164,157,20
164,157,20
164,157,20
164,157,20
164,157,20
164,157,20
164,157,20
164,151,20
164,151,20
164,151,20
164,151,20
164,151,20
164,151,20
164,151,20
164,151,20
164,151,20
164,151,20
164,151,20
164,151,20
164,151,20
164,151,20
164,151,20
164,152,20
164,152,20
164,152,20
164,152,20
164,152,20
164,152,20
164,152,20
164,152,20
164,152,20
164,152,20
164,152,20
164,151,20
164,151,20
164,151,20
164,151,20
164,151,20
164,151,20
164,151,20
164,151,20
164,151,20
164,151,20
164,151,20
164,151,20
164,151,20
164,151,20
164,151,20
164,151,20
164,151,20
164,151,20
164,151,20
164,151,20
164,151,20
164,151,20
164,151,20
164,151,20
164,151,20
164,151,20
164,151,20
164,151,20
164,151,20
164,151,20
164,151,20
164,151,20
164,151,20
164,151,20
164,151,20
164,151,20
164,151,20
164,151,20
164,153,20
164,153,20
164,153,20
164,153,20
164,153,20
164,153,20
164,153,20
164,153,20
164,153,20
164,153,20
164,152,20
164,152,20
164,152,20
164,152,20
164,152,20
164,152,20
164,152,20
164,152,20
164,152,20
164,152,20
164,152,20
164,152,20
164,152,20
164,152,20
164,152,20
164,152,20
164,152,20
164,152,20
164,152,20
164,152,20
164,152,20
164,152,20
164,152,20
164,152,20
164,152,20
164,152,20
164,167,20
164,167,20
164,167,20
164,167,20
164,167,20
164,167,20
164,184,20
164,184,20
164,184,20
164,184,20
164,184,20
164,184,20
164,184,20
164,184,20
164,184,20
164,184,20
164,184,20
164,184,20
164,184,20
164,184,20
164,184,20
164,184,20
164,184,20
164,184,20
164,201,20
164,201,20
164,201,20
164,201,20
164,201,20
164,201,20
164,201,20
164,201,20
164,201,20
164,201,20
164,201,20
164,201,20
164,201,20
164,201,20
164,201,20
164,201,20
164,138,20
164,138,20
164,138,20
164,138,20
164,138,20
164,138,20
164,138,20
164,138,20
164,138,20
164,138,20
164,138,20
164,138,20
164,138,20
164,138,20
164,138,20
164,138,20
164,138,20
164,138,20
164,138,20
164,138,20
164,138,20
164,138,20
164,138,20
164,138,20
164,138,20
164,138,20
164,138,20
164,138,20
164,138,20
164,138,20
164,138,20
164,138,20
164,138,20
164,138,20
164,138,20
164,138,20
164,138,20
164,138,20
164,138,20
164,138,20
164,138,20
164,138,20
164,138,20
164,138,20
164,138,20
164,138,20
164,138,20
164,138,20
164,138,20
164,138,20
164,138,20
164,138,20
164,182,20
164,182,20
164,182,20
164,182,20
164,182,20
164,182,20
164,208,20
164,208,20
164,208,20
164,208,20
164,208,20
164,208,20
164,208,20
164,208,20
164,208,20
164,208,20
164,208,20
164,135,20
164,135,20
164,135,20
164,135,20
164,135,20
164,135,20
164,135,20
164,135,20
164,135,20
164,135,20
164,135,20
164,135,20
164,135,20
164,135,20
164,135,20
164,135,20
164,135,20
164,135,20
164,135,20
164,125,20
164,125,20
164,125,20
164,125,20
164,125,20
164,125,20
164,125,20
164,187,20
164,187,20
164,187,20
164,187,20
164,187,20
164,187,20
124,122,20
124,122,20
124,122,20
124,122,20
124,122,20
124,122,20
124,122,20
124,122,20
124,122,20
124,122,20
124,122,20
124,172,20
124,172,20
124,172,20
124,172,20
124,172,20
124,172,20
124,172,20
124,172,20
124,172,20
124,172,20
124,172,20
124,172,20
124,172,20
124,172,20
124,172,20
124,172,20
124,172,20
124,172,20
124,172,20
124,172,20
124,172,20
124,172,20
124,172,20
124,172,20
124,172,20
124,172,20
124,93,20
124,93,20
124,93,20
124,93,20
124,93,20
124,93,20
124,93,20
124,93,20
124,93,20
124,93,20
124,93,20
124,93,20
124,93,20
124,93,20
124,93,20
124,93,20
124,93,20
124,93,20
124,93,20
124,93,20
124,93,20
124,93,20
124,93,20
124,93,20
124,93,20
124,90,20
124,90,20
124,90,20
124,90,20
124,90,20
124,90,20
124,90,20
124,90,20
124,90,20
124,90,20
124,90,20
124,90,20
124,90,20
124,90,20
124,90,20
124,90,20
124,90,20
124,90,20
124,90,20
124,90,20
124,90,20
124,90,20
124,90,20
124,90,20
124,90,20
124,90,20
124,90,20
124,94,20
124,94,20
124,94,20
124,94,20
124,94,20
124,94,20
124,94,20
124,94,20
124,94,20
124,94,20
124,94,20
124,94,20
124,94,20
124,94,20
124,94,20
124,94,20
124,94,20
124,94,20
124,94,20
124,94,20
124,94,20
124,94,20
124,94,20
124,94,20
124,94,20
124,94,20
124,94,20
124,94,20
124,94,20
124,94,20
124,94,20
124,94,20
124,94,20
124,94,20
124,94,20
124,94,20
124,94,20
124,94,20
124,94,20
124,94,20
124,94,20
124,94,20
124,94,20
124,94,20
124,94,20
124,94,20
124,94,20
124,94,20
124,94,20
124,94,20
124,94,20
124,110,20
124,110,20
124,110,20
124,110,20
124,110,20
124,110,20
124,110,20
124,97,20
124,97,20
124,97,20
124,97,20
124,97,20
124,97,20
124,97,20
124,97,20
124,97,20
124,97,20
124,97,20
124,97,20
124,97,20
124,97,20
124,97,20
124,97,20
124,116,20
124,116,20
124,116,20
124,116,20
124,116,20
124,116,20
124,116,20
124,116,20
124,116,20
124,116,20
124,116,20
124,116,20
124,116,20
124,116,20
124,116,20
124,116,20
124,116,20
124,116,20
124,116,20
124,116,20
124,116,20
124,116,20
124,116,20
124,116,20
124,116,20
124,116,20
124,118,20
124,118,20
124,118,20
124,118,20
124,118,20
124,118,20
124,118,20
124,118,20
124,118,20
124,118,20
124,118,20
124,118,20
124,118,20
124,118,20
124,118,20
124,118,20
124,118,20
124,118,20
124,118,20
124,118,20
124,118,20
124,118,20
124,118,20
124,118,20
124,118,20
124,118,20
124,118,20
124,118,20
124,118,20
124,118,20
124,118,20
124,118,20
124,118,20
124,118,20
124,118,20
124,118,20
124,118,20
124,118,20
124,118,20
124,118,20
124,118,20
124,118,20
124,118,20
124,118,20
124,118,20
124,118,20
124,128,20
124,128,20
124,128,20
124,128,20
124,128,20
124,128,20
124,128,20
124,128,20
124,128,20
124,128,20
124,128,20
124,128,20
124,128,20
124,128,20
124,128,20
124,128,20
124,128,20
124,128,20
124,128,20
124,128,20
124,128,20
124,128,20
124,128,20
124,128,20
124,128,20
124,128,20
124,128,20
124,128,20
124,128,20
124,128,20
124,128,20
124,128,20
124,128,20
124,128,20
124,128,20
124,128,20
124,128,20
124,128,20
124,128,20
124,128,20
124,128,20
124,128,20
124,128,20
124,128,20
124,128,20
124,91,20
124,91,20
124,91,20
124,91,20
124,91,20
124,91,20
124,91,20
124,91,20
124,91,20
124,91,20
124,91,20
124,91,20
124,91,20
124,91,20
124,125,20
124,125,20
124,125,20
124,125,20
124,125,20
124,125,20
124,125,20
124,125,20
124,125,20
124,125,20
124,125,20
124,125,20
124,125,20
124,125,20
124,125,20
124,125,20
124,125,20
124,125,20
124,125,20
124,125,20
124,125,20
124,125,20
124,125,20
124,125,20
124,125,20
124,125,20
124,125,20
124,125,20
124,125,20
124,125,20
124,125,20
124,125,20
124,125,20
124,133,20
124,133,20
124,133,20
124,133,20
124,133,20
124,133,20
124,133,20
124,133,20
124,133,20
124,133,20
124,133,20
124,133,20
124,133,20
124,133,20
124,133,20
124,133,20
124,133,20
124,133,20
124,133,20
124,133,20
124,133,20
124,133,20
124,133,20
124,133,20
124,133,20
124,133,20
124,133,20
124,133,20
124,133,20
124,133,20
124,133,20
124,133,20
124,133,20
124,133,20
124,144,20
124,144,20
124,144,20
124,144,20
124,144,20
124,144,20
124,144,20
124,144,20
124,121,20
124,121,20
124,121,20
124,121,20
124,121,20
124,121,20
124,121,20
124,121,20
124,121,20
124,121,20
124,121,20
124,121,20
124,121,20
124,178,20
124,178,20
124,178,20
124,178,20
124,178,20
124,178,20
124,178,20
124,178,20
124,178,20
124,178,20
124,178,20
124,178,20
124,178,20
124,178,20
124,178,20
124,178,20
124,178,20
124,178,20
124,178,20
124,178,20
124,178,20
124,178,20
124,178,20
124,178,20
124,178,20
124,178,20
124,178,20
124,178,20
124,178,20
124,178,20
124,134,20
124,134,20
124,134,20
124,134,20
124,134,20
124,134,20
124,134,20
124,118,20
124,118,20
124,118,20
124,118,20
124,118,20
124,118,20
124,118,20
124,118,20
124,118,20
124,118,20
124,118,20
124,116,20
124,116,20
124,116,20
124,116,20
124,116,20
124,116,20
124,116,20
124,116,20
124,116,20
124,116,20
124,116,20
124,116,20
124,116,20
124,116,20
124,116,20
124,116,20
124,116,20
124,116,20
124,104,20
124,104,20
124,104,20
124,104,20
124,104,20
124,104,20
124,104,20
124,104,20
124,104,20
124,104,20
124,104,20
124,108,20
124,108,20
124,108,20
124,108,20
124,108,20
124,108,20
124,108,20
124,108,20
124,108,20
124,108,20
124,103,20
124,103,20
124,103,20
124,103,20
124,103,20
124,103,20
124,103,20
124,103,20
124,103,20
124,103,20
124,103,20
124,103,20
124,103,20
124,103,20
124,103,20
124,103,20
124,103,20
124,103,20
124,103,20
124,103,20
124,103,20
124,103,20
124,103,20
124,103,20
124,103,20
124,103,20
124,103,20
124,103,20
124,103,20
124,103,20
124,103,20
124,103,20
124,103,20
124,103,20
124,103,20
124,103,20
124,103,20
124,103,20
124,103,20
124,103,20
124,103,20
124,103,20
124,103,20
124,103,20
124,103,20
124,103,20
124,103,20
124,103,20
124,103,20
124,142,20
124,142,20
124,142,20
124,142,20
124,142,20
124,142,20
94,96,20
94,96,20
94,96,20
94,96,20
94,96,20
94,96,20
94,96,20
94,96,20
94,96,20
94,96,20
94,96,20
94,96,20
94,96,20
94,96,20
94,96,20
94,96,20
94,128,20
94,128,20
94,128,20
94,128,20
94,128,20
94,128,20
94,128,20
94,105,20
94,105,20
94,105,20
94,105,20
94,105,20
94,105,20
94,105,20
94,105,20
94,105,20
94,105,20
94,105,20
94,105,20
94,105,20
94,105,20
94,105,20
94,105,20
94,105,20
94,105,20
94,105,20
94,105,20
94,105,20
94,105,20
94,105,20
94,105,20
94,78,20
94,78,20
94,78,20
94,78,20
94,78,20
94,78,20
94,78,20
94,78,20
94,78,20
94,78,20
94,78,20
94,78,20
94,78,20
94,78,20
94,78,20
94,78,20
94,78,20
94,78,20
94,78,20
94,78,20
94,78,20
94,78,20
94,109,20
94,109,20
94,109,20
94,109,20
94,109,20
94,109,20
94,109,20
94,109,20
94,109,20
94,109,20
94,109,20
94,109,20
94,102,20
94,102,20
94,102,20
94,102,20
94,102,20
94,102,20
94,102,20
94,102,20
94,102,20
94,102,20
94,102,20
94,102,20
94,102,20
94,102,20
94,102,20
94,102,20
94,102,20
94,102,20
94,102,20
94,102,20
94,93,20
94,93,20
94,93,20
94,93,20
94,93,20
94,93,20
94,93,20
94,101,20
94,101,20
94,101,20
94,101,20
94,101,20
94,101,20
94,101,20
94,101,20
94,101,20
94,101,20
94,101,20
94,101,20
94,101,20
94,101,20
94,101,20
94,101,20
94,101,20
94,101,20
94,101,20
94,101,20
94,101,20
94,101,20
94,101,20
94,101,20
94,101,20
94,101,20
94,98,20
94,98,20
94,98,20
94,98,20
94,98,20
94,98,20
94,98,20
94,98,20
94,98,20
94,98,20
94,98,20
94,98,20
94,98,20
94,98,20
94,98,20
94,98,20
94,144,20
94,144,20
94,144,20
94,144,20
94,144,20
94,144,20
94,144,20
94,144,20
94,144,20
94,144,20
94,144,20
94,77,20
94,77,20
94,77,20
94,77,20
94,77,20
94,77,20
94,77,20
94,77,20
94,77,20
94,77,20
94,86,20
94,86,20
94,86,20
94,86,20
94,86,20
94,86,20
94,86,20
94,112,20
94,112,20
94,112,20
94,112,20
94,112,20
94,112,20
94,112,20
94,112,20
94,112,20
94,112,20
94,112,20
94,112,20
94,112,20
94,112,20
94,112,20
94,112,20
94,112,20
94,112,20
94,112,20
94,112,20
94,112,20
94,112,20
94,112,20
94,112,20
94,112,20
94,112,20
94,112,20
94,60,20
94,60,20
94,60,20
94,60,20
94,60,20
94,60,20
94,60,20
94,60,20
94,60,20
94,60,20
94,60,20
94,60,20
94,134,20
94,134,20
94,134,20
94,134,20
94,134,20
94,134,20
94,134,20
94,134,20
94,134,20
94,134,20
94,118,20
94,118,20
94,118,20
94,118,20
94,118,20
94,118,20
94,118,20
94,118,20
94,118,20
94,118,20
94,118,20
94,118,20
94,118,20
94,118,20
94,118,20
94,118,20
94,118,20
94,118,20
94,118,20
94,66,20
94,66,20
94,66,20
94,66,20
94,66,20
94,66,20
94,66,20
94,66,20
94,66,20
94,66,20
94,66,20
94,66,20
94,66,20
94,99,20
94,99,20
94,99,20
94,99,20
94,99,20
94,99,20
94,99,20
94,99,20
94,99,20
94,99,20
94,99,20
94,99,20
94,99,20
94,99,20
94,99,20
94,99,20
94,99,20
94,99,20
94,99,20
94,99,20
94,99,20
94,99,20
94,99,20
94,99,20
94,99,20
94,99,20
94,99,20
94,99,20
94,99,20
94,99,20
94,99,20
94,99,20
94,99,20
94,101,20
94,101,20
94,101,20
94,101,20
94,101,20
94,101,20
94,101,20
94,101,20
94,101,20
94,101,20
94,101,20
94,101,20
94,101,20
94,101,20
94,101,20
94,101,20
94,101,20
94,101,20
94,101,20
94,101,20
94,101,20
94,101,20
94,101,20
94,101,20
94,101,20
94,74,20
94,74,20
94,74,20
94,74,20
94,74,20
94,74,20
94,74,20
94,74,20
94,74,20
94,74,20
94,74,20
94,74,20
94,74,20
94,74,20
94,74,20
94,74,20
94,74,20
94,74,20
94,74,20
94,74,20
94,74,20
94,74,20
94,74,20
94,74,20
94,74,20
94,74,20
94,74,20
94,74,20
94,74,20
94,74,20
94,74,20
94,74,20
94,74,20
94,74,20
94,117,20
94,117,20
94,117,20
94,117,20
94,117,20
94,117,20
94,117,20
94,117,20
94,117,20
94,117,20
94,117,20
94,117,20
94,117,20
94,117,20
94,117,20
94,117,20
94,117,20
94,117,20
94,117,20
94,117,20
94,73,20
94,73,20
94,73,20
94,73,20
94,73,20
94,73,20
94,73,20
94,73,20
94,115,20
94,115,20
94,115,20
94,115,20
94,115,20
94,115,20
94,115,20
94,115,20
94,115,20
94,115,20
94,115,20
94,115,20
94,115,20
94,115,20
94,115,20
94,115,20
94,115,20
94,115,20
94,115,20
94,115,20
94,115,20
94,115,20
94,115,20
94,115,20
94,115,20
94,115,20
94,115,20
94,115,20
94,115,20
94,115,20
94,115,20
94,115,20
94,115,20
94,115,20
94,115,20
94,115,20
94,115,20
94,115,20
94,115,20
94,115,20
94,115,20
94,115,20
94,115,20
94,115,20
94,115,20
94,115,20
94,115,20
94,115,20
94,115,20
94,115,20
94,115,20
94,115,20
94,115,20
94,115,20
94,115,20
94,115,20
94,115,20
94,115,20
94,98,20
94,98,20
94,98,20
94,98,20
94,98,20
94,98,20
94,98,20
94,98,20
94,98,20
94,98,20
94,98,20
94,113,20
94,113,20
94,113,20
94,113,20
94,113,20
94,113,20
94,113,20
94,113,20
94,113,20
94,113,20
94,113,20
94,104,20
94,104,20
94,104,20
94,104,20
94,104,20
94,104,20
94,104,20
94,104,20
94,104,20
94,104,20
94,104,20
94,104,20
94,104,20
94,104,20
94,104,20
94,104,20
94,104,20
94,104,20
94,104,20
94,104,20
94,104,20
94,104,20
94,104,20
94,104,20
94,104,20
94,104,20
94,104,20
94,104,20
94,104,20
94,104,20
94,104,20
94,104,20
94,104,20
94,115,20
94,115,20
94,115,20
94,115,20
94,115,20
94,115,20
94,115,20
94,115,20
94,115,20
94,115,20
94,115,20
94,115,20
94,115,20
94,115,20
94,115,20
94,115,20
94,115,20
94,115,20
94,115,20
94,115,20
94,115,20
94,115,20
94,115,20
94,115,20
94,115,20
94,93,20
94,93,20
94,93,20
94,93,20
94,93,20
94,93,20
94,86,20
94,86,20
94,86,20
94,86,20
94,86,20
94,86,20
94,86,20
94,86,20
94,86,20
94,86,20
94,86,20
94,86,20
94,86,20
94,86,20
94,86,20
94,86,20
94,86,20
94,86,20
94,86,20
94,86,20
94,86,20
94,86,20
94,86,20
94,86,20
94,86,20
94,86,20
94,86,20
94,86,20
64,70,20
64,70,20
64,70,20
64,70,20
64,70,20
64,70,20
64,70,20
64,70,20
64,70,20
64,70,20
64,70,20
64,70,20
64,70,20
64,70,20
64,70,20
64,70,20
64,70,20
64,70,20
64,70,20
64,70,20
64,70,20
64,88,20
64,88,20
64,88,20
64,88,20
64,88,20
64,88,20
64,88,20
64,88,20
64,88,20
64,88,20
64,88,20
64,88,20
64,88,20
64,88,20
64,88,20
64,88,20
64,88,20
64,88,20
64,88,20
64,88,20
64,88,20
64,88,20
64,88,20
64,88,20
64,88,20
64,88,20
64,88,20
64,88,20
64,88,20
64,88,20
64,88,20
64,88,20
64,88,20
64,88,20
64,88,20
64,88,20
64,88,20
64,88,20
64,88,20
64,88,20
64,88,20
64,88,20
64,88,20
64,88,20
64,88,20
64,88,20
64,88,20
64,88,20
64,88,20
64,88,20
64,88,20
64,88,20
64,88,20
64,88,20
64,88,20
64,88,20
64,88,20
64,72,20
64,72,20
64,72,20
64,72,20
64,72,20
64,72,20
64,72,20
64,72,20
64,60,20
64,60,20
64,60,20
64,60,20
64,60,20
64,60,20
64,60,20
64,60,20
64,60,20
64,60,20
64,60,20
64,60,20
64,60,20
64,60,20
64,60,20
64,60,20
64,60,20
64,60,20
64,60,20
64,60,20
64,60,20
64,60,20
64,60,20
64,60,20
64,60,20
64,60,20
64,60,20
64,60,20
64,60,20
64,60,20
64,59,20
64,59,20
64,59,20
64,59,20
64,59,20
64,59,20
64,59,20
64,59,20
64,59,20
64,59,20
64,59,20
64,59,20
64,14,20
64,14,20
64,14,20
64,14,20
64,14,20
64,14,20
64,14,20
64,14,20
64,14,20
64,14,20
64,14,20
64,14,20
64,14,20
64,14,20
64,14,20
64,14,20
64,14,20
64,14,20
64,40,20
64,40,20
64,40,20
64,40,20
64,40,20
64,40,20
64,40,20
64,40,20
64,40,20
64,40,20
64,35,20
64,35,20
64,35,20
64,35,20
64,35,20
64,35,20
64,35,20
64,35,20
64,35,20
64,35,20
64,35,20
64,35,20
64,35,20
64,35,20
64,35,20
64,35,20
64,35,20
64,78,20
64,78,20
64,78,20
64,78,20
64,78,20
64,78,20
64,78,20
64,78,20
64,78,20
64,78,20
64,78,20
64,78,20
64,78,20
64,78,20
64,78,20
64,78,20
64,78,20
64,78,20
64,78,20
64,78,20
64,78,20
64,78,20
64,78,20
64,78,20
64,78,20
64,78,20
64,50,20
64,50,20
64,50,20
64,50,20
64,50,20
64,50,20
64,50,20
64,57,20
64,57,20
64,57,20
64,57,20
64,57,20
64,57,20
64,57,20
64,57,20
64,57,20
64,57,20
64,57,20
64,51,20
64,51,20
64,51,20
64,51,20
64,51,20
64,51,20
64,73,20
64,73,20
64,73,20
64,73,20
64,73,20
64,73,20
64,73,20
64,73,20
64,73,20
64,73,20
64,73,20
64,73,20
64,73,20
64,73,20
64,85,20
64,85,20
64,85,20
64,85,20
64,85,20
64,85,20
64,31,20
64,31,20
64,31,20
64,31,20
64,31,20
64,31,20
64,31,20
64,31,20
64,31,20
64,31,20
64,31,20
64,31,20
64,31,20
64,31,20
64,31,20
64,31,20
64,31,20
64,62,20
64,62,20
64,62,20
64,62,20
64,62,20
64,62,20
64,62,20
64,62,20
64,62,20
64,62,20
64,54,20
64,54,20
64,54,20
64,54,20
64,54,20
64,54,20
64,54,20
64,54,20
64,54,20
64,54,20
64,54,20
64,54,20
64,54,20
64,54,20
64,54,20
64,54,20
64,54,20
64,54,20
64,54,20
64,54,20
64,54,20
64,54,20
64,54,20
64,54,20
64,54,20
64,54,20
64,54,20
64,54,20
64,54,20
64,54,20
64,54,20
64,54,20
64,54,20
64,54,20
64,54,20
64,54,20
64,54,20
64,54,20
64,54,20
64,67,20
64,67,20
64,67,20
64,67,20
64,67,20
64,67,20
64,67,20
64,67,20
64,67,20
64,67,20
64,71,20
64,71,20
64,71,20
64,71,20
64,71,20
64,71,20
64,71,20
64,71,20
64,71,20
64,71,20
64,71,20
64,71,20
64,71,20
64,71,20
64,71,20
64,71,20
64,71,20
64,71,20
64,63,20
64,63,20
64,63,20
64,63,20
64,63,20
64,63,20
64,63,20
64,63,20
64,63,20
64,63,20
64,63,20
64,63,20
64,63,20
64,63,20
64,63,20
64,63,20
64,63,20
64,63,20
64,63,20
64,63,20
64,63,20
64,63,20
64,63,20
64,63,20
64,63,20
64,63,20
64,63,20
64,73,20
64,73,20
64,73,20
64,73,20
64,73,20
64,73,20
64,56,20
64,56,20
64,56,20
64,56,20
64,56,20
64,56,20
64,56,20
64,56,20
64,56,20
64,56,20
64,56,20
64,56,20
64,56,20
64,56,20
64,56,20
64,56,20
64,56,20
64,56,20
64,56,20
64,56,20
64,56,20
64,56,20
64,56,20
64,56,20
64,56,20
64,56,20
64,56,20
64,56,20
64,56,20
64,56,20
64,56,20
64,56,20
64,63,20
64,63,20
64,63,20
64,63,20
64,63,20
64,63,20
64,63,20
64,63,20
64,63,20
64,63,20
64,63,20
64,63,20
64,63,20
64,63,20
64,63,20
64,63,20
64,63,20
64,63,20
64,63,20
64,63,20
64,63,20
64,63,20
64,63,20
64,63,20
64,84,20
64,84,20
64,84,20
64,84,20
64,84,20
64,84,20
64,84,20
64,84,20
64,84,20
64,84,20
64,84,20
64,84,20
64,84,20
64,84,20
64,84,20
64,22,20
64,22,20
64,22,20
64,22,20
64,22,20
64,22,20
64,22,20
64,22,20
64,22,20
64,22,20
64,22,20
64,51,20
64,51,20
64,51,20
64,51,20
64,51,20
64,51,20
64,51,20
64,51,20
64,88,20
64,88,20
64,88,20
64,88,20
64,88,20
64,88,20
64,88,20
64,88,20
64,88,20
64,88,20
64,88,20
64,88,20
64,88,20
64,88,20
64,88,20
64,88,20
64,88,20
64,88,20
64,88,20
64,88,20
64,63,20
64,63,20
64,63,20
64,63,20
64,63,20
64,63,20
64,63,20
64,63,20
64,63,20
64,63,20
64,63,20
64,63,20
64,63,20
64,49,20
64,49,20
64,49,20
64,49,20
64,49,20
64,49,20
64,49,20
64,49,20
64,49,20
64,49,20
64,49,20
64,49,20
64,49,20
64,49,20
64,49,20
64,49,20
64,36,20
64,36,20
64,36,20
64,36,20
64,36,20
64,36,20
64,36,20
64,36,20
64,36,20
64,36,20
64,36,20
64,36,20
64,36,20
64,36,20
64,36,20
64,36,20
64,36,20
64,36,20
64,36,20
64,36,20
64,36,20
64,36,20
64,36,20
64,36,20
64,36,20
64,36,20
64,36,20
64,36,20
64,36,20
64,36,20
64,77,20
64,77,20
64,77,20
64,77,20
64,77,20
64,77,20
64,77,20
64,77,20
64,77,20
64,77,20
64,77,20
64,77,20
64,77,20
64,77,20
64,77,20
64,77,20
64,77,20
64,77,20
64,77,20
64,77,20
64,77,20
64,77,20
64,77,20
64,77,20
64,77,20
64,77,20
64,77,20
64,77,20
64,77,20
64,77,20
64,77,20
64,77,20
64,77,20
64,77,20
64,77,20
64,77,20
64,77,20
64,77,20
64,77,20
64,77,20
64,77,20
64,77,20
64,77,20
64,77,20
64,77,20
64,77,20
64,77,20
64,31,20
64,31,20
64,31,20
64,31,20
64,31,20
64,31,20
64,31,20
64,31,20
64,31,20
64,31,20
64,31,20
64,31,20
64,31,20
64,12,20
64,12,20
64,12,20
64,12,20
64,12,20
64,12,20
64,12,20
64,12,20
64,12,20
64,12,20
64,12,20
64,12,20
64,44,20
64,44,20
64,44,20
64,44,20
64,44,20
64,44,20
64,44,20
64,44,20
64,44,20
64,44,20
64,44,20
64,44,20
64,44,20
64,44,20
64,44,20
64,44,20
64,68,20
64,68,20
64,68,20
64,68,20
64,68,20
64,68,20
64,68,20
64,68,20
64,68,20
64,68,20
64,68,20
64,68,20
64,68,20
64,68,20
64,68,20
64,68,20
64,68,20
64,68,20
64,68,20
64,68,20
64,68,20
64,68,20
64,68,20
64,68,20
64,68,20
64,30,20
64,30,20
64,30,20
64,30,20
64,30,20
64,30,20
64,30,20
64,70,20
64,70,20
64,70,20
64,70,20
64,70,20
64,70,20
64,70,20
64,70,20
64,70,20
64,70,20
64,70,20
64,102,20
64,102,20
64,102,20
64,102,20
64,102,20
64,102,20
64,74,20
64,74,20
64,74,20
64,74,20
64,74,20
64,74,20
64,74,20
64,74,20
64,74,20
64,74,20
64,74,20
64,74,20
64,74,20
64,74,20
64,74,20
64,74,20
64,80,20
64,80,20
64,80,20
64,80,20
64,80,20
64,80,20
64,80,20
64,80,20
64,80,20
64,80,20
64,80,20
64,80,20
84,81,20
84,81,20
84,81,20
84,81,20
84,81,20
84,81,20
84,81,20
84,81,20
84,81,20
84,81,20
84,81,20
84,81,20
84,81,20
84,81,20
84,81,20
84,81,20
84,81,20
84,81,20
84,81,20
84,81,20
84,81,20
84,81,20
84,81,20
84,81,20
84,81,20
84,81,20
84,81,20
84,81,20
84,81,20
84,81,20
84,81,20
84,81,20
84,81,20
84,117,20
84,117,20
84,117,20
84,117,20
84,117,20
84,117,20
84,53,20
84,53,20
84,53,20
84,53,20
84,53,20
84,53,20
84,53,20
84,53,20
84,53,20
84,53,20
84,53,20
84,53,20
84,53,20
84,75,20
84,75,20
84,75,20
84,75,20
84,75,20
84,75,20
84,75,20
84,75,20
84,83,20
84,83,20
84,83,20
84,83,20
84,83,20
84,83,20
84,83,20
84,83,20
84,76,20
84,76,20
84,76,20
84,76,20
84,76,20
84,76,20
84,76,20
84,76,20
84,76,20
84,76,20
84,76,20
84,80,20
84,80,20
84,80,20
84,80,20
84,80,20
84,80,20
84,80,20
84,80,20
84,80,20
84,80,20
84,80,20
84,80,20
84,80,20
84,80,20
84,80,20
84,64,20
84,64,20
84,64,20
84,64,20
84,64,20
84,64,20
84,64,20
84,64,20
84,64,20
84,79,20
84,79,20
84,79,20
84,79,20
84,79,20
84,79,20
84,79,20
84,79,20
84,79,20
84,62,20
84,62,20
84,62,20
84,62,20
84,62,20
84,62,20
84,62,20
84,62,20
84,79,20
84,79,20
84,79,20
84,79,20
84,79,20
84,79,20
84,79,20
84,79,20
84,79,20
84,79,20
84,79,20
84,79,20
84,79,20
84,79,20
84,79,20
84,79,20
84,79,20
84,79,20
84,79,20
84,79,20
84,79,20
84,79,20
84,79,20
84,79,20
84,79,20
84,79,20
84,92,20
84,92,20
84,92,20
84,92,20
84,92,20
84,92,20
84,92,20
84,92,20
84,92,20
84,92,20
84,92,20
84,92,20
84,92,20
84,92,20
84,92,20
84,92,20
84,92,20
84,92,20
84,92,20
84,92,20
84,92,20
84,123,20
84,123,20
84,123,20
84,123,20
84,123,20
84,123,20
84,123,20
84,123,20
84,123,20
84,123,20
84,123,20
84,123,20
84,123,20
84,123,20
84,123,20
84,123,20
84,65,20
84,65,20
84,65,20
84,65,20
84,65,20
84,65,20
84,65,20
84,65,20
84,65,20
84,65,20
84,55,20
84,55,20
84,55,20
84,55,20
84,55,20
84,55,20
84,55,20
84,55,20
84,55,20
84,55,20
84,55,20
84,55,20
84,55,20
84,55,20
84,55,20
84,55,20
84,55,20
84,55,20
84,55,20
84,55,20
84,55,20
84,55,20
84,55,20
84,55,20
84,55,20
84,55,20
84,55,20
84,55,20
84,55,20
84,55,20
84,55,20
84,55,20
84,125,20
84,125,20
84,125,20
84,125,20
84,125,20
84,125,20
84,125,20
84,125,20
84,125,20
84,125,20
84,125,20
84,125,20
84,125,20
84,125,20
84,125,20
84,125,20
84,125,20
84,125,20
84,125,20
84,68,20
84,68,20
84,68,20
84,68,20
84,68,20
84,68,20
84,68,20
84,68,20
84,68,20
84,68,20
84,68,20
84,68,20
84,68,20
84,68,20
84,68,20
84,68,20
84,68,20
84,68,20
84,68,20
84,68,20
84,68,20
84,68,20
84,68,20
84,68,20
84,68,20
84,68,20
84,68,20
84,68,20
84,68,20
84,68,20
84,68,20
84,68,20
84,68,20
84,68,20
84,68,20
84,68,20
84,68,20
84,68,20
84,68,20
84,68,20
84,68,20
84,68,20
84,68,20
84,68,20
84,68,20
84,68,20
84,68,20
84,68,20
84,68,20
84,68,20
84,68,20
84,68,20
84,68,20
84,101,20
84,101,20
84,101,20
84,101,20
84,101,20
84,101,20
84,101,20
84,101,20
84,101,20
84,101,20
84,101,20
84,101,20
84,101,20
84,101,20
84,101,20
84,101,20
84,101,20
84,101,20
84,101,20
84,101,20
84,101,20
84,101,20
84,109,20
84,109,20
84,109,20
84,109,20
84,109,20
84,109,20
84,109,20
84,109,20
84,109,20
84,109,20
84,109,20
84,109,20
84,109,20
84,109,20
84,109,20
84,109,20
84,109,20
84,109,20
84,109,20
84,109,20
84,109,20
84,73,20
84,73,20
84,73,20
84,73,20
84,73,20
84,73,20
84,73,20
84,73,20
84,73,20
84,73,20
84,73,20
84,73,20
84,73,20
84,73,20
84,73,20
84,73,20
84,73,20
84,73,20
84,73,20
84,73,20
84,73,20
84,73,20
84,73,20
84,73,20
84,73,20
84,73,20
84,51,20
84,51,20
84,51,20
84,51,20
84,51,20
84,51,20
84,51,20
84,51,20
84,51,20
84,51,20
84,51,20
84,51,20
84,51,20
84,51,20
84,51,20
84,51,20
84,51,20
84,51,20
84,51,20
84,51,20
84,51,20
84,51,20
84,84,20
84,84,20
84,84,20
84,84,20
84,84,20
84,84,20
84,84,20
84,84,20
84,84,20
84,84,20
84,84,20
84,84,20
84,84,20
84,84,20
84,84,20
84,84,20
84,84,20
84,84,20
84,77,20
84,77,20
84,77,20
84,77,20
84,77,20
84,77,20
84,77,20
84,77,20
84,77,20
84,77,20
84,77,20
84,77,20
84,77,20
84,77,20
84,77,20
84,68,20
84,68,20
84,68,20
84,68,20
84,68,20
84,68,20
84,68,20
84,68,20
84,68,20
84,68,20
84,68,20
84,68,20
84,68,20
84,97,20
84,97,20
84,97,20
84,97,20
84,97,20
84,97,20
84,97,20
84,97,20
84,97,20
84,97,20
84,97,20
84,97,20
84,97,20
84,97,20
84,97,20
84,97,20
84,97,20
84,97,20
84,97,20
84,97,20
84,97,20
84,97,20
84,97,20
84,97,20
84,97,20
84,97,20
84,97,20
84,97,20
84,97,20
84,106,20
84,106,20
84,106,20
84,106,20
84,106,20
84,106,20
84,106,20
84,68,20
84,68,20
84,68,20
84,68,20
84,68,20
84,68,20
84,121,20
84,121,20
84,121,20
84,121,20
84,121,20
84,121,20
84,121,20
84,121,20
84,121,20
84,121,20
84,73,20
84,73,20
84,73,20
84,73,20
84,73,20
84,73,20
84,73,20
84,73,20
84,73,20
84,73,20
114,150,20
114,150,20
114,150,20
114,150,20
114,150,20
114,150,20
114,150,20
114,150,20
114,150,20
114,150,20
114,150,20
114,150,20
114,150,20
114,150,20
114,150,20
114,150,20
114,150,20
114,150,20
114,150,20
114,150,20
114,150,20
114,150,20
114,150,20
114,150,20
114,150,20
114,150,20
114,150,20
114,150,20
114,150,20
114,150,20
114,150,20
114,150,20
114,150,20
114,150,20
114,150,20
114,150,20
114,150,20
114,150,20
114,150,20
114,150,20
114,150,20
114,150,20
114,150,20
114,150,20
114,150,20
114,150,20
114,150,20
114,150,20
114,150,20
114,150,20
114,150,20
114,150,20
114,150,20
114,87,20
114,87,20
114,87,20
114,87,20
114,87,20
114,87,20
114,87,20
114,87,20
114,87,20
114,87,20
114,87,20
114,87,20
114,87,20
114,87,20
114,87,20
114,87,20
114,87,20
114,87,20
114,87,20
114,87,20
114,87,20
114,87,20
114,87,20
114,87,20
114,87,20
114,87,20
114,87,20
114,87,20
114,87,20
114,87,20
114,87,20
114,87,20
114,87,20
114,87,20
114,87,20
114,87,20
114,87,20
114,87,20
114,87,20
114,87,20
114,124,20
114,124,20
114,124,20
114,124,20
114,124,20
114,124,20
114,124,20
114,124,20
114,133,20
114,133,20
114,133,20
114,133,20
114,133,20
114,133,20
114,133,20
114,133,20
114,133,20
114,133,20
114,133,20
114,133,20
114,133,20
114,133,20
114,133,20
114,133,20
114,133,20
114,133,20
114,133,20
114,133,20
114,133,20
114,133,20
114,133,20
114,133,20
114,133,20
114,133,20
114,133,20
114,133,20
114,133,20
114,133,20
114,133,20
114,133,20
114,133,20
114,133,20
114,112,20
114,112,20
114,112,20
114,112,20
114,112,20
114,112,20
114,112,20
114,112,20
114,112,20
114,85,20
114,85,20
114,85,20
114,85,20
114,85,20
114,85,20
114,85,20
114,85,20
114,85,20
114,85,20
114,85,20
114,85,20
114,85,20
114,85,20
114,85,20
114,85,20
114,85,20
114,85,20
114,85,20
114,85,20
114,85,20
114,85,20
114,85,20
114,85,20
114,85,20
114,85,20
114,85,20
114,85,20
114,85,20
114,85,20
114,85,20
114,85,20
114,85,20
114,85,20
114,85,20
114,85,20
114,85,20
114,85,20
114,85,20
114,85,20
114,85,20
114,85,20
114,85,20
114,85,20
114,85,20
114,85,20
114,85,20
114,85,20
114,85,20
114,85,20
114,85,20
114,85,20
114,85,20
114,85,20
114,85,20
114,85,20
114,85,20
114,85,20
114,85,20
114,115,20
114,115,20
114,115,20
114,115,20
114,115,20
114,115,20
114,115,20
114,115,20
114,115,20
114,115,20
114,115,20
114,115,20
114,115,20
114,115,20
114,115,20
114,115,20
114,115,20
114,94,20
114,94,20
114,94,20
114,94,20
114,94,20
114,94,20
114,94,20
114,94,20
114,94,20
114,94,20
114,94,20
114,94,20
114,94,20
114,94,20
114,94,20
114,94,20
114,94,20
114,86,20
114,86,20
114,86,20
114,86,20
114,86,20
114,86,20
114,86,20
114,86,20
114,86,20
114,86,20
114,86,20
114,86,20
114,86,20
114,86,20
114,86,20
114,86,20
114,86,20
114,86,20
114,102,20
114,102,20
114,102,20
114,102,20
114,102,20
114,102,20
114,102,20
114,102,20
114,102,20
114,99,20
114,99,20
114,99,20
114,99,20
114,99,20
114,99,20
114,99,20
114,99,20
114,99,20
114,116,20
114,116,20
114,116,20
114,116,20
114,116,20
114,116,20
114,93,20
114,93,20
114,93,20
114,93,20
114,93,20
114,93,20
114,93,20
114,93,20
114,93,20
114,93,20
114,93,20
114,93,20
114,93,20
114,93,20
114,93,20
114,93,20
114,93,20
114,93,20
114,93,20
114,93,20
114,93,20
114,93,20
114,93,20
114,93,20
114,93,20
114,93,20
114,93,20
114,93,20
114,93,20
114,93,20
114,139,20
114,139,20
114,139,20
114,139,20
114,139,20
114,139,20
114,139,20
114,139,20
114,139,20
114,116,20
114,116,20
114,116,20
114,116,20
114,116,20
114,116,20
114,116,20
114,116,20
114,116,20
114,116,20
114,116,20
114,116,20
114,116,20
114,116,20
114,116,20
114,116,20
114,116,20
114,116,20
114,116,20
114,116,20
114,116,20
114,116,20
114,116,20
114,116,20
114,116,20
114,116,20
114,116,20
114,116,20
114,116,20
114,116,20
114,116,20
114,116,20
114,116,20
114,116,20
114,116,20
114,116,20
114,116,20
114,116,20
114,116,20
114,116,20
114,116,20
114,116,20
114,116,20
114,129,20
114,129,20
114,129,20
114,129,20
114,129,20
114,129,20
114,129,20
114,129,20
114,129,20
114,129,20
114,111,20
114,111,20
114,111,20
114,111,20
114,111,20
114,111,20
114,111,20
114,111,20
114,111,20
114,111,20
114,111,20
114,111,20
114,111,20
114,111,20
114,111,20
114,111,20
114,111,20
114,111,20
114,111,20
114,111,20
114,111,20
114,111,20
114,111,20
114,111,20
114,111,20
114,111,20
114,111,20
114,111,20
114,111,20
114,111,20
114,144,20
114,144,20
114,144,20
114,144,20
114,144,20
114,144,20
114,144,20
114,144,20
114,144,20
114,144,20
114,144,20
114,144,20
114,144,20
114,144,20
114,144,20
114,144,20
114,144,20
114,144,20
114,144,20
114,144,20
114,144,20
114,144,20
114,144,20
114,144,20
114,144,20
114,144,20
114,144,20
114,144,20
114,144,20
114,144,20
114,144,20
114,144,20
114,144,20
114,144,20
114,84,20
114,84,20
114,84,20
114,84,20
114,84,20
114,84,20
114,84,20
114,84,20
114,84,20
114,84,20
114,84,20
114,84,20
114,84,20
114,84,20
114,84,20
114,84,20
114,84,20
114,84,20
114,84,20
114,84,20
114,84,20
114,84,20
114,84,20
114,84,20
114,84,20
114,84,20
114,84,20
114,84,20
114,84,20
114,84,20
114,84,20
114,84,20
114,84,20
114,84,20
114,84,20
114,84,20
114,84,20
114,84,20
114,84,20
114,84,20
114,84,20
114,84,20
114,84,20
114,84,20
114,84,20
114,84,20
114,84,20
114,84,20
114,84,20
114,84,20
114,119,20
114,119,20
114,119,20
114,119,20
114,119,20
114,119,20
114,119,20
114,119,20
114,119,20
114,119,20
114,119,20
114,119,20
114,119,20
114,119,20
114,119,20
114,119,20
114,119,20
114,119,20
114,119,20
114,103,20
114,103,20
114,103,20
114,103,20
114,103,20
114,103,20
114,103,20
114,103,20
114,103,20
114,103,20
114,132,20
114,132,20
114,132,20
114,132,20
114,132,20
114,132,20
114,132,20
114,132,20
114,132,20
114,132,20
114,132,20
114,132,20
114,132,20
114,132,20
114,132,20
114,101,20
114,101,20
114,101,20
114,101,20
114,101,20
114,101,20
114,101,20
114,101,20
114,101,20
114,101,20
114,106,20
114,106,20
114,106,20
114,106,20
114,106,20
114,106,20
114,106,20
114,106,20
114,106,20
114,106,20
114,106,20
114,106,20
114,106,20
114,106,20
114,106,20
114,106,20
114,106,20
114,98,20
114,98,20
114,98,20
114,98,20
114,98,20
114,98,20
114,98,20
114,98,20
114,98,20
114,98,20
114,98,20
114,98,20
114,98,20
114,98,20
114,98,20
114,98,20
114,98,20
114,102,20
114,102,20
114,102,20
114,102,20
114,102,20
114,102,20
114,102,20
114,102,20
114,102,20
114,102,20
114,102,20
114,125,20
114,125,20
114,125,20
114,125,20
114,125,20
114,125,20
114,125,20
114,148,20
114,148,20
114,148,20
114,148,20
114,148,20
114,148,20
114,148,20
114,148,20
114,148,20
114,148,20
114,148,20
114,148,20
114,148,20
134,116,20
134,116,20
134,116,20
134,116,20
134,116,20
134,116,20
134,116,20
134,116,20
134,116,20
134,116,20
134,116,20
134,116,20
134,116,20
134,116,20
134,116,20
134,116,20
134,116,20
134,116,20
134,116,20
134,116,20
134,116,20
134,116,20
134,116,20
134,116,20
134,116,20
134,116,20
134,116,20
134,116,20
134,116,20
134,116,20
134,116,20
134,116,20
134,116,20
134,116,20
134,116,20
134,116,20
134,116,20
134,116,20
134,116,20
134,116,20
134,116,20
134,116,20
134,116,20
134,116,20
134,116,20
134,116,20
134,162,20
134,162,20
134,162,20
134,162,20
134,162,20
134,162,20
134,162,20
134,162,20
134,162,20
134,162,20
134,162,20
134,162,20
134,162,20
134,162,20
134,144,20
134,144,20
134,144,20
134,144,20
134,144,20
134,144,20
134,144,20
134,144,20
134,144,20
134,144,20
134,151,20
134,151,20
134,151,20
134,151,20
134,151,20
134,151,20
134,151,20
134,151,20
134,151,20
134,151,20
134,151,20
134,151,20
134,151,20
134,151,20
134,151,20
134,151,20
134,151,20
134,151,20
134,153,20
134,153,20
134,153,20
134,153,20
134,153,20
134,153,20
134,153,20
134,153,20
134,153,20
134,153,20
134,153,20
134,153,20
134,153,20
134,153,20
134,153,20
134,123,20
134,123,20
134,123,20
134,123,20
134,123,20
134,123,20
134,123,20
134,136,20
134,136,20
134,136,20
134,136,20
134,136,20
134,136,20
134,117,20
134,117,20
134,117,20
134,117,20
134,117,20
134,117,20
134,117,20
134,117,20
134,117,20
134,117,20
134,117,20
134,117,20
134,117,20
134,117,20
134,117,20
134,117,20
134,117,20
134,117,20
134,117,20
134,117,20
134,117,20
134,117,20
134,117,20
134,117,20
134,117,20
134,117,20
134,117,20
134,117,20
134,117,20
134,117,20
134,117,20
134,117,20
134,117,20
134,117,20
134,117,20
134,117,20
134,117,20
134,117,20
134,117,20
134,117,20
134,117,20
134,130,20
134,130,20
134,130,20
134,130,20
134,130,20
134,130,20
134,130,20
134,130,20
134,130,20
134,130,20
134,117,20
134,117,20
134,117,20
134,117,20
134,117,20
134,117,20
134,117,20
134,117,20
134,117,20
134,117,20
134,117,20
134,117,20
134,117,20
134,117,20
134,117,20
134,117,20
134,117,20
134,117,20
134,117,20
134,117,20
134,117,20
134,117,20
134,117,20
134,117,20
134,117,20
134,117,20
134,117,20
134,117,20
134,117,20
134,117,20
134,117,20
134,117,20
134,117,20
134,117,20
134,117,20
134,136,20
134,136,20
134,136,20
134,136,20
134,136,20
134,136,20
134,136,20
134,136,20
134,136,20
134,136,20
134,140,20
134,140,20
134,140,20
134,140,20
134,140,20
134,140,20
134,140,20
134,140,20
134,140,20
134,140,20
134,140,20
134,140,20
134,140,20
134,140,20
134,140,20
134,140,20
134,140,20
134,140,20
134,140,20
134,140,20
134,140,20
134,140,20
134,140,20
134,140,20
134,140,20
134,140,20
134,140,20
134,140,20
134,140,20
134,140,20
134,140,20
134,140,20
134,140,20
134,140,20
134,140,20
134,140,20
134,140,20
134,140,20
134,140,20
134,122,20
134,122,20
134,122,20
134,122,20
134,122,20
134,122,20
134,122,20
134,147,20
134,147,20
134,147,20
134,147,20
134,147,20
134,147,20
134,147,20
134,147,20
134,147,20
134,147,20
134,147,20
134,147,20
134,147,20
134,147,20
134,147,20
134,122,20
134,122,20
134,122,20
134,122,20
134,122,20
134,122,20
134,122,20
134,122,20
134,122,20
134,122,20
134,122,20
134,122,20
134,122,20
134,122,20
134,122,20
134,122,20
134,122,20
134,122,20
134,122,20
134,122,20
134,122,20
134,122,20
134,122,20
134,118,20
134,118,20
134,118,20
134,118,20
134,118,20
134,118,20
134,118,20
134,118,20
134,118,20
134,118,20
134,94,20
134,94,20
134,94,20
134,94,20
134,94,20
134,94,20
134,94,20
134,94,20
134,94,20
134,94,20
134,94,20
134,94,20
134,94,20
134,94,20
134,94,20
134,94,20
134,94,20
134,94,20
134,94,20
134,94,20
134,94,20
134,94,20
134,94,20
134,94,20
134,94,20
134,94,20
134,94,20
134,94,20
134,94,20
134,94,20
134,94,20
134,148,20
134,148,20
134,148,20
134,148,20
134,148,20
134,148,20
134,148,20
134,148,20
134,148,20
134,148,20
134,148,20
134,148,20
134,148,20
134,148,20
134,148,20
134,148,20
134,148,20
134,148,20
134,148,20
134,148,20
134,148,20
134,148,20
134,148,20
134,148,20
134,148,20
134,148,20
134,126,20
134,126,20
134,126,20
134,126,20
134,126,20
134,126,20
134,126,20
134,161,20
134,161,20
134,161,20
134,161,20
134,161,20
134,161,20
134,161,20
134,161,20
134,161,20
134,161,20
134,161,20
134,161,20
134,161,20
134,161,20
134,161,20
134,161,20
134,161,20
134,161,20
134,161,20
134,161,20
134,161,20
134,161,20
134,161,20
134,161,20
134,161,20
134,161,20
134,161,20
134,161,20
134,161,20
134,161,20
134,161,20
134,161,20
134,161,20
134,161,20
134,161,20
134,161,20
134,161,20
134,161,20
134,161,20
134,161,20
134,134,20
134,134,20
134,134,20
134,134,20
134,134,20
134,134,20
134,134,20
134,134,20
134,134,20
134,134,20
134,134,20
134,134,20
134,134,20
134,134,20
134,134,20
134,134,20
134,134,20
134,134,20
134,134,20
134,134,20
134,134,20
134,134,20
134,134,20
134,134,20
134,134,20
134,134,20
134,134,20
134,134,20
134,134,20
134,134,20
134,134,20
134,134,20
134,134,20
134,134,20
134,134,20
134,134,20
134,134,20
134,134,20
134,134,20
134,134,20
134,158,20
134,158,20
134,158,20
134,158,20
134,158,20
134,158,20
134,158,20
134,158,20
134,158,20
134,158,20
134,158,20
134,158,20
134,158,20
134,158,20
134,158,20
134,158,20
134,158,20
134,158,20
134,131,20
134,131,20
134,131,20
134,131,20
134,131,20
134,131,20
134,131,20
134,131,20
134,131,20
134,131,20
134,131,20
134,131,20
134,131,20
134,131,20
134,130,20
134,130,20
134,130,20
134,130,20
134,130,20
134,130,20
134,130,20
134,130,20
134,130,20
134,130,20
134,130,20
134,130,20
134,130,20
134,130,20
134,130,20
134,130,20
134,130,20
134,130,20
134,147,20
134,147,20
134,147,20
134,147,20
134,147,20
134,147,20
134,147,20
134,147,20
134,147,20
134,147,20
134,147,20
134,147,20
134,147,20
134,147,20
134,147,20
134,147,20
134,147,20
134,147,20
134,147,20
134,147,20
134,147,20
134,147,20
134,147,20
134,157,20
134,157,20
134,157,20
134,157,20
134,157,20
134,157,20
134,157,20
134,157,20
134,157,20
134,157,20
134,157,20
134,100,20
134,100,20
134,100,20
134,100,20
134,100,20
134,100,20
134,100,20
134,100,20
134,100,20
134,100,20
134,100,20
134,151,20
134,151,20
134,151,20
134,151,20
134,151,20
134,151,20
134,151,20
134,151,20
134,151,20
134,151,20
134,151,20
134,151,20
134,151,20
134,151,20
134,151,20
134,151,20
134,151,20
134,151,20
134,151,20
134,151,20
134,151,20
134,151,20
134,151,20
134,151,20
134,151,20
134,151,20
134,151,20
94,91,20
94,91,20
94,91,20
94,91,20
94,91,20
94,91,20
94,91,20
94,91,20
94,91,20
94,91,20
94,91,20
94,91,20
94,91,20
94,91,20
94,91,20
94,91,20
94,91,20
94,91,20
94,91,20
94,91,20
94,91,20
94,91,20
94,91,20
94,91,20
94,91,20
94,91,20
94,91,20
94,90,20
94,90,20
94,90,20
94,90,20
94,90,20
94,90,20
94,90,20
94,90,20
94,90,20
94,90,20
94,90,20
94,90,20
94,90,20
94,90,20
94,90,20
94,90,20
94,88,20
94,88,20
94,88,20
94,88,20
94,88,20
94,88,20
94,88,20
94,101,20
94,101,20
94,101,20
94,101,20
94,101,20
94,101,20
94,101,20
94,101,20
94,101,20
94,101,20
94,101,20
94,101,20
94,101,20
94,101,20
94,101,20
94,101,20
94,101,20
94,101,20
94,101,20
94,101,20
94,101,20
94,101,20
94,101,20
94,101,20
94,101,20
94,101,20
94,101,20
94,101,20
94,101,20
94,101,20
94,101,20
94,101,20
94,101,20
94,90,20
94,90,20
94,90,20
94,90,20
94,90,20
94,90,20
94,90,20
94,90,20
94,90,20
94,90,20
94,90,20
94,90,20
94,90,20
94,90,20
94,90,20
94,90,20
94,120,20
94,120,20
94,120,20
94,120,20
94,120,20
94,120,20
94,120,20
94,120,20
94,120,20
94,120,20
94,120,20
94,108,20
94,108,20
94,108,20
94,108,20
94,108,20
94,108,20
94,108,20
94,108,20
94,108,20
94,108,20
94,108,20
94,108,20
94,108,20
94,108,20
94,108,20
94,108,20
94,108,20
94,108,20
94,108,20
94,108,20
94,108,20
94,81,20
94,81,20
94,81,20
94,81,20
94,81,20
94,81,20
94,81,20
94,81,20
94,81,20
94,81,20
94,81,20
94,81,20
94,81,20
94,81,20
94,81,20
94,81,20
94,81,20
94,81,20
94,81,20
94,81,20
94,81,20
94,81,20
94,81,20
94,81,20
94,81,20
94,81,20
94,81,20
94,81,20
94,81,20
94,81,20
94,81,20
94,81,20
94,81,20
94,81,20
94,81,20
94,81,20
94,81,20
94,81,20
94,81,20
94,81,20
94,81,20
94,81,20
94,81,20
94,81,20
94,81,20
94,81,20
94,81,20
94,81,20
94,81,20
94,81,20
94,81,20
94,81,20
94,81,20
94,85,20
94,85,20
94,85,20
94,85,20
94,85,20
94,85,20
94,85,20
94,85,20
94,85,20
94,85,20
94,85,20
94,85,20
94,85,20
94,85,20
94,85,20
94,85,20
94,85,20
94,85,20
94,116,20
94,116,20
94,116,20
94,116,20
94,116,20
94,116,20
94,116,20
94,116,20
94,116,20
94,116,20
94,116,20
94,116,20
94,116,20
94,116,20
94,116,20
94,116,20
94,116,20
94,116,20
94,116,20
94,116,20
94,116,20
94,116,20
94,116,20
94,116,20
94,116,20
94,116,20
94,116,20
94,116,20
94,116,20
94,116,20
94,116,20
94,116,20
94,116,20
94,116,20
94,116,20
94,116,20
94,98,20
94,98,20
94,98,20
94,98,20
94,98,20
94,98,20
94,98,20
94,98,20
94,98,20
94,98,20
94,98,20
94,98,20
94,98,20
94,98,20
94,98,20
94,98,20
94,98,20
94,98,20
94,98,20
94,98,20
94,98,20
94,98,20
94,98,20
94,98,20
94,98,20
94,52,20
94,52,20
94,52,20
94,52,20
94,52,20
94,52,20
94,52,20
94,52,20
94,52,20
94,52,20
94,52,20
94,52,20
94,52,20
94,52,20
94,52,20
94,109,20
94,109,20
94,109,20
94,109,20
94,109,20
94,109,20
94,109,20
94,102,20
94,102,20
94,102,20
94,102,20
94,102,20
94,102,20
94,102,20
94,102,20
94,102,20
94,102,20
94,102,20
94,102,20
94,102,20
94,102,20
94,87,20
94,87,20
94,87,20
94,87,20
94,87,20
94,87,20
94,87,20
94,87,20
94,87,20
94,87,20
94,87,20
94,87,20
94,87,20
94,87,20
94,87,20
94,87,20
94,87,20
94,87,20
94,87,20
94,87,20
94,87,20
94,87,20
94,87,20
94,87,20
94,87,20
94,87,20
94,87,20
94,87,20
94,87,20
94,87,20
94,87,20
94,87,20
94,87,20
94,86,20
94,86,20
94,86,20
94,86,20
94,86,20
94,86,20
94,86,20
94,86,20
94,114,20
94,114,20
94,114,20
94,114,20
94,114,20
94,114,20
94,114,20
94,114,20
94,114,20
94,114,20
94,63,20
94,63,20
94,63,20
94,63,20
94,63,20
94,63,20
94,63,20
94,63,20
94,63,20
94,63,20
94,63,20
94,63,20
94,63,20
94,63,20
94,63,20
94,63,20
94,92,20
94,92,20
94,92,20
94,92,20
94,92,20
94,92,20
94,92,20
94,92,20
94,92,20
94,92,20
94,92,20
94,92,20
94,92,20
94,92,20
94,92,20
94,92,20
94,92,20
94,92,20
94,92,20
94,92,20
94,92,20
94,92,20
94,135,20
94,135,20
94,135,20
94,135,20
94,135,20
94,135,20
94,72,20
94,72,20
94,72,20
94,72,20
94,72,20
94,72,20
94,72,20
94,72,20
94,72,20
94,72,20
94,72,20
94,72,20
94,72,20
94,72,20
94,72,20
94,72,20
94,72,20
94,72,20
94,72,20
94,72,20
94,72,20
94,72,20
94,72,20
94,72,20
94,72,20
94,72,20
94,72,20
94,72,20
94,72,20
94,72,20
94,72,20
94,122,20
94,122,20
94,122,20
94,122,20
94,122,20
94,122,20
94,122,20
94,144,20
94,144,20
94,144,20
94,144,20
94,144,20
94,144,20
94,144,20
94,144,20
94,144,20
94,144,20
94,91,20
94,91,20
94,91,20
94,91,20
94,91,20
94,91,20
94,91,20
94,91,20
94,91,20
94,91,20
94,91,20
94,91,20
94,91,20
94,91,20
94,91,20
94,91,20
94,91,20
94,91,20
94,91,20
94,91,20
94,91,20
94,91,20
94,91,20
94,91,20
94,91,20
94,91,20
94,91,20
94,91,20
94,91,20
94,91,20
94,91,20
94,91,20
94,91,20
94,91,20
94,91,20
94,91,20
94,91,20
94,91,20
94,91,20
94,91,20
94,91,20
94,91,20
94,91,20
94,91,20
94,91,20
94,91,20
94,91,20
94,91,20
94,91,20
94,91,20
94,91,20
94,91,20
94,91,20
94,91,20
94,101,20
94,101,20
94,101,20
94,101,20
94,101,20
94,101,20
94,101,20
94,101,20
94,101,20
94,101,20
94,101,20
94,101,20
94,101,20
94,101,20
94,101,20
94,101,20
94,101,20
94,101,20
94,101,20
94,101,20
94,101,20
94,101,20
94,101,20
94,101,20
94,101,20
94,101,20
94,101,20
94,101,20
94,101,20
94,101,20
94,101,20
94,101,20
94,101,20
94,101,20
94,101,20
94,101,20
94,101,20
94,101,20
94,101,20
94,101,20
94,101,20
94,101,20
94,101,20
94,101,20
94,101,20
94,101,20
94,101,20
94,112,20
94,112,20
94,112,20
94,112,20
94,112,20
94,112,20
94,112,20
94,112,20
94,112,20
94,112,20
94,112,20
94,112,20
94,112,20
94,112,20
94,112,20
94,112,20
124,118,20
124,118,20
124,118,20
124,118,20
124,118,20
124,118,20
124,133,20
124,133,20
124,133,20
124,133,20
124,133,20
124,133,20
124,133,20
124,74,20
124,74,20
124,74,20
124,74,20
124,74,20
124,74,20
124,74,20
124,107,20
124,107,20
124,107,20
124,107,20
124,107,20
124,107,20
124,107,20
124,107,20
124,107,20
124,107,20
124,107,20
124,114,20
124,114,20
124,114,20
124,114,20
124,114,20
124,114,20
124,114,20
124,114,20
124,114,20
124,114,20
124,114,20
124,114,20
124,114,20
124,114,20
124,114,20
124,114,20
124,114,20
124,114,20
124,147,20
124,147,20
124,147,20
124,147,20
124,147,20
124,147,20
124,147,20
124,133,20
124,133,20
124,133,20
124,133,20
124,133,20
124,133,20
124,133,20
124,133,20
124,133,20
124,133,20
124,133,20
124,133,20
124,133,20
124,133,20
124,133,20
124,133,20
124,133,20
124,133,20
124,133,20
124,133,20
124,133,20
124,133,20
124,133,20
124,133,20
124,133,20
124,133,20
124,133,20
124,133,20
124,133,20
124,133,20
124,133,20
124,133,20
124,133,20
124,133,20
124,101,20
124,101,20
124,101,20
124,101,20
124,101,20
124,101,20
124,101,20
124,101,20
124,101,20
124,101,20
124,101,20
124,101,20
124,101,20
124,101,20
124,101,20
124,101,20
124,101,20
124,101,20
124,101,20
124,101,20
124,101,20
124,101,20
124,101,20
124,101,20
124,113,20
124,113,20
124,113,20
124,113,20
124,113,20
124,113,20
124,113,20
124,113,20
124,113,20
124,113,20
124,113,20
124,113,20
124,113,20
124,113,20
124,113,20
124,113,20
124,113,20
124,113,20
124,113,20
124,113,20
124,113,20
124,113,20
124,113,20
124,113,20
124,144,20
124,144,20
124,144,20
124,144,20
124,144,20
124,144,20
124,144,20
124,125,20
124,125,20
124,125,20
124,125,20
124,125,20
124,125,20
124,125,20
124,125,20
124,125,20
124,125,20
124,125,20
124,125,20
124,125,20
124,125,20
124,125,20
124,125,20
124,125,20
124,125,20
124,125,20
124,125,20
124,125,20
124,125,20
124,125,20
124,125,20
124,123,20
124,123,20
124,123,20
124,123,20
124,123,20
124,123,20
124,123,20
124,123,20
124,123,20
124,123,20
124,123,20
124,123,20
124,123,20
124,123,20
124,123,20
124,123,20
124,123,20
124,123,20
124,123,20
124,123,20
124,123,20
124,123,20
124,123,20
124,123,20
124,123,20
124,123,20
124,123,20
124,123,20
124,123,20
124,104,20
124,104,20
124,104,20
124,104,20
124,104,20
124,104,20
124,104,20
124,104,20
124,104,20
124,114,20
124,114,20
124,114,20
124,114,20
124,114,20
124,114,20
124,114,20
124,114,20
124,114,20
124,114,20
124,114,20
124,114,20
124,114,20
124,114,20
124,114,20
124,114,20
124,114,20
124,114,20
124,107,20
124,107,20
124,107,20
124,107,20
124,107,20
124,107,20
124,107,20
124,107,20
124,107,20
124,124,20
124,124,20
124,124,20
124,124,20
124,124,20
124,124,20
124,124,20
124,124,20
124,124,20
124,124,20
124,117,20
124,117,20
124,117,20
124,117,20
124,117,20
124,117,20
124,117,20
124,117,20
124,117,20
124,117,20
124,117,20
124,117,20
124,117,20
124,117,20
124,117,20
124,117,20
124,117,20
124,117,20
124,117,20
124,117,20
124,117,20
124,117,20
124,117,20
124,117,20
124,117,20
124,118,20
124,118,20
124,118,20
124,118,20
124,118,20
124,118,20
124,118,20
124,84,20
124,84,20
124,84,20
124,84,20
124,84,20
124,84,20
124,84,20
124,84,20
124,84,20
124,84,20
124,84,20
124,84,20
124,84,20
124,84,20
124,84,20
124,84,20
124,84,20
124,84,20
124,84,20
124,84,20
124,84,20
124,84,20
124,84,20
124,84,20
124,84,20
124,84,20
124,84,20
124,84,20
124,84,20
124,84,20
124,84,20
124,84,20
124,84,20
124,84,20
124,84,20
124,84,20
124,84,20
124,84,20
124,84,20
124,84,20
124,84,20
124,84,20
124,84,20
124,84,20
124,84,20
124,84,20
124,140,20
124,140,20
124,140,20
124,140,20
124,140,20
124,140,20
124,140,20
124,140,20
124,140,20
124,140,20
124,140,20
124,140,20
124,140,20
124,140,20
124,140,20
124,140,20
124,140,20
124,140,20
124,140,20
124,140,20
124,140,20
124,140,20
124,140,20
124,140,20
124,140,20
124,140,20
124,118,20
124,118,20
124,118,20
124,118,20
124,118,20
124,118,20
124,118,20
124,118,20
124,118,20
124,118,20
124,118,20
124,118,20
124,118,20
124,118,20
124,118,20
124,118,20
124,118,20
124,118,20
124,140,20
124,140,20
124,140,20
124,140,20
124,140,20
124,140,20
124,140,20
124,140,20
124,140,20
124,140,20
124,131,20
124,131,20
124,131,20
124,131,20
124,131,20
124,131,20
124,131,20
124,131,20
124,131,20
124,131,20
124,131,20
124,131,20
124,131,20
124,131,20
124,131,20
124,131,20
124,131,20
124,131,20
124,131,20
124,131,20
124,131,20
124,131,20
124,142,20
124,142,20
124,142,20
124,142,20
124,142,20
124,142,20
124,142,20
124,142,20
124,147,20
124,147,20
124,147,20
124,147,20
124,147,20
124,147,20
124,147,20
124,147,20
124,147,20
124,147,20
124,147,20
124,147,20
124,147,20
124,147,20
124,147,20
124,147,20
124,147,20
124,147,20
124,147,20
124,147,20
124,147,20
124,140,20
124,140,20
124,140,20
124,140,20
124,140,20
124,140,20
124,140,20
124,140,20
124,140,20
124,140,20
124,119,20
124,119,20
124,119,20
124,119,20
124,119,20
124,119,20
124,119,20
124,119,20
124,119,20
124,119,20
124,119,20
124,144,20
124,144,20
124,144,20
124,144,20
124,144,20
124,144,20
124,144,20
124,144,20
124,144,20
124,144,20
124,144,20
124,144,20
124,140,20
124,140,20
124,140,20
124,140,20
124,140,20
124,140,20
124,140,20
124,140,20
124,140,20
124,92,20
124,92,20
124,92,20
124,92,20
124,92,20
124,92,20
124,92,20
124,92,20
124,92,20
124,197,20
124,197,20
124,197,20
124,197,20
124,197,20
124,197,20
124,197,20
124,197,20
124,197,20
124,104,20
124,104,20
124,104,20
124,104,20
124,104,20
124,104,20
124,104,20
124,104,20
124,104,20
124,104,20
124,104,20
124,104,20
124,104,20
124,104,20
124,104,20
124,104,20
124,104,20
124,99,20
124,99,20
124,99,20
124,99,20
124,99,20
124,99,20
124,99,20
124,99,20
124,99,20
124,99,20
124,99,20
124,99,20
124,99,20
124,99,20
124,99,20
124,99,20
124,99,20
124,99,20
124,99,20
124,99,20
124,99,20
124,100,20
124,100,20
124,100,20
124,100,20
124,100,20
124,100,20
124,100,20
124,100,20
124,142,20
124,142,20
124,142,20
124,142,20
124,142,20
124,142,20
124,142,20
124,142,20
124,142,20
124,142,20
124,142,20
124,142,20
124,142,20
124,142,20
124,142,20
124,142,20
124,142,20
124,142,20
124,142,20
124,142,20
124,142,20
124,84,20
124,84,20
124,84,20
124,84,20
124,84,20
124,84,20
124,84,20
124,84,20
124,84,20
124,84,20
124,84,20
124,84,20
124,84,20
124,84,20
124,84,20
124,84,20
124,84,20
124,84,20
124,84,20
124,84,20
124,84,20
124,84,20
124,84,20
124,84,20
124,84,20
124,84,20
124,84,20
124,84,20
124,84,20
124,84,20
124,84,20
124,84,20
124,84,20
124,84,20
84,68,20
84,68,20
84,68,20
84,68,20
84,68,20
84,68,20
84,68,20
84,68,20
84,68,20
84,68,20
84,68,20
84,68,20
84,68,20
84,68,20
84,68,20
84,68,20
84,68,20
84,68,20
84,68,20
84,68,20
84,68,20
84,68,20
84,68,20
84,68,20
84,68,20
84,68,20
84,68,20
84,68,20
84,68,20
84,68,20
84,68,20
84,68,20
84,68,20
84,68,20
84,68,20
84,68,20
84,68,20
84,68,20
84,68,20
84,76,20
84,76,20
84,76,20
84,76,20
84,76,20
84,76,20
84,76,20
84,76,20
84,76,20
84,76,20
84,76,20
84,76,20
84,76,20
84,76,20
84,76,20
84,76,20
84,76,20
84,76,20
84,76,20
84,76,20
84,76,20
84,76,20
84,76,20
84,76,20
84,76,20
84,76,20
84,76,20
84,123,20
84,123,20
84,123,20
84,123,20
84,123,20
84,123,20
84,123,20
84,123,20
84,123,20
84,123,20
84,123,20
84,123,20
84,123,20
84,123,20
84,123,20
84,123,20
84,123,20
84,123,20
84,123,20
84,123,20
84,123,20
84,123,20
84,123,20
84,65,20
84,65,20
84,65,20
84,65,20
84,65,20
84,65,20
84,74,20
84,74,20
84,74,20
84,74,20
84,74,20
84,74,20
84,74,20
84,74,20
84,74,20
84,74,20
84,74,20
84,74,20
84,84,20
84,84,20
84,84,20
84,84,20
84,84,20
84,84,20
84,84,20
84,84,20
84,84,20
84,84,20
84,84,20
84,84,20
84,84,20
84,84,20
84,84,20
84,84,20
84,84,20
84,69,20
84,69,20
84,69,20
84,69,20
84,69,20
84,69,20
84,69,20
84,69,20
84,69,20
84,69,20
84,69,20
84,69,20
84,69,20
84,69,20
84,69,20
84,69,20
84,69,20
84,69,20
84,69,20
84,69,20
84,69,20
84,69,20
84,69,20
84,69,20
84,69,20
84,69,20
84,69,20
84,69,20
84,69,20
84,69,20
84,69,20
84,69,20
84,69,20
84,69,20
84,69,20
84,69,20
84,69,20
84,69,20
84,69,20
84,69,20
84,69,20
84,69,20
84,69,20
84,69,20
84,69,20
84,69,20
84,69,20
84,69,20
84,69,20
84,69,20
84,108,20
84,108,20
84,108,20
84,108,20
84,108,20
84,108,20
84,108,20
84,108,20
84,108,20
84,83,20
84,83,20
84,83,20
84,83,20
84,83,20
84,83,20
84,83,20
84,83,20
84,83,20
84,83,20
84,83,20
84,83,20
84,83,20
84,61,20
84,61,20
84,61,20
84,61,20
84,61,20
84,61,20
84,43,20
84,43,20
84,43,20
84,43,20
84,43,20
84,43,20
84,43,20
84,43,20
84,102,20
84,102,20
84,102,20
84,102,20
84,102,20
84,102,20
84,102,20
84,102,20
84,102,20
84,102,20
84,102,20
84,102,20
84,100,20
84,100,20
84,100,20
84,100,20
84,100,20
84,100,20
84,100,20
84,100,20
84,100,20
84,100,20
84,100,20
84,100,20
84,100,20
84,100,20
84,100,20
84,100,20
84,100,20
84,100,20
84,100,20
84,100,20
84,100,20
84,100,20
84,100,20
84,100,20
84,100,20
84,100,20
84,100,20
84,100,20
84,100,20
84,100,20
84,100,20
84,100,20
84,100,20
84,100,20
84,100,20
84,100,20
84,100,20
84,100,20
84,100,20
84,100,20
84,100,20
84,69,20
84,69,20
84,69,20
84,69,20
84,69,20
84,69,20
84,69,20
84,69,20
84,69,20
84,69,20
84,69,20
84,69,20
84,69,20
84,69,20
84,69,20
84,69,20
84,69,20
84,69,20
84,69,20
84,69,20
84,69,20
84,69,20
84,69,20
84,80,20
84,80,20
84,80,20
84,80,20
84,80,20
84,80,20
84,80,20
84,80,20
84,80,20
84,80,20
84,80,20
84,80,20
84,80,20
84,80,20
84,80,20
84,80,20
84,80,20
84,80,20
84,80,20
84,80,20
84,80,20
84,95,20
84,95,20
84,95,20
84,95,20
84,95,20
84,95,20
84,95,20
84,49,20
84,49,20
84,49,20
84,49,20
84,49,20
84,49,20
84,49,20
84,49,20
84,49,20
84,49,20
84,49,20
84,49,20
84,49,20
84,49,20
84,49,20
84,49,20
84,49,20
84,49,20
84,49,20
84,49,20
84,93,20
84,93,20
84,93,20
84,93,20
84,93,20
84,93,20
84,93,20
84,93,20
84,93,20
84,93,20
84,93,20
84,93,20
84,93,20
84,93,20
84,93,20
84,93,20
84,93,20
84,93,20
84,93,20
84,93,20
84,93,20
84,93,20
84,93,20
84,93,20
84,93,20
84,93,20
84,93,20
84,93,20
84,93,20
84,93,20
84,93,20
84,93,20
84,93,20
84,93,20
84,93,20
84,93,20
84,93,20
84,93,20
84,93,20
84,93,20
84,93,20
84,93,20
84,93,20
84,93,20
84,93,20
84,93,20
84,93,20
84,93,20
84,93,20
84,89,20
84,89,20
84,89,20
84,89,20
84,89,20
84,89,20
84,89,20
84,89,20
84,89,20
84,89,20
84,89,20
84,89,20
84,89,20
84,89,20
84,89,20
84,89,20
84,89,20
84,89,20
84,89,20
84,89,20
84,101,20
84,101,20
84,101,20
84,101,20
84,101,20
84,101,20
84,101,20
84,101,20
84,101,20
84,101,20
84,101,20
84,101,20
84,101,20
84,101,20
84,101,20
84,101,20
84,101,20
84,101,20
84,101,20
84,101,20
84,101,20
84,101,20
84,101,20
84,101,20
84,101,20
84,101,20
84,101,20
84,101,20
84,101,20
84,101,20
84,101,20
84,101,20
84,101,20
84,101,20
84,101,20
84,101,20
84,101,20
84,101,20
84,101,20
84,101,20
84,101,20
84,101,20
84,101,20
84,101,20
84,101,20
84,101,20
84,101,20
84,101,20
84,101,20
84,101,20
84,101,20
84,101,20
84,101,20
84,101,20
84,101,20
84,101,20
84,83,20
84,83,20
84,83,20
84,83,20
84,83,20
84,83,20
84,83,20
84,83,20
84,83,20
84,83,20
84,83,20
84,83,20
84,83,20
84,83,20
84,83,20
84,83,20
84,83,20
84,83,20
84,83,20
84,83,20
84,83,20
84,83,20
84,75,20
84,75,20
84,75,20
84,75,20
84,75,20
84,75,20
84,75,20
84,75,20
84,75,20
84,75,20
84,75,20
84,75,20
84,75,20
84,75,20
84,75,20
84,75,20
84,75,20
84,75,20
84,75,20
84,75,20
84,83,20
84,83,20
84,83,20
84,83,20
84,83,20
84,83,20
84,83,20
84,83,20
84,83,20
84,83,20
84,83,20
84,83,20
84,83,20
84,83,20
84,83,20
84,83,20
84,83,20
84,83,20
84,83,20
84,83,20
84,83,20
84,83,20
84,83,20
84,83,20
84,83,20
84,83,20
84,83,20
84,83,20
84,83,20
84,83,20
84,83,20
84,83,20
84,66,20
84,66,20
84,66,20
84,66,20
84,66,20
84,66,20
84,66,20
84,66,20
84,66,20
84,66,20
84,66,20
84,66,20
84,66,20
84,66,20
84,66,20
84,66,20
84,66,20
84,66,20
84,66,20
84,66,20
84,66,20
84,66,20
84,66,20
84,66,20
84,66,20
84,66,20
84,66,20
84,90,20
84,90,20
84,90,20
84,90,20
84,90,20
84,90,20
84,90,20
84,90,20
84,90,20
84,90,20
84,90,20
84,90,20
84,90,20
84,90,20
84,90,20
84,90,20
84,90,20
84,90,20
84,90,20
84,90,20
84,90,20
84,90,20
84,97,20
84,97,20
84,97,20
84,97,20
84,97,20
84,97,20
84,97,20
84,97,20
84,97,20
84,97,20
84,97,20
84,97,20
84,97,20
84,97,20
84,97,20
84,97,20
84,97,20
84,97,20
84,97,20
84,97,20
84,84,20
84,84,20
84,84,20
84,84,20
84,84,20
84,84,20
84,84,20
84,84,20
84,84,20
84,84,20
84,84,20
84,84,20
84,84,20
84,84,20
84,84,20
84,84,20
84,84,20
84,84,20
84,84,20
84,84,20
84,107,20
84,107,20
84,107,20
84,107,20
84,107,20
84,107,20
84,107,20
84,107,20
84,107,20
84,96,20
84,96,20
84,96,20
84,96,20
84,96,20
84,96,20
84,96,20
84,96,20
84,96,20
84,96,20
84,96,20
84,96,20
84,96,20
84,96,20
84,96,20
84,96,20
84,96,20
84,96,20
84,96,20
84,96,20
84,96,20
84,96,20
84,96,20
84,96,20
84,96,20
84,96,20
84,96,20
84,96,20
84,96,20
84,96,20
84,96,20
84,96,20
84,96,20
84,96,20
84,96,20
84,96,20
84,96,20
84,96,20
84,96,20
84,96,20
84,96,20
84,96,20
84,96,20
84,96,20
44,16,20
44,16,20
44,16,20
44,16,20
44,16,20
44,16,20
44,16,20
44,16,20
44,16,20
44,16,20
44,16,20
44,16,20
44,16,20
44,16,20
44,16,20
44,16,20
44,16,20
44,16,20
44,19,20
44,19,20
44,19,20
44,19,20
44,19,20
44,19,20
44,19,20
44,19,20
44,19,20
44,19,20
44,19,20
44,59,20
44,59,20
44,59,20
44,59,20
44,59,20
44,59,20
44,59,20
44,59,20
44,59,20
44,59,20
44,59,20
44,59,20
44,59,20
44,59,20
44,59,20
44,59,20
44,59,20
44,59,20
44,59,20
44,59,20
44,59,20
44,59,20
44,59,20
44,59,20
44,59,20
44,59,20
44,59,20
44,59,20
44,59,20
44,59,20
44,59,20
44,59,20
44,59,20
44,59,20
44,59,20
44,59,20
44,59,20
44,59,20
44,59,20
44,33,20
44,33,20
44,33,20
44,33,20
44,33,20
44,33,20
44,33,20
44,66,20
44,66,20
44,66,20
44,66,20
44,66,20
44,66,20
44,66,20
44,66,20
44,66,20
44,66,20
44,66,20
44,66,20
44,66,20
44,66,20
44,47,20
44,47,20
44,47,20
44,47,20
44,47,20
44,47,20
44,22,20
44,22,20
44,22,20
44,22,20
44,22,20
44,22,20
44,47,20
44,47,20
44,47,20
44,47,20
44,47,20
44,47,20
44,47,20
44,47,20
44,47,20
44,47,20
44,47,20
44,47,20
44,47,20
44,47,20
44,47,20
44,47,20
44,37,20
44,37,20
44,37,20
44,37,20
44,37,20
44,37,20
44,37,20
44,37,20
44,37,20
44,37,20
44,37,20
44,37,20
44,37,20
44,37,20
44,37,20
44,37,20
44,37,20
44,37,20
44,37,20
44,37,20
44,37,20
44,37,20
44,37,20
44,37,20
44,37,20
44,37,20
44,37,20
44,37,20
44,37,20
44,37,20
44,37,20
44,37,20
44,37,20
44,37,20
44,37,20
44,37,20
44,37,20
44,37,20
44,37,20
44,37,20
44,37,20
44,44,20
44,44,20
44,44,20
44,44,20
44,44,20
44,44,20
44,44,20
44,44,20
44,44,20
44,44,20
44,44,20
44,44,20
44,21,20
44,21,20
44,21,20
44,21,20
44,21,20
44,21,20
44,21,20
44,21,20
44,21,20
44,21,20
44,21,20
44,21,20
44,21,20
44,21,20
44,21,20
44,59,20
44,59,20
44,59,20
44,59,20
44,59,20
44,59,20
44,59,20
44,59,20
44,59,20
44,59,20
44,59,20
44,59,20
44,59,20
44,59,20
44,59,20
44,59,20
44,59,20
44,59,20
44,59,20
44,59,20
44,59,20
44,59,20
44,59,20
44,59,20
44,59,20
44,59,20
44,59,20
44,59,20
44,58,20
44,58,20
44,58,20
44,58,20
44,58,20
44,58,20
44,58,20
44,58,20
44,58,20
44,58,20
44,58,20
44,58,20
44,58,20
44,58,20
44,58,20
44,58,20
44,58,20
44,58,20
44,58,20
44,22,20
44,22,20
44,22,20
44,22,20
44,22,20
44,22,20
44,22,20
44,22,20
44,22,20
44,22,20
44,22,20
44,22,20
44,22,20
44,22,20
44,22,20
44,22,20
44,22,20
44,22,20
44,22,20
44,22,20
44,22,20
44,22,20
44,22,20
44,30,20
44,30,20
44,30,20
44,30,20
44,30,20
44,30,20
44,30,20
44,30,20
44,30,20
44,30,20
44,30,20
44,30,20
44,30,20
44,30,20
44,30,20
44,30,20
44,30,20
44,30,20
44,30,20
44,30,20
44,30,20
44,30,20
44,30,20
44,30,20
44,30,20
44,30,20
44,30,20
44,30,20
44,30,20
44,30,20
44,30,20
44,30,20
44,30,20
44,30,20
44,30,20
44,30,20
44,30,20
44,30,20
44,30,20
44,45,20
44,45,20
44,45,20
44,45,20
44,45,20
44,45,20
44,45,20
44,45,20
44,45,20
44,45,20
44,45,20
44,45,20
44,45,20
44,45,20
44,45,20
44,45,20
44,45,20
44,45,20
44,45,20
44,45,20
44,45,20
44,45,20
44,45,20
44,45,20
44,45,20
44,45,20
44,72,20
44,72,20
44,72,20
44,72,20
44,72,20
44,72,20
44,72,20
44,72,20
44,72,20
44,72,20
44,72,20
44,72,20
44,72,20
44,72,20
44,72,20
44,72,20
44,72,20
44,72,20
44,72,20
44,21,20
44,21,20
44,21,20
44,21,20
44,21,20
44,21,20
44,21,20
44,21,20
44,21,20
44,21,20
44,46,20
44,46,20
44,46,20
44,46,20
44,46,20
44,46,20
44,46,20
44,46,20
44,46,20
44,46,20
44,46,20
44,72,20
44,72,20
44,72,20
44,72,20
44,72,20
44,72,20
44,72,20
44,72,20
44,72,20
44,72,20
44,72,20
44,72,20
44,72,20
44,72,20
44,72,20
44,72,20
44,53,20
44,53,20
44,53,20
44,53,20
44,53,20
44,53,20
44,53,20
44,53,20
44,53,20
44,53,20
44,53,20
44,53,20
44,53,20
44,53,20
44,53,20
44,53,20
44,53,20
44,53,20
44,53,20
44,53,20
44,53,20
44,53,20
44,53,20
44,53,20
44,53,20
44,53,20
44,53,20
44,53,20
44,53,20
44,53,20
44,53,20
44,53,20
44,53,20
44,53,20
44,53,20
44,53,20
44,53,20
44,53,20
44,53,20
44,53,20
44,53,20
44,17,20
44,17,20
44,17,20
44,17,20
44,17,20
44,17,20
44,17,20
44,17,20
44,17,20
44,61,20
44,61,20
44,61,20
44,61,20
44,61,20
44,61,20
44,61,20
44,61,20
44,61,20
44,61,20
44,61,20
44,61,20
44,61,20
44,10,20
44,10,20
44,10,20
44,10,20
44,10,20
44,10,20
44,10,20
44,10,20
44,10,20
44,10,20
44,10,20
44,10,20
44,10,20
44,10,20
44,10,20
44,10,20
44,10,20
44,10,20
44,10,20
44,10,20
44,10,20
44,10,20
44,10,20
44,10,20
44,84,20
44,84,20
44,84,20
44,84,20
44,84,20
44,84,20
44,84,20
44,84,20
44,84,20
44,84,20
44,84,20
44,84,20
44,84,20
44,84,20
44,84,20
44,84,20
44,84,20
44,84,20
44,84,20
44,84,20
44,84,20
44,34,20
44,34,20
44,34,20
44,34,20
44,34,20
44,34,20
44,34,20
44,34,20
44,34,20
44,34,20
44,34,20
44,34,20
44,34,20
44,34,20
44,34,20
44,34,20
44,34,20
44,34,20
44,34,20
44,34,20
44,34,20
44,34,20
44,34,20
44,34,20
44,34,20
44,34,20
44,34,20
44,34,20
44,34,20
44,50,20
44,50,20
44,50,20
44,50,20
44,50,20
44,50,20
44,50,20
44,50,20
44,50,20
44,50,20
44,50,20
44,50,20
44,50,20
44,50,20
44,50,20
44,50,20
44,50,20
44,50,20
44,29,20
44,29,20
44,29,20
44,29,20
44,29,20
44,29,20
44,29,20
44,29,20
44,29,20
44,29,20
44,29,20
44,29,20
44,29,20
44,29,20
44,29,20
44,29,20
44,29,20
44,29,20
44,29,20
44,29,20
44,29,20
44,29,20
44,29,20
44,29,20
44,29,20
44,29,20
44,29,20
44,29,20
44,29,20
44,29,20
44,29,20
44,29,20
44,29,20
44,29,20
44,67,20
44,67,20
44,67,20
44,67,20
44,67,20
44,67,20
44,67,20
44,67,20
44,67,20
44,67,20
44,67,20
44,67,20
44,67,20
44,67,20
44,67,20
44,67,20
44,67,20
44,67,20
44,67,20
44,67,20
44,67,20
44,67,20
44,67,20
44,67,20
44,67,20
44,67,20
44,67,20
44,67,20
44,67,20
44,67,20
44,9,20
44,9,20
44,9,20
44,9,20
44,9,20
44,9,20
44,9,20
44,9,20
44,9,20
44,58,20
44,58,20
44,58,20
44,58,20
44,58,20
44,58,20
44,58,20
44,58,20
44,58,20
44,58,20
44,58,20
44,58,20
44,58,20
44,58,20
44,58,20
44,58,20
44,13,20
44,13,20
44,13,20
44,13,20
44,13,20
44,13,20
44,13,20
44,13,20
44,13,20
44,13,20
44,13,20
44,13,20
44,13,20
44,13,20
44,13,20
44,13,20
44,13,20
44,13,20
44,13,20
44,13,20
44,13,20
44,16,20
44,16,20
44,16,20
44,16,20
44,16,20
44,16,20
44,16,20
44,16,20
44,16,20
44,16,20
44,16,20
44,16,20
44,16,20
44,16,20
44,16,20
44,16,20
44,16,20
44,16,20
44,16,20
44,16,20
44,16,20
44,16,20
44,16,20
44,16,20
44,16,20
44,16,20
44,16,20
44,16,20
44,16,20
44,16,20
44,16,20
44,16,20
44,16,20
44,16,20
44,16,20
44,16,20
44,16,20
44,16,20
44,16,20
44,16,20
44,37,20
44,37,20
44,37,20
44,37,20
44,37,20
44,37,20
44,37,20
44,37,20
44,37,20
44,37,20
44,37,20
44,37,20
44,42,20
44,42,20
44,42,20
44,42,20
44,42,20
44,42,20
44,42,20
44,42,20
44,42,20
44,42,20
44,42,20
44,42,20
44,42,20
44,42,20
44,74,20
44,74,20
44,74,20
44,74,20
44,74,20
44,74,20
44,74,20
44,74,20
44,74,20
44,74,20
44,74,20
44,74,20
44,74,20
44,74,20
44,74,20
44,74,20
4,339,20
4,339,20
4,339,20
4,339,20
4,339,20
4,339,20
4,339,20
4,339,20
4,338,20
4,338,20
4,338,20
4,338,20
4,338,20
4,338,20
4,338,20
4,338,20
4,338,20
4,338,20
4,338,20
4,338,20
4,338,20
4,338,20
4,338,20
4,338,20
4,338,20
4,338,20
4,338,20
4,338,20
4,338,20
4,338,20
4,338,20
4,338,20
4,338,20
4,338,20
4,338,20
4,338,20
4,338,20
4,338,20
4,338,20
4,338,20
4,338,20
4,0,20
4,0,20
4,0,20
4,0,20
4,0,20
4,0,20
4,0,20
4,342,20
4,342,20
4,342,20
4,342,20
4,342,20
4,342,20
4,342,20
4,342,20
4,1,20
4,1,20
4,1,20
4,1,20
4,1,20
4,1,20
4,1,20
4,1,20
4,1,20
4,1,20
4,1,20
4,1,20
4,1,20
4,1,20
4,1,20
4,1,20
4,1,20
4,1,20
4,1,20
4,1,20
4,1,20
4,1,20
4,1,20
4,1,20
4,1,20
4,1,20
4,1,20
4,356,20
4,356,20
4,356,20
4,356,20
4,356,20
4,356,20
4,356,20
4,356,20
4,356,20
4,356,20
4,356,20
4,356,20
4,356,20
4,356,20
4,356,20
4,356,20
4,356,20
4,356,20
4,356,20
4,356,20
4,356,20
4,356,20
4,356,20
4,356,20
4,356,20
4,356,20
4,356,20
4,356,20
4,356,20
4,356,20
4,356,20
4,356,20
4,356,20
4,356,20
4,356,20
4,356,20
4,358,20
4,358,20
4,358,20
4,358,20
4,358,20
4,358,20
4,358,20
4,358,20
4,358,20
4,358,20
4,358,20
4,358,20
4,358,20
4,358,20
4,28,20
4,28,20
4,28,20
4,28,20
4,28,20
4,28,20
4,28,20
4,28,20
4,28,20
4,28,20
4,28,20
4,28,20
4,28,20
4,28,20
4,28,20
4,28,20
4,28,20
4,28,20
4,28,20
4,28,20
4,28,20
4,28,20
4,28,20
4,28,20
4,28,20
4,28,20
4,28,20
4,28,20
4,28,20
4,28,20
4,28,20
4,28,20
4,28,20
4,28,20
4,28,20
4,28,20
4,28,20
4,28,20
4,28,20
4,28,20
4,28,20
4,28,20
4,28,20
4,28,20
4,28,20
4,28,20
4,28,20
4,28,20
4,339,20
4,339,20
4,339,20
4,339,20
4,339,20
4,339,20
4,339,20
4,339,20
4,339,20
4,339,20
4,339,20
4,339,20
4,339,20
4,339,20
4,339,20
4,339,20
4,339,20
4,339,20
4,339,20
4,339,20
4,339,20
4,339,20
4,339,20
4,339,20
4,339,20
4,339,20
4,339,20
4,339,20
4,339,20
4,339,20
4,339,20
4,339,20
4,339,20
4,339,20
4,339,20
4,339,20
4,343,20
4,343,20
4,343,20
4,343,20
4,343,20
4,343,20
4,343,20
4,343,20
4,343,20
4,343,20
4,343,20
4,343,20
4,343,20
4,343,20
4,343,20
4,343,20
4,343,20
4,343,20
4,343,20
4,343,20
4,343,20
4,343,20
4,343,20
4,343,20
4,343,20
4,343,20
4,343,20
4,343,20
4,343,20
4,343,20
4,343,20
4,343,20
4,343,20
4,343,20
4,343,20
4,343,20
4,343,20
4,343,20
4,343,20
4,342,20
4,342,20
4,342,20
4,342,20
4,342,20
4,342,20
4,342,20
4,342,20
4,342,20
4,342,20
4,342,20
4,342,20
4,342,20
4,342,20
4,342,20
4,342,20
4,342,20
4,342,20
4,342,20
4,342,20
4,342,20
4,342,20
4,342,20
4,342,20
4,342,20
4,342,20
4,342,20
4,342,20
4,342,20
4,342,20
4,342,20
4,342,20
4,342,20
4,342,20
4,342,20
4,342,20
4,342,20
4,342,20
4,342,20
4,342,20
4,342,20
4,342,20
4,342,20
4,342,20
4,342,20
4,342,20
4,342,20
4,342,20
4,342,20
4,342,20
4,342,20
4,342,20
4,342,20
4,342,20
4,342,20
4,1,20
4,1,20
4,1,20
4,1,20
4,1,20
4,1,20
4,1,20
4,337,20
4,337,20
4,337,20
4,337,20
4,337,20
4,337,20
4,337,20
4,337,20
4,337,20
4,337,20
4,337,20
4,337,20
4,337,20
4,337,20
4,337,20
4,337,20
4,337,20
4,337,20
4,337,20
4,337,20
4,337,20
4,337,20
4,337,20
4,337,20
4,337,20
4,337,20
4,337,20
4,337,20
4,337,20
4,337,20
4,355,20
4,355,20
4,355,20
4,355,20
4,355,20
4,355,20
4,355,20
4,355,20
4,355,20
4,355,20
4,355,20
4,355,20
4,11,20
4,11,20
4,11,20
4,11,20
4,11,20
4,11,20
4,11,20
4,11,20
4,11,20
4,11,20
4,11,20
4,11,20
4,11,20
4,11,20
4,25,20
4,25,20
4,25,20
4,25,20
4,25,20
4,25,20
4,25,20
4,25,20
4,25,20
4,25,20
4,25,20
4,25,20
4,25,20
4,25,20
4,25,20
4,2,20
4,2,20
4,2,20
4,2,20
4,2,20
4,2,20
4,2,20
4,2,20
4,2,20
4,2,20
4,2,20
4,2,20
4,2,20
4,2,20
4,2,20
4,2,20
4,2,20
4,2,20
4,10,20
4,10,20
4,10,20
4,10,20
4,10,20
4,10,20
4,10,20
4,10,20
4,10,20
4,10,20
4,10,20
4,10,20
4,10,20
4,10,20
4,10,20
4,10,20
4,10,20
4,10,20
4,10,20
4,10,20
4,10,20
4,10,20
4,10,20
4,10,20
4,10,20
4,20,20
4,20,20
4,20,20
4,20,20
4,20,20
4,20,20
4,20,20
4,20,20
4,20,20
4,20,20
4,20,20
4,20,20
4,20,20
4,20,20
4,20,20
4,20,20
4,20,20
4,20,20
4,20,20
4,20,20
4,20,20
4,20,20
4,20,20
4,20,20
4,20,20
4,332,20
4,332,20
4,332,20
4,332,20
4,332,20
4,332,20
4,332,20
4,332,20
4,332,20
4,332,20
4,8,20
4,8,20
4,8,20
4,8,20
4,8,20
4,8,20
4,8,20
4,8,20
4,8,20
4,8,20
4,8,20
4,8,20
4,8,20
4,8,20
4,8,20
4,8,20
4,8,20
4,8,20
4,8,20
4,8,20
4,8,20
4,8,20
4,8,20
4,8,20
4,8,20
4,8,20
4,29,20
4,29,20
4,29,20
4,29,20
4,29,20
4,29,20
4,29,20
4,29,20
4,29,20
24,353,20
24,353,20
24,353,20
24,353,20
24,353,20
24,353,20
24,353,20
24,353,20
24,353,20
24,353,20
24,353,20
24,353,20
24,353,20
24,353,20
24,353,20
24,353,20
24,353,20
24,353,20
24,353,20
24,353,20
24,353,20
24,353,20
24,353,20
24,353,20
24,353,20
24,353,20
24,72,20
24,72,20
24,72,20
24,72,20
24,72,20
24,72,20
24,72,20
24,20,20
24,20,20
24,20,20
24,20,20
24,20,20
24,20,20
24,20,20
24,20,20
24,20,20
24,20,20
24,20,20
24,20,20
24,20,20
24,20,20
24,20,20
24,20,20
24,20,20
24,20,20
24,20,20
24,20,20
24,20,20
24,20,20
24,20,20
24,20,20
24,20,20
24,20,20
24,20,20
24,20,20
24,20,20
24,20,20
24,20,20
24,20,20
24,20,20
24,20,20
24,20,20
24,20,20
24,20,20
24,20,20
24,20,20
24,20,20
24,20,20
24,20,20
24,20,20
24,20,20
24,20,20
24,20,20
24,20,20
24,20,20
24,20,20
24,20,20
24,20,20
24,20,20
24,20,20
24,20,20
24,37,20
24,37,20
24,37,20
24,37,20
24,37,20
24,37,20
24,37,20
24,37,20
24,37,20
24,37,20
24,37,20
24,37,20
24,37,20
24,37,20
24,45,20
24,45,20
24,45,20
24,45,20
24,45,20
24,45,20
24,45,20
24,45,20
24,23,20
24,23,20
24,23,20
24,23,20
24,23,20
24,23,20
24,23,20
24,23,20
24,23,20
24,23,20
24,23,20
24,23,20
24,23,20
24,23,20
24,23,20
24,23,20
24,23,20
24,23,20
24,23,20
24,23,20
24,23,20
24,23,20
24,23,20
24,23,20
24,23,20
24,23,20
24,23,20
24,23,20
24,23,20
24,23,20
24,23,20
24,23,20
24,23,20
24,23,20
24,23,20
24,23,20
24,23,20
24,23,20
24,23,20
24,23,20
24,23,20
24,29,20
24,29,20
24,29,20
24,29,20
24,29,20
24,29,20
24,25,20
24,25,20
24,25,20
24,25,20
24,25,20
24,25,20
24,25,20
24,25,20
24,25,20
24,25,20
24,25,20
24,25,20
24,25,20
24,25,20
24,25,20
24,25,20
24,25,20
24,25,20
24,25,20
24,11,20
24,11,20
24,11,20
24,11,20
24,11,20
24,11,20
24,11,20
24,11,20
24,11,20
24,11,20
24,11,20
24,11,20
24,11,20
24,11,20
24,11,20
24,59,20
24,59,20
24,59,20
24,59,20
24,59,20
24,59,20
24,59,20
24,59,20
24,59,20
24,59,20
24,59,20
24,59,20
24,59,20
24,59,20
24,59,20
24,59,20
24,59,20
24,59,20
24,59,20
24,59,20
24,59,20
24,59,20
24,59,20
24,59,20
24,3,20
24,3,20
24,3,20
24,3,20
24,3,20
24,3,20
24,3,20
24,3,20
24,3,20
24,3,20
24,3,20
24,3,20
24,3,20
24,3,20
24,3,20
24,3,20
24,3,20
24,3,20
24,3,20
24,3,20
24,3,20
24,3,20
24,3,20
24,3,20
24,3,20
24,3,20
24,3,20
24,3,20
24,3,20
24,3,20
24,3,20
24,3,20
24,3,20
24,3,20
24,3,20
24,3,20
24,3,20
24,3,20
24,3,20
24,3,20
24,3,20
24,3,20
24,3,20
24,3,20
24,22,20
24,22,20
24,22,20
24,22,20
24,22,20
24,22,20
24,22,20
24,22,20
24,22,20
24,22,20
24,22,20
24,22,20
24,22,20
24,22,20
24,22,20
24,22,20
24,22,20
24,22,20
24,22,20
24,22,20
24,22,20
24,22,20
24,46,20
24,46,20
24,46,20
24,46,20
24,46,20
24,46,20
24,46,20
24,46,20
24,46,20
24,46,20
24,46,20
24,46,20
24,46,20
24,46,20
24,46,20
24,46,20
24,46,20
24,46,20
24,46,20
24,46,20
24,46,20
24,46,20
24,46,20
24,46,20
24,46,20
24,46,20
24,46,20
24,46,20
24,46,20
24,46,20
24,46,20
24,46,20
24,46,20
24,46,20
24,46,20
24,46,20
24,46,20
24,46,20
24,46,20
24,46,20
24,46,20
24,46,20
24,46,20
24,44,20
24,44,20
24,44,20
24,44,20
24,44,20
24,44,20
24,44,20
24,44,20
24,44,20
24,31,20
24,31,20
24,31,20
24,31,20
24,31,20
24,31,20
24,344,20
24,344,20
24,344,20
24,344,20
24,344,20
24,344,20
24,344,20
24,344,20
24,344,20
24,344,20
24,344,20
24,344,20
24,344,20
24,344,20
24,344,20
24,344,20
24,344,20
24,344,20
24,344,20
24,344,20
24,16,20
24,16,20
24,16,20
24,16,20
24,16,20
24,16,20
24,16,20
24,16,20
24,16,20
24,16,20
24,16,20
24,16,20
24,16,20
24,16,20
24,16,20
24,16,20
24,16,20
24,16,20
24,16,20
24,16,20
24,16,20
24,16,20
24,16,20
24,16,20
24,16,20
24,16,20
24,16,20
24,16,20
24,16,20
24,16,20
24,16,20
24,16,20
24,16,20
24,31,20
24,31,20
24,31,20
24,31,20
24,31,20
24,31,20
24,31,20
24,31,20
24,31,20
24,31,20
24,31,20
24,31,20
24,31,20
24,31,20
24,31,20
24,31,20
24,31,20
24,31,20
24,27,20
24,27,20
24,27,20
24,27,20
24,27,20
24,27,20
24,27,20
24,27,20
24,27,20
24,27,20
24,27,20
24,27,20
24,27,20
24,27,20
24,27,20
24,27,20
24,27,20
24,27,20
24,27,20
24,27,20
24,27,20
24,27,20
24,27,20
24,27,20
24,27,20
24,27,20
24,26,20
24,26,20
24,26,20
24,26,20
24,26,20
24,26,20
24,26,20
24,26,20
24,26,20
24,26,20
24,2,20
24,2,20
24,2,20
24,2,20
24,2,20
24,2,20
24,2,20
24,2,20
24,2,20
24,2,20
24,2,20
24,2,20
24,2,20
24,2,20
24,2,20
24,2,20
24,2,20
24,2,20
24,2,20
24,2,20
24,45,20
24,45,20
24,45,20
24,45,20
24,45,20
24,45,20
24,45,20
24,45,20
24,45,20
24,45,20
24,45,20
24,45,20
24,45,20
24,45,20
24,45,20
24,45,20
24,45,20
24,45,20
24,45,20
24,30,20
24,30,20
24,30,20
24,30,20
24,30,20
24,30,20
24,30,20
24,30,20
24,30,20
24,30,20
24,30,20
24,30,20
24,30,20
24,30,20
24,30,20
24,30,20
24,30,20
24,30,20
24,30,20
24,30,20
24,30,20
24,30,20
24,30,20
24,30,20
24,30,20
24,30,20
24,30,20
24,30,20
24,30,20
24,30,20
24,30,20
24,30,20
24,30,20
24,30,20
24,30,20
24,30,20
24,30,20
24,30,20
24,30,20
24,30,20
24,30,20
24,30,20
24,30,20
24,30,20
24,30,20
24,64,20
24,64,20
24,64,20
24,64,20
24,64,20
24,64,20
24,64,20
24,64,20
24,64,20
24,64,20
24,64,20
24,64,20
24,64,20
24,64,20
24,64,20
24,355,20
24,355,20
24,355,20
24,355,20
24,355,20
24,355,20
24,355,20
24,355,20
24,355,20
24,355,20
24,355,20
24,355,20
24,355,20
24,355,20
24,355,20
24,24,20
24,24,20
24,24,20
24,24,20
24,24,20
24,24,20
24,24,20
24,24,20
24,24,20
24,24,20
24,24,20
24,24,20
24,24,20
24,24,20
24,24,20
24,8,20
24,8,20
24,8,20
24,8,20
24,8,20
24,8,20
24,8,20
24,8,20
24,8,20
24,8,20
24,8,20
24,8,20
24,8,20
24,8,20
24,8,20
24,28,20
24,28,20
24,28,20
24,28,20
24,28,20
24,28,20
24,28,20
24,28,20
24,28,20
24,28,20
24,28,20
24,28,20
24,28,20
24,28,20
24,28,20
24,28,20
24,28,20
24,28,20
24,28,20
24,28,20
24,28,20
24,28,20
24,28,20
24,28,20
24,28,20
24,14,20
24,14,20
24,14,20
24,14,20
24,14,20
24,14,20
24,14,20
24,14,20
24,14,20
24,14,20
24,14,20
24,14,20
24,14,20
24,14,20
24,14,20
24,14,20
24,14,20
24,22,20
24,22,20
24,22,20
24,22,20
24,22,20
24,22,20
24,22,20
24,22,20
24,22,20
24,22,20
24,22,20
24,10,20
24,10,20
24,10,20
24,10,20
24,10,20
24,10,20
24,10,20
24,10,20
24,10,20
24,10,20
24,10,20
24,10,20
24,10,20
24,10,20
24,10,20
24,10,20
24,10,20
24,10,20
24,359,20
24,359,20
24,359,20
24,359,20
24,359,20
24,359,20
24,359,20
24,359,20
24,359,20
24,359,20
24,359,20
24,359,20
24,359,20
24,359,20
24,359,20
24,359,20
24,359,20
24,359,20
24,359,20
24,359,20
24,359,20
24,359,20
24,359,20
24,359,20
24,359,20
24,359,20
24,359,20
24,26,20
24,26,20
24,26,20
24,26,20
24,26,20
24,26,20
24,26,20
