true_pos,obs_pos,true_var
120,130,10
120,130,10
120,130,10
120,130,10
120,130,10
120,130,10
120,130,10
120,130,10
120,130,10
120,130,10
120,130,10
120,130,10
120,130,10
120,130,10
120,130,10
120,130,10
120,130,10
120,130,10
120,130,10
120,139,10
120,139,10
120,139,10
120,139,10
120,139,10
120,139,10
120,139,10
120,139,10
120,139,10
120,139,10
120,125,10
120,125,10
120,125,10
120,125,10
120,125,10
120,125,10
120,125,10
120,125,10
120,125,10
120,125,10
120,125,10
120,125,10
120,125,10
120,125,10
120,125,10
120,125,10
120,125,10
120,125,10
120,125,10
120,125,10
120,125,10
120,125,10
120,125,10
120,125,10
120,125,10
120,125,10
120,125,10
120,125,10
120,125,10
120,125,10
120,125,10
120,125,10
120,125,10
120,125,10
120,125,10
120,125,10
120,125,10
120,122,10
120,122,10
120,122,10
120,122,10
120,122,10
120,122,10
120,122,10
120,122,10
120,122,10
120,122,10
120,122,10
120,116,10
120,116,10
120,116,10
120,116,10
120,116,10
120,116,10
120,116,10
120,116,10
120,116,10
120,120,10
120,120,10
120,120,10
120,120,10
120,120,10
120,120,10
120,120,10
120,120,10
120,120,10
120,120,10
120,120,10
120,120,10
120,120,10
120,120,10
120,120,10
120,120,10
120,120,10
120,120,10
120,120,10
120,120,10
120,120,10
120,120,10
120,120,10
120,120,10
120,120,10
120,120,10
120,120,10
120,120,10
120,120,10
120,120,10
120,120,10
120,120,10
120,120,10
120,120,10
120,120,10
120,120,10
120,120,10
120,131,10
120,131,10
120,131,10
120,131,10
120,131,10
120,131,10
120,107,10
120,107,10
120,107,10
120,107,10
120,107,10
120,107,10
120,107,10
120,107,10
120,107,10
120,107,10
120,107,10
120,107,10
120,107,10
120,107,10
120,107,10
120,107,10
120,107,10
120,107,10
120,107,10
120,107,10
120,107,10
120,107,10
120,107,10
120,107,10
120,107,10
120,107,10
120,107,10
120,107,10
120,107,10
120,107,10
120,107,10
120,107,10
120,107,10
120,107,10
120,107,10
120,107,10
120,107,10
120,107,10
120,107,10
120,107,10
120,124,10
120,124,10
120,124,10
120,124,10
120,124,10
120,124,10
120,124,10
120,124,10
120,124,10
120,124,10
120,124,10
120,124,10
120,124,10
120,124,10
120,124,10
120,124,10
120,124,10
120,124,10
120,124,10
120,120,10
120,120,10
120,120,10
120,120,10
120,120,10
120,120,10
120,120,10
120,120,10
120,120,10
120,120,10
120,120,10
120,120,10
120,120,10
120,120,10
120,120,10
120,120,10
120,120,10
120,120,10
120,120,10
120,120,10
120,120,10
120,120,10
120,120,10
120,120,10
120,120,10
120,120,10
120,116,10
120,116,10
120,116,10
120,116,10
120,116,10
120,116,10
120,116,10
120,116,10
120,116,10
120,116,10
120,116,10
120,116,10
120,116,10
120,116,10
120,116,10
120,116,10
120,116,10
120,116,10
120,116,10
120,116,10
120,116,10
120,122,10
120,122,10
120,122,10
120,122,10
120,122,10
120,122,10
120,122,10
120,122,10
120,122,10
120,115,10
120,115,10
120,115,10
120,115,10
120,115,10
120,115,10
120,125,10
120,125,10
120,125,10
120,125,10
120,125,10
120,125,10
120,125,10
120,143,10
120,143,10
120,143,10
120,143,10
120,143,10
120,143,10
120,143,10
120,143,10
120,143,10
120,143,10
120,143,10
120,143,10
120,143,10
120,143,10
120,143,10
120,143,10
120,143,10
120,143,10
120,143,10
120,143,10
120,143,10
120,143,10
120,143,10
120,143,10
120,143,10
120,143,10
120,143,10
120,143,10
120,143,10
120,143,10
120,143,10
120,143,10
120,143,10
120,143,10
120,143,10
120,143,10
120,143,10
120,143,10
120,143,10
120,143,10
120,143,10
120,143,10
120,143,10
120,143,10
120,143,10
120,143,10
120,143,10
120,143,10
120,143,10
120,143,10
120,143,10
120,143,10
120,143,10
120,116,10
120,116,10
120,116,10
120,116,10
120,116,10
120,116,10
120,116,10
120,116,10
120,116,10
120,116,10
120,116,10
120,116,10
120,116,10
120,116,10
120,116,10
120,116,10
120,116,10
120,116,10
120,116,10
120,116,10
120,116,10
120,116,10
120,116,10
120,116,10
120,116,10
120,116,10
120,116,10
120,116,10
120,116,10
120,116,10
120,116,10
120,116,10
120,116,10
120,116,10
120,116,10
120,116,10
120,116,10
120,116,10
120,116,10
120,116,10
120,116,10
120,116,10
120,116,10
120,116,10
120,116,10
120,116,10
120,116,10
120,116,10
120,116,10
120,116,10
120,116,10
120,116,10
120,116,10
120,116,10
120,116,10
120,116,10
120,116,10
120,116,10
120,116,10
120,116,10
120,116,10
120,116,10
120,116,10
120,116,10
120,116,10
120,116,10
120,116,10
120,116,10
120,116,10
120,116,10
120,116,10
120,116,10
120,116,10
120,116,10
120,116,10
120,116,10
120,116,10
120,116,10
120,116,10
120,116,10
120,116,10
120,116,10
120,116,10
120,116,10
120,116,10
120,116,10
120,116,10
120,116,10
120,116,10
120,116,10
120,116,10
120,116,10
120,116,10
120,147,10
120,147,10
120,147,10
120,147,10
120,147,10
120,147,10
120,147,10
120,147,10
120,147,10
120,147,10
120,147,10
120,147,10
120,147,10
120,147,10
120,147,10
120,147,10
120,147,10
120,144,10
120,144,10
120,144,10
120,144,10
120,144,10
120,144,10
120,144,10
120,144,10
120,144,10
120,144,10
120,144,10
120,144,10
120,144,10
120,144,10
120,144,10
120,144,10
120,144,10
120,144,10
120,101,10
120,101,10
120,101,10
120,101,10
120,101,10
120,101,10
120,101,10
120,101,10
120,101,10
120,126,10
120,126,10
120,126,10
120,126,10
120,126,10
120,126,10
120,126,10
120,117,10
120,117,10
120,117,10
120,117,10
120,117,10
120,117,10
120,117,10
120,117,10
120,112,10
120,112,10
120,112,10
120,112,10
120,112,10
120,112,10
120,112,10
120,112,10
120,112,10
120,112,10
120,112,10
120,112,10
120,112,10
120,112,10
120,107,10
120,107,10
120,107,10
120,107,10
120,107,10
120,107,10
120,107,10
120,107,10
120,107,10
120,107,10
120,107,10
120,107,10
120,107,10
120,107,10
120,107,10
120,107,10
120,107,10
120,107,10
120,107,10
120,107,10
120,107,10
120,107,10
120,107,10
120,107,10
120,107,10
120,107,10
120,107,10
120,107,10
120,107,10
120,107,10
120,107,10
120,107,10
120,107,10
120,107,10
120,107,10
120,122,10
120,122,10
120,122,10
120,122,10
120,122,10
120,122,10
120,122,10
120,122,10
120,122,10
120,122,10
120,122,10
120,122,10
120,122,10
120,122,10
120,127,10
120,127,10
120,127,10
120,127,10
120,127,10
120,127,10
120,132,10
120,132,10
120,132,10
120,132,10
120,132,10
120,132,10
120,132,10
120,132,10
120,132,10
120,132,10
120,105,10
120,105,10
120,105,10
120,105,10
120,105,10
120,105,10
120,105,10
120,105,10
120,105,10
120,105,10
120,105,10
120,105,10
120,121,10
120,121,10
120,121,10
120,121,10
120,121,10
120,121,10
120,121,10
120,117,10
120,117,10
120,117,10
120,117,10
120,117,10
120,117,10
120,117,10
120,117,10
120,115,10
120,115,10
120,115,10
120,115,10
120,115,10
120,115,10
120,115,10
120,115,10
120,135,10
120,135,10
120,135,10
120,135,10
120,135,10
120,135,10
120,135,10
120,135,10
120,135,10
120,135,10
120,135,10
120,135,10
120,135,10
120,135,10
120,135,10
120,135,10
120,135,10
120,135,10
120,135,10
120,135,10
120,135,10
120,135,10
120,135,10
120,135,10
120,135,10
120,135,10
120,135,10
120,135,10
120,135,10
120,135,10
120,135,10
120,135,10
120,135,10
120,135,10
120,135,10
120,135,10
120,135,10
120,135,10
120,135,10
120,133,10
120,133,10
120,133,10
120,133,10
120,133,10
120,133,10
120,133,10
120,133,10
120,133,10
120,133,10
120,106,10
120,106,10
120,106,10
120,106,10
120,106,10
120,106,10
120,106,10
120,106,10
120,106,10
120,106,10
120,106,10
120,106,10
120,106,10
120,106,10
120,106,10
120,106,10
120,106,10
120,106,10
120,106,10
120,106,10
120,106,10
120,106,10
120,106,10
120,106,10
120,106,10
120,106,10
120,106,10
120,106,10
120,106,10
120,106,10
120,106,10
120,106,10
120,106,10
120,106,10
120,106,10
120,106,10
120,106,10
120,106,10
120,106,10
120,116,10
120,116,10
120,116,10
120,116,10
120,116,10
120,116,10
120,116,10
120,116,10
120,116,10
120,116,10
120,116,10
120,116,10
120,116,10
120,116,10
120,116,10
120,115,10
120,115,10
120,115,10
120,115,10
120,115,10
120,115,10
120,115,10
120,115,10
120,115,10
120,115,10
120,115,10
120,115,10
120,115,10
120,115,10
120,115,10
160,164,10
160,164,10
160,164,10
160,164,10
160,164,10
160,164,10
160,144,10
160,144,10
160,144,10
160,144,10
160,144,10
160,144,10
160,144,10
160,144,10
160,144,10
160,144,10
160,144,10
160,144,10
160,144,10
160,144,10
160,144,10
160,144,10
160,144,10
160,144,10
160,144,10
160,144,10
160,144,10
160,144,10
160,144,10
160,144,10
160,144,10
160,144,10
160,144,10
160,144,10
160,144,10
160,144,10
160,144,10
160,144,10
160,144,10
160,144,10
160,144,10
160,144,10
160,144,10
160,144,10
160,144,10
160,144,10
160,144,10
160,144,10
160,157,10
160,157,10
160,157,10
160,157,10
160,157,10
160,157,10
160,157,10
160,157,10
160,157,10
160,157,10
160,157,10
160,157,10
160,157,10
160,157,10
160,157,10
160,157,10
160,157,10
160,157,10
160,157,10
160,157,10
160,157,10
160,157,10
160,157,10
160,157,10
160,157,10
160,157,10
160,157,10
160,151,10
160,151,10
160,151,10
160,151,10
160,151,10
160,151,10
160,151,10
160,151,10
160,151,10
160,151,10
160,151,10
160,151,10
160,151,10
160,151,10
160,170,10
160,170,10
160,170,10
160,170,10
160,170,10
160,170,10
160,170,10
160,170,10
160,170,10
160,170,10
160,179,10
160,179,10
160,179,10
160,179,10
160,179,10
160,179,10
160,179,10
160,179,10
160,179,10
160,179,10
160,179,10
160,179,10
160,188,10
160,188,10
160,188,10
160,188,10
160,188,10
160,188,10
160,188,10
160,188,10
160,188,10
160,188,10
160,188,10
160,188,10
160,171,10
160,171,10
160,171,10
160,171,10
160,171,10
160,171,10
160,171,10
160,171,10
160,171,10
160,171,10
160,171,10
160,171,10
160,171,10
160,171,10
160,171,10
160,171,10
160,171,10
160,171,10
160,171,10
160,171,10
160,171,10
160,171,10
160,171,10
160,171,10
160,171,10
160,171,10
160,171,10
160,171,10
160,171,10
160,171,10
160,171,10
160,171,10
160,171,10
160,171,10
160,171,10
160,171,10
160,171,10
160,171,10
160,171,10
160,171,10
160,155,10
160,155,10
160,155,10
160,155,10
160,155,10
160,155,10
160,155,10
160,155,10
160,155,10
160,155,10
160,155,10
160,155,10
160,155,10
160,155,10
160,155,10
160,155,10
160,155,10
160,155,10
160,155,10
160,155,10
160,155,10
160,155,10
160,155,10
160,155,10
160,155,10
160,155,10
160,155,10
160,155,10
160,155,10
160,155,10
160,155,10
160,155,10
160,155,10
160,159,10
160,159,10
160,159,10
160,159,10
160,159,10
160,159,10
160,145,10
160,145,10
160,145,10
160,145,10
160,145,10
160,145,10
160,145,10
160,145,10
160,145,10
160,145,10
160,145,10
160,145,10
160,145,10
160,145,10
160,144,10
160,144,10
160,144,10
160,144,10
160,144,10
160,144,10
160,144,10
160,144,10
160,144,10
160,144,10
160,144,10
160,144,10
160,144,10
160,144,10
160,144,10
160,144,10
160,144,10
160,144,10
160,144,10
160,144,10
160,144,10
160,144,10
160,144,10
160,144,10
160,144,10
160,144,10
160,144,10
160,144,10
160,144,10
160,144,10
160,144,10
160,144,10
160,144,10
160,144,10
160,144,10
160,144,10
160,144,10
160,144,10
160,144,10
160,144,10
160,144,10
160,144,10
160,144,10
160,144,10
160,144,10
160,144,10
160,144,10
160,144,10
160,144,10
160,144,10
160,162,10
160,162,10
160,162,10
160,162,10
160,162,10
160,162,10
160,162,10
160,162,10
160,162,10
160,162,10
160,162,10
160,162,10
160,162,10
160,162,10
160,162,10
160,162,10
160,162,10
160,162,10
160,162,10
160,167,10
160,167,10
160,167,10
160,167,10
160,167,10
160,167,10
160,167,10
160,167,10
160,167,10
160,167,10
160,167,10
160,167,10
160,167,10
160,167,10
160,167,10
160,167,10
160,167,10
160,164,10
160,164,10
160,164,10
160,164,10
160,164,10
160,164,10
160,164,10
160,164,10
160,164,10
160,164,10
160,164,10
160,164,10
160,164,10
160,164,10
160,164,10
160,164,10
160,164,10
160,164,10
160,164,10
160,164,10
160,164,10
160,164,10
160,164,10
160,164,10
160,164,10
160,164,10
160,164,10
160,164,10
160,164,10
160,164,10
160,164,10
160,164,10
160,164,10
160,164,10
160,164,10
160,164,10
160,164,10
160,164,10
160,164,10
160,164,10
160,164,10
160,164,10
160,164,10
160,164,10
160,164,10
160,164,10
160,164,10
160,164,10
160,164,10
160,164,10
160,164,10
160,164,10
160,164,10
160,164,10
160,164,10
160,164,10
160,164,10
160,164,10
160,164,10
160,164,10
160,164,10
160,164,10
160,149,10
160,149,10
160,149,10
160,149,10
160,149,10
160,149,10
160,149,10
160,149,10
160,149,10
160,149,10
160,149,10
160,149,10
160,149,10
160,149,10
160,149,10
160,149,10
160,149,10
160,149,10
160,149,10
160,149,10
160,149,10
160,149,10
160,149,10
160,149,10
160,149,10
160,149,10
160,149,10
160,149,10
160,149,10
160,149,10
160,149,10
160,155,10
160,155,10
160,155,10
160,155,10
160,155,10
160,155,10
160,155,10
160,155,10
160,155,10
160,155,10
160,155,10
160,146,10
160,146,10
160,146,10
160,146,10
160,146,10
160,146,10
160,146,10
160,146,10
160,146,10
160,146,10
160,146,10
160,146,10
160,146,10
160,146,10
160,146,10
160,167,10
160,167,10
160,167,10
160,167,10
160,167,10
160,167,10
160,167,10
160,167,10
160,163,10
160,163,10
160,163,10
160,163,10
160,163,10
160,163,10
160,163,10
160,163,10
160,163,10
160,163,10
160,163,10
160,163,10
160,163,10
160,163,10
160,163,10
160,163,10
160,163,10
160,163,10
160,163,10
160,163,10
160,163,10
160,163,10
160,163,10
160,163,10
160,163,10
160,163,10
160,163,10
160,166,10
160,166,10
160,166,10
160,166,10
160,166,10
160,166,10
160,166,10
160,166,10
160,166,10
160,166,10
160,166,10
160,166,10
160,166,10
160,166,10
160,166,10
160,166,10
160,166,10
160,166,10
160,166,10
160,166,10
160,166,10
160,166,10
160,166,10
160,166,10
160,166,10
160,166,10
160,166,10
160,166,10
160,166,10
160,166,10
160,166,10
160,166,10
160,166,10
160,170,10
160,170,10
160,170,10
160,170,10
160,170,10
160,170,10
160,170,10
160,170,10
160,170,10
160,170,10
160,170,10
160,170,10
160,170,10
160,170,10
160,170,10
160,170,10
160,170,10
160,170,10
160,170,10
160,170,10
160,170,10
160,170,10
160,170,10
160,170,10
160,170,10
160,170,10
160,170,10
160,170,10
160,170,10
160,170,10
160,170,10
160,170,10
160,170,10
160,170,10
160,170,10
160,170,10
160,170,10
160,170,10
160,170,10
160,170,10
160,170,10
160,170,10
160,170,10
160,170,10
160,170,10
160,170,10
160,170,10
160,170,10
160,170,10
160,170,10
160,170,10
160,170,10
160,170,10
160,170,10
160,170,10
160,170,10
160,170,10
160,153,10
160,153,10
160,153,10
160,153,10
160,153,10
160,153,10
160,153,10
160,163,10
160,163,10
160,163,10
160,163,10
160,163,10
160,163,10
160,148,10
160,148,10
160,148,10
160,148,10
160,148,10
160,148,10
160,148,10
160,148,10
160,148,10
160,148,10
160,148,10
160,148,10
160,148,10
160,148,10
160,166,10
160,166,10
160,166,10
160,166,10
160,166,10
160,166,10
160,166,10
160,166,10
160,166,10
160,166,10
160,166,10
160,166,10
160,166,10
160,166,10
160,166,10
190,194,10
190,194,10
190,194,10
190,194,10
190,194,10
190,194,10
190,194,10
190,194,10
190,194,10
190,194,10
190,194,10
190,194,10
190,194,10
190,194,10
190,194,10
190,194,10
190,194,10
190,186,10
190,186,10
190,186,10
190,186,10
190,186,10
190,186,10
190,186,10
190,186,10
190,186,10
190,186,10
190,186,10
190,186,10
190,186,10
190,186,10
190,186,10
190,186,10
190,186,10
190,186,10
190,186,10
190,186,10
190,186,10
190,186,10
190,186,10
190,186,10
190,186,10
190,186,10
190,186,10
190,184,10
190,184,10
190,184,10
190,184,10
190,184,10
190,184,10
190,184,10
190,199,10
190,199,10
190,199,10
190,199,10
190,199,10
190,199,10
190,199,10
190,178,10
190,178,10
190,178,10
190,178,10
190,178,10
190,178,10
190,178,10
190,178,10
190,178,10
190,178,10
190,178,10
190,178,10
190,178,10
190,178,10
190,178,10
190,178,10
190,178,10
190,178,10
190,178,10
190,178,10
190,178,10
190,178,10
190,178,10
190,178,10
190,178,10
190,178,10
190,178,10
190,178,10
190,178,10
190,178,10
190,178,10
190,178,10
190,178,10
190,178,10
190,178,10
190,178,10
190,178,10
190,178,10
190,178,10
190,178,10
190,178,10
190,178,10
190,178,10
190,178,10
190,184,10
190,184,10
190,184,10
190,184,10
190,184,10
190,184,10
190,184,10
190,184,10
190,184,10
190,184,10
190,178,10
190,178,10
190,178,10
190,178,10
190,178,10
190,178,10
190,178,10
190,178,10
190,178,10
190,178,10
190,178,10
190,178,10
190,178,10
190,178,10
190,178,10
190,178,10
190,178,10
190,178,10
190,178,10
190,178,10
190,178,10
190,178,10
190,178,10
190,178,10
190,192,10
190,192,10
190,192,10
190,192,10
190,192,10
190,192,10
190,192,10
190,192,10
190,192,10
190,192,10
190,192,10
190,192,10
190,192,10
190,192,10
190,192,10
190,192,10
190,192,10
190,192,10
190,192,10
190,192,10
190,187,10
190,187,10
190,187,10
190,187,10
190,187,10
190,187,10
190,187,10
190,194,10
190,194,10
190,194,10
190,194,10
190,194,10
190,194,10
190,194,10
190,194,10
190,194,10
190,194,10
190,194,10
190,194,10
190,194,10
190,194,10
190,194,10
190,194,10
190,194,10
190,194,10
190,194,10
190,194,10
190,194,10
190,194,10
190,194,10
190,194,10
190,194,10
190,194,10
190,194,10
190,194,10
190,194,10
190,194,10
190,194,10
190,194,10
190,206,10
190,206,10
190,206,10
190,206,10
190,206,10
190,206,10
190,206,10
190,206,10
190,206,10
190,206,10
190,206,10
190,206,10
190,206,10
190,206,10
190,206,10
190,206,10
190,206,10
190,206,10
190,206,10
190,206,10
190,206,10
190,206,10
190,206,10
190,206,10
190,206,10
190,206,10
190,206,10
190,206,10
190,206,10
190,206,10
190,206,10
190,206,10
190,206,10
190,206,10
190,206,10
190,206,10
190,206,10
190,206,10
190,194,10
190,194,10
190,194,10
190,194,10
190,194,10
190,194,10
190,194,10
190,194,10
190,194,10
190,194,10
190,194,10
190,194,10
190,191,10
190,191,10
190,191,10
190,191,10
190,191,10
190,191,10
190,191,10
190,191,10
190,191,10
190,191,10
190,191,10
190,191,10
190,191,10
190,191,10
190,191,10
190,191,10
190,191,10
190,191,10
190,191,10
190,191,10
190,191,10
190,191,10
190,191,10
190,191,10
190,191,10
190,191,10
190,191,10
190,191,10
190,191,10
190,191,10
190,191,10
190,191,10
190,191,10
190,191,10
190,191,10
190,191,10
190,191,10
190,191,10
190,184,10
190,184,10
190,184,10
190,184,10
190,184,10
190,184,10
190,184,10
190,215,10
190,215,10
190,215,10
190,215,10
190,215,10
190,215,10
190,215,10
190,215,10
190,215,10
190,215,10
190,215,10
190,215,10
190,215,10
190,215,10
190,215,10
190,215,10
190,215,10
190,215,10
190,215,10
190,215,10
190,215,10
190,215,10
190,215,10
190,215,10
190,215,10
190,215,10
190,215,10
190,215,10
190,215,10
190,215,10
190,215,10
190,215,10
190,188,10
190,188,10
190,188,10
190,188,10
190,188,10
190,188,10
190,188,10
190,188,10
190,188,10
190,188,10
190,188,10
190,188,10
190,188,10
190,188,10
190,188,10
190,188,10
190,188,10
190,188,10
190,188,10
190,188,10
190,188,10
190,188,10
190,188,10
190,188,10
190,188,10
190,188,10
190,188,10
190,188,10
190,188,10
190,188,10
190,188,10
190,188,10
190,188,10
190,188,10
190,188,10
190,188,10
190,184,10
190,184,10
190,184,10
190,184,10
190,184,10
190,184,10
190,184,10
190,184,10
190,184,10
190,184,10
190,184,10
190,184,10
190,184,10
190,184,10
190,184,10
190,184,10
190,184,10
190,184,10
190,184,10
190,182,10
190,182,10
190,182,10
190,182,10
190,182,10
190,182,10
190,182,10
190,182,10
190,182,10
190,182,10
190,182,10
190,182,10
190,182,10
190,182,10
190,182,10
190,182,10
190,182,10
190,182,10
190,182,10
190,182,10
190,182,10
190,182,10
190,182,10
190,182,10
190,182,10
190,182,10
190,182,10
190,182,10
190,182,10
190,182,10
190,182,10
190,182,10
190,182,10
190,194,10
190,194,10
190,194,10
190,194,10
190,194,10
190,194,10
190,197,10
190,197,10
190,197,10
190,197,10
190,197,10
190,197,10
190,197,10
190,197,10
190,197,10
190,197,10
190,197,10
190,176,10
190,176,10
190,176,10
190,176,10
190,176,10
190,176,10
190,176,10
190,176,10
190,176,10
190,182,10
190,182,10
190,182,10
190,182,10
190,182,10
190,182,10
190,182,10
190,182,10
190,182,10
190,182,10
190,182,10
190,182,10
190,182,10
190,182,10
190,186,10
190,186,10
190,186,10
190,186,10
190,186,10
190,186,10
190,186,10
190,186,10
190,186,10
190,186,10
190,186,10
190,186,10
190,186,10
190,186,10
190,186,10
190,186,10
190,186,10
190,186,10
190,186,10
190,186,10
190,186,10
190,186,10
190,186,10
190,186,10
190,186,10
190,186,10
190,186,10
190,186,10
190,186,10
190,186,10
190,186,10
190,189,10
190,189,10
190,189,10
190,189,10
190,189,10
190,189,10
190,189,10
190,189,10
190,189,10
190,189,10
190,174,10
190,174,10
190,174,10
190,174,10
190,174,10
190,174,10
190,174,10
190,174,10
190,174,10
190,174,10
190,174,10
190,174,10
190,174,10
190,174,10
190,174,10
190,174,10
190,174,10
190,192,10
190,192,10
190,192,10
190,192,10
190,192,10
190,192,10
190,192,10
190,190,10
190,190,10
190,190,10
190,190,10
190,190,10
190,190,10
190,190,10
190,190,10
190,204,10
190,204,10
190,204,10
190,204,10
190,204,10
190,204,10
190,204,10
190,204,10
190,204,10
190,204,10
190,204,10
190,204,10
190,204,10
190,204,10
190,204,10
190,204,10
190,204,10
190,204,10
190,186,10
190,186,10
190,186,10
190,186,10
190,186,10
190,186,10
190,186,10
190,186,10
170,159,10
170,159,10
170,159,10
170,159,10
170,159,10
170,159,10
170,159,10
170,159,10
170,159,10
170,159,10
170,159,10
170,159,10
170,159,10
170,159,10
170,159,10
170,159,10
170,159,10
170,159,10
170,159,10
170,159,10
170,159,10
170,166,10
170,166,10
170,166,10
170,166,10
170,166,10
170,166,10
170,166,10
170,166,10
170,166,10
170,166,10
170,166,10
170,166,10
170,166,10
170,166,10
170,166,10
170,166,10
170,166,10
170,166,10
170,166,10
170,166,10
170,166,10
170,166,10
170,166,10
170,166,10
170,166,10
170,166,10
170,166,10
170,166,10
170,166,10
170,166,10
170,173,10
170,173,10
170,173,10
170,173,10
170,173,10
170,173,10
170,173,10
170,173,10
170,173,10
170,173,10
170,173,10
170,173,10
170,173,10
170,173,10
170,173,10
170,173,10
170,173,10
170,173,10
170,174,10
170,174,10
170,174,10
170,174,10
170,174,10
170,174,10
170,174,10
170,174,10
170,174,10
170,174,10
170,174,10
170,174,10
170,174,10
170,174,10
170,174,10
170,174,10
170,174,10
170,174,10
170,155,10
170,155,10
170,155,10
170,155,10
170,155,10
170,155,10
170,155,10
170,155,10
170,155,10
170,154,10
170,154,10
170,154,10
170,154,10
170,154,10
170,154,10
170,154,10
170,154,10
170,154,10
170,154,10
170,154,10
170,154,10
170,154,10
170,172,10
170,172,10
170,172,10
170,172,10
170,172,10
170,172,10
170,172,10
170,172,10
170,172,10
170,172,10
170,172,10
170,172,10
170,172,10
170,172,10
170,172,10
170,172,10
170,172,10
170,172,10
170,172,10
170,172,10
170,172,10
170,172,10
170,172,10
170,172,10
170,172,10
170,172,10
170,181,10
170,181,10
170,181,10
170,181,10
170,181,10
170,181,10
170,181,10
170,181,10
170,181,10
170,181,10
170,181,10
170,181,10
170,181,10
170,181,10
170,181,10
170,181,10
170,181,10
170,181,10
170,181,10
170,181,10
170,166,10
170,166,10
170,166,10
170,166,10
170,166,10
170,166,10
170,166,10
170,166,10
170,166,10
170,166,10
170,166,10
170,166,10
170,166,10
170,166,10
170,166,10
170,166,10
170,166,10
170,166,10
170,166,10
170,166,10
170,166,10
170,166,10
170,166,10
170,166,10
170,166,10
170,166,10
170,166,10
170,166,10
170,166,10
170,166,10
170,166,10
170,166,10
170,166,10
170,166,10
170,166,10
170,166,10
170,166,10
170,179,10
170,179,10
170,179,10
170,179,10
170,179,10
170,179,10
170,179,10
170,179,10
170,179,10
170,179,10
170,179,10
170,170,10
170,170,10
170,170,10
170,170,10
170,170,10
170,170,10
170,170,10
170,170,10
170,170,10
170,170,10
170,170,10
170,170,10
170,170,10
170,170,10
170,170,10
170,170,10
170,170,10
170,170,10
170,170,10
170,170,10
170,170,10
170,170,10
170,170,10
170,170,10
170,170,10
170,170,10
170,172,10
170,172,10
170,172,10
170,172,10
170,172,10
170,172,10
170,172,10
170,172,10
170,172,10
170,172,10
170,172,10
170,172,10
170,172,10
170,172,10
170,172,10
170,172,10
170,157,10
170,157,10
170,157,10
170,157,10
170,157,10
170,157,10
170,157,10
170,157,10
170,157,10
170,157,10
170,157,10
170,157,10
170,157,10
170,157,10
170,157,10
170,157,10
170,157,10
170,157,10
170,157,10
170,157,10
170,157,10
170,157,10
170,157,10
170,157,10
170,157,10
170,157,10
170,157,10
170,157,10
170,157,10
170,157,10
170,157,10
170,157,10
170,157,10
170,157,10
170,157,10
170,157,10
170,157,10
170,157,10
170,157,10
170,157,10
170,157,10
170,157,10
170,157,10
170,157,10
170,157,10
170,157,10
170,157,10
170,157,10
170,157,10
170,157,10
170,177,10
170,177,10
170,177,10
170,177,10
170,177,10
170,177,10
170,177,10
170,177,10
170,177,10
170,177,10
170,177,10
170,177,10
170,177,10
170,177,10
170,177,10
170,177,10
170,177,10
170,177,10
170,177,10
170,177,10
170,177,10
170,177,10
170,177,10
170,177,10
170,177,10
170,177,10
170,177,10
170,177,10
170,177,10
170,177,10
170,168,10
170,168,10
170,168,10
170,168,10
170,168,10
170,168,10
170,168,10
170,168,10
170,168,10
170,168,10
170,168,10
170,168,10
170,168,10
170,168,10
170,168,10
170,168,10
170,168,10
170,168,10
170,168,10
170,168,10
170,168,10
170,168,10
170,168,10
170,168,10
170,161,10
170,161,10
170,161,10
170,161,10
170,161,10
170,161,10
170,161,10
170,161,10
170,161,10
170,161,10
170,161,10
170,162,10
170,162,10
170,162,10
170,162,10
170,162,10
170,162,10
170,162,10
170,162,10
170,162,10
170,162,10
170,162,10
170,162,10
170,162,10
170,191,10
170,191,10
170,191,10
170,191,10
170,191,10
170,191,10
170,191,10
170,191,10
170,191,10
170,168,10
170,168,10
170,168,10
170,168,10
170,168,10
170,168,10
170,160,10
170,160,10
170,160,10
170,160,10
170,160,10
170,160,10
170,160,10
170,160,10
170,175,10
170,175,10
170,175,10
170,175,10
170,175,10
170,175,10
170,175,10
170,175,10
170,175,10
170,175,10
170,175,10
170,175,10
170,175,10
170,175,10
170,175,10
170,175,10
170,175,10
170,175,10
170,175,10
170,175,10
170,175,10
170,175,10
170,175,10
170,175,10
170,175,10
170,175,10
170,175,10
170,175,10
170,175,10
170,144,10
170,144,10
170,144,10
170,144,10
170,144,10
170,144,10
170,172,10
170,172,10
170,172,10
170,172,10
170,172,10
170,172,10
170,172,10
170,172,10
170,172,10
170,172,10
170,172,10
170,175,10
170,175,10
170,175,10
170,175,10
170,175,10
170,175,10
170,175,10
170,175,10
170,175,10
170,176,10
170,176,10
170,176,10
170,176,10
170,176,10
170,176,10
170,176,10
170,176,10
170,176,10
170,176,10
170,176,10
170,176,10
170,176,10
170,176,10
170,176,10
170,176,10
170,176,10
170,176,10
170,176,10
170,176,10
170,176,10
170,176,10
170,176,10
170,176,10
170,176,10
170,179,10
170,179,10
170,179,10
170,179,10
170,179,10
170,179,10
170,179,10
170,179,10
170,183,10
170,183,10
170,183,10
170,183,10
170,183,10
170,183,10
170,170,10
170,170,10
170,170,10
170,170,10
170,170,10
170,170,10
170,170,10
170,170,10
170,170,10
170,170,10
170,170,10
170,167,10
170,167,10
170,167,10
170,167,10
170,167,10
170,167,10
170,167,10
170,167,10
170,167,10
170,167,10
170,167,10
170,167,10
170,167,10
170,167,10
170,167,10
170,167,10
170,167,10
170,167,10
170,167,10
170,167,10
170,167,10
170,167,10
170,167,10
170,167,10
170,167,10
170,167,10
170,167,10
170,167,10
170,167,10
170,180,10
170,180,10
170,180,10
170,180,10
170,180,10
170,180,10
170,180,10
170,179,10
170,179,10
170,179,10
170,179,10
170,179,10
170,179,10
170,179,10
170,179,10
170,179,10
170,179,10
170,179,10
170,179,10
170,179,10
170,179,10
170,179,10
170,179,10
170,179,10
170,179,10
170,179,10
170,179,10
170,179,10
170,179,10
170,179,10
170,179,10
170,179,10
170,179,10
170,179,10
170,179,10
170,179,10
170,179,10
170,179,10
170,183,10
170,183,10
170,183,10
170,183,10
170,183,10
170,183,10
170,183,10
170,183,10
170,160,10
170,160,10
170,160,10
170,160,10
170,160,10
170,160,10
170,160,10
170,160,10
170,160,10
170,160,10
170,160,10
170,160,10
170,160,10
170,168,10
170,168,10
170,168,10
170,168,10
170,168,10
170,168,10
170,165,10
170,165,10
170,165,10
170,165,10
170,165,10
170,165,10
170,165,10
170,165,10
170,165,10
170,165,10
170,165,10
170,165,10
170,165,10
170,165,10
170,165,10
170,165,10
170,165,10
170,165,10
170,165,10
170,165,10
170,165,10
170,165,10
170,165,10
170,165,10
170,165,10
170,165,10
170,165,10
170,165,10
170,165,10
170,165,10
170,165,10
170,165,10
170,165,10
170,165,10
170,165,10
170,165,10
170,165,10
170,165,10
170,165,10
170,175,10
170,175,10
170,175,10
170,175,10
170,175,10
170,175,10
170,175,10
170,175,10
170,175,10
170,175,10
170,175,10
170,175,10
170,175,10
170,175,10
170,175,10
170,175,10
170,175,10
170,175,10
170,175,10
170,175,10
170,175,10
170,175,10
170,175,10
170,175,10
170,175,10
170,175,10
170,175,10
170,175,10
170,175,10
170,175,10
170,175,10
170,175,10
170,175,10
170,175,10
170,175,10
170,175,10
170,175,10
170,175,10
170,175,10
170,160,10
170,160,10
170,160,10
170,160,10
170,160,10
170,160,10
170,160,10
170,160,10
170,160,10
170,160,10
170,160,10
170,160,10
170,160,10
170,160,10
170,160,10
170,160,10
170,160,10
170,160,10
170,160,10
170,160,10
170,160,10
170,160,10
190,194,10
190,194,10
190,194,10
190,194,10
190,194,10
190,194,10
190,194,10
190,194,10
190,194,10
190,194,10
190,194,10
190,194,10
190,194,10
190,194,10
190,194,10
190,194,10
190,194,10
190,194,10
190,194,10
190,194,10
190,194,10
190,194,10
190,194,10
190,194,10
190,194,10
190,194,10
190,194,10
190,194,10
190,194,10
190,194,10
190,194,10
190,194,10
190,194,10
190,192,10
190,192,10
190,192,10
190,192,10
190,192,10
190,192,10
190,192,10
190,192,10
190,192,10
190,192,10
190,192,10
190,192,10
190,192,10
190,192,10
190,192,10
190,192,10
190,192,10
190,192,10
190,192,10
190,192,10
190,192,10
190,192,10
190,192,10
190,192,10
190,192,10
190,192,10
190,192,10
190,192,10
190,192,10
190,192,10
190,192,10
190,192,10
190,192,10
190,192,10
190,192,10
190,188,10
190,188,10
190,188,10
190,188,10
190,188,10
190,188,10
190,188,10
190,188,10
190,188,10
190,188,10
190,188,10
190,188,10
190,188,10
190,188,10
190,188,10
190,188,10
190,188,10
190,188,10
190,188,10
190,188,10
190,188,10
190,188,10
190,188,10
190,188,10
190,188,10
190,188,10
190,188,10
190,188,10
190,188,10
190,188,10
190,188,10
190,188,10
190,188,10
190,188,10
190,188,10
190,188,10
190,188,10
190,188,10
190,188,10
190,188,10
190,188,10
190,188,10
190,188,10
190,184,10
190,184,10
190,184,10
190,184,10
190,184,10
190,184,10
190,184,10
190,184,10
190,193,10
190,193,10
190,193,10
190,193,10
190,193,10
190,193,10
190,193,10
190,193,10
190,193,10
190,193,10
190,193,10
190,193,10
190,193,10
190,193,10
190,193,10
190,193,10
190,199,10
190,199,10
190,199,10
190,199,10
190,199,10
190,199,10
190,199,10
190,199,10
190,199,10
190,199,10
190,199,10
190,199,10
190,198,10
190,198,10
190,198,10
190,198,10
190,198,10
190,198,10
190,198,10
190,198,10
190,198,10
190,198,10
190,198,10
190,198,10
190,198,10
190,198,10
190,198,10
190,198,10
190,198,10
190,187,10
190,187,10
190,187,10
190,187,10
190,187,10
190,187,10
190,187,10
190,187,10
190,187,10
190,187,10
190,187,10
190,179,10
190,179,10
190,179,10
190,179,10
190,179,10
190,179,10
190,179,10
190,179,10
190,179,10
190,179,10
190,179,10
190,179,10
190,179,10
190,179,10
190,179,10
190,179,10
190,179,10
190,179,10
190,179,10
190,179,10
190,179,10
190,179,10
190,179,10
190,179,10
190,179,10
190,179,10
190,179,10
190,179,10
190,179,10
190,179,10
190,179,10
190,179,10
190,179,10
190,179,10
190,179,10
190,179,10
190,179,10
190,179,10
190,179,10
190,202,10
190,202,10
190,202,10
190,202,10
190,202,10
190,202,10
190,202,10
190,202,10
190,201,10
190,201,10
190,201,10
190,201,10
190,201,10
190,201,10
190,201,10
190,201,10
190,181,10
190,181,10
190,181,10
190,181,10
190,181,10
190,181,10
190,181,10
190,181,10
190,181,10
190,181,10
190,181,10
190,181,10
190,181,10
190,181,10
190,181,10
190,183,10
190,183,10
190,183,10
190,183,10
190,183,10
190,183,10
190,183,10
190,183,10
190,183,10
190,183,10
190,183,10
190,183,10
190,183,10
190,192,10
190,192,10
190,192,10
190,192,10
190,192,10
190,192,10
190,192,10
190,192,10
190,192,10
190,192,10
190,192,10
190,192,10
190,192,10
190,192,10
190,192,10
190,192,10
190,192,10
190,192,10
190,184,10
190,184,10
190,184,10
190,184,10
190,184,10
190,184,10
190,184,10
190,184,10
190,184,10
190,184,10
190,189,10
190,189,10
190,189,10
190,189,10
190,189,10
190,189,10
190,189,10
190,189,10
190,189,10
190,189,10
190,189,10
190,189,10
190,189,10
190,189,10
190,189,10
190,189,10
190,189,10
190,189,10
190,189,10
190,189,10
190,189,10
190,189,10
190,189,10
190,189,10
190,189,10
190,189,10
190,189,10
190,189,10
190,189,10
190,189,10
190,189,10
190,189,10
190,189,10
190,189,10
190,189,10
190,189,10
190,189,10
190,189,10
190,189,10
190,189,10
190,189,10
190,189,10
190,189,10
190,189,10
190,189,10
190,189,10
190,189,10
190,189,10
190,189,10
190,189,10
190,193,10
190,193,10
190,193,10
190,193,10
190,193,10
190,193,10
190,193,10
190,193,10
190,193,10
190,193,10
190,193,10
190,193,10
190,193,10
190,193,10
190,193,10
190,193,10
190,193,10
190,193,10
190,193,10
190,193,10
190,193,10
190,193,10
190,193,10
190,193,10
190,182,10
190,182,10
190,182,10
190,182,10
190,182,10
190,182,10
190,182,10
190,196,10
190,196,10
190,196,10
190,196,10
190,196,10
190,196,10
190,196,10
190,196,10
190,196,10
190,196,10
190,196,10
190,196,10
190,196,10
190,196,10
190,196,10
190,196,10
190,196,10
190,196,10
190,196,10
190,196,10
190,196,10
190,196,10
190,196,10
190,196,10
190,196,10
190,196,10
190,196,10
190,196,10
190,196,10
190,196,10
190,196,10
190,196,10
190,196,10
190,196,10
190,196,10
190,196,10
190,196,10
190,196,10
190,196,10
190,196,10
190,196,10
190,196,10
190,196,10
190,196,10
190,196,10
190,196,10
190,196,10
190,196,10
190,196,10
190,196,10
190,196,10
190,196,10
190,196,10
190,196,10
190,196,10
190,202,10
190,202,10
190,202,10
190,202,10
190,202,10
190,202,10
190,197,10
190,197,10
190,197,10
190,197,10
190,197,10
190,197,10
190,197,10
190,197,10
190,197,10
190,197,10
190,197,10
190,188,10
190,188,10
190,188,10
190,188,10
190,188,10
190,188,10
190,188,10
190,188,10
190,188,10
190,188,10
190,188,10
190,188,10
190,188,10
190,188,10
190,188,10
190,188,10
190,198,10
190,198,10
190,198,10
190,198,10
190,198,10
190,198,10
190,205,10
190,205,10
190,205,10
190,205,10
190,205,10
190,205,10
190,205,10
190,205,10
190,205,10
190,205,10
190,205,10
190,205,10
190,205,10
190,205,10
190,205,10
190,205,10
190,205,10
190,205,10
190,205,10
190,205,10
190,205,10
190,205,10
190,205,10
190,205,10
190,205,10
190,190,10
190,190,10
190,190,10
190,190,10
190,190,10
190,190,10
190,190,10
190,190,10
190,190,10
190,190,10
190,190,10
190,190,10
190,190,10
190,190,10
190,190,10
190,190,10
190,190,10
190,190,10
190,190,10
190,190,10
190,190,10
190,190,10
190,190,10
190,190,10
190,190,10
190,190,10
190,190,10
190,190,10
190,190,10
190,190,10
190,190,10
190,190,10
190,190,10
190,190,10
190,190,10
190,190,10
190,190,10
190,190,10
160,170,10
160,170,10
160,170,10
160,170,10
160,170,10
160,170,10
160,170,10
160,170,10
160,170,10
160,170,10
160,170,10
160,170,10
160,170,10
160,170,10
160,170,10
160,170,10
160,170,10
160,170,10
160,170,10
160,170,10
160,170,10
160,170,10
160,170,10
160,170,10
160,170,10
160,170,10
160,170,10
160,170,10
160,170,10
160,170,10
160,170,10
160,170,10
160,170,10
160,170,10
160,170,10
160,170,10
160,170,10
160,170,10
160,170,10
160,170,10
160,170,10
160,170,10
160,170,10
160,170,10
160,170,10
160,170,10
160,166,10
160,166,10
160,166,10
160,166,10
160,166,10
160,166,10
160,166,10
160,166,10
160,167,10
160,167,10
160,167,10
160,167,10
160,167,10
160,167,10
160,165,10
160,165,10
160,165,10
160,165,10
160,165,10
160,165,10
160,165,10
160,163,10
160,163,10
160,163,10
160,163,10
160,163,10
160,163,10
160,163,10
160,163,10
160,163,10
160,163,10
160,163,10
160,163,10
160,163,10
160,163,10
160,163,10
160,163,10
160,163,10
160,163,10
160,163,10
160,163,10
160,163,10
160,163,10
160,163,10
160,163,10
160,163,10
160,163,10
160,163,10
160,163,10
160,163,10
160,163,10
160,163,10
160,163,10
160,163,10
160,163,10
160,163,10
160,163,10
160,163,10
160,163,10
160,163,10
160,163,10
160,163,10
160,163,10
160,163,10
160,163,10
160,163,10
160,163,10
160,163,10
160,163,10
160,163,10
160,163,10
160,163,10
160,163,10
160,163,10
160,163,10
160,163,10
160,163,10
160,163,10
160,163,10
160,154,10
160,154,10
160,154,10
160,154,10
160,154,10
160,154,10
160,154,10
160,154,10
160,154,10
160,154,10
160,154,10
160,154,10
160,154,10
160,154,10
160,154,10
160,154,10
160,154,10
160,154,10
160,154,10
160,154,10
160,154,10
160,154,10
160,154,10
160,154,10
160,155,10
160,155,10
160,155,10
160,155,10
160,155,10
160,155,10
160,155,10
160,155,10
160,165,10
160,165,10
160,165,10
160,165,10
160,165,10
160,165,10
160,165,10
160,165,10
160,165,10
160,165,10
160,165,10
160,166,10
160,166,10
160,166,10
160,166,10
160,166,10
160,166,10
160,166,10
160,166,10
160,166,10
160,166,10
160,166,10
160,166,10
160,166,10
160,166,10
160,166,10
160,166,10
160,159,10
160,159,10
160,159,10
160,159,10
160,159,10
160,159,10
160,159,10
160,159,10
160,159,10
160,159,10
160,159,10
160,159,10
160,159,10
160,159,10
160,159,10
160,159,10
160,159,10
160,159,10
160,159,10
160,159,10
160,159,10
160,159,10
160,160,10
160,160,10
160,160,10
160,160,10
160,160,10
160,160,10
160,160,10
160,160,10
160,160,10
160,160,10
160,160,10
160,160,10
160,160,10
160,160,10
160,160,10
160,160,10
160,160,10
160,143,10
160,143,10
160,143,10
160,143,10
160,143,10
160,143,10
160,143,10
160,143,10
160,143,10
160,143,10
160,143,10
160,143,10
160,143,10
160,143,10
160,175,10
160,175,10
160,175,10
160,175,10
160,175,10
160,175,10
160,175,10
160,175,10
160,175,10
160,175,10
160,175,10
160,175,10
160,175,10
160,175,10
160,175,10
160,175,10
160,175,10
160,175,10
160,175,10
160,175,10
160,175,10
160,175,10
160,175,10
160,175,10
160,175,10
160,175,10
160,175,10
160,156,10
160,156,10
160,156,10
160,156,10
160,156,10
160,156,10
160,156,10
160,156,10
160,156,10
160,161,10
160,161,10
160,161,10
160,161,10
160,161,10
160,161,10
160,161,10
160,161,10
160,161,10
160,161,10
160,161,10
160,161,10
160,161,10
160,161,10
160,161,10
160,161,10
160,161,10
160,161,10
160,161,10
160,161,10
160,161,10
160,161,10
160,161,10
160,161,10
160,161,10
160,161,10
160,161,10
160,161,10
160,161,10
160,161,10
160,161,10
160,161,10
160,161,10
160,161,10
160,161,10
160,161,10
160,161,10
160,161,10
160,161,10
160,161,10
160,161,10
160,161,10
160,151,10
160,151,10
160,151,10
160,151,10
160,151,10
160,151,10
160,151,10
160,151,10
160,151,10
160,151,10
160,151,10
160,151,10
160,151,10
160,151,10
160,165,10
160,165,10
160,165,10
160,165,10
160,165,10
160,165,10
160,165,10
160,165,10
160,165,10
160,165,10
160,165,10
160,165,10
160,165,10
160,161,10
160,161,10
160,161,10
160,161,10
160,161,10
160,161,10
160,166,10
160,166,10
160,166,10
160,166,10
160,166,10
160,166,10
160,166,10
160,166,10
160,166,10
160,166,10
160,166,10
160,166,10
160,166,10
160,166,10
160,166,10
160,166,10
160,166,10
160,166,10
160,166,10
160,166,10
160,166,10
160,166,10
160,166,10
160,166,10
160,166,10
160,166,10
160,166,10
160,166,10
160,166,10
160,166,10
160,166,10
160,166,10
160,166,10
160,166,10
160,166,10
160,166,10
160,166,10
160,166,10
160,166,10
160,166,10
160,166,10
160,157,10
160,157,10
160,157,10
160,157,10
160,157,10
160,157,10
160,157,10
160,157,10
160,157,10
160,157,10
160,157,10
160,157,10
160,157,10
160,157,10
160,157,10
160,157,10
160,150,10
160,150,10
160,150,10
160,150,10
160,150,10
160,150,10
160,150,10
160,150,10
160,150,10
160,150,10
160,150,10
160,150,10
160,150,10
160,166,10
160,166,10
160,166,10
160,166,10
160,166,10
160,166,10
160,166,10
160,166,10
160,166,10
160,166,10
160,166,10
160,144,10
160,144,10
160,144,10
160,144,10
160,144,10
160,144,10
160,144,10
160,161,10
160,161,10
160,161,10
160,161,10
160,161,10
160,161,10
160,161,10
160,161,10
160,161,10
160,150,10
160,150,10
160,150,10
160,150,10
160,150,10
160,150,10
160,150,10
160,150,10
160,150,10
160,150,10
160,150,10
160,150,10
160,150,10
160,150,10
160,150,10
160,150,10
160,150,10
160,150,10
160,150,10
160,150,10
160,150,10
160,150,10
160,150,10
160,153,10
160,153,10
160,153,10
160,153,10
160,153,10
160,153,10
160,153,10
160,153,10
160,153,10
160,153,10
160,167,10
160,167,10
160,167,10
160,167,10
160,167,10
160,167,10
160,167,10
160,167,10
160,167,10
160,167,10
160,167,10
160,167,10
160,167,10
160,167,10
160,167,10
160,167,10
160,167,10
160,167,10
160,167,10
160,167,10
160,169,10
160,169,10
160,169,10
160,169,10
160,169,10
160,169,10
160,169,10
160,169,10
160,169,10
160,169,10
160,169,10
160,169,10
160,169,10
160,169,10
160,169,10
160,169,10
160,169,10
160,169,10
160,169,10
160,169,10
160,169,10
160,169,10
160,169,10
160,169,10
160,169,10
160,169,10
160,169,10
160,169,10
160,152,10
160,152,10
160,152,10
160,152,10
160,152,10
160,152,10
160,152,10
160,152,10
160,152,10
160,152,10
160,152,10
160,152,10
160,152,10
160,152,10
160,152,10
160,152,10
160,152,10
160,152,10
160,152,10
160,152,10
160,163,10
160,163,10
160,163,10
160,163,10
160,163,10
160,163,10
160,163,10
160,163,10
160,164,10
160,164,10
160,164,10
160,164,10
160,164,10
160,164,10
160,164,10
160,164,10
160,164,10
160,169,10
160,169,10
160,169,10
160,169,10
160,169,10
160,169,10
160,169,10
160,169,10
160,169,10
160,169,10
160,169,10
160,169,10
160,169,10
160,169,10
160,169,10
160,169,10
160,157,10
160,157,10
160,157,10
160,157,10
160,157,10
160,157,10
160,157,10
160,157,10
160,157,10
160,157,10
160,157,10
160,157,10
160,157,10
160,157,10
160,157,10
160,157,10
160,157,10
160,157,10
160,157,10
160,168,10
160,168,10
160,168,10
160,168,10
160,168,10
160,168,10
160,168,10
160,164,10
160,164,10
160,164,10
160,164,10
160,164,10
160,164,10
160,164,10
160,164,10
160,164,10
160,164,10
160,164,10
160,164,10
160,164,10
160,164,10
160,164,10
160,164,10
160,164,10
160,164,10
160,164,10
160,164,10
160,164,10
160,164,10
160,148,10
160,148,10
160,148,10
160,148,10
160,148,10
160,148,10
160,148,10
160,148,10
160,148,10
160,148,10
160,148,10
160,148,10
160,148,10
160,148,10
160,148,10
160,148,10
160,148,10
160,148,10
160,148,10
160,148,10
160,148,10
160,148,10
160,148,10
160,148,10
160,148,10
160,148,10
160,148,10
160,148,10
160,148,10
160,148,10
160,148,10
160,148,10
160,148,10
160,148,10
160,148,10
160,148,10
160,148,10
160,148,10
160,148,10
160,148,10
160,148,10
160,148,10
160,148,10
160,148,10
160,148,10
160,148,10
160,148,10
160,148,10
160,148,10
160,148,10
160,148,10
160,148,10
160,167,10
160,167,10
160,167,10
160,167,10
160,167,10
160,167,10
160,167,10
160,167,10
160,167,10
160,167,10
160,167,10
160,167,10
160,167,10
160,167,10
200,192,10
200,192,10
200,192,10
200,192,10
200,192,10
200,192,10
200,192,10
200,192,10
200,192,10
200,192,10
200,200,10
200,200,10
200,200,10
200,200,10
200,200,10
200,200,10
200,199,10
200,199,10
200,199,10
200,199,10
200,199,10
200,199,10
200,199,10
200,199,10
200,199,10
200,199,10
200,199,10
200,199,10
200,199,10
200,199,10
200,199,10
200,199,10
200,199,10
200,199,10
200,199,10
200,199,10
200,199,10
200,199,10
200,199,10
200,199,10
200,199,10
200,199,10
200,199,10
200,199,10
200,199,10
200,199,10
200,199,10
200,199,10
200,199,10
200,187,10
200,187,10
200,187,10
200,187,10
200,187,10
200,187,10
200,187,10
200,187,10
200,187,10
200,187,10
200,187,10
200,187,10
200,187,10
200,187,10
200,187,10
200,187,10
200,206,10
200,206,10
200,206,10
200,206,10
200,206,10
200,206,10
200,206,10
200,206,10
200,206,10
200,206,10
200,206,10
200,206,10
200,206,10
200,206,10
200,206,10
200,206,10
200,206,10
200,206,10
200,206,10
200,206,10
200,206,10
200,206,10
200,206,10
200,206,10
200,206,10
200,206,10
200,206,10
200,206,10
200,206,10
200,203,10
200,203,10
200,203,10
200,203,10
200,203,10
200,203,10
200,203,10
200,203,10
200,203,10
200,203,10
200,203,10
200,203,10
200,203,10
200,203,10
200,203,10
200,203,10
200,203,10
200,181,10
200,181,10
200,181,10
200,181,10
200,181,10
200,181,10
200,181,10
200,181,10
200,181,10
200,181,10
200,181,10
200,181,10
200,181,10
200,181,10
200,181,10
200,181,10
200,181,10
200,181,10
200,181,10
200,181,10
200,181,10
200,181,10
200,181,10
200,181,10
200,181,10
200,193,10
200,193,10
200,193,10
200,193,10
200,193,10
200,193,10
200,193,10
200,193,10
200,193,10
200,193,10
200,193,10
200,193,10
200,193,10
200,193,10
200,193,10
200,193,10
200,193,10
200,193,10
200,198,10
200,198,10
200,198,10
200,198,10
200,198,10
200,198,10
200,198,10
200,198,10
200,198,10
200,198,10
200,198,10
200,198,10
200,198,10
200,198,10
200,198,10
200,198,10
200,198,10
200,185,10
200,185,10
200,185,10
200,185,10
200,185,10
200,185,10
200,185,10
200,185,10
200,185,10
200,185,10
200,185,10
200,185,10
200,185,10
200,185,10
200,185,10
200,185,10
200,185,10
200,185,10
200,185,10
200,185,10
200,185,10
200,185,10
200,185,10
200,185,10
200,185,10
200,185,10
200,185,10
200,185,10
200,184,10
200,184,10
200,184,10
200,184,10
200,184,10
200,184,10
200,184,10
200,184,10
200,184,10
200,184,10
200,184,10
200,201,10
200,201,10
200,201,10
200,201,10
200,201,10
200,201,10
200,201,10
200,201,10
200,201,10
200,201,10
200,201,10
200,201,10
200,201,10
200,201,10
200,201,10
200,201,10
200,201,10
200,201,10
200,201,10
200,201,10
200,201,10
200,201,10
200,201,10
200,201,10
200,201,10
200,201,10
200,201,10
200,201,10
200,201,10
200,201,10
200,201,10
200,201,10
200,201,10
200,201,10
200,201,10
200,201,10
200,201,10
200,201,10
200,201,10
200,201,10
200,201,10
200,201,10
200,201,10
200,194,10
200,194,10
200,194,10
200,194,10
200,194,10
200,194,10
200,206,10
200,206,10
200,206,10
200,206,10
200,206,10
200,206,10
200,206,10
200,206,10
200,206,10
200,214,10
200,214,10
200,214,10
200,214,10
200,214,10
200,214,10
200,214,10
200,214,10
200,214,10
200,214,10
200,214,10
200,214,10
200,214,10
200,214,10
200,214,10
200,214,10
200,214,10
200,214,10
200,214,10
200,214,10
200,214,10
200,214,10
200,214,10
200,214,10
200,214,10
200,214,10
200,197,10
200,197,10
200,197,10
200,197,10
200,197,10
200,197,10
200,197,10
200,197,10
200,197,10
200,197,10
200,197,10
200,197,10
200,197,10
200,197,10
200,197,10
200,193,10
200,193,10
200,193,10
200,193,10
200,193,10
200,193,10
200,193,10
200,193,10
200,193,10
200,193,10
200,193,10
200,193,10
200,193,10
200,193,10
200,193,10
200,193,10
200,193,10
200,193,10
200,193,10
200,193,10
200,193,10
200,193,10
200,190,10
200,190,10
200,190,10
200,190,10
200,190,10
200,190,10
200,190,10
200,190,10
200,190,10
200,190,10
200,190,10
200,190,10
200,190,10
200,190,10
200,190,10
200,190,10
200,190,10
200,190,10
200,190,10
200,190,10
200,190,10
200,190,10
200,190,10
200,190,10
200,190,10
200,190,10
200,190,10
200,190,10
200,190,10
200,190,10
200,190,10
200,190,10
200,190,10
200,199,10
200,199,10
200,199,10
200,199,10
200,199,10
200,199,10
200,199,10
200,199,10
200,199,10
200,199,10
200,199,10
200,199,10
200,199,10
200,199,10
200,199,10
200,199,10
200,199,10
200,199,10
200,199,10
200,199,10
200,204,10
200,204,10
200,204,10
200,204,10
200,204,10
200,204,10
200,204,10
200,204,10
200,204,10
200,204,10
200,204,10
200,204,10
200,204,10
200,204,10
200,204,10
200,197,10
200,197,10
200,197,10
200,197,10
200,197,10
200,197,10
200,197,10
200,197,10
200,197,10
200,197,10
200,197,10
200,197,10
200,197,10
200,197,10
200,197,10
200,197,10
200,197,10
200,197,10
200,197,10
200,197,10
200,197,10
200,184,10
200,184,10
200,184,10
200,184,10
200,184,10
200,184,10
200,184,10
200,184,10
200,184,10
200,184,10
200,184,10
200,184,10
200,184,10
200,184,10
200,184,10
200,184,10
200,184,10
200,184,10
200,184,10
200,184,10
200,184,10
200,184,10
200,184,10
200,184,10
200,184,10
200,184,10
200,184,10
200,184,10
200,184,10
200,184,10
200,184,10
200,206,10
200,206,10
200,206,10
200,206,10
200,206,10
200,206,10
200,206,10
200,206,10
200,206,10
200,206,10
200,206,10
200,206,10
200,206,10
200,206,10
200,206,10
200,199,10
200,199,10
200,199,10
200,199,10
200,199,10
200,199,10
200,199,10
200,190,10
200,190,10
200,190,10
200,190,10
200,190,10
200,190,10
200,190,10
200,218,10
200,218,10
200,218,10
200,218,10
200,218,10
200,218,10
200,218,10
200,218,10
200,218,10
200,218,10
200,218,10
200,218,10
200,218,10
200,211,10
200,211,10
200,211,10
200,211,10
200,211,10
200,211,10
200,211,10
200,211,10
200,211,10
200,211,10
200,211,10
200,211,10
200,211,10
200,211,10
200,211,10
200,211,10
200,211,10
200,211,10
200,211,10
200,211,10
200,211,10
200,211,10
200,211,10
200,207,10
200,207,10
200,207,10
200,207,10
200,207,10
200,207,10
200,207,10
200,207,10
200,207,10
200,207,10
200,207,10
200,207,10
200,207,10
200,207,10
200,207,10
200,207,10
200,207,10
200,207,10
200,207,10
200,207,10
200,207,10
200,207,10
200,207,10
200,207,10
200,207,10
200,207,10
200,207,10
200,207,10
200,207,10
200,193,10
200,193,10
200,193,10
200,193,10
200,193,10
200,193,10
200,193,10
200,193,10
200,193,10
200,193,10
200,193,10
200,193,10
200,193,10
200,185,10
200,185,10
200,185,10
200,185,10
200,185,10
200,185,10
200,185,10
200,191,10
200,191,10
200,191,10
200,191,10
200,191,10
200,191,10
200,191,10
200,191,10
200,191,10
200,191,10
200,191,10
200,191,10
200,191,10
200,191,10
200,191,10
200,191,10
200,191,10
200,191,10
200,191,10
200,191,10
200,191,10
200,191,10
200,191,10
200,207,10
200,207,10
200,207,10
200,207,10
200,207,10
200,207,10
200,207,10
200,207,10
200,207,10
200,207,10
200,207,10
200,207,10
200,207,10
200,207,10
200,207,10
220,233,10
220,233,10
220,233,10
220,233,10
220,233,10
220,233,10
220,233,10
220,233,10
220,233,10
220,233,10
220,233,10
220,233,10
220,233,10
220,233,10
220,233,10
220,233,10
220,233,10
220,233,10
220,233,10
220,233,10
220,233,10
220,233,10
220,233,10
220,233,10
220,233,10
220,233,10
220,233,10
220,233,10
220,233,10
220,233,10
220,233,10
220,233,10
220,233,10
220,233,10
220,233,10
220,233,10
220,233,10
220,233,10
220,233,10
220,233,10
220,233,10
220,233,10
220,233,10
220,233,10
220,233,10
220,211,10
220,211,10
220,211,10
220,211,10
220,211,10
220,211,10
220,211,10
220,211,10
220,211,10
220,211,10
220,211,10
220,211,10
220,211,10
220,211,10
220,232,10
220,232,10
220,232,10
220,232,10
220,232,10
220,232,10
220,232,10
220,232,10
220,232,10
220,232,10
220,232,10
220,232,10
220,232,10
220,232,10
220,232,10
220,232,10
220,232,10
220,232,10
220,232,10
220,232,10
220,232,10
220,232,10
220,232,10
220,238,10
220,238,10
220,238,10
220,238,10
220,238,10
220,238,10
220,238,10
220,238,10
220,238,10
220,238,10
220,229,10
220,229,10
220,229,10
220,229,10
220,229,10
220,229,10
220,229,10
220,229,10
220,229,10
220,229,10
220,229,10
220,229,10
220,229,10
220,229,10
220,229,10
220,229,10
220,229,10
220,229,10
220,229,10
220,229,10
220,229,10
220,229,10
220,229,10
220,229,10
220,229,10
220,229,10
220,229,10
220,229,10
220,213,10
220,213,10
220,213,10
220,213,10
220,213,10
220,213,10
220,211,10
220,211,10
220,211,10
220,211,10
220,211,10
220,211,10
220,211,10
220,211,10
220,217,10
220,217,10
220,217,10
220,217,10
220,217,10
220,217,10
220,217,10
220,217,10
220,214,10
220,214,10
220,214,10
220,214,10
220,214,10
220,214,10
220,214,10
220,214,10
220,214,10
220,214,10
220,214,10
220,214,10
220,214,10
220,214,10
220,214,10
220,214,10
220,214,10
220,214,10
220,214,10
220,214,10
220,214,10
220,214,10
220,214,10
220,214,10
220,214,10
220,214,10
220,214,10
220,214,10
220,214,10
220,214,10
220,214,10
220,214,10
220,214,10
220,214,10
220,214,10
220,214,10
220,214,10
220,214,10
220,214,10
220,206,10
220,206,10
220,206,10
220,206,10
220,206,10
220,206,10
220,206,10
220,222,10
220,222,10
220,222,10
220,222,10
220,222,10
220,222,10
220,222,10
220,222,10
220,222,10
220,222,10
220,222,10
220,222,10
220,222,10
220,222,10
220,222,10
220,222,10
220,222,10
220,222,10
220,222,10
220,222,10
220,222,10
220,222,10
220,222,10
220,222,10
220,222,10
220,222,10
220,222,10
220,222,10
220,222,10
220,222,10
220,222,10
220,222,10
220,222,10
220,222,10
220,222,10
220,222,10
220,222,10
220,222,10
220,222,10
220,222,10
220,222,10
220,222,10
220,222,10
220,222,10
220,220,10
220,220,10
220,220,10
220,220,10
220,220,10
220,220,10
220,220,10
220,220,10
220,220,10
220,205,10
220,205,10
220,205,10
220,205,10
220,205,10
220,205,10
220,205,10
220,205,10
220,205,10
220,205,10
220,205,10
220,205,10
220,205,10
220,205,10
220,205,10
220,205,10
220,205,10
220,205,10
220,205,10
220,205,10
220,205,10
220,205,10
220,205,10
220,205,10
220,205,10
220,205,10
220,205,10
220,205,10
220,205,10
220,205,10
220,205,10
220,205,10
220,232,10
220,232,10
220,232,10
220,232,10
220,232,10
220,232,10
220,232,10
220,232,10
220,232,10
220,232,10
220,232,10
220,232,10
220,232,10
220,232,10
220,232,10
220,232,10
220,232,10
220,232,10
220,232,10
220,232,10
220,232,10
220,232,10
220,232,10
220,232,10
220,232,10
220,232,10
220,232,10
220,232,10
220,232,10
220,232,10
220,232,10
220,232,10
220,232,10
220,232,10
220,232,10
220,232,10
220,232,10
220,232,10
220,232,10
220,232,10
220,232,10
220,232,10
220,232,10
220,217,10
220,217,10
220,217,10
220,217,10
220,217,10
220,217,10
220,217,10
220,217,10
220,237,10
220,237,10
220,237,10
220,237,10
220,237,10
220,237,10
220,237,10
220,238,10
220,238,10
220,238,10
220,238,10
220,238,10
220,238,10
220,238,10
220,238,10
220,238,10
220,238,10
220,238,10
220,238,10
220,238,10
220,238,10
220,238,10
220,238,10
220,238,10
220,238,10
220,238,10
220,238,10
220,238,10
220,238,10
220,238,10
220,238,10
220,238,10
220,238,10
220,238,10
220,238,10
220,238,10
220,238,10
220,238,10
220,238,10
220,238,10
220,238,10
220,238,10
220,238,10
220,238,10
220,238,10
220,206,10
220,206,10
220,206,10
220,206,10
220,206,10
220,206,10
220,206,10
220,206,10
220,206,10
220,206,10
220,206,10
220,206,10
220,206,10
220,214,10
220,214,10
220,214,10
220,214,10
220,214,10
220,214,10
220,214,10
220,214,10
220,214,10
220,214,10
220,214,10
220,214,10
220,217,10
220,217,10
220,217,10
220,217,10
220,217,10
220,217,10
220,217,10
220,217,10
220,217,10
220,217,10
220,217,10
220,217,10
220,217,10
220,217,10
220,217,10
220,217,10
220,217,10
220,217,10
220,217,10
220,217,10
220,217,10
220,217,10
220,217,10
220,217,10
220,217,10
220,217,10
220,217,10
220,217,10
220,217,10
220,217,10
220,217,10
220,217,10
220,217,10
220,217,10
220,217,10
220,217,10
220,217,10
220,217,10
220,217,10
220,217,10
220,217,10
220,217,10
220,217,10
220,217,10
220,217,10
220,217,10
220,217,10
220,217,10
220,212,10
220,212,10
220,212,10
220,212,10
220,212,10
220,212,10
220,212,10
220,212,10
220,212,10
220,212,10
220,212,10
220,212,10
220,212,10
220,212,10
220,212,10
220,212,10
220,212,10
220,212,10
220,212,10
220,212,10
220,212,10
220,212,10
220,212,10
220,212,10
220,212,10
220,212,10
220,212,10
220,212,10
220,212,10
220,212,10
220,212,10
220,212,10
220,212,10
220,212,10
220,212,10
220,212,10
220,212,10
220,212,10
220,212,10
220,232,10
220,232,10
220,232,10
220,232,10
220,232,10
220,232,10
220,229,10
220,229,10
220,229,10
220,229,10
220,229,10
220,229,10
220,229,10
220,229,10
220,229,10
220,229,10
220,229,10
220,229,10
220,229,10
220,229,10
220,215,10
220,215,10
220,215,10
220,215,10
220,215,10
220,215,10
220,215,10
220,215,10
220,215,10
220,215,10
220,215,10
220,215,10
220,215,10
220,215,10
220,215,10
220,215,10
220,215,10
220,215,10
220,215,10
220,215,10
220,215,10
220,227,10
220,227,10
220,227,10
220,227,10
220,227,10
220,227,10
220,227,10
220,227,10
220,227,10
220,227,10
220,227,10
220,227,10
220,227,10
220,227,10
220,227,10
220,227,10
220,227,10
220,227,10
220,227,10
220,227,10
220,227,10
220,227,10
220,227,10
220,227,10
220,227,10
220,227,10
220,227,10
220,227,10
220,227,10
220,227,10
220,204,10
220,204,10
220,204,10
220,204,10
220,204,10
220,204,10
220,204,10
220,204,10
220,204,10
220,204,10
220,204,10
220,204,10
220,204,10
220,204,10
220,204,10
220,204,10
220,204,10
220,204,10
220,204,10
220,204,10
220,204,10
220,204,10
220,204,10
220,204,10
220,204,10
220,204,10
220,204,10
220,204,10
220,204,10
220,204,10
220,204,10
220,204,10
220,204,10
220,204,10
220,204,10
220,204,10
220,204,10
220,204,10
220,204,10
220,204,10
220,204,10
220,204,10
220,204,10
220,204,10
220,204,10
220,204,10
220,204,10
220,226,10
220,226,10
220,226,10
220,226,10
220,226,10
220,226,10
220,226,10
220,226,10
220,226,10
220,226,10
220,226,10
220,226,10
220,226,10
220,226,10
220,226,10
220,226,10
220,226,10
220,226,10
220,226,10
220,226,10
220,226,10
220,226,10
220,226,10
220,226,10
220,226,10
220,226,10
220,226,10
220,226,10
220,226,10
220,226,10
220,226,10
220,226,10
220,226,10
220,226,10
220,226,10
220,226,10
220,226,10
220,226,10
220,226,10
220,226,10
220,226,10
220,220,10
220,220,10
220,220,10
220,220,10
220,220,10
220,220,10
220,220,10
220,232,10
220,232,10
220,232,10
220,232,10
220,232,10
220,232,10
220,232,10
220,232,10
220,232,10
220,228,10
220,228,10
220,228,10
220,228,10
220,228,10
220,228,10
220,228,10
220,228,10
220,228,10
220,228,10
220,228,10
220,228,10
220,228,10
220,228,10
220,228,10
220,228,10
220,228,10
220,228,10
220,228,10
220,228,10
220,228,10
220,228,10
220,228,10
220,228,10
220,228,10
220,228,10
220,228,10
220,228,10
220,228,10
220,228,10
220,228,10
220,228,10
220,228,10
220,228,10
220,228,10
220,228,10
220,228,10
220,228,10
220,228,10
220,228,10
220,228,10
220,211,10
220,211,10
220,211,10
220,211,10
220,211,10
220,211,10
220,211,10
220,211,10
220,211,10
220,211,10
250,248,10
250,248,10
250,248,10
250,248,10
250,248,10
250,248,10
250,248,10
250,248,10
250,248,10
250,248,10
250,248,10
250,248,10
250,256,10
250,256,10
250,256,10
250,256,10
250,256,10
250,256,10
250,256,10
250,256,10
250,256,10
250,256,10
250,256,10
250,256,10
250,256,10
250,256,10
250,239,10
250,239,10
250,239,10
250,239,10
250,239,10
250,239,10
250,239,10
250,253,10
250,253,10
250,253,10
250,253,10
250,253,10
250,253,10
250,253,10
250,253,10
250,253,10
250,253,10
250,253,10
250,253,10
250,253,10
250,253,10
250,263,10
250,263,10
250,263,10
250,263,10
250,263,10
250,263,10
250,263,10
250,263,10
250,263,10
250,263,10
250,263,10
250,263,10
250,263,10
250,263,10
250,263,10
250,263,10
250,263,10
250,263,10
250,263,10
250,263,10
250,263,10
250,263,10
250,263,10
250,263,10
250,263,10
250,263,10
250,263,10
250,263,10
250,263,10
250,263,10
250,263,10
250,263,10
250,263,10
250,263,10
250,263,10
250,263,10
250,263,10
250,263,10
250,263,10
250,244,10
250,244,10
250,244,10
250,244,10
250,244,10
250,244,10
250,244,10
250,233,10
250,233,10
250,233,10
250,233,10
250,233,10
250,233,10
250,233,10
250,233,10
250,233,10
250,233,10
250,233,10
250,233,10
250,233,10
250,233,10
250,233,10
250,233,10
250,233,10
250,233,10
250,233,10
250,233,10
250,233,10
250,233,10
250,233,10
250,233,10
250,233,10
250,233,10
250,233,10
250,250,10
250,250,10
250,250,10
250,250,10
250,250,10
250,250,10
250,250,10
250,250,10
250,240,10
250,240,10
250,240,10
250,240,10
250,240,10
250,240,10
250,240,10
250,240,10
250,240,10
250,240,10
250,240,10
250,240,10
250,240,10
250,240,10
250,240,10
250,240,10
250,240,10
250,240,10
250,240,10
250,240,10
250,240,10
250,240,10
250,240,10
250,240,10
250,240,10
250,240,10
250,240,10
250,240,10
250,240,10
250,240,10
250,240,10
250,240,10
250,243,10
250,243,10
250,243,10
250,243,10
250,243,10
250,243,10
250,243,10
250,243,10
250,243,10
250,243,10
250,243,10
250,243,10
250,243,10
250,243,10
250,243,10
250,243,10
250,243,10
250,243,10
250,243,10
250,243,10
250,243,10
250,243,10
250,243,10
250,243,10
250,243,10
250,243,10
250,243,10
250,243,10
250,243,10
250,243,10
250,243,10
250,243,10
250,243,10
250,243,10
250,243,10
250,243,10
250,243,10
250,243,10
250,243,10
250,243,10
250,243,10
250,243,10
250,243,10
250,259,10
250,259,10
250,259,10
250,259,10
250,259,10
250,259,10
250,259,10
250,259,10
250,259,10
250,259,10
250,259,10
250,259,10
250,259,10
250,259,10
250,259,10
250,259,10
250,259,10
250,259,10
250,259,10
250,259,10
250,259,10
250,259,10
250,259,10
250,259,10
250,259,10
250,259,10
250,259,10
250,259,10
250,259,10
250,259,10
250,259,10
250,259,10
250,259,10
250,259,10
250,259,10
250,259,10
250,259,10
250,259,10
250,259,10
250,259,10
250,259,10
250,259,10
250,259,10
250,259,10
250,259,10
250,259,10
250,259,10
250,259,10
250,243,10
250,243,10
250,243,10
250,243,10
250,243,10
250,243,10
250,258,10
250,258,10
250,258,10
250,258,10
250,258,10
250,258,10
250,258,10
250,258,10
250,258,10
250,258,10
250,258,10
250,258,10
250,258,10
250,258,10
250,258,10
250,258,10
250,258,10
250,258,10
250,258,10
250,258,10
250,258,10
250,258,10
250,258,10
250,258,10
250,258,10
250,258,10
250,258,10
250,258,10
250,258,10
250,258,10
250,258,10
250,258,10
250,258,10
250,258,10
250,258,10
250,263,10
250,263,10
250,263,10
250,263,10
250,263,10
250,263,10
250,263,10
250,263,10
250,263,10
250,263,10
250,263,10
250,263,10
250,263,10
250,263,10
250,263,10
250,263,10
250,263,10
250,263,10
250,263,10
250,263,10
250,263,10
250,263,10
250,263,10
250,263,10
250,263,10
250,263,10
250,263,10
250,263,10
250,263,10
250,263,10
250,263,10
250,263,10
250,263,10
250,263,10
250,263,10
250,263,10
250,263,10
250,263,10
250,263,10
250,263,10
250,263,10
250,263,10
250,263,10
250,263,10
250,263,10
250,263,10
250,263,10
250,263,10
250,239,10
250,239,10
250,239,10
250,239,10
250,239,10
250,239,10
250,239,10
250,265,10
250,265,10
250,265,10
250,265,10
250,265,10
250,265,10
250,265,10
250,265,10
250,265,10
250,265,10
250,265,10
250,265,10
250,265,10
250,265,10
250,265,10
250,265,10
250,265,10
250,255,10
250,255,10
250,255,10
250,255,10
250,255,10
250,255,10
250,255,10
250,255,10
250,255,10
250,255,10
250,255,10
250,255,10
250,255,10
250,255,10
250,255,10
250,255,10
250,255,10
250,255,10
250,255,10
250,255,10
250,255,10
250,255,10
250,255,10
250,255,10
250,255,10
250,255,10
250,255,10
250,255,10
250,255,10
250,255,10
250,255,10
250,255,10
250,255,10
250,255,10
250,255,10
250,255,10
250,255,10
250,241,10
250,241,10
250,241,10
250,241,10
250,241,10
250,241,10
250,241,10
250,241,10
250,241,10
250,241,10
250,241,10
250,241,10
250,241,10
250,241,10
250,241,10
250,241,10
250,241,10
250,241,10
250,241,10
250,241,10
250,241,10
250,241,10
250,241,10
250,241,10
250,241,10
250,241,10
250,253,10
250,253,10
250,253,10
250,253,10
250,253,10
250,253,10
250,253,10
250,253,10
250,253,10
250,253,10
250,253,10
250,253,10
250,253,10
250,253,10
250,253,10
250,253,10
250,263,10
250,263,10
250,263,10
250,263,10
250,263,10
250,263,10
250,263,10
250,263,10
250,263,10
250,263,10
250,263,10
250,247,10
250,247,10
250,247,10
250,247,10
250,247,10
250,247,10
250,247,10
250,253,10
250,253,10
250,253,10
250,253,10
250,253,10
250,253,10
250,253,10
250,253,10
250,253,10
250,253,10
250,253,10
250,253,10
250,253,10
250,253,10
250,253,10
250,253,10
250,253,10
250,253,10
250,253,10
250,253,10
250,253,10
250,253,10
250,253,10
250,253,10
250,262,10
250,262,10
250,262,10
250,262,10
250,262,10
250,262,10
250,262,10
250,262,10
250,262,10
250,262,10
250,248,10
250,248,10
250,248,10
250,248,10
250,248,10
250,248,10
250,248,10
250,248,10
250,248,10
250,248,10
250,248,10
250,248,10
250,240,10
250,240,10
250,240,10
250,240,10
250,240,10
250,240,10
250,240,10
250,240,10
250,240,10
250,240,10
250,240,10
250,240,10
250,240,10
250,240,10
250,240,10
250,263,10
250,263,10
250,263,10
250,263,10
250,263,10
250,263,10
250,263,10
250,263,10
250,250,10
250,250,10
250,250,10
250,250,10
250,250,10
250,250,10
250,262,10
250,262,10
250,262,10
250,262,10
250,262,10
250,262,10
250,262,10
250,256,10
250,256,10
250,256,10
250,256,10
250,256,10
250,256,10
250,256,10
250,256,10
250,256,10
250,256,10
250,256,10
250,256,10
250,256,10
250,256,10
250,256,10
250,256,10
250,256,10
250,256,10
250,256,10
250,256,10
250,256,10
250,256,10
250,256,10
250,256,10
250,256,10
230,211,10
230,211,10
230,211,10
230,211,10
230,211,10
230,211,10
230,211,10
230,211,10
230,222,10
230,222,10
230,222,10
230,222,10
230,222,10
230,222,10
230,222,10
230,232,10
230,232,10
230,232,10
230,232,10
230,232,10
230,232,10
230,232,10
230,232,10
230,232,10
230,232,10
230,232,10
230,232,10
230,226,10
230,226,10
230,226,10
230,226,10
230,226,10
230,226,10
230,226,10
230,226,10
230,226,10
230,226,10
230,226,10
230,226,10
230,226,10
230,226,10
230,226,10
230,226,10
230,226,10
230,226,10
230,226,10
230,226,10
230,226,10
230,226,10
230,226,10
230,226,10
230,226,10
230,226,10
230,226,10
230,236,10
230,236,10
230,236,10
230,236,10
230,236,10
230,236,10
230,236,10
230,236,10
230,236,10
230,236,10
230,236,10
230,236,10
230,236,10
230,236,10
230,236,10
230,236,10
230,236,10
230,236,10
230,231,10
230,231,10
230,231,10
230,231,10
230,231,10
230,231,10
230,231,10
230,231,10
230,231,10
230,231,10
230,231,10
230,231,10
230,231,10
230,231,10
230,231,10
230,231,10
230,231,10
230,231,10
230,231,10
230,231,10
230,231,10
230,231,10
230,231,10
230,231,10
230,231,10
230,231,10
230,231,10
230,231,10
230,231,10
230,231,10
230,231,10
230,231,10
230,231,10
230,231,10
230,231,10
230,231,10
230,231,10
230,231,10
230,231,10
230,231,10
230,231,10
230,231,10
230,231,10
230,231,10
230,231,10
230,231,10
230,231,10
230,231,10
230,231,10
230,231,10
230,231,10
230,220,10
230,220,10
230,220,10
230,220,10
230,220,10
230,220,10
230,220,10
230,220,10
230,220,10
230,220,10
230,220,10
230,220,10
230,220,10
230,220,10
230,220,10
230,220,10
230,220,10
230,220,10
230,220,10
230,220,10
230,220,10
230,220,10
230,220,10
230,220,10
230,220,10
230,220,10
230,220,10
230,220,10
230,220,10
230,220,10
230,220,10
230,220,10
230,220,10
230,220,10
230,220,10
230,220,10
230,220,10
230,220,10
230,220,10
230,220,10
230,220,10
230,220,10
230,220,10
230,220,10
230,220,10
230,220,10
230,220,10
230,220,10
230,249,10
230,249,10
230,249,10
230,249,10
230,249,10
230,249,10
230,249,10
230,249,10
230,249,10
230,249,10
230,249,10
230,249,10
230,249,10
230,249,10
230,249,10
230,249,10
230,249,10
230,249,10
230,249,10
230,249,10
230,249,10
230,249,10
230,249,10
230,249,10
230,249,10
230,249,10
230,249,10
230,249,10
230,249,10
230,249,10
230,249,10
230,249,10
230,249,10
230,249,10
230,249,10
230,246,10
230,246,10
230,246,10
230,246,10
230,246,10
230,246,10
230,246,10
230,241,10
230,241,10
230,241,10
230,241,10
230,241,10
230,241,10
230,241,10
230,241,10
230,241,10
230,241,10
230,241,10
230,241,10
230,241,10
230,228,10
230,228,10
230,228,10
230,228,10
230,228,10
230,228,10
230,228,10
230,228,10
230,228,10
230,228,10
230,228,10
230,238,10
230,238,10
230,238,10
230,238,10
230,238,10
230,238,10
230,238,10
230,238,10
230,238,10
230,238,10
230,238,10
230,238,10
230,238,10
230,238,10
230,238,10
230,238,10
230,238,10
230,238,10
230,238,10
230,238,10
230,238,10
230,238,10
230,238,10
230,238,10
230,238,10
230,238,10
230,238,10
230,238,10
230,238,10
230,238,10
230,238,10
230,238,10
230,238,10
230,238,10
230,238,10
230,233,10
230,233,10
230,233,10
230,233,10
230,233,10
230,233,10
230,233,10
230,233,10
230,233,10
230,233,10
230,233,10
230,233,10
230,233,10
230,233,10
230,233,10
230,233,10
230,233,10
230,233,10
230,233,10
230,240,10
230,240,10
230,240,10
230,240,10
230,240,10
230,240,10
230,240,10
230,240,10
230,240,10
230,240,10
230,240,10
230,240,10
230,240,10
230,240,10
230,240,10
230,240,10
230,240,10
230,240,10
230,240,10
230,240,10
230,240,10
230,240,10
230,240,10
230,240,10
230,240,10
230,240,10
230,240,10
230,240,10
230,240,10
230,240,10
230,240,10
230,215,10
230,215,10
230,215,10
230,215,10
230,215,10
230,215,10
230,215,10
230,215,10
230,215,10
230,215,10
230,215,10
230,215,10
230,215,10
230,215,10
230,215,10
230,215,10
230,215,10
230,215,10
230,215,10
230,215,10
230,215,10
230,215,10
230,215,10
230,215,10
230,215,10
230,215,10
230,215,10
230,215,10
230,215,10
230,215,10
230,215,10
230,215,10
230,215,10
230,215,10
230,215,10
230,215,10
230,215,10
230,215,10
230,215,10
230,215,10
230,215,10
230,215,10
230,215,10
230,215,10
230,215,10
230,215,10
230,215,10
230,215,10
230,215,10
230,215,10
230,215,10
230,215,10
230,215,10
230,215,10
230,215,10
230,215,10
230,215,10
230,215,10
230,215,10
230,215,10
230,224,10
230,224,10
230,224,10
230,224,10
230,224,10
230,224,10
230,224,10
230,224,10
230,224,10
230,224,10
230,224,10
230,224,10
230,224,10
230,224,10
230,224,10
230,224,10
230,224,10
230,224,10
230,224,10
230,224,10
230,224,10
230,224,10
230,224,10
230,224,10
230,224,10
230,224,10
230,224,10
230,236,10
230,236,10
230,236,10
230,236,10
230,236,10
230,236,10
230,236,10
230,236,10
230,236,10
230,236,10
230,236,10
230,236,10
230,236,10
230,236,10
230,231,10
230,231,10
230,231,10
230,231,10
230,231,10
230,231,10
230,231,10
230,231,10
230,231,10
230,231,10
230,231,10
230,231,10
230,231,10
230,231,10
230,231,10
230,231,10
230,231,10
230,231,10
230,231,10
230,231,10
230,231,10
230,231,10
230,231,10
230,231,10
230,231,10
230,231,10
230,231,10
230,231,10
230,231,10
230,231,10
230,231,10
230,231,10
230,231,10
230,231,10
230,231,10
230,231,10
230,231,10
230,231,10
230,231,10
230,231,10
230,231,10
230,231,10
230,231,10
230,231,10
230,231,10
230,231,10
230,231,10
230,231,10
230,231,10
230,231,10
230,231,10
230,205,10
230,205,10
230,205,10
230,205,10
230,205,10
230,205,10
230,205,10
230,205,10
230,205,10
230,205,10
230,205,10
230,205,10
230,205,10
230,205,10
230,205,10
230,205,10
230,205,10
230,205,10
230,205,10
230,205,10
230,248,10
230,248,10
230,248,10
230,248,10
230,248,10
230,248,10
230,248,10
230,248,10
230,248,10
230,248,10
230,248,10
230,248,10
230,248,10
230,248,10
230,248,10
230,248,10
230,248,10
230,248,10
230,248,10
230,248,10
230,248,10
230,248,10
230,248,10
230,248,10
230,238,10
230,238,10
230,238,10
230,238,10
230,238,10
230,238,10
230,238,10
230,238,10
230,238,10
230,238,10
230,208,10
230,208,10
230,208,10
230,208,10
230,208,10
230,208,10
230,208,10
230,208,10
230,208,10
230,208,10
230,208,10
230,208,10
230,208,10
230,233,10
230,233,10
230,233,10
230,233,10
230,233,10
230,233,10
230,233,10
230,233,10
230,233,10
230,233,10
230,233,10
230,233,10
230,233,10
230,233,10
230,233,10
230,233,10
230,233,10
230,233,10
230,233,10
230,233,10
230,233,10
230,233,10
230,233,10
230,233,10
230,233,10
230,233,10
230,227,10
230,227,10
230,227,10
230,227,10
230,227,10
230,227,10
230,227,10
230,227,10
230,227,10
230,227,10
230,227,10
230,227,10
230,227,10
230,227,10
230,245,10
230,245,10
230,245,10
230,245,10
230,245,10
230,245,10
230,245,10
230,245,10
230,245,10
230,245,10
230,245,10
230,245,10
230,245,10
230,245,10
230,245,10
230,245,10
230,245,10
230,245,10
230,245,10
230,229,10
230,229,10
230,229,10
230,229,10
230,229,10
230,229,10
230,229,10
230,229,10
230,229,10
230,229,10
230,224,10
230,224,10
230,224,10
230,224,10
230,224,10
230,224,10
230,224,10
230,224,10
230,224,10
230,224,10
230,224,10
230,224,10
230,224,10
230,224,10
230,224,10
230,224,10
230,224,10
230,224,10
230,224,10
230,224,10
230,224,10
230,224,10
230,224,10
230,224,10
230,224,10
230,224,10
230,224,10
230,224,10
230,224,10
230,224,10
230,224,10
230,224,10
230,224,10
230,224,10
230,224,10
230,224,10
230,224,10
230,224,10
230,224,10
230,224,10
230,224,10
230,208,10
230,208,10
230,208,10
230,208,10
230,208,10
230,208,10
230,208,10
230,208,10
230,208,10
230,208,10
230,208,10
230,208,10
230,208,10
230,209,10
230,209,10
230,209,10
230,209,10
230,209,10
230,209,10
230,209,10
230,209,10
230,209,10
230,209,10
230,209,10
230,209,10
230,209,10
230,209,10
230,209,10
230,209,10
230,212,10
230,212,10
230,212,10
230,212,10
230,212,10
230,212,10
230,212,10
230,212,10
230,212,10
230,212,10
230,212,10
230,212,10
230,212,10
230,212,10
230,212,10
230,212,10
230,212,10
230,212,10
230,212,10
230,212,10
230,212,10
230,212,10
230,212,10
230,212,10
230,212,10
230,212,10
230,212,10
230,212,10
230,212,10
230,212,10
230,214,10
230,214,10
230,214,10
230,214,10
230,214,10
230,214,10
230,214,10
230,214,10
230,214,10
230,214,10
230,226,10
230,226,10
230,226,10
230,226,10
230,226,10
230,226,10
230,226,10
230,226,10
230,226,10
230,226,10
230,226,10
190,183,10
190,183,10
190,183,10
190,183,10
190,183,10
190,183,10
190,183,10
190,183,10
190,183,10
190,183,10
190,183,10
190,183,10
190,183,10
190,183,10
190,183,10
190,183,10
190,183,10
190,183,10
190,183,10
190,183,10
190,183,10
190,183,10
190,183,10
190,183,10
190,183,10
190,183,10
190,183,10
190,183,10
190,183,10
190,183,10
190,183,10
190,183,10
190,183,10
190,183,10
190,183,10
190,184,10
190,184,10
190,184,10
190,184,10
190,184,10
190,184,10
190,184,10
190,177,10
190,177,10
190,177,10
190,177,10
190,177,10
190,177,10
190,177,10
190,177,10
190,177,10
190,177,10
190,177,10
190,193,10
190,193,10
190,193,10
190,193,10
190,193,10
190,193,10
190,192,10
190,192,10
190,192,10
190,192,10
190,192,10
190,192,10
190,192,10
190,192,10
190,192,10
190,192,10
190,192,10
190,192,10
190,192,10
190,192,10
190,192,10
190,192,10
190,192,10
190,192,10
190,192,10
190,192,10
190,192,10
190,192,10
190,192,10
190,192,10
190,192,10
190,192,10
190,192,10
190,192,10
190,192,10
190,192,10
190,192,10
190,192,10
190,192,10
190,192,10
190,192,10
190,192,10
190,192,10
190,192,10
190,200,10
190,200,10
190,200,10
190,200,10
190,200,10
190,200,10
190,200,10
190,200,10
190,200,10
190,200,10
190,200,10
190,200,10
190,200,10
190,200,10
190,200,10
190,200,10
190,200,10
190,200,10
190,200,10
190,200,10
190,200,10
190,200,10
190,200,10
190,200,10
190,200,10
190,200,10
190,200,10
190,200,10
190,184,10
190,184,10
190,184,10
190,184,10
190,184,10
190,184,10
190,184,10
190,184,10
190,184,10
190,172,10
190,172,10
190,172,10
190,172,10
190,172,10
190,172,10
190,172,10
190,172,10
190,199,10
190,199,10
190,199,10
190,199,10
190,199,10
190,199,10
190,199,10
190,199,10
190,199,10
190,199,10
190,199,10
190,199,10
190,199,10
190,199,10
190,199,10
190,199,10
190,199,10
190,199,10
190,199,10
190,194,10
190,194,10
190,194,10
190,194,10
190,194,10
190,194,10
190,194,10
190,194,10
190,194,10
190,194,10
190,194,10
190,194,10
190,194,10
190,194,10
190,194,10
190,194,10
190,194,10
190,194,10
190,194,10
190,194,10
190,194,10
190,194,10
190,194,10
190,194,10
190,194,10
190,194,10
190,194,10
190,194,10
190,194,10
190,194,10
190,194,10
190,194,10
190,192,10
190,192,10
190,192,10
190,192,10
190,192,10
190,192,10
190,192,10
190,217,10
190,217,10
190,217,10
190,217,10
190,217,10
190,217,10
190,217,10
190,217,10
190,217,10
190,217,10
190,217,10
190,217,10
190,217,10
190,217,10
190,217,10
190,217,10
190,217,10
190,217,10
190,217,10
190,217,10
190,217,10
190,217,10
190,217,10
190,217,10
190,217,10
190,217,10
190,217,10
190,217,10
190,217,10
190,217,10
190,217,10
190,183,10
190,183,10
190,183,10
190,183,10
190,183,10
190,183,10
190,183,10
190,183,10
190,183,10
190,183,10
190,183,10
190,183,10
190,183,10
190,183,10
190,183,10
190,183,10
190,183,10
190,183,10
190,183,10
190,183,10
190,183,10
190,183,10
190,183,10
190,194,10
190,194,10
190,194,10
190,194,10
190,194,10
190,194,10
190,194,10
190,194,10
190,194,10
190,194,10
190,194,10
190,194,10
190,194,10
190,194,10
190,194,10
190,194,10
190,194,10
190,194,10
190,194,10
190,189,10
190,189,10
190,189,10
190,189,10
190,189,10
190,189,10
190,189,10
190,200,10
190,200,10
190,200,10
190,200,10
190,200,10
190,200,10
190,200,10
190,200,10
190,200,10
190,200,10
190,200,10
190,179,10
190,179,10
190,179,10
190,179,10
190,179,10
190,179,10
190,179,10
190,179,10
190,179,10
190,179,10
190,179,10
190,179,10
190,179,10
190,179,10
190,179,10
190,179,10
190,179,10
190,179,10
190,179,10
190,179,10
190,179,10
190,179,10
190,179,10
190,179,10
190,179,10
190,179,10
190,179,10
190,179,10
190,179,10
190,179,10
190,179,10
190,180,10
190,180,10
190,180,10
190,180,10
190,180,10
190,180,10
190,192,10
190,192,10
190,192,10
190,192,10
190,192,10
190,192,10
190,192,10
190,192,10
190,192,10
190,192,10
190,192,10
190,192,10
190,192,10
190,192,10
190,198,10
190,198,10
190,198,10
190,198,10
190,198,10
190,198,10
190,198,10
190,198,10
190,198,10
190,198,10
190,198,10
190,198,10
190,198,10
190,198,10
190,198,10
190,198,10
190,198,10
190,198,10
190,198,10
190,198,10
190,198,10
190,198,10
190,198,10
190,198,10
190,198,10
190,198,10
190,198,10
190,198,10
190,198,10
190,198,10
190,198,10
190,198,10
190,198,10
190,198,10
190,198,10
190,198,10
190,198,10
190,198,10
190,198,10
190,198,10
190,198,10
190,198,10
190,198,10
190,198,10
190,201,10
190,201,10
190,201,10
190,201,10
190,201,10
190,201,10
190,201,10
190,201,10
190,179,10
190,179,10
190,179,10
190,179,10
190,179,10
190,179,10
190,179,10
190,179,10
190,179,10
190,179,10
190,182,10
190,182,10
190,182,10
190,182,10
190,182,10
190,182,10
190,182,10
190,182,10
190,182,10
190,182,10
190,182,10
190,182,10
190,182,10
190,182,10
190,182,10
190,182,10
190,182,10
190,182,10
190,182,10
190,182,10
190,182,10
190,187,10
190,187,10
190,187,10
190,187,10
190,187,10
190,187,10
190,187,10
190,187,10
190,187,10
190,187,10
190,187,10
190,187,10
190,187,10
190,187,10
190,187,10
190,187,10
190,187,10
190,187,10
190,187,10
190,187,10
190,187,10
190,187,10
190,187,10
190,187,10
190,197,10
190,197,10
190,197,10
190,197,10
190,197,10
190,197,10
190,179,10
190,179,10
190,179,10
190,179,10
190,179,10
190,179,10
190,179,10
190,179,10
190,179,10
190,179,10
190,199,10
190,199,10
190,199,10
190,199,10
190,199,10
190,199,10
190,199,10
190,199,10
190,199,10
190,199,10
190,199,10
190,199,10
190,199,10
190,199,10
190,199,10
190,199,10
190,199,10
190,199,10
190,199,10
190,199,10
190,199,10
190,199,10
190,199,10
190,199,10
190,199,10
190,199,10
190,199,10
190,199,10
190,199,10
190,199,10
190,199,10
190,199,10
190,199,10
190,199,10
190,199,10
190,199,10
190,199,10
190,199,10
190,199,10
190,199,10
190,199,10
190,199,10
190,199,10
190,199,10
190,199,10
190,199,10
190,199,10
190,199,10
190,199,10
190,199,10
190,199,10
190,199,10
190,199,10
190,199,10
190,199,10
190,199,10
190,199,10
190,199,10
190,199,10
190,188,10
190,188,10
190,188,10
190,188,10
190,188,10
190,188,10
190,188,10
190,188,10
190,188,10
190,188,10
190,188,10
190,188,10
190,188,10
190,188,10
190,188,10
190,188,10
190,188,10
190,188,10
190,188,10
190,188,10
190,188,10
190,188,10
190,188,10
190,188,10
190,188,10
190,188,10
190,188,10
190,188,10
190,188,10
190,188,10
190,188,10
190,188,10
190,188,10
190,188,10
190,188,10
190,188,10
190,188,10
190,188,10
190,188,10
190,188,10
190,188,10
190,188,10
190,188,10
190,188,10
190,212,10
190,212,10
190,212,10
190,212,10
190,212,10
190,212,10
190,212,10
190,212,10
190,212,10
190,212,10
190,212,10
190,212,10
190,212,10
190,212,10
190,212,10
190,212,10
190,212,10
190,180,10
190,180,10
190,180,10
190,180,10
190,180,10
190,180,10
190,180,10
190,180,10
190,180,10
190,180,10
190,180,10
190,180,10
190,180,10
190,180,10
190,180,10
190,180,10
190,180,10
190,180,10
190,180,10
190,180,10
190,180,10
190,178,10
190,178,10
190,178,10
190,178,10
190,178,10
190,178,10
190,178,10
190,178,10
190,178,10
190,178,10
190,178,10
190,178,10
190,178,10
190,178,10
190,178,10
190,195,10
190,195,10
190,195,10
190,195,10
190,195,10
190,195,10
190,195,10
190,195,10
190,195,10
190,195,10
190,195,10
190,195,10
190,195,10
160,167,10
160,167,10
160,167,10
160,167,10
160,167,10
160,167,10
160,167,10
160,167,10
160,167,10
160,167,10
160,167,10
160,167,10
160,167,10
160,167,10
160,167,10
160,167,10
160,167,10
160,167,10
160,167,10
160,167,10
160,167,10
160,167,10
160,167,10
160,167,10
160,167,10
160,167,10
160,167,10
160,167,10
160,167,10
160,167,10
160,167,10
160,167,10
160,167,10
160,167,10
160,167,10
160,167,10
160,167,10
160,167,10
160,167,10
160,167,10
160,167,10
160,167,10
160,167,10
160,167,10
160,167,10
160,167,10
160,167,10
160,152,10
160,152,10
160,152,10
160,152,10
160,152,10
160,152,10
160,152,10
160,152,10
160,152,10
160,152,10
160,160,10
160,160,10
160,160,10
160,160,10
160,160,10
160,160,10
160,160,10
160,160,10
160,160,10
160,160,10
160,160,10
160,160,10
160,160,10
160,160,10
160,160,10
160,160,10
160,160,10
160,160,10
160,160,10
160,160,10
160,160,10
160,160,10
160,160,10
160,160,10
160,160,10
160,160,10
160,160,10
160,160,10
160,160,10
160,160,10
160,160,10
160,160,10
160,160,10
160,160,10
160,160,10
160,160,10
160,160,10
160,160,10
160,160,10
160,160,10
160,152,10
160,152,10
160,152,10
160,152,10
160,152,10
160,152,10
160,152,10
160,152,10
160,152,10
160,152,10
160,152,10
160,152,10
160,152,10
160,152,10
160,170,10
160,170,10
160,170,10
160,170,10
160,170,10
160,170,10
160,153,10
160,153,10
160,153,10
160,153,10
160,153,10
160,153,10
160,153,10
160,153,10
160,153,10
160,153,10
160,153,10
160,153,10
160,153,10
160,153,10
160,153,10
160,153,10
160,153,10
160,153,10
160,153,10
160,153,10
160,153,10
160,153,10
160,153,10
160,153,10
160,153,10
160,153,10
160,153,10
160,153,10
160,153,10
160,153,10
160,153,10
160,153,10
160,153,10
160,153,10
160,153,10
160,153,10
160,153,10
160,167,10
160,167,10
160,167,10
160,167,10
160,167,10
160,167,10
160,167,10
160,167,10
160,167,10
160,167,10
160,167,10
160,167,10
160,167,10
160,156,10
160,156,10
160,156,10
160,156,10
160,156,10
160,156,10
160,156,10
160,156,10
160,156,10
160,156,10
160,156,10
160,156,10
160,156,10
160,156,10
160,156,10
160,156,10
160,156,10
160,156,10
160,157,10
160,157,10
160,157,10
160,157,10
160,157,10
160,157,10
160,157,10
160,157,10
160,157,10
160,157,10
160,157,10
160,157,10
160,157,10
160,157,10
160,157,10
160,157,10
160,157,10
160,164,10
160,164,10
160,164,10
160,164,10
160,164,10
160,164,10
160,164,10
160,164,10
160,164,10
160,164,10
160,164,10
160,164,10
160,164,10
160,164,10
160,164,10
160,164,10
160,164,10
160,164,10
160,164,10
160,164,10
160,164,10
160,164,10
160,164,10
160,164,10
160,164,10
160,164,10
160,164,10
160,164,10
160,164,10
160,164,10
160,164,10
160,164,10
160,164,10
160,164,10
160,164,10
160,155,10
160,155,10
160,155,10
160,155,10
160,155,10
160,155,10
160,155,10
160,155,10
160,155,10
160,155,10
160,155,10
160,155,10
160,155,10
160,155,10
160,155,10
160,155,10
160,155,10
160,155,10
160,155,10
160,155,10
160,171,10
160,171,10
160,171,10
160,171,10
160,171,10
160,171,10
160,171,10
160,171,10
160,171,10
160,171,10
160,171,10
160,171,10
160,171,10
160,171,10
160,171,10
160,171,10
160,171,10
160,171,10
160,171,10
160,171,10
160,171,10
160,171,10
160,171,10
160,171,10
160,171,10
160,171,10
160,171,10
160,171,10
160,171,10
160,171,10
160,171,10
160,171,10
160,171,10
160,171,10
160,171,10
160,171,10
160,171,10
160,158,10
160,158,10
160,158,10
160,158,10
160,158,10
160,158,10
160,158,10
160,158,10
160,158,10
160,158,10
160,158,10
160,165,10
160,165,10
160,165,10
160,165,10
160,165,10
160,165,10
160,165,10
160,165,10
160,165,10
160,165,10
160,165,10
160,165,10
160,165,10
160,165,10
160,165,10
160,165,10
160,165,10
160,165,10
160,165,10
160,165,10
160,165,10
160,165,10
160,165,10
160,165,10
160,165,10
160,165,10
160,165,10
160,165,10
160,165,10
160,165,10
160,165,10
160,165,10
160,165,10
160,165,10
160,165,10
160,165,10
160,165,10
160,165,10
160,165,10
160,151,10
160,151,10
160,151,10
160,151,10
160,151,10
160,151,10
160,151,10
160,151,10
160,151,10
160,151,10
160,151,10
160,151,10
160,151,10
160,151,10
160,170,10
160,170,10
160,170,10
160,170,10
160,170,10
160,170,10
160,170,10
160,170,10
160,170,10
160,170,10
160,162,10
160,162,10
160,162,10
160,162,10
160,162,10
160,162,10
160,162,10
160,162,10
160,162,10
160,162,10
160,162,10
160,162,10
160,162,10
160,162,10
160,162,10
160,145,10
160,145,10
160,145,10
160,145,10
160,145,10
160,145,10
160,145,10
160,145,10
160,145,10
160,145,10
160,145,10
160,145,10
160,145,10
160,145,10
160,145,10
160,145,10
160,145,10
160,145,10
160,145,10
160,145,10
160,145,10
160,145,10
160,145,10
160,145,10
160,145,10
160,145,10
160,145,10
160,160,10
160,160,10
160,160,10
160,160,10
160,160,10
160,160,10
160,160,10
160,160,10
160,160,10
160,160,10
160,160,10
160,160,10
160,179,10
160,179,10
160,179,10
160,179,10
160,179,10
160,179,10
160,179,10
160,179,10
160,179,10
160,179,10
160,179,10
160,179,10
160,179,10
160,179,10
160,179,10
160,179,10
160,179,10
160,179,10
160,179,10
160,179,10
160,179,10
160,179,10
160,179,10
160,179,10
160,179,10
160,179,10
160,179,10
160,179,10
160,179,10
160,176,10
160,176,10
160,176,10
160,176,10
160,176,10
160,176,10
160,154,10
160,154,10
160,154,10
160,154,10
160,154,10
160,154,10
160,154,10
160,154,10
160,154,10
160,154,10
160,154,10
160,154,10
160,154,10
160,154,10
160,154,10
160,158,10
160,158,10
160,158,10
160,158,10
160,158,10
160,158,10
160,158,10
160,158,10
160,158,10
160,158,10
160,158,10
160,158,10
160,158,10
160,158,10
160,158,10
160,158,10
160,158,10
160,158,10
160,158,10
160,158,10
160,158,10
160,158,10
160,158,10
160,158,10
160,177,10
160,177,10
160,177,10
160,177,10
160,177,10
160,177,10
160,177,10
160,177,10
160,177,10
160,177,10
160,177,10
160,177,10
160,177,10
160,177,10
160,177,10
160,177,10
160,177,10
160,177,10
160,177,10
160,177,10
160,177,10
160,177,10
160,177,10
160,177,10
160,177,10
160,177,10
160,177,10
160,177,10
160,185,10
160,185,10
160,185,10
160,185,10
160,185,10
160,185,10
160,185,10
160,185,10
160,185,10
160,185,10
160,185,10
160,185,10
160,185,10
160,185,10
160,185,10
160,154,10
160,154,10
160,154,10
160,154,10
160,154,10
160,154,10
160,154,10
160,158,10
160,158,10
160,158,10
160,158,10
160,158,10
160,158,10
160,158,10
160,158,10
160,158,10
160,158,10
160,158,10
160,158,10
160,158,10
160,158,10
160,158,10
160,158,10
160,158,10
160,158,10
160,158,10
160,158,10
160,158,10
160,158,10
160,158,10
160,158,10
160,158,10
160,158,10
160,158,10
160,158,10
160,158,10
160,158,10
160,158,10
160,158,10
160,169,10
160,169,10
160,169,10
160,169,10
160,169,10
160,169,10
160,169,10
160,169,10
160,157,10
160,157,10
160,157,10
160,157,10
160,157,10
160,157,10
160,157,10
160,157,10
160,149,10
160,149,10
160,149,10
160,149,10
160,149,10
160,149,10
160,149,10
160,149,10
160,149,10
160,149,10
160,149,10
160,149,10
160,149,10
160,149,10
160,149,10
160,149,10
160,149,10
160,149,10
160,149,10
160,149,10
160,149,10
160,149,10
160,167,10
160,167,10
160,167,10
160,167,10
160,167,10
160,167,10
160,167,10
160,167,10
160,167,10
160,167,10
160,167,10
160,167,10
160,167,10
160,167,10
160,167,10
160,167,10
160,167,10
160,167,10
160,167,10
160,167,10
160,167,10
160,167,10
160,167,10
160,167,10
160,167,10
160,167,10
160,167,10
160,175,10
160,175,10
160,175,10
160,175,10
160,175,10
160,175,10
160,175,10
160,175,10
160,175,10
160,175,10
160,175,10
160,175,10
160,175,10
160,175,10
120,122,10
120,122,10
120,122,10
120,122,10
120,122,10
120,122,10
120,122,10
120,122,10
120,122,10
120,122,10
120,122,10
120,122,10
120,122,10
120,122,10
120,122,10
120,122,10
120,122,10
120,122,10
120,122,10
120,122,10
120,107,10
120,107,10
120,107,10
120,107,10
120,107,10
120,107,10
120,107,10
120,107,10
120,107,10
120,107,10
120,107,10
120,107,10
120,107,10
120,107,10
120,107,10
120,107,10
120,107,10
120,107,10
120,128,10
120,128,10
120,128,10
120,128,10
120,128,10
120,128,10
120,128,10
120,128,10
120,128,10
120,128,10
120,128,10
120,128,10
120,128,10
120,128,10
120,128,10
120,118,10
120,118,10
120,118,10
120,118,10
120,118,10
120,118,10
120,118,10
120,118,10
120,118,10
120,118,10
120,118,10
120,118,10
120,118,10
120,118,10
120,118,10
120,118,10
120,118,10
120,118,10
120,118,10
120,118,10
120,115,10
120,115,10
120,115,10
120,115,10
120,115,10
120,115,10
120,115,10
120,115,10
120,115,10
120,115,10
120,115,10
120,115,10
120,115,10
120,115,10
120,115,10
120,115,10
120,115,10
120,115,10
120,115,10
120,115,10
120,115,10
120,115,10
120,115,10
120,115,10
120,115,10
120,115,10
120,115,10
120,115,10
120,115,10
120,115,10
120,115,10
120,115,10
120,115,10
120,115,10
120,115,10
120,115,10
120,115,10
120,115,10
120,115,10
120,115,10
120,115,10
120,115,10
120,115,10
120,115,10
120,115,10
120,115,10
120,115,10
120,130,10
120,130,10
120,130,10
120,130,10
120,130,10
120,130,10
120,130,10
120,130,10
120,130,10
120,130,10
120,130,10
120,130,10
120,130,10
120,117,10
120,117,10
120,117,10
120,117,10
120,117,10
120,117,10
120,117,10
120,117,10
120,117,10
120,117,10
120,117,10
120,117,10
120,117,10
120,117,10
120,117,10
120,117,10
120,117,10
120,117,10
120,117,10
120,117,10
120,117,10
120,117,10
120,120,10
120,120,10
120,120,10
120,120,10
120,120,10
120,120,10
120,120,10
120,120,10
120,120,10
120,112,10
120,112,10
120,112,10
120,112,10
120,112,10
120,112,10
120,112,10
120,112,10
120,112,10
120,112,10
120,112,10
120,112,10
120,112,10
120,112,10
120,112,10
120,112,10
120,112,10
120,112,10
120,112,10
120,112,10
120,112,10
120,112,10
120,112,10
120,112,10
120,112,10
120,112,10
120,112,10
120,112,10
120,112,10
120,112,10
120,112,10
120,112,10
120,112,10
120,112,10
120,112,10
120,112,10
120,112,10
120,112,10
120,112,10
120,112,10
120,112,10
120,112,10
120,112,10
120,112,10
120,112,10
120,112,10
120,112,10
120,112,10
120,112,10
120,128,10
120,128,10
120,128,10
120,128,10
120,128,10
120,128,10
120,128,10
120,128,10
120,128,10
120,128,10
120,128,10
120,108,10
120,108,10
120,108,10
120,108,10
120,108,10
120,108,10
120,108,10
120,127,10
120,127,10
120,127,10
120,127,10
120,127,10
120,127,10
120,127,10
120,127,10
120,127,10
120,127,10
120,127,10
120,127,10
120,127,10
120,127,10
120,127,10
120,127,10
120,127,10
120,127,10
120,127,10
120,127,10
120,127,10
120,127,10
120,127,10
120,127,10
120,127,10
120,127,10
120,127,10
120,127,10
120,127,10
120,127,10
120,127,10
120,127,10
120,127,10
120,127,10
120,127,10
120,110,10
120,110,10
120,110,10
120,110,10
120,110,10
120,110,10
120,110,10
120,128,10
120,128,10
120,128,10
120,128,10
120,128,10
120,128,10
120,128,10
120,128,10
120,128,10
120,128,10
120,128,10
120,128,10
120,132,10
120,132,10
120,132,10
120,132,10
120,132,10
120,132,10
120,132,10
120,132,10
120,132,10
120,132,10
120,132,10
120,132,10
120,132,10
120,132,10
120,132,10
120,132,10
120,132,10
120,132,10
120,132,10
120,129,10
120,129,10
120,129,10
120,129,10
120,129,10
120,129,10
120,129,10
120,129,10
120,129,10
120,129,10
120,129,10
120,129,10
120,129,10
120,129,10
120,111,10
120,111,10
120,111,10
120,111,10
120,111,10
120,111,10
120,135,10
120,135,10
120,135,10
120,135,10
120,135,10
120,135,10
120,135,10
120,135,10
120,135,10
120,135,10
120,135,10
120,135,10
120,135,10
120,135,10
120,135,10
120,135,10
120,135,10
120,135,10
120,135,10
120,135,10
120,135,10
120,135,10
120,135,10
120,135,10
120,135,10
120,135,10
120,135,10
120,135,10
120,135,10
120,135,10
120,135,10
120,135,10
120,135,10
120,135,10
120,135,10
120,135,10
120,135,10
120,135,10
120,135,10
120,135,10
120,135,10
120,135,10
120,135,10
120,135,10
120,110,10
120,110,10
120,110,10
120,110,10
120,110,10
120,110,10
120,110,10
120,110,10
120,110,10
120,110,10
120,110,10
120,110,10
120,110,10
120,110,10
120,110,10
120,110,10
120,110,10
120,110,10
120,110,10
120,110,10
120,127,10
120,127,10
120,127,10
120,127,10
120,127,10
120,127,10
120,127,10
120,127,10
120,127,10
120,127,10
120,115,10
120,115,10
120,115,10
120,115,10
120,115,10
120,115,10
120,115,10
120,115,10
120,115,10
120,115,10
120,115,10
120,115,10
120,115,10
120,115,10
120,115,10
120,115,10
120,115,10
120,115,10
120,115,10
120,115,10
120,115,10
120,115,10
120,115,10
120,115,10
120,115,10
120,115,10
120,99,10
120,99,10
120,99,10
120,99,10
120,99,10
120,99,10
120,99,10
120,99,10
120,99,10
120,99,10
120,99,10
120,99,10
120,126,10
120,126,10
120,126,10
120,126,10
120,126,10
120,126,10
120,126,10
120,126,10
120,126,10
120,126,10
120,126,10
120,126,10
120,126,10
120,126,10
120,126,10
120,126,10
120,126,10
120,126,10
120,126,10
120,126,10
120,126,10
120,126,10
120,126,10
120,126,10
120,126,10
120,126,10
120,126,10
120,126,10
120,126,10
120,126,10
120,126,10
120,118,10
120,118,10
120,118,10
120,118,10
120,118,10
120,118,10
120,118,10
120,118,10
120,118,10
120,118,10
120,118,10
120,118,10
120,118,10
120,118,10
120,118,10
120,118,10
120,118,10
120,118,10
120,118,10
120,118,10
120,118,10
120,118,10
120,118,10
120,118,10
120,118,10
120,118,10
120,118,10
120,118,10
120,118,10
120,118,10
120,118,10
120,118,10
120,118,10
120,118,10
120,118,10
120,118,10
120,118,10
120,118,10
120,118,10
120,118,10
120,118,10
120,118,10
120,118,10
120,118,10
120,118,10
120,118,10
120,131,10
120,131,10
120,131,10
120,131,10
120,131,10
120,131,10
120,131,10
120,131,10
120,131,10
120,131,10
120,131,10
120,131,10
120,131,10
120,131,10
120,108,10
120,108,10
120,108,10
120,108,10
120,108,10
120,108,10
120,108,10
120,122,10
120,122,10
120,122,10
120,122,10
120,122,10
120,122,10
120,122,10
120,122,10
120,122,10
120,122,10
120,122,10
120,122,10
120,112,10
120,112,10
120,112,10
120,112,10
120,112,10
120,112,10
120,112,10
90,71,10
90,71,10
90,71,10
90,71,10
90,71,10
90,71,10
90,71,10
90,71,10
90,71,10
90,71,10
90,71,10
90,71,10
90,71,10
90,71,10
90,71,10
90,71,10
90,71,10
90,71,10
90,71,10
90,71,10
90,71,10
90,71,10
90,71,10
90,71,10
90,75,10
90,75,10
90,75,10
90,75,10
90,75,10
90,75,10
90,75,10
90,75,10
90,75,10
90,75,10
90,75,10
90,75,10
90,75,10
90,75,10
90,75,10
90,75,10
90,75,10
90,75,10
90,75,10
90,75,10
90,75,10
90,75,10
90,75,10
90,75,10
90,75,10
90,75,10
90,75,10
90,75,10
90,75,10
90,75,10
90,75,10
90,75,10
90,75,10
90,75,10
90,75,10
90,75,10
90,75,10
90,75,10
90,75,10
90,75,10
90,75,10
90,75,10
90,75,10
90,75,10
90,75,10
90,75,10
90,102,10
90,102,10
90,102,10
90,102,10
90,102,10
90,102,10
90,102,10
90,102,10
90,102,10
90,102,10
90,102,10
90,102,10
90,102,10
90,102,10
90,102,10
90,102,10
90,80,10
90,80,10
90,80,10
90,80,10
90,80,10
90,80,10
90,107,10
90,107,10
90,107,10
90,107,10
90,107,10
90,107,10
90,107,10
90,107,10
90,107,10
90,107,10
90,107,10
90,107,10
90,107,10
90,107,10
90,107,10
90,107,10
90,107,10
90,107,10
90,107,10
90,107,10
90,107,10
90,107,10
90,107,10
90,107,10
90,107,10
90,107,10
90,107,10
90,107,10
90,107,10
90,107,10
90,107,10
90,107,10
90,107,10
90,107,10
90,107,10
90,107,10
90,107,10
90,107,10
90,107,10
90,107,10
90,107,10
90,93,10
90,93,10
90,93,10
90,93,10
90,93,10
90,93,10
90,93,10
90,93,10
90,93,10
90,93,10
90,93,10
90,93,10
90,93,10
90,93,10
90,93,10
90,93,10
90,93,10
90,93,10
90,93,10
90,93,10
90,93,10
90,93,10
90,93,10
90,93,10
90,93,10
90,93,10
90,93,10
90,93,10
90,93,10
90,93,10
90,93,10
90,93,10
90,93,10
90,93,10
90,93,10
90,93,10
90,93,10
90,93,10
90,83,10
90,83,10
90,83,10
90,83,10
90,83,10
90,83,10
90,83,10
90,83,10
90,83,10
90,83,10
90,83,10
90,83,10
90,83,10
90,83,10
90,83,10
90,93,10
90,93,10
90,93,10
90,93,10
90,93,10
90,93,10
90,93,10
90,93,10
90,93,10
90,93,10
90,93,10
90,93,10
90,93,10
90,93,10
90,93,10
90,93,10
90,93,10
90,78,10
90,78,10
90,78,10
90,78,10
90,78,10
90,78,10
90,78,10
90,96,10
90,96,10
90,96,10
90,96,10
90,96,10
90,96,10
90,96,10
90,96,10
90,96,10
90,96,10
90,96,10
90,96,10
90,96,10
90,96,10
90,96,10
90,96,10
90,96,10
90,96,10
90,96,10
90,96,10
90,96,10
90,96,10
90,96,10
90,96,10
90,96,10
90,96,10
90,96,10
90,96,10
90,96,10
90,96,10
90,96,10
90,92,10
90,92,10
90,92,10
90,92,10
90,92,10
90,92,10
90,92,10
90,95,10
90,95,10
90,95,10
90,95,10
90,95,10
90,95,10
90,95,10
90,95,10
90,95,10
90,95,10
90,95,10
90,95,10
90,88,10
90,88,10
90,88,10
90,88,10
90,88,10
90,88,10
90,88,10
90,88,10
90,88,10
90,88,10
90,88,10
90,88,10
90,88,10
90,88,10
90,93,10
90,93,10
90,93,10
90,93,10
90,93,10
90,93,10
90,93,10
90,93,10
90,93,10
90,93,10
90,93,10
90,93,10
90,93,10
90,93,10
90,93,10
90,93,10
90,93,10
90,93,10
90,93,10
90,82,10
90,82,10
90,82,10
90,82,10
90,82,10
90,82,10
90,82,10
90,82,10
90,82,10
90,82,10
90,82,10
90,82,10
90,82,10
90,82,10
90,82,10
90,82,10
90,82,10
90,82,10
90,82,10
90,82,10
90,82,10
90,82,10
90,82,10
90,82,10
90,82,10
90,82,10
90,82,10
90,82,10
90,82,10
90,82,10
90,82,10
90,82,10
90,82,10
90,82,10
90,82,10
90,84,10
90,84,10
90,84,10
90,84,10
90,84,10
90,84,10
90,84,10
90,84,10
90,84,10
90,84,10
90,84,10
90,84,10
90,84,10
90,84,10
90,84,10
90,84,10
90,84,10
90,84,10
90,84,10
90,84,10
90,84,10
90,84,10
90,84,10
90,84,10
90,84,10
90,84,10
90,84,10
90,84,10
90,84,10
90,84,10
90,84,10
90,84,10
90,84,10
90,84,10
90,84,10
90,84,10
90,84,10
90,84,10
90,84,10
90,84,10
90,84,10
90,84,10
90,84,10
90,84,10
90,84,10
90,84,10
90,84,10
90,84,10
90,84,10
90,84,10
90,84,10
90,84,10
90,84,10
90,84,10
90,84,10
90,84,10
90,84,10
90,93,10
90,93,10
90,93,10
90,93,10
90,93,10
90,93,10
90,93,10
90,93,10
90,93,10
90,93,10
90,93,10
90,93,10
90,93,10
90,93,10
90,93,10
90,93,10
90,93,10
90,93,10
90,93,10
90,97,10
90,97,10
90,97,10
90,97,10
90,97,10
90,97,10
90,97,10
90,97,10
90,97,10
90,97,10
90,97,10
90,97,10
90,97,10
90,97,10
90,97,10
90,97,10
90,97,10
90,97,10
90,97,10
90,97,10
90,97,10
90,97,10
90,97,10
90,97,10
90,97,10
90,97,10
90,97,10
90,97,10
90,97,10
90,97,10
90,97,10
90,97,10
90,97,10
90,97,10
90,97,10
90,97,10
90,97,10
90,69,10
90,69,10
90,69,10
90,69,10
90,69,10
90,69,10
90,69,10
90,69,10
90,79,10
90,79,10
90,79,10
90,79,10
90,79,10
90,79,10
90,79,10
90,79,10
90,79,10
90,79,10
90,79,10
90,79,10
90,79,10
90,79,10
90,79,10
90,79,10
90,79,10
90,79,10
90,79,10
90,79,10
90,79,10
90,79,10
90,79,10
90,79,10
90,82,10
90,82,10
90,82,10
90,82,10
90,82,10
90,82,10
90,82,10
90,82,10
90,103,10
90,103,10
90,103,10
90,103,10
90,103,10
90,103,10
90,103,10
90,103,10
90,103,10
90,103,10
90,103,10
90,103,10
90,103,10
90,103,10
90,103,10
90,103,10
90,103,10
90,103,10
90,103,10
90,103,10
90,103,10
90,103,10
90,103,10
90,101,10
90,101,10
90,101,10
90,101,10
90,101,10
90,101,10
90,101,10
90,101,10
90,101,10
90,101,10
90,82,10
90,82,10
90,82,10
90,82,10
90,82,10
90,82,10
90,82,10
90,82,10
90,82,10
90,82,10
90,82,10
90,104,10
90,104,10
90,104,10
90,104,10
90,104,10
90,104,10
90,104,10
90,104,10
90,104,10
90,104,10
90,104,10
90,104,10
90,104,10
90,104,10
90,104,10
90,104,10
90,104,10
90,104,10
90,104,10
90,104,10
90,104,10
90,104,10
90,104,10
90,104,10
90,104,10
90,80,10
90,80,10
90,80,10
90,80,10
90,80,10
90,80,10
90,80,10
90,80,10
90,80,10
90,80,10
90,80,10
90,80,10
90,80,10
90,80,10
90,80,10
90,80,10
90,80,10
90,80,10
90,80,10
90,80,10
90,80,10
90,80,10
90,80,10
90,80,10
50,53,10
50,53,10
50,53,10
50,53,10
50,53,10
50,53,10
50,40,10
50,40,10
50,40,10
50,40,10
50,40,10
50,40,10
50,40,10
50,40,10
50,40,10
50,40,10
50,40,10
50,40,10
50,40,10
50,40,10
50,40,10
50,40,10
50,40,10
50,40,10
50,40,10
50,40,10
50,40,10
50,40,10
50,40,10
50,40,10
50,40,10
50,40,10
50,40,10
50,40,10
50,40,10
50,40,10
50,40,10
50,40,10
50,40,10
50,40,10
50,40,10
50,40,10
50,40,10
50,40,10
50,40,10
50,40,10
50,40,10
50,40,10
50,40,10
50,40,10
50,40,10
50,40,10
50,40,10
50,40,10
50,40,10
50,40,10
50,40,10
50,40,10
50,40,10
50,37,10
50,37,10
50,37,10
50,37,10
50,37,10
50,37,10
50,37,10
50,37,10
50,37,10
50,37,10
50,37,10
50,37,10
50,37,10
50,37,10
50,37,10
50,37,10
50,37,10
50,37,10
50,37,10
50,37,10
50,37,10
50,37,10
50,37,10
50,37,10
50,37,10
50,37,10
50,37,10
50,46,10
50,46,10
50,46,10
50,46,10
50,46,10
50,46,10
50,46,10
50,46,10
50,46,10
50,46,10
50,46,10
50,46,10
50,46,10
50,46,10
50,46,10
50,46,10
50,46,10
50,46,10
50,46,10
50,46,10
50,46,10
50,46,10
50,46,10
50,46,10
50,38,10
50,38,10
50,38,10
50,38,10
50,38,10
50,38,10
50,38,10
50,38,10
50,38,10
50,38,10
50,38,10
50,38,10
50,38,10
50,38,10
50,38,10
50,38,10
50,38,10
50,38,10
50,58,10
50,58,10
50,58,10
50,58,10
50,58,10
50,58,10
50,44,10
50,44,10
50,44,10
50,44,10
50,44,10
50,44,10
50,44,10
50,44,10
50,44,10
50,44,10
50,44,10
50,44,10
50,44,10
50,44,10
50,65,10
50,65,10
50,65,10
50,65,10
50,65,10
50,65,10
50,65,10
50,65,10
50,58,10
50,58,10
50,58,10
50,58,10
50,58,10
50,58,10
50,58,10
50,58,10
50,58,10
50,58,10
50,58,10
50,58,10
50,58,10
50,58,10
50,58,10
50,58,10
50,58,10
50,58,10
50,58,10
50,25,10
50,25,10
50,25,10
50,25,10
50,25,10
50,25,10
50,25,10
50,25,10
50,25,10
50,25,10
50,25,10
50,25,10
50,25,10
50,25,10
50,25,10
50,25,10
50,25,10
50,25,10
50,25,10
50,25,10
50,51,10
50,51,10
50,51,10
50,51,10
50,51,10
50,51,10
50,51,10
50,51,10
50,51,10
50,51,10
50,51,10
50,51,10
50,51,10
50,51,10
50,51,10
50,51,10
50,51,10
50,51,10
50,51,10
50,51,10
50,51,10
50,51,10
50,51,10
50,51,10
50,51,10
50,51,10
50,51,10
50,51,10
50,51,10
50,51,10
50,51,10
50,57,10
50,57,10
50,57,10
50,57,10
50,57,10
50,57,10
50,57,10
50,57,10
50,57,10
50,57,10
50,57,10
50,57,10
50,57,10
50,57,10
50,51,10
50,51,10
50,51,10
50,51,10
50,51,10
50,51,10
50,51,10
50,51,10
50,31,10
50,31,10
50,31,10
50,31,10
50,31,10
50,31,10
50,31,10
50,37,10
50,37,10
50,37,10
50,37,10
50,37,10
50,37,10
50,37,10
50,37,10
50,37,10
50,37,10
50,37,10
50,37,10
50,37,10
50,37,10
50,37,10
50,37,10
50,37,10
50,37,10
50,37,10
50,42,10
50,42,10
50,42,10
50,42,10
50,42,10
50,42,10
50,42,10
50,45,10
50,45,10
50,45,10
50,45,10
50,45,10
50,45,10
50,45,10
50,45,10
50,45,10
50,45,10
50,45,10
50,45,10
50,45,10
50,45,10
50,48,10
50,48,10
50,48,10
50,48,10
50,48,10
50,48,10
50,48,10
50,48,10
50,48,10
50,48,10
50,48,10
50,48,10
50,48,10
50,48,10
50,48,10
50,48,10
50,48,10
50,43,10
50,43,10
50,43,10
50,43,10
50,43,10
50,43,10
50,43,10
50,43,10
50,43,10
50,43,10
50,43,10
50,43,10
50,43,10
50,43,10
50,43,10
50,64,10
50,64,10
50,64,10
50,64,10
50,64,10
50,64,10
50,64,10
50,64,10
50,64,10
50,64,10
50,64,10
50,64,10
50,64,10
50,64,10
50,64,10
50,47,10
50,47,10
50,47,10
50,47,10
50,47,10
50,47,10
50,47,10
50,47,10
50,47,10
50,47,10
50,47,10
50,47,10
50,42,10
50,42,10
50,42,10
50,42,10
50,42,10
50,42,10
50,42,10
50,44,10
50,44,10
50,44,10
50,44,10
50,44,10
50,44,10
50,44,10
50,44,10
50,44,10
50,44,10
50,44,10
50,44,10
50,44,10
50,44,10
50,44,10
50,44,10
50,44,10
50,44,10
50,44,10
50,44,10
50,44,10
50,44,10
50,44,10
50,44,10
50,44,10
50,44,10
50,44,10
50,44,10
50,56,10
50,56,10
50,56,10
50,56,10
50,56,10
50,56,10
50,56,10
50,56,10
50,56,10
50,56,10
50,56,10
50,56,10
50,56,10
50,56,10
50,56,10
50,56,10
50,56,10
50,56,10
50,56,10
50,56,10
50,56,10
50,56,10
50,56,10
50,56,10
50,56,10
50,56,10
50,56,10
50,56,10
50,56,10
50,56,10
50,56,10
50,56,10
50,56,10
50,56,10
50,56,10
50,56,10
50,56,10
50,56,10
50,56,10
50,56,10
50,56,10
50,56,10
50,56,10
50,56,10
50,56,10
50,56,10
50,56,10
50,56,10
50,56,10
50,56,10
50,56,10
50,56,10
50,72,10
50,72,10
50,72,10
50,72,10
50,72,10
50,72,10
50,72,10
50,72,10
50,72,10
50,72,10
50,72,10
50,72,10
50,72,10
50,72,10
50,72,10
50,72,10
50,72,10
50,72,10
50,72,10
50,72,10
50,72,10
50,72,10
50,72,10
50,72,10
50,58,10
50,58,10
50,58,10
50,58,10
50,58,10
50,58,10
50,58,10
50,58,10
50,58,10
50,58,10
50,58,10
50,58,10
50,57,10
50,57,10
50,57,10
50,57,10
50,57,10
50,57,10
50,57,10
50,57,10
50,57,10
50,57,10
50,57,10
50,57,10
50,57,10
50,57,10
50,57,10
50,51,10
50,51,10
50,51,10
50,51,10
50,51,10
50,51,10
50,51,10
50,51,10
50,51,10
50,51,10
50,51,10
50,51,10
50,48,10
50,48,10
50,48,10
50,48,10
50,48,10
50,48,10
50,48,10
50,48,10
50,48,10
50,48,10
50,48,10
50,48,10
50,48,10
50,48,10
50,48,10
50,48,10
50,48,10
50,48,10
50,48,10
50,48,10
50,48,10
50,48,10
50,48,10
50,48,10
50,48,10
50,48,10
50,48,10
50,48,10
50,48,10
50,48,10
70,58,10
70,58,10
70,58,10
70,58,10
70,58,10
70,58,10
70,58,10
70,58,10
70,58,10
70,58,10
70,58,10
70,58,10
70,58,10
70,58,10
70,58,10
70,58,10
70,58,10
70,58,10
70,58,10
70,58,10
70,58,10
70,58,10
70,58,10
70,58,10
70,58,10
70,58,10
70,58,10
70,58,10
70,58,10
70,58,10
70,58,10
70,58,10
70,52,10
70,52,10
70,52,10
70,52,10
70,52,10
70,52,10
70,52,10
70,52,10
70,52,10
70,52,10
70,52,10
70,52,10
70,52,10
70,52,10
70,52,10
70,52,10
70,52,10
70,52,10
70,52,10
70,52,10
70,52,10
70,52,10
70,72,10
70,72,10
70,72,10
70,72,10
70,72,10
70,72,10
70,72,10
70,72,10
70,72,10
70,72,10
70,72,10
70,72,10
70,72,10
70,72,10
70,72,10
70,72,10
70,55,10
70,55,10
70,55,10
70,55,10
70,55,10
70,55,10
70,55,10
70,55,10
70,55,10
70,55,10
70,55,10
70,55,10
70,55,10
70,88,10
70,88,10
70,88,10
70,88,10
70,88,10
70,88,10
70,88,10
70,88,10
70,88,10
70,88,10
70,88,10
70,88,10
70,88,10
70,88,10
70,88,10
70,88,10
70,88,10
70,88,10
70,88,10
70,88,10
70,88,10
70,88,10
70,88,10
70,88,10
70,88,10
70,88,10
70,88,10
70,88,10
70,78,10
70,78,10
70,78,10
70,78,10
70,78,10
70,78,10
70,78,10
70,78,10
70,78,10
70,78,10
70,78,10
70,78,10
70,78,10
70,78,10
70,78,10
70,78,10
70,78,10
70,78,10
70,78,10
70,78,10
70,78,10
70,78,10
70,78,10
70,78,10
70,78,10
70,78,10
70,78,10
70,78,10
70,78,10
70,78,10
70,78,10
70,78,10
70,78,10
70,78,10
70,66,10
70,66,10
70,66,10
70,66,10
70,66,10
70,66,10
70,66,10
70,66,10
70,66,10
70,66,10
70,66,10
70,66,10
70,66,10
70,66,10
70,66,10
70,66,10
70,66,10
70,66,10
70,66,10
70,66,10
70,66,10
70,66,10
70,66,10
70,66,10
70,66,10
70,66,10
70,66,10
70,66,10
70,78,10
70,78,10
70,78,10
70,78,10
70,78,10
70,78,10
70,78,10
70,78,10
70,78,10
70,78,10
70,78,10
70,78,10
70,78,10
70,78,10
70,78,10
70,78,10
70,78,10
70,78,10
70,78,10
70,78,10
70,78,10
70,78,10
70,78,10
70,78,10
70,78,10
70,78,10
70,78,10
70,78,10
70,78,10
70,78,10
70,78,10
70,78,10
70,78,10
70,78,10
70,78,10
70,78,10
70,78,10
70,78,10
70,78,10
70,78,10
70,78,10
70,76,10
70,76,10
70,76,10
70,76,10
70,76,10
70,76,10
70,76,10
70,76,10
70,76,10
70,76,10
70,76,10
70,76,10
70,76,10
70,76,10
70,76,10
70,76,10
70,76,10
70,76,10
70,76,10
70,76,10
70,76,10
70,56,10
70,56,10
70,56,10
70,56,10
70,56,10
70,56,10
70,56,10
70,66,10
70,66,10
70,66,10
70,66,10
70,66,10
70,66,10
70,76,10
70,76,10
70,76,10
70,76,10
70,76,10
70,76,10
70,76,10
70,76,10
70,76,10
70,76,10
70,76,10
70,76,10
70,76,10
70,71,10
70,71,10
70,71,10
70,71,10
70,71,10
70,71,10
70,71,10
70,71,10
70,71,10
70,71,10
70,71,10
70,71,10
70,71,10
70,71,10
70,71,10
70,71,10
70,71,10
70,71,10
70,71,10
70,71,10
70,71,10
70,71,10
70,71,10
70,71,10
70,71,10
70,71,10
70,71,10
70,71,10
70,71,10
70,71,10
70,71,10
70,71,10
70,71,10
70,71,10
70,71,10
70,71,10
70,71,10
70,71,10
70,71,10
70,71,10
70,71,10
70,71,10
70,71,10
70,71,10
70,96,10
70,96,10
70,96,10
70,96,10
70,96,10
70,96,10
70,96,10
70,96,10
70,96,10
70,96,10
70,96,10
70,96,10
70,96,10
70,96,10
70,96,10
70,69,10
70,69,10
70,69,10
70,69,10
70,69,10
70,69,10
70,69,10
70,69,10
70,69,10
70,69,10
70,69,10
70,70,10
70,70,10
70,70,10
70,70,10
70,70,10
70,70,10
70,70,10
70,70,10
70,70,10
70,70,10
70,70,10
70,70,10
70,70,10
70,70,10
70,70,10
70,70,10
70,70,10
70,70,10
70,70,10
70,70,10
70,70,10
70,70,10
70,70,10
70,70,10
70,70,10
70,70,10
70,70,10
70,70,10
70,70,10
70,70,10
70,70,10
70,70,10
70,70,10
70,70,10
70,69,10
70,69,10
70,69,10
70,69,10
70,69,10
70,69,10
70,69,10
70,69,10
70,69,10
70,69,10
70,69,10
70,69,10
70,69,10
70,69,10
70,69,10
70,69,10
70,69,10
70,69,10
70,69,10
70,69,10
70,69,10
70,69,10
70,69,10
70,69,10
70,69,10
70,69,10
70,69,10
70,69,10
70,69,10
70,69,10
70,69,10
70,69,10
70,69,10
70,69,10
70,69,10
70,69,10
70,69,10
70,69,10
70,69,10
70,69,10
70,69,10
70,69,10
70,69,10
70,69,10
70,69,10
70,69,10
70,69,10
70,69,10
70,69,10
70,69,10
70,69,10
70,69,10
70,70,10
70,70,10
70,70,10
70,70,10
70,70,10
70,70,10
70,70,10
70,70,10
70,70,10
70,70,10
70,70,10
70,70,10
70,63,10
70,63,10
70,63,10
70,63,10
70,63,10
70,63,10
70,63,10
70,63,10
70,63,10
70,63,10
70,63,10
70,63,10
70,63,10
70,63,10
70,63,10
70,63,10
70,63,10
70,63,10
70,63,10
70,63,10
70,85,10
70,85,10
70,85,10
70,85,10
70,85,10
70,85,10
70,85,10
70,85,10
70,85,10
70,85,10
70,85,10
70,85,10
70,85,10
70,73,10
70,73,10
70,73,10
70,73,10
70,73,10
70,73,10
70,73,10
70,73,10
70,73,10
70,73,10
70,73,10
70,73,10
70,73,10
70,73,10
70,73,10
70,73,10
70,73,10
70,73,10
70,73,10
70,73,10
70,73,10
70,73,10
70,73,10
70,73,10
70,73,10
70,73,10
70,73,10
70,73,10
70,73,10
70,73,10
70,73,10
70,73,10
70,64,10
70,64,10
70,64,10
70,64,10
70,64,10
70,64,10
70,64,10
70,64,10
70,64,10
70,64,10
70,64,10
70,64,10
70,64,10
70,64,10
70,64,10
70,64,10
70,64,10
70,64,10
70,64,10
70,64,10
70,64,10
70,64,10
70,64,10
70,64,10
70,64,10
70,64,10
70,64,10
70,64,10
70,64,10
70,64,10
70,64,10
70,64,10
70,69,10
70,69,10
70,69,10
70,69,10
70,69,10
70,69,10
70,69,10
70,69,10
70,69,10
70,69,10
70,69,10
70,69,10
70,68,10
70,68,10
70,68,10
70,68,10
70,68,10
70,68,10
70,68,10
70,68,10
70,68,10
70,68,10
70,68,10
70,68,10
70,68,10
70,81,10
70,81,10
70,81,10
70,81,10
70,81,10
70,81,10
70,81,10
70,81,10
70,81,10
70,71,10
70,71,10
70,71,10
70,71,10
70,71,10
70,71,10
70,71,10
70,71,10
70,71,10
70,71,10
70,71,10
70,71,10
70,71,10
70,71,10
70,71,10
70,71,10
70,71,10
70,71,10
70,71,10
70,71,10
70,71,10
70,71,10
100,89,10
100,89,10
100,89,10
100,89,10
100,89,10
100,89,10
100,89,10
100,89,10
100,89,10
100,89,10
100,89,10
100,89,10
100,89,10
100,91,10
100,91,10
100,91,10
100,91,10
100,91,10
100,91,10
100,91,10
100,91,10
100,91,10
100,103,10
100,103,10
100,103,10
100,103,10
100,103,10
100,103,10
100,103,10
100,103,10
100,103,10
100,103,10
100,103,10
100,103,10
100,103,10
100,103,10
100,103,10
100,103,10
100,103,10
100,103,10
100,103,10
100,103,10
100,103,10
100,103,10
100,103,10
100,103,10
100,103,10
100,103,10
100,103,10
100,103,10
100,103,10
100,103,10
100,103,10
100,103,10
100,103,10
100,103,10
100,103,10
100,103,10
100,95,10
100,95,10
100,95,10
100,95,10
100,95,10
100,95,10
100,95,10
100,95,10
100,95,10
100,95,10
100,95,10
100,95,10
100,95,10
100,95,10
100,95,10
100,100,10
100,100,10
100,100,10
100,100,10
100,100,10
100,100,10
100,100,10
100,100,10
100,100,10
100,100,10
100,100,10
100,100,10
100,100,10
100,100,10
100,100,10
100,100,10
100,100,10
100,104,10
100,104,10
100,104,10
100,104,10
100,104,10
100,104,10
100,104,10
100,104,10
100,104,10
100,104,10
100,104,10
100,104,10
100,104,10
100,104,10
100,104,10
100,104,10
100,104,10
100,104,10
100,104,10
100,104,10
100,104,10
100,104,10
100,104,10
100,104,10
100,104,10
100,104,10
100,104,10
100,104,10
100,104,10
100,104,10
100,104,10
100,104,10
100,104,10
100,104,10
100,104,10
100,104,10
100,104,10
100,104,10
100,104,10
100,104,10
100,97,10
100,97,10
100,97,10
100,97,10
100,97,10
100,97,10
100,97,10
100,97,10
100,97,10
100,97,10
100,97,10
100,97,10
100,97,10
100,97,10
100,97,10
100,97,10
100,97,10
100,97,10
100,97,10
100,97,10
100,97,10
100,97,10
100,97,10
100,97,10
100,97,10
100,97,10
100,97,10
100,97,10
100,97,10
100,97,10
100,97,10
100,96,10
100,96,10
100,96,10
100,96,10
100,96,10
100,96,10
100,96,10
100,96,10
100,96,10
100,96,10
100,96,10
100,96,10
100,96,10
100,96,10
100,101,10
100,101,10
100,101,10
100,101,10
100,101,10
100,101,10
100,101,10
100,101,10
100,101,10
100,101,10
100,101,10
100,101,10
100,101,10
100,101,10
100,101,10
100,101,10
100,101,10
100,101,10
100,101,10
100,101,10
100,101,10
100,101,10
100,101,10
100,101,10
100,101,10
100,101,10
100,101,10
100,101,10
100,101,10
100,101,10
100,101,10
100,101,10
100,101,10
100,101,10
100,101,10
100,101,10
100,101,10
100,101,10
100,101,10
100,101,10
100,101,10
100,101,10
100,101,10
100,101,10
100,101,10
100,101,10
100,101,10
100,82,10
100,82,10
100,82,10
100,82,10
100,82,10
100,82,10
100,82,10
100,82,10
100,82,10
100,82,10
100,82,10
100,108,10
100,108,10
100,108,10
100,108,10
100,108,10
100,108,10
100,108,10
100,108,10
100,108,10
100,108,10
100,108,10
100,108,10
100,108,10
100,108,10
100,108,10
100,108,10
100,108,10
100,108,10
100,108,10
100,108,10
100,108,10
100,108,10
100,100,10
100,100,10
100,100,10
100,100,10
100,100,10
100,100,10
100,100,10
100,100,10
100,100,10
100,100,10
100,100,10
100,100,10
100,100,10
100,100,10
100,100,10
100,100,10
100,100,10
100,100,10
100,100,10
100,100,10
100,100,10
100,100,10
100,100,10
100,100,10
100,100,10
100,100,10
100,100,10
100,100,10
100,100,10
100,100,10
100,93,10
100,93,10
100,93,10
100,93,10
100,93,10
100,93,10
100,93,10
100,93,10
100,93,10
100,93,10
100,93,10
100,93,10
100,93,10
100,93,10
100,93,10
100,93,10
100,93,10
100,93,10
100,93,10
100,93,10
100,93,10
100,93,10
100,93,10
100,93,10
100,93,10
100,93,10
100,93,10
100,93,10
100,93,10
100,118,10
100,118,10
100,118,10
100,118,10
100,118,10
100,118,10
100,118,10
100,118,10
100,118,10
100,118,10
100,118,10
100,118,10
100,100,10
100,100,10
100,100,10
100,100,10
100,100,10
100,100,10
100,100,10
100,100,10
100,100,10
100,100,10
100,100,10
100,100,10
100,100,10
100,100,10
100,100,10
100,100,10
100,100,10
100,100,10
100,100,10
100,100,10
100,100,10
100,100,10
100,113,10
100,113,10
100,113,10
100,113,10
100,113,10
100,113,10
100,113,10
100,112,10
100,112,10
100,112,10
100,112,10
100,112,10
100,112,10
100,112,10
100,91,10
100,91,10
100,91,10
100,91,10
100,91,10
100,91,10
100,91,10
100,91,10
100,91,10
100,91,10
100,91,10
100,91,10
100,91,10
100,91,10
100,91,10
100,91,10
100,91,10
100,91,10
100,91,10
100,91,10
100,91,10
100,91,10
100,91,10
100,91,10
100,91,10
100,91,10
100,102,10
100,102,10
100,102,10
100,102,10
100,102,10
100,102,10
100,102,10
100,102,10
100,110,10
100,110,10
100,110,10
100,110,10
100,110,10
100,110,10
100,110,10
100,110,10
100,110,10
100,110,10
100,110,10
100,110,10
100,110,10
100,110,10
100,110,10
100,110,10
100,110,10
100,110,10
100,110,10
100,110,10
100,110,10
100,110,10
100,110,10
100,110,10
100,110,10
100,110,10
100,110,10
100,110,10
100,110,10
100,110,10
100,110,10
100,110,10
100,110,10
100,110,10
100,110,10
100,110,10
100,110,10
100,110,10
100,110,10
100,110,10
100,110,10
100,110,10
100,110,10
100,110,10
100,110,10
100,110,10
100,110,10
100,110,10
100,110,10
100,110,10
100,110,10
100,110,10
100,110,10
100,110,10
100,110,10
100,110,10
100,110,10
100,110,10
100,110,10
100,85,10
100,85,10
100,85,10
100,85,10
100,85,10
100,85,10
100,85,10
100,85,10
100,85,10
100,85,10
100,85,10
100,85,10
100,85,10
100,85,10
100,85,10
100,85,10
100,85,10
100,85,10
100,85,10
100,85,10
100,85,10
100,85,10
100,85,10
100,85,10
100,85,10
100,85,10
100,85,10
100,85,10
100,85,10
100,85,10
100,85,10
100,85,10
100,85,10
100,85,10
100,85,10
100,120,10
100,120,10
100,120,10
100,120,10
100,120,10
100,120,10
100,120,10
100,120,10
100,120,10
100,120,10
100,120,10
100,120,10
100,120,10
100,120,10
100,115,10
100,115,10
100,115,10
100,115,10
100,115,10
100,115,10
100,115,10
100,115,10
100,115,10
100,115,10
100,115,10
100,115,10
100,115,10
100,115,10
100,115,10
100,115,10
100,115,10
100,115,10
100,115,10
100,106,10
100,106,10
100,106,10
100,106,10
100,106,10
100,106,10
100,106,10
100,106,10
100,106,10
100,106,10
100,106,10
100,106,10
100,106,10
100,106,10
100,106,10
140,129,10
140,129,10
140,129,10
140,129,10
140,129,10
140,129,10
140,129,10
140,129,10
140,129,10
140,129,10
140,129,10
140,129,10
140,129,10
140,129,10
140,129,10
140,129,10
140,129,10
140,129,10
140,129,10
140,129,10
140,129,10
140,129,10
140,129,10
140,129,10
140,129,10
140,129,10
140,129,10
140,129,10
140,129,10
140,129,10
140,129,10
140,129,10
140,129,10
140,129,10
140,129,10
140,129,10
140,129,10
140,129,10
140,129,10
140,129,10
140,129,10
140,129,10
140,129,10
140,139,10
140,139,10
140,139,10
140,139,10
140,139,10
140,139,10
140,139,10
140,139,10
140,139,10
140,139,10
140,139,10
140,139,10
140,139,10
140,139,10
140,139,10
140,139,10
140,116,10
140,116,10
140,116,10
140,116,10
140,116,10
140,116,10
140,116,10
140,116,10
140,116,10
140,116,10
140,116,10
140,116,10
140,156,10
140,156,10
140,156,10
140,156,10
140,156,10
140,156,10
140,156,10
140,156,10
140,156,10
140,156,10
140,156,10
140,156,10
140,156,10
140,156,10
140,156,10
140,156,10
140,156,10
140,156,10
140,156,10
140,156,10
140,156,10
140,156,10
140,156,10
140,156,10
140,156,10
140,156,10
140,156,10
140,156,10
140,156,10
140,156,10
140,156,10
140,156,10
140,156,10
140,156,10
140,156,10
140,156,10
140,156,10
140,156,10
140,156,10
140,156,10
140,156,10
140,156,10
140,156,10
140,156,10
140,156,10
140,156,10
140,156,10
140,156,10
140,156,10
140,156,10
140,156,10
140,156,10
140,156,10
140,143,10
140,143,10
140,143,10
140,143,10
140,143,10
140,143,10
140,143,10
140,143,10
140,143,10
140,155,10
140,155,10
140,155,10
140,155,10
140,155,10
140,155,10
140,155,10
140,155,10
140,155,10
140,155,10
140,155,10
140,127,10
140,127,10
140,127,10
140,127,10
140,127,10
140,127,10
140,127,10
140,127,10
140,127,10
140,127,10
140,127,10
140,127,10
140,127,10
140,127,10
140,127,10
140,127,10
140,127,10
140,127,10
140,127,10
140,127,10
140,127,10
140,127,10
140,127,10
140,127,10
140,127,10
140,127,10
140,127,10
140,127,10
140,127,10
140,127,10
140,127,10
140,127,10
140,127,10
140,127,10
140,127,10
140,146,10
140,146,10
140,146,10
140,146,10
140,146,10
140,146,10
140,146,10
140,146,10
140,146,10
140,146,10
140,146,10
140,146,10
140,146,10
140,146,10
140,146,10
140,138,10
140,138,10
140,138,10
140,138,10
140,138,10
140,138,10
140,138,10
140,138,10
140,138,10
140,138,10
140,138,10
140,138,10
140,138,10
140,137,10
140,137,10
140,137,10
140,137,10
140,137,10
140,137,10
140,137,10
140,137,10
140,137,10
140,137,10
140,137,10
140,137,10
140,137,10
140,137,10
140,137,10
140,137,10
140,137,10
140,137,10
140,137,10
140,153,10
140,153,10
140,153,10
140,153,10
140,153,10
140,153,10
140,153,10
140,153,10
140,153,10
140,153,10
140,153,10
140,153,10
140,153,10
140,153,10
140,153,10
140,153,10
140,153,10
140,153,10
140,153,10
140,150,10
140,150,10
140,150,10
140,150,10
140,150,10
140,150,10
140,150,10
140,150,10
140,150,10
140,150,10
140,150,10
140,150,10
140,150,10
140,150,10
140,150,10
140,150,10
140,150,10
140,150,10
140,150,10
140,150,10
140,150,10
140,150,10
140,150,10
140,150,10
140,150,10
140,150,10
140,150,10
140,150,10
140,150,10
140,124,10
140,124,10
140,124,10
140,124,10
140,124,10
140,124,10
140,124,10
140,124,10
140,124,10
140,124,10
140,124,10
140,124,10
140,124,10
140,124,10
140,124,10
140,124,10
140,124,10
140,124,10
140,124,10
140,124,10
140,124,10
140,124,10
140,124,10
140,124,10
140,124,10
140,124,10
140,134,10
140,134,10
140,134,10
140,134,10
140,134,10
140,134,10
140,134,10
140,134,10
140,134,10
140,134,10
140,134,10
140,134,10
140,134,10
140,134,10
140,134,10
140,134,10
140,134,10
140,134,10
140,134,10
140,134,10
140,134,10
140,134,10
140,134,10
140,134,10
140,134,10
140,134,10
140,154,10
140,154,10
140,154,10
140,154,10
140,154,10
140,154,10
140,154,10
140,154,10
140,154,10
140,154,10
140,154,10
140,154,10
140,154,10
140,154,10
140,154,10
140,154,10
140,154,10
140,154,10
140,154,10
140,154,10
140,154,10
140,154,10
140,154,10
140,154,10
140,154,10
140,154,10
140,154,10
140,154,10
140,154,10
140,154,10
140,139,10
140,139,10
140,139,10
140,139,10
140,139,10
140,139,10
140,139,10
140,139,10
140,139,10
140,139,10
140,139,10
140,139,10
140,139,10
140,139,10
140,139,10
140,139,10
140,139,10
140,139,10
140,139,10
140,139,10
