true_pos,obs_pos,true_var
239,286,20
239,286,20
239,286,20
239,286,20
239,286,20
239,286,20
239,286,20
239,286,20
239,286,20
239,286,20
239,286,20
239,286,20
239,279,20
239,279,20
239,279,20
239,279,20
239,279,20
239,279,20
239,279,20
239,279,20
239,279,20
239,241,20
239,241,20
239,241,20
239,241,20
239,241,20
239,241,20
239,241,20
239,241,20
239,241,20
239,241,20
239,241,20
239,241,20
239,241,20
239,241,20
239,218,20
239,218,20
239,218,20
239,218,20
239,218,20
239,218,20
239,208,20
239,208,20
239,208,20
239,208,20
239,208,20
239,208,20
239,208,20
239,208,20
239,208,20
239,208,20
239,208,20
239,208,20
239,208,20
239,208,20
239,208,20
239,208,20
239,208,20
239,208,20
239,208,20
239,208,20
239,208,20
239,208,20
239,208,20
239,208,20
239,208,20
239,262,20
239,262,20
239,262,20
239,262,20
239,262,20
239,262,20
239,262,20
239,262,20
239,262,20
239,262,20
239,262,20
239,262,20
239,262,20
239,262,20
239,262,20
239,262,20
239,262,20
239,262,20
239,262,20
239,262,20
239,262,20
239,262,20
239,262,20
239,262,20
239,262,20
239,262,20
239,262,20
239,242,20
239,242,20
239,242,20
239,242,20
239,242,20
239,242,20
239,242,20
239,242,20
239,242,20
239,242,20
239,242,20
239,242,20
239,242,20
239,242,20
239,242,20
239,232,20
239,232,20
239,232,20
239,232,20
239,232,20
239,232,20
239,232,20
239,232,20
239,232,20
239,232,20
239,232,20
239,232,20
239,232,20
239,232,20
239,232,20
239,232,20
239,232,20
239,232,20
239,232,20
239,243,20
239,243,20
239,243,20
239,243,20
239,243,20
239,243,20
239,243,20
239,243,20
239,243,20
239,243,20
239,243,20
239,243,20
239,243,20
239,243,20
239,243,20
239,243,20
239,243,20
239,243,20
239,243,20
239,243,20
239,243,20
239,243,20
239,243,20
239,243,20
239,243,20
239,243,20
239,243,20
239,257,20
239,257,20
239,257,20
239,257,20
239,257,20
239,257,20
239,224,20
239,224,20
239,224,20
239,224,20
239,224,20
239,224,20
239,224,20
239,224,20
239,224,20
239,224,20
199,193,20
199,193,20
199,193,20
199,193,20
199,193,20
199,193,20
199,193,20
199,193,20
199,193,20
199,193,20
199,193,20
199,193,20
199,193,20
199,193,20
199,193,20
199,193,20
199,193,20
199,193,20
199,193,20
199,193,20
199,193,20
199,193,20
199,193,20
199,193,20
199,193,20
199,193,20
199,193,20
199,193,20
199,193,20
199,193,20
199,193,20
199,193,20
199,193,20
199,193,20
199,188,20
199,188,20
199,188,20
199,188,20
199,188,20
199,188,20
199,188,20
199,188,20
199,188,20
199,188,20
199,188,20
199,188,20
199,188,20
199,188,20
199,188,20
199,188,20
199,188,20
199,188,20
199,188,20
199,188,20
199,188,20
199,188,20
199,188,20
199,188,20
199,188,20
199,188,20
199,188,20
199,188,20
199,188,20
199,188,20
199,188,20
199,188,20
199,188,20
199,188,20
199,188,20
199,188,20
199,188,20
199,188,20
199,188,20
199,188,20
199,188,20
199,188,20
199,188,20
199,188,20
199,188,20
199,198,20
199,198,20
199,198,20
199,198,20
199,198,20
199,198,20
199,198,20
199,198,20
199,198,20
199,198,20
199,198,20
199,198,20
199,198,20
199,198,20
199,198,20
199,198,20
199,198,20
199,198,20
199,198,20
199,198,20
199,198,20
199,198,20
199,198,20
199,198,20
199,198,20
199,198,20
199,198,20
199,198,20
199,198,20
199,198,20
199,198,20
199,198,20
199,198,20
199,213,20
199,213,20
199,213,20
199,213,20
199,213,20
199,213,20
199,213,20
199,213,20
199,213,20
199,213,20
199,213,20
199,213,20
199,213,20
199,213,20
199,213,20
199,213,20
199,213,20
199,213,20
199,213,20
199,213,20
199,213,20
199,213,20
199,213,20
199,213,20
199,213,20
199,213,20
199,213,20
199,220,20
199,220,20
199,220,20
199,220,20
199,220,20
199,220,20
199,220,20
199,220,20
199,220,20
199,220,20
199,220,20
199,220,20
199,220,20
199,231,20
199,231,20
199,231,20
199,231,20
199,231,20
199,231,20
199,231,20
199,231,20
199,231,20
199,231,20
199,231,20
199,231,20
199,231,20
199,231,20
199,231,20
199,231,20
199,231,20
199,231,20
199,231,20
199,224,20
199,224,20
199,224,20
199,224,20
199,224,20
199,224,20
199,224,20
199,224,20
199,224,20
199,224,20
199,224,20
199,224,20
199,224,20
199,224,20
199,224,20
199,224,20
199,224,20
199,224,20
199,224,20
199,224,20
199,194,20
199,194,20
199,194,20
199,194,20
199,194,20
199,194,20
199,194,20
199,194,20
199,194,20
199,194,20
199,194,20
199,194,20
199,194,20
199,194,20
199,194,20
199,194,20
199,194,20
199,194,20
199,194,20
199,194,20
199,194,20
199,194,20
199,194,20
199,194,20
199,194,20
199,194,20
199,194,20
199,194,20
199,194,20
199,194,20
199,194,20
199,194,20
199,194,20
199,194,20
199,194,20
199,194,20
199,191,20
199,191,20
199,191,20
199,191,20
199,191,20
199,191,20
199,191,20
199,191,20
199,191,20
199,191,20
199,191,20
199,191,20
199,191,20
199,191,20
199,191,20
199,185,20
199,185,20
199,185,20
199,185,20
199,185,20
199,185,20
199,185,20
199,185,20
199,185,20
199,185,20
199,185,20
199,185,20
199,185,20
199,185,20
199,185,20
199,185,20
199,172,20
199,172,20
199,172,20
199,172,20
199,172,20
199,172,20
199,172,20
199,172,20
199,172,20
199,172,20
199,172,20
199,172,20
199,172,20
199,172,20
199,172,20
199,172,20
199,172,20
199,172,20
199,172,20
199,172,20
199,172,20
199,172,20
199,172,20
199,172,20
199,172,20
199,172,20
199,172,20
199,172,20
199,172,20
199,172,20
199,172,20
199,172,20
199,172,20
199,172,20
199,172,20
199,172,20
199,172,20
199,172,20
199,172,20
199,172,20
179,145,20
179,145,20
179,145,20
179,145,20
179,145,20
179,145,20
179,145,20
179,145,20
179,145,20
179,145,20
179,145,20
179,145,20
179,145,20
179,145,20
179,145,20
179,145,20
179,145,20
179,145,20
179,145,20
179,145,20
179,145,20
179,145,20
179,145,20
179,145,20
179,145,20
179,145,20
179,145,20
179,145,20
179,145,20
179,145,20
179,145,20
179,145,20
179,145,20
179,145,20
179,192,20
179,192,20
179,192,20
179,192,20
179,192,20
179,192,20
179,192,20
179,192,20
179,192,20
179,192,20
179,192,20
179,192,20
179,192,20
179,192,20
179,192,20
179,192,20
179,192,20
179,192,20
179,192,20
179,192,20
179,192,20
179,192,20
179,192,20
179,192,20
179,206,20
179,206,20
179,206,20
179,206,20
179,206,20
179,206,20
179,206,20
179,206,20
179,206,20
179,206,20
179,206,20
179,206,20
179,206,20
179,206,20
179,177,20
179,177,20
179,177,20
179,177,20
179,177,20
179,177,20
179,177,20
179,177,20
179,177,20
179,177,20
179,177,20
179,177,20
179,177,20
179,177,20
179,177,20
179,177,20
179,177,20
179,177,20
179,177,20
179,177,20
179,177,20
179,177,20
179,177,20
179,177,20
179,177,20
179,177,20
179,221,20
179,221,20
179,221,20
179,221,20
179,221,20
179,221,20
179,221,20
179,221,20
179,221,20
179,221,20
179,221,20
179,221,20
179,221,20
179,221,20
179,221,20
179,221,20
179,221,20
179,221,20
179,221,20
179,221,20
179,221,20
179,221,20
179,224,20
179,224,20
179,224,20
179,224,20
179,224,20
179,224,20
179,224,20
179,224,20
179,224,20
179,224,20
179,153,20
179,153,20
179,153,20
179,153,20
179,153,20
179,153,20
179,153,20
179,153,20
179,153,20
179,153,20
179,153,20
179,153,20
179,153,20
179,153,20
179,156,20
179,156,20
179,156,20
179,156,20
179,156,20
179,156,20
179,163,20
179,163,20
179,163,20
179,163,20
179,163,20
179,163,20
179,163,20
179,163,20
179,163,20
179,163,20
179,163,20
179,163,20
179,163,20
179,163,20
179,163,20
179,163,20
179,163,20
179,163,20
179,163,20
179,163,20
179,163,20
179,163,20
179,194,20
179,194,20
179,194,20
179,194,20
179,194,20
179,194,20
179,194,20
179,194,20
179,194,20
179,194,20
179,194,20
179,174,20
179,174,20
179,174,20
179,174,20
179,174,20
179,174,20
179,174,20
179,174,20
179,174,20
179,174,20
179,174,20
179,174,20
179,174,20
179,174,20
179,174,20
179,174,20
179,174,20
179,174,20
179,174,20
179,174,20
179,174,20
179,174,20
179,194,20
179,194,20
179,194,20
179,194,20
179,194,20
179,194,20
179,194,20
179,194,20
179,199,20
179,199,20
179,199,20
179,199,20
179,199,20
179,199,20
179,199,20
179,199,20
179,199,20
179,199,20
179,199,20
179,199,20
179,199,20
179,199,20
179,199,20
179,199,20
139,157,20
139,157,20
139,157,20
139,157,20
139,157,20
139,157,20
139,157,20
139,157,20
139,157,20
139,157,20
139,157,20
139,157,20
139,157,20
139,157,20
139,157,20
139,157,20
139,157,20
139,157,20
139,157,20
139,157,20
139,157,20
139,157,20
139,157,20
139,157,20
139,157,20
139,157,20
139,157,20
139,157,20
139,157,20
139,157,20
139,157,20
139,157,20
139,157,20
139,157,20
139,157,20
139,157,20
139,157,20
139,157,20
139,157,20
139,157,20
139,157,20
139,157,20
139,157,20
139,147,20
139,147,20
139,147,20
139,147,20
139,147,20
139,147,20
139,147,20
139,147,20
139,147,20
139,147,20
139,147,20
139,140,20
139,140,20
139,140,20
139,140,20
139,140,20
139,140,20
139,140,20
139,140,20
139,140,20
139,140,20
139,140,20
139,140,20
139,158,20
139,158,20
139,158,20
139,158,20
139,158,20
139,158,20
139,158,20
139,158,20
139,158,20
139,158,20
139,158,20
139,158,20
139,158,20
139,158,20
139,158,20
139,158,20
139,158,20
139,158,20
139,158,20
139,158,20
139,158,20
139,158,20
139,158,20
139,158,20
139,158,20
139,158,20
139,158,20
139,158,20
139,158,20
139,158,20
139,158,20
139,158,20
139,158,20
139,158,20
139,158,20
139,158,20
139,158,20
139,124,20
139,124,20
139,124,20
139,124,20
139,124,20
139,124,20
139,124,20
139,124,20
139,124,20
139,124,20
139,124,20
139,124,20
139,124,20
139,124,20
139,124,20
139,124,20
139,124,20
139,124,20
139,124,20
139,124,20
139,124,20
139,124,20
139,124,20
139,124,20
139,124,20
139,124,20
139,124,20
139,124,20
139,124,20
139,124,20
139,124,20
139,124,20
139,124,20
139,124,20
139,124,20
139,124,20
139,124,20
139,131,20
139,131,20
139,131,20
139,131,20
139,131,20
139,131,20
139,165,20
139,165,20
139,165,20
139,165,20
139,165,20
139,165,20
139,165,20
139,165,20
139,165,20
139,165,20
139,165,20
139,165,20
139,165,20
139,165,20
139,165,20
139,165,20
139,165,20
139,165,20
139,165,20
139,165,20
139,165,20
139,165,20
139,165,20
139,165,20
139,165,20
139,165,20
139,165,20
139,165,20
139,165,20
139,161,20
139,161,20
139,161,20
139,161,20
139,161,20
139,161,20
139,161,20
159,147,20
159,147,20
159,147,20
159,147,20
159,147,20
159,147,20
159,147,20
159,147,20
159,147,20
159,147,20
159,147,20
159,147,20
159,147,20
159,147,20
159,147,20
159,147,20
159,147,20
159,147,20
159,147,20
159,147,20
159,147,20
159,128,20
159,128,20
159,128,20
159,128,20
159,128,20
159,128,20
159,128,20
159,128,20
159,128,20
159,128,20
159,128,20
159,128,20
159,128,20
159,128,20
159,128,20
159,128,20
159,128,20
159,128,20
159,128,20
159,128,20
159,128,20
159,128,20
159,128,20
159,128,20
159,128,20
159,128,20
159,128,20
159,128,20
159,128,20
159,128,20
159,128,20
159,128,20
159,128,20
159,128,20
159,128,20
159,128,20
159,128,20
159,128,20
159,128,20
159,128,20
159,128,20
159,128,20
159,128,20
159,128,20
159,128,20
159,128,20
159,128,20
159,128,20
159,128,20
159,128,20
159,128,20
159,128,20
159,128,20
159,128,20
159,128,20
159,166,20
159,166,20
159,166,20
159,166,20
159,166,20
159,166,20
159,166,20
159,166,20
159,166,20
159,166,20
159,166,20
159,166,20
159,166,20
159,166,20
159,166,20
159,166,20
159,165,20
159,165,20
159,165,20
159,165,20
159,165,20
159,165,20
159,165,20
159,165,20
159,179,20
159,179,20
159,179,20
159,179,20
159,179,20
159,179,20
159,179,20
159,179,20
159,179,20
159,179,20
159,179,20
159,179,20
159,179,20
159,189,20
159,189,20
159,189,20
159,189,20
159,189,20
159,189,20
159,189,20
159,189,20
159,189,20
159,189,20
159,189,20
159,189,20
189,210,20
189,210,20
189,210,20
189,210,20
189,210,20
189,210,20
189,210,20
189,210,20
189,210,20
189,210,20
189,210,20
189,210,20
189,210,20
189,210,20
189,210,20
189,210,20
189,210,20
189,210,20
189,210,20
189,210,20
189,210,20
189,210,20
189,210,20
189,210,20
189,210,20
189,210,20
189,210,20
189,210,20
189,210,20
189,197,20
189,197,20
189,197,20
189,197,20
189,197,20
189,197,20
189,229,20
189,229,20
189,229,20
189,229,20
189,229,20
189,229,20
189,229,20
189,229,20
189,229,20
189,229,20
189,229,20
189,229,20
189,229,20
189,229,20
189,229,20
189,229,20
189,229,20
189,229,20
189,229,20
189,229,20
189,229,20
189,229,20
189,229,20
189,229,20
189,229,20
189,229,20
189,229,20
189,229,20
189,229,20
189,229,20
189,229,20
189,229,20
189,229,20
189,229,20
189,229,20
189,187,20
189,187,20
189,187,20
189,187,20
189,187,20
189,187,20
189,187,20
189,187,20
189,187,20
189,187,20
189,187,20
189,187,20
189,187,20
189,187,20
189,187,20
189,187,20
189,187,20
189,187,20
189,187,20
189,187,20
189,187,20
189,187,20
189,187,20
189,187,20
189,187,20
189,187,20
189,185,20
189,185,20
189,185,20
189,185,20
189,185,20
189,185,20
189,185,20
189,185,20
189,185,20
189,185,20
189,185,20
189,185,20
189,185,20
189,185,20
189,185,20
189,185,20
189,185,20
189,185,20
189,185,20
189,185,20
189,185,20
189,185,20
189,185,20
189,196,20
189,196,20
189,196,20
189,196,20
189,196,20
189,196,20
189,196,20
189,196,20
189,196,20
189,196,20
189,196,20
189,196,20
189,196,20
189,196,20
189,196,20
189,196,20
189,196,20
189,196,20
189,196,20
189,196,20
189,196,20
189,196,20
189,196,20
189,196,20
189,196,20
189,196,20
189,196,20
189,196,20
189,196,20
189,196,20
189,196,20
189,192,20
189,192,20
189,192,20
189,192,20
189,192,20
189,192,20
189,192,20
189,192,20
189,192,20
189,192,20
189,192,20
189,192,20
189,154,20
189,154,20
189,154,20
189,154,20
189,154,20
189,154,20
189,154,20
189,154,20
189,154,20
189,154,20
189,154,20
189,154,20
189,154,20
189,154,20
169,183,20
169,183,20
169,183,20
169,183,20
169,183,20
169,183,20
169,183,20
169,183,20
169,183,20
169,183,20
169,183,20
169,183,20
169,183,20
169,183,20
169,183,20
169,183,20
169,183,20
169,183,20
169,183,20
169,183,20
169,183,20
169,183,20
169,183,20
169,183,20
169,183,20
169,183,20
169,183,20
169,183,20
169,183,20
169,183,20
169,183,20
169,183,20
169,183,20
169,183,20
169,183,20
169,183,20
169,183,20
169,183,20
169,183,20
169,195,20
169,195,20
169,195,20
169,195,20
169,195,20
169,195,20
169,195,20
169,195,20
169,195,20
169,195,20
169,195,20
169,195,20
169,195,20
169,195,20
169,195,20
169,195,20
169,195,20
169,195,20
169,195,20
169,195,20
169,165,20
169,165,20
169,165,20
169,165,20
169,165,20
169,165,20
169,165,20
169,165,20
169,165,20
169,165,20
169,165,20
169,165,20
169,165,20
169,165,20
169,190,20
169,190,20
169,190,20
169,190,20
169,190,20
169,190,20
169,190,20
169,190,20
169,190,20
169,190,20
169,190,20
169,190,20
169,190,20
169,190,20
169,190,20
169,177,20
169,177,20
169,177,20
169,177,20
169,177,20
169,177,20
169,177,20
169,177,20
169,177,20
169,177,20
169,177,20
169,177,20
169,177,20
169,177,20
169,177,20
169,177,20
169,192,20
169,192,20
169,192,20
169,192,20
169,192,20
169,192,20
169,192,20
169,192,20
169,192,20
169,192,20
169,192,20
169,192,20
169,192,20
169,192,20
169,203,20
169,203,20
169,203,20
169,203,20
169,203,20
169,203,20
169,203,20
169,203,20
169,203,20
169,203,20
169,203,20
169,203,20
169,203,20
169,203,20
169,203,20
169,203,20
169,203,20
169,179,20
169,179,20
169,179,20
169,179,20
169,179,20
169,179,20
169,179,20
169,179,20
169,179,20
169,179,20
169,179,20
169,179,20
169,179,20
169,179,20
169,179,20
169,179,20
169,179,20
169,179,20
169,179,20
169,179,20
169,179,20
169,179,20
169,179,20
169,179,20
169,179,20
169,179,20
169,179,20
169,179,20
169,179,20
169,179,20
169,179,20
169,179,20
169,179,20
169,179,20
169,179,20
169,179,20
169,179,20
169,179,20
169,179,20
169,179,20
169,179,20
169,179,20
169,179,20
169,179,20
169,179,20
169,179,20
169,179,20
169,179,20
169,179,20
169,179,20
169,179,20
169,179,20
169,179,20
169,179,20
169,179,20
209,232,20
209,232,20
209,232,20
209,232,20
209,232,20
209,232,20
209,232,20
209,232,20
209,232,20
209,232,20
209,232,20
209,232,20
209,232,20
209,232,20
209,232,20
209,232,20
209,232,20
209,232,20
209,232,20
209,232,20
209,232,20
209,232,20
209,232,20
209,232,20
209,232,20
209,232,20
209,232,20
209,232,20
209,232,20
209,232,20
209,232,20
209,232,20
209,232,20
209,232,20
209,232,20
209,232,20
209,209,20
209,209,20
209,209,20
209,209,20
209,209,20
209,209,20
209,209,20
209,209,20
209,209,20
209,209,20
209,208,20
209,208,20
209,208,20
209,208,20
209,208,20
209,208,20
209,208,20
209,208,20
209,208,20
209,208,20
209,208,20
209,208,20
209,190,20
209,190,20
209,190,20
209,190,20
209,190,20
209,190,20
209,190,20
209,190,20
209,190,20
209,190,20
209,190,20
209,190,20
209,244,20
209,244,20
209,244,20
209,244,20
209,244,20
209,244,20
209,244,20
209,244,20
209,244,20
209,244,20
209,244,20
209,244,20
209,244,20
209,244,20
209,244,20
209,244,20
209,244,20
209,201,20
209,201,20
209,201,20
209,201,20
209,201,20
209,201,20
209,201,20
209,201,20
209,201,20
209,201,20
209,201,20
209,201,20
209,201,20
209,201,20
209,201,20
209,201,20
209,201,20
209,201,20
209,201,20
209,201,20
209,201,20
209,201,20
209,201,20
209,201,20
209,201,20
209,201,20
209,201,20
209,201,20
209,201,20
209,201,20
209,201,20
209,201,20
209,201,20
209,201,20
209,201,20
209,201,20
209,201,20
209,201,20
209,201,20
209,201,20
209,201,20
209,201,20
209,201,20
209,201,20
209,201,20
209,201,20
209,201,20
209,201,20
179,190,20
179,190,20
179,190,20
179,190,20
179,190,20
179,190,20
179,190,20
179,190,20
179,190,20
179,190,20
179,190,20
179,190,20
179,190,20
179,190,20
179,190,20
179,190,20
179,190,20
179,190,20
179,190,20
179,190,20
179,190,20
179,190,20
179,190,20
179,190,20
179,190,20
179,190,20
179,190,20
179,190,20
179,190,20
179,190,20
179,190,20
179,190,20
179,190,20
179,190,20
179,190,20
179,179,20
179,179,20
179,179,20
179,179,20
179,179,20
179,179,20
179,179,20
179,179,20
179,179,20
179,194,20
179,194,20
179,194,20
179,194,20
179,194,20
179,194,20
179,194,20
179,194,20
179,194,20
179,194,20
179,194,20
179,194,20
179,194,20
179,194,20
179,194,20
179,194,20
179,194,20
179,194,20
179,194,20
179,194,20
179,182,20
179,182,20
179,182,20
179,182,20
179,182,20
179,182,20
179,182,20
179,182,20
179,182,20
179,182,20
179,160,20
179,160,20
179,160,20
179,160,20
179,160,20
179,160,20
179,219,20
179,219,20
179,219,20
179,219,20
179,219,20
179,219,20
179,219,20
179,185,20
179,185,20
179,185,20
179,185,20
179,185,20
179,185,20
179,185,20
179,185,20
179,185,20
179,185,20
179,185,20
179,185,20
179,185,20
179,196,20
179,196,20
179,196,20
179,196,20
179,196,20
179,196,20
179,196,20
179,196,20
179,196,20
179,192,20
179,192,20
179,192,20
179,192,20
179,192,20
179,192,20
179,192,20
179,192,20
179,192,20
179,192,20
179,192,20
179,192,20
179,192,20
179,192,20
179,192,20
179,192,20
179,192,20
179,192,20
179,181,20
179,181,20
179,181,20
179,181,20
179,181,20
179,181,20
179,181,20
179,181,20
179,181,20
179,181,20
179,181,20
179,181,20
179,181,20
179,181,20
179,151,20
179,151,20
179,151,20
179,151,20
179,151,20
179,151,20
179,151,20
179,190,20
179,190,20
179,190,20
179,190,20
179,190,20
179,190,20
179,190,20
179,190,20
179,190,20
179,190,20
179,190,20
179,190,20
179,190,20
179,190,20
179,190,20
179,190,20
179,190,20
179,190,20
179,190,20
179,190,20
179,190,20
179,190,20
179,190,20
179,190,20
179,190,20
179,190,20
179,190,20
179,190,20
179,190,20
179,190,20
179,190,20
179,218,20
179,218,20
179,218,20
179,218,20
179,218,20
179,218,20
179,218,20
179,218,20
179,218,20
179,218,20
179,218,20
179,218,20
179,218,20
179,218,20
179,218,20
179,218,20
179,218,20
179,218,20
179,218,20
179,190,20
179,190,20
179,190,20
179,190,20
179,190,20
179,190,20
179,190,20
179,190,20
179,190,20
179,190,20
179,190,20
179,190,20
179,190,20
179,190,20
179,190,20
179,190,20
179,190,20
179,190,20
179,190,20
179,190,20
179,136,20
179,136,20
179,136,20
179,136,20
179,136,20
179,136,20
179,162,20
179,162,20
179,162,20
179,162,20
179,162,20
179,162,20
179,162,20
179,199,20
179,199,20
179,199,20
179,199,20
179,199,20
179,199,20
179,199,20
179,199,20
179,199,20
179,199,20
179,199,20
179,199,20
179,159,20
179,159,20
179,159,20
179,159,20
179,159,20
179,159,20
179,159,20
179,159,20
179,159,20
179,159,20
179,159,20
179,159,20
179,159,20
179,159,20
179,159,20
179,159,20
179,159,20
179,159,20
179,159,20
179,159,20
179,159,20
179,159,20
179,159,20
179,159,20
179,130,20
179,130,20
179,130,20
179,130,20
179,130,20
179,130,20
179,130,20
179,130,20
179,130,20
179,130,20
179,130,20
179,130,20
179,130,20
179,130,20
179,130,20
179,130,20
179,130,20
179,130,20
179,130,20
179,130,20
179,130,20
179,130,20
179,178,20
179,178,20
179,178,20
179,178,20
179,178,20
179,178,20
179,178,20
179,178,20
179,178,20
179,178,20
179,178,20
179,178,20
179,178,20
179,178,20
179,178,20
179,178,20
179,178,20
179,178,20
179,178,20
179,178,20
179,178,20
179,178,20
179,178,20
179,178,20
179,178,20
179,178,20
179,178,20
179,178,20
179,178,20
179,178,20
179,178,20
179,178,20
179,178,20
179,178,20
179,178,20
179,178,20
179,178,20
179,178,20
179,184,20
179,184,20
179,184,20
179,184,20
179,184,20
179,184,20
179,184,20
179,184,20
179,184,20
219,250,20
219,250,20
219,250,20
219,250,20
219,250,20
219,250,20
219,250,20
219,250,20
219,250,20
219,250,20
219,250,20
219,250,20
219,215,20
219,215,20
219,215,20
219,215,20
219,215,20
219,215,20
219,215,20
219,215,20
219,197,20
219,197,20
219,197,20
219,197,20
219,197,20
219,197,20
219,197,20
219,197,20
219,197,20
219,197,20
219,197,20
219,231,20
219,231,20
219,231,20
219,231,20
219,231,20
219,231,20
219,231,20
219,231,20
219,231,20
219,231,20
219,231,20
219,231,20
219,231,20
219,231,20
219,231,20
219,231,20
219,231,20
219,231,20
219,231,20
219,231,20
219,231,20
219,231,20
219,231,20
219,231,20
219,231,20
219,231,20
219,231,20
219,231,20
219,231,20
219,231,20
219,231,20
219,231,20
219,231,20
219,231,20
219,197,20
219,197,20
219,197,20
219,197,20
219,197,20
219,197,20
219,197,20
219,197,20
219,197,20
219,197,20
219,197,20
219,197,20
219,197,20
219,197,20
219,197,20
219,197,20
219,197,20
219,197,20
219,197,20
219,197,20
219,197,20
219,197,20
219,197,20
219,197,20
219,197,20
219,197,20
219,197,20
219,197,20
219,197,20
219,197,20
219,197,20
219,197,20
219,197,20
219,197,20
219,197,20
219,197,20
219,197,20
219,197,20
219,197,20
219,197,20
219,197,20
219,191,20
219,191,20
219,191,20
219,191,20
219,191,20
219,191,20
219,191,20
219,191,20
219,191,20
219,191,20
219,191,20
219,191,20
219,191,20
219,191,20
219,191,20
219,191,20
219,191,20
219,191,20
219,191,20
219,191,20
219,191,20
239,231,20
239,231,20
239,231,20
239,231,20
239,231,20
239,231,20
239,231,20
239,231,20
239,231,20
239,233,20
239,233,20
239,233,20
239,233,20
239,233,20
239,233,20
239,233,20
239,233,20
239,192,20
239,192,20
239,192,20
239,192,20
239,192,20
239,192,20
239,192,20
239,192,20
239,192,20
239,192,20
239,192,20
239,192,20
239,192,20
239,192,20
239,192,20
239,192,20
239,192,20
239,192,20
239,192,20
239,192,20
239,192,20
239,192,20
239,192,20
239,192,20
239,192,20
239,192,20
239,192,20
239,192,20
239,192,20
239,192,20
239,192,20
239,192,20
239,192,20
239,222,20
239,222,20
239,222,20
239,222,20
239,222,20
239,222,20
239,222,20
239,222,20
239,222,20
239,222,20
239,222,20
239,222,20
239,222,20
239,222,20
239,222,20
239,222,20
239,222,20
239,222,20
239,222,20
239,222,20
239,222,20
239,222,20
239,222,20
239,222,20
239,222,20
239,222,20
239,222,20
239,222,20
239,222,20
239,222,20
239,222,20
239,222,20
239,222,20
239,222,20
239,222,20
239,222,20
239,222,20
239,222,20
239,222,20
239,222,20
239,222,20
239,222,20
239,231,20
239,231,20
239,231,20
239,231,20
239,231,20
239,231,20
239,231,20
239,231,20
239,231,20
239,231,20
239,231,20
239,231,20
239,231,20
239,231,20
239,231,20
239,231,20
239,231,20
239,231,20
239,231,20
239,231,20
239,231,20
239,231,20
239,220,20
239,220,20
239,220,20
239,220,20
239,220,20
239,220,20
239,220,20
239,220,20
239,195,20
239,195,20
239,195,20
239,195,20
239,195,20
239,195,20
239,195,20
239,211,20
239,211,20
239,211,20
239,211,20
239,211,20
239,211,20
239,211,20
239,211,20
239,211,20
239,211,20
239,211,20
239,211,20
239,211,20
239,211,20
239,211,20
259,243,20
259,243,20
259,243,20
259,243,20
259,243,20
259,243,20
259,243,20
259,243,20
259,243,20
259,243,20
259,243,20
259,243,20
259,243,20
259,245,20
259,245,20
259,245,20
259,245,20
259,245,20
259,245,20
259,245,20
259,245,20
259,245,20
259,245,20
259,245,20
259,245,20
259,299,20
259,299,20
259,299,20
259,299,20
259,299,20
259,299,20
259,299,20
259,299,20
259,299,20
259,299,20
259,299,20
259,299,20
259,299,20
259,299,20
259,299,20
259,299,20
259,299,20
259,299,20
259,299,20
259,299,20
259,299,20
259,299,20
259,299,20
259,299,20
259,299,20
259,299,20
259,299,20
259,299,20
259,299,20
259,299,20
259,299,20
259,299,20
259,299,20
259,299,20
259,299,20
259,299,20
259,299,20
259,299,20
259,299,20
259,299,20
259,299,20
259,299,20
259,299,20
259,299,20
259,299,20
259,299,20
259,299,20
259,299,20
259,299,20
259,299,20
259,299,20
259,299,20
259,299,20
259,299,20
259,299,20
259,299,20
259,299,20
259,299,20
259,253,20
259,253,20
259,253,20
259,253,20
259,253,20
259,253,20
259,253,20
259,253,20
259,253,20
259,253,20
259,296,20
259,296,20
259,296,20
259,296,20
259,296,20
259,296,20
259,296,20
259,296,20
259,296,20
259,296,20
259,296,20
259,296,20
259,296,20
259,296,20
259,296,20
259,296,20
259,296,20
259,296,20
259,296,20
259,296,20
259,296,20
259,296,20
259,296,20
259,296,20
259,296,20
259,296,20
259,296,20
259,296,20
259,296,20
259,296,20
259,296,20
259,284,20
259,284,20
259,284,20
259,284,20
259,284,20
259,284,20
259,284,20
259,284,20
259,284,20
259,284,20
259,284,20
259,284,20
259,284,20
259,285,20
259,285,20
259,285,20
259,285,20
259,285,20
259,285,20
259,285,20
259,262,20
259,262,20
259,262,20
259,262,20
259,262,20
259,262,20
259,262,20
259,262,20
259,262,20
259,262,20
259,262,20
259,262,20
259,262,20
259,262,20
259,262,20
259,262,20
259,262,20
259,262,20
259,223,20
259,223,20
259,223,20
259,223,20
259,223,20
259,223,20
259,223,20
259,223,20
259,223,20
259,223,20
259,223,20
259,223,20
259,223,20
259,223,20
259,223,20
259,223,20
259,223,20
259,223,20
259,223,20
259,223,20
259,223,20
259,223,20
259,267,20
259,267,20
259,267,20
259,267,20
259,267,20
259,267,20
259,267,20
259,267,20
259,267,20
259,267,20
259,267,20
259,267,20
259,267,20
259,267,20
259,267,20
259,267,20
259,267,20
259,267,20
259,267,20
259,267,20
259,267,20
259,267,20
259,267,20
259,267,20
259,267,20
259,281,20
259,281,20
259,281,20
259,281,20
259,281,20
259,281,20
259,281,20
259,281,20
259,281,20
259,281,20
259,281,20
259,281,20
259,281,20
259,281,20
259,281,20
259,281,20
259,281,20
259,281,20
259,281,20
259,281,20
239,208,20
239,208,20
239,208,20
239,208,20
239,208,20
239,208,20
239,208,20
239,208,20
239,208,20
239,208,20
239,208,20
239,208,20
239,208,20
239,208,20
239,208,20
239,244,20
239,244,20
239,244,20
239,244,20
239,244,20
239,244,20
239,244,20
239,244,20
239,244,20
239,252,20
239,252,20
239,252,20
239,252,20
239,252,20
239,252,20
239,252,20
239,252,20
239,239,20
239,239,20
239,239,20
239,239,20
239,239,20
239,239,20
239,239,20
239,239,20
239,239,20
239,239,20
239,258,20
239,258,20
239,258,20
239,258,20
239,258,20
239,258,20
239,269,20
239,269,20
239,269,20
239,269,20
239,269,20
239,269,20
239,269,20
239,269,20
239,269,20
239,269,20
239,269,20
239,269,20
239,269,20
239,269,20
239,269,20
239,269,20
239,269,20
239,269,20
239,269,20
239,269,20
239,269,20
239,269,20
239,269,20
239,269,20
239,269,20
239,269,20
239,269,20
239,211,20
239,211,20
239,211,20
239,211,20
239,211,20
239,211,20
239,211,20
239,211,20
239,211,20
239,211,20
239,211,20
239,211,20
239,211,20
239,211,20
239,211,20
239,211,20
239,211,20
239,211,20
239,211,20
239,211,20
239,211,20
239,211,20
239,231,20
239,231,20
239,231,20
239,231,20
239,231,20
239,231,20
239,231,20
239,231,20
239,231,20
239,231,20
239,231,20
239,231,20
239,231,20
239,231,20
239,231,20
239,231,20
239,231,20
239,231,20
239,231,20
239,231,20
239,231,20
239,231,20
239,231,20
239,231,20
239,257,20
239,257,20
239,257,20
239,257,20
239,257,20
239,257,20
239,257,20
239,257,20
239,257,20
239,257,20
239,257,20
239,257,20
239,257,20
239,257,20
239,257,20
239,257,20
239,257,20
239,257,20
239,242,20
239,242,20
239,242,20
239,242,20
239,242,20
239,242,20
239,242,20
239,242,20
239,242,20
239,242,20
239,242,20
239,242,20
239,242,20
239,242,20
239,242,20
239,242,20
239,242,20
239,242,20
239,242,20
239,242,20
239,242,20
239,242,20
239,242,20
239,242,20
239,242,20
239,242,20
239,242,20
239,242,20
239,242,20
239,242,20
239,242,20
239,242,20
239,242,20
239,242,20
239,242,20
239,242,20
239,242,20
239,242,20
239,242,20
239,242,20
239,242,20
239,242,20
239,242,20
239,210,20
239,210,20
239,210,20
239,210,20
239,210,20
239,210,20
239,210,20
239,210,20
239,210,20
239,210,20
239,210,20
239,210,20
239,210,20
239,210,20
239,210,20
239,210,20
239,210,20
239,210,20
239,210,20
239,210,20
239,210,20
239,210,20
239,210,20
239,210,20
239,210,20
239,210,20
239,210,20
239,257,20
239,257,20
239,257,20
239,257,20
239,257,20
239,257,20
239,257,20
239,257,20
239,257,20
239,257,20
239,257,20
239,257,20
239,257,20
239,257,20
239,257,20
239,257,20
239,257,20
239,257,20
239,257,20
239,257,20
239,257,20
239,257,20
239,257,20
239,257,20
239,257,20
239,257,20
239,257,20
239,257,20
239,257,20
239,257,20
239,257,20
239,257,20
239,257,20
239,257,20
239,257,20
239,257,20
239,257,20
239,257,20
239,257,20
239,257,20
239,257,20
239,257,20
239,257,20
199,212,20
199,212,20
199,212,20
199,212,20
199,212,20
199,212,20
199,212,20
199,212,20
199,191,20
199,191,20
199,191,20
199,191,20
199,191,20
199,191,20
199,191,20
199,191,20
199,182,20
199,182,20
199,182,20
199,182,20
199,182,20
199,182,20
199,182,20
199,182,20
199,182,20
199,182,20
199,182,20
199,182,20
199,182,20
199,182,20
199,182,20
199,182,20
199,182,20
199,182,20
199,182,20
199,182,20
199,182,20
199,182,20
199,182,20
199,182,20
199,182,20
199,182,20
199,182,20
199,182,20
199,222,20
199,222,20
199,222,20
199,222,20
199,222,20
199,222,20
199,222,20
199,222,20
199,222,20
199,222,20
199,174,20
199,174,20
199,174,20
199,174,20
199,174,20
199,174,20
199,174,20
199,174,20
199,174,20
199,174,20
199,174,20
199,174,20
199,174,20
199,174,20
199,174,20
199,174,20
199,174,20
199,174,20
199,174,20
199,174,20
199,174,20
199,174,20
199,174,20
199,174,20
199,174,20
199,174,20
199,174,20
199,174,20
199,174,20
199,174,20
199,174,20
199,174,20
199,174,20
199,174,20
199,174,20
199,207,20
199,207,20
199,207,20
199,207,20
199,207,20
199,207,20
199,207,20
199,207,20
199,207,20
199,207,20
199,207,20
199,207,20
199,207,20
199,207,20
199,207,20
199,207,20
199,207,20
199,207,20
199,207,20
199,207,20
199,207,20
199,207,20
199,207,20
199,207,20
199,207,20
199,207,20
199,207,20
199,207,20
199,196,20
199,196,20
199,196,20
199,196,20
199,196,20
199,196,20
199,196,20
199,196,20
199,196,20
199,196,20
199,196,20
199,196,20
199,196,20
199,196,20
199,196,20
199,196,20
199,196,20
199,230,20
199,230,20
199,230,20
199,230,20
199,230,20
199,230,20
199,230,20
199,230,20
199,230,20
199,230,20
199,230,20
199,230,20
199,230,20
199,230,20
199,230,20
199,230,20
199,230,20
199,230,20
199,230,20
199,230,20
199,230,20
199,230,20
199,230,20
199,230,20
199,230,20
199,230,20
199,230,20
199,230,20
199,230,20
199,230,20
199,230,20
199,230,20
199,230,20
199,230,20
199,230,20
199,230,20
199,230,20
199,230,20
199,219,20
199,219,20
199,219,20
199,219,20
199,219,20
199,219,20
199,219,20
199,219,20
169,177,20
169,177,20
169,177,20
169,177,20
169,177,20
169,177,20
169,177,20
169,177,20
169,177,20
169,177,20
169,177,20
169,177,20
169,177,20
169,177,20
169,177,20
169,177,20
169,177,20
169,177,20
169,177,20
169,177,20
169,177,20
169,177,20
169,177,20
169,177,20
169,177,20
169,177,20
169,177,20
169,177,20
169,177,20
169,177,20
169,177,20
169,177,20
169,177,20
169,177,20
169,177,20
169,177,20
169,177,20
169,177,20
169,177,20
169,177,20
169,177,20
169,177,20
169,177,20
169,177,20
169,177,20
169,177,20
169,177,20
169,177,20
169,177,20
169,177,20
169,177,20
169,177,20
169,177,20
169,177,20
169,177,20
169,177,20
169,154,20
169,154,20
169,154,20
169,154,20
169,154,20
169,154,20
169,154,20
169,154,20
169,154,20
169,154,20
169,154,20
169,154,20
169,154,20
169,154,20
169,154,20
169,154,20
169,154,20
169,154,20
169,154,20
169,154,20
169,154,20
169,154,20
169,154,20
169,154,20
169,154,20
169,154,20
169,154,20
169,142,20
169,142,20
169,142,20
169,142,20
169,142,20
169,142,20
169,142,20
169,142,20
169,142,20
169,142,20
169,142,20
169,142,20
169,142,20
169,142,20
169,142,20
169,142,20
169,142,20
169,142,20
169,142,20
169,142,20
169,142,20
169,142,20
169,142,20
169,142,20
169,142,20
169,142,20
169,142,20
169,142,20
169,142,20
169,142,20
169,158,20
169,158,20
169,158,20
169,158,20
169,158,20
169,158,20
169,158,20
169,158,20
169,158,20
169,158,20
169,158,20
169,158,20
169,158,20
169,158,20
169,158,20
169,158,20
169,158,20
169,176,20
169,176,20
169,176,20
169,176,20
169,176,20
169,176,20
169,176,20
169,179,20
169,179,20
169,179,20
169,179,20
169,179,20
169,179,20
169,179,20
169,179,20
169,179,20
169,179,20
169,179,20
169,179,20
169,179,20
169,179,20
169,179,20
169,179,20
169,179,20
169,179,20
169,179,20
169,179,20
169,179,20
169,179,20
169,179,20
169,214,20
169,214,20
169,214,20
169,214,20
169,214,20
169,214,20
169,214,20
169,214,20
169,214,20
169,214,20
169,214,20
169,214,20
169,214,20
169,214,20
169,214,20
169,214,20
169,214,20
169,214,20
169,214,20
169,214,20
169,214,20
169,214,20
169,214,20
169,214,20
169,214,20
169,214,20
169,214,20
169,214,20
169,214,20
169,167,20
169,167,20
169,167,20
169,167,20
169,167,20
169,167,20
169,167,20
169,167,20
169,167,20
169,167,20
169,167,20
169,167,20
169,167,20
169,167,20
169,167,20
169,167,20
169,179,20
169,179,20
169,179,20
169,179,20
169,179,20
169,179,20
169,149,20
169,149,20
169,149,20
169,149,20
169,149,20
169,149,20
169,149,20
169,149,20
169,149,20
169,177,20
169,177,20
169,177,20
169,177,20
169,177,20
169,177,20
169,177,20
169,177,20
169,153,20
169,153,20
169,153,20
169,153,20
169,153,20
169,153,20
169,153,20
169,153,20
169,153,20
169,153,20
169,153,20
169,153,20
169,153,20
169,153,20
169,153,20
169,153,20
169,153,20
169,153,20
169,153,20
169,153,20
169,153,20
169,153,20
169,153,20
169,153,20
169,153,20
169,146,20
169,146,20
169,146,20
169,146,20
169,146,20
169,146,20
169,146,20
169,146,20
169,146,20
169,146,20
169,146,20
169,146,20
169,146,20
169,146,20
169,146,20
169,146,20
169,146,20
169,146,20
169,146,20
169,146,20
189,163,20
189,163,20
189,163,20
189,163,20
189,163,20
189,163,20
189,163,20
189,163,20
189,163,20
189,163,20
189,163,20
189,163,20
189,163,20
189,163,20
189,163,20
189,163,20
189,163,20
189,163,20
189,163,20
189,163,20
189,163,20
189,163,20
189,163,20
189,163,20
189,163,20
189,163,20
189,163,20
189,163,20
189,163,20
189,163,20
189,163,20
189,215,20
189,215,20
189,215,20
189,215,20
189,215,20
189,215,20
189,215,20
189,215,20
189,215,20
189,215,20
189,215,20
189,215,20
189,215,20
189,215,20
189,215,20
189,215,20
189,215,20
189,215,20
189,215,20
189,215,20
189,215,20
189,215,20
189,215,20
189,215,20
189,215,20
189,215,20
189,215,20
189,215,20
189,215,20
189,215,20
189,215,20
189,215,20
189,215,20
189,215,20
189,215,20
189,215,20
189,215,20
189,215,20
189,215,20
189,215,20
189,200,20
189,200,20
189,200,20
189,200,20
189,200,20
189,200,20
189,200,20
189,200,20
189,200,20
189,200,20
189,200,20
189,200,20
189,186,20
189,186,20
189,186,20
189,186,20
189,186,20
189,186,20
189,186,20
189,186,20
189,186,20
189,186,20
189,186,20
189,186,20
189,186,20
189,186,20
189,186,20
189,186,20
189,186,20
189,186,20
189,186,20
189,186,20
189,186,20
189,186,20
189,186,20
189,186,20
189,186,20
189,186,20
189,186,20
189,186,20
189,186,20
189,186,20
189,186,20
189,186,20
189,186,20
189,186,20
189,186,20
189,186,20
189,186,20
189,186,20
189,186,20
189,186,20
189,186,20
189,186,20
189,186,20
189,181,20
189,181,20
189,181,20
189,181,20
189,181,20
189,181,20
189,181,20
189,181,20
189,190,20
189,190,20
189,190,20
189,190,20
189,190,20
189,190,20
189,190,20
189,190,20
189,190,20
189,190,20
189,190,20
189,191,20
189,191,20
189,191,20
189,191,20
189,191,20
189,191,20
189,191,20
189,191,20
189,191,20
189,191,20
189,191,20
189,191,20
189,191,20
189,191,20
189,191,20
189,191,20
189,191,20
189,191,20
189,191,20
189,191,20
189,197,20
189,197,20
189,197,20
189,197,20
189,197,20
189,197,20
189,197,20
189,197,20
189,197,20
189,197,20
189,197,20
189,197,20
189,197,20
189,197,20
189,193,20
189,193,20
189,193,20
189,193,20
189,193,20
189,193,20
189,193,20
189,193,20
189,193,20
189,193,20
189,193,20
189,193,20
189,193,20
189,193,20
189,206,20
189,206,20
189,206,20
189,206,20
189,206,20
189,206,20
189,206,20
189,206,20
189,206,20
189,206,20
189,206,20
189,206,20
189,206,20
189,206,20
189,206,20
189,206,20
189,206,20
189,206,20
189,206,20
189,206,20
189,206,20
189,206,20
189,206,20
189,206,20
189,206,20
189,206,20
189,206,20
189,206,20
189,206,20
189,206,20
189,206,20
189,206,20
189,206,20
189,206,20
189,206,20
189,206,20
189,206,20
189,206,20
189,206,20
189,206,20
189,206,20
189,206,20
189,206,20
189,206,20
189,206,20
189,206,20
189,206,20
189,206,20
189,206,20
189,206,20
189,206,20
189,206,20
189,206,20
189,146,20
189,146,20
189,146,20
189,146,20
189,146,20
189,146,20
189,146,20
189,146,20
189,146,20
189,146,20
189,146,20
189,146,20
189,146,20
189,146,20
189,146,20
219,221,20
219,221,20
219,221,20
219,221,20
219,221,20
219,221,20
219,221,20
219,221,20
219,221,20
219,221,20
219,221,20
219,221,20
219,221,20
219,221,20
219,221,20
219,221,20
219,221,20
219,221,20
219,221,20
219,221,20
219,223,20
219,223,20
219,223,20
219,223,20
219,223,20
219,223,20
219,223,20
219,223,20
219,223,20
219,223,20
219,223,20
219,223,20
219,223,20
219,213,20
219,213,20
219,213,20
219,213,20
219,213,20
219,213,20
219,213,20
219,213,20
219,213,20
219,213,20
219,213,20
219,213,20
219,213,20
219,213,20
219,213,20
219,213,20
219,213,20
219,213,20
219,213,20
219,213,20
219,213,20
219,213,20
219,213,20
219,213,20
219,213,20
219,213,20
219,213,20
219,213,20
219,213,20
219,213,20
219,213,20
219,213,20
219,213,20
219,213,20
219,213,20
219,213,20
219,213,20
219,201,20
219,201,20
219,201,20
219,201,20
219,201,20
219,201,20
219,201,20
219,201,20
219,201,20
219,201,20
219,201,20
219,201,20
219,201,20
219,201,20
219,201,20
219,201,20
219,201,20
219,201,20
219,201,20
219,201,20
219,201,20
219,201,20
219,201,20
219,201,20
219,201,20
219,201,20
219,201,20
219,201,20
219,201,20
219,201,20
219,201,20
219,201,20
219,201,20
219,201,20
219,201,20
219,201,20
219,201,20
219,201,20
219,201,20
219,201,20
219,201,20
219,201,20
219,201,20
219,201,20
219,201,20
219,227,20
219,227,20
219,227,20
219,227,20
219,227,20
219,227,20
219,227,20
219,227,20
219,227,20
219,227,20
219,227,20
219,227,20
219,227,20
219,227,20
219,227,20
219,227,20
219,227,20
219,227,20
219,227,20
219,227,20
219,227,20
219,227,20
219,227,20
219,227,20
219,227,20
219,227,20
219,227,20
219,227,20
219,227,20
219,227,20
219,227,20
219,227,20
219,227,20
219,227,20
219,227,20
219,227,20
219,227,20
219,227,20
219,227,20
219,227,20
219,227,20
219,227,20
219,227,20
219,227,20
219,227,20
219,227,20
219,227,20
219,227,20
219,210,20
219,210,20
219,210,20
219,210,20
219,210,20
219,210,20
219,210,20
219,210,20
219,210,20
219,210,20
219,210,20
219,210,20
219,210,20
219,210,20
219,210,20
219,210,20
219,251,20
219,251,20
219,251,20
219,251,20
219,251,20
219,251,20
219,251,20
219,251,20
219,251,20
219,251,20
219,251,20
219,251,20
219,251,20
219,223,20
219,223,20
219,223,20
219,223,20
219,223,20
219,223,20
219,223,20
219,223,20
219,223,20
219,223,20
219,223,20
219,223,20
219,223,20
219,223,20
219,223,20
219,223,20
219,223,20
219,223,20
259,275,20
259,275,20
259,275,20
259,275,20
259,275,20
259,275,20
259,275,20
259,275,20
259,275,20
259,275,20
259,275,20
259,251,20
259,251,20
259,251,20
259,251,20
259,251,20
259,251,20
259,251,20
259,251,20
259,251,20
259,251,20
259,251,20
259,251,20
259,251,20
259,251,20
259,251,20
259,251,20
259,251,20
259,251,20
259,251,20
259,251,20
259,251,20
259,251,20
259,251,20
259,252,20
259,252,20
259,252,20
259,252,20
259,252,20
259,252,20
259,252,20
259,252,20
259,252,20
259,252,20
259,252,20
259,252,20
259,252,20
259,252,20
259,252,20
259,252,20
259,252,20
259,252,20
259,252,20
259,252,20
259,252,20
259,252,20
259,252,20
259,252,20
259,252,20
259,252,20
259,252,20
259,252,20
259,252,20
259,252,20
259,252,20
259,252,20
259,252,20
259,252,20
259,252,20
259,252,20
259,252,20
259,252,20
259,252,20
259,252,20
259,252,20
259,252,20
259,252,20
259,252,20
259,252,20
259,252,20
259,252,20
259,252,20
259,252,20
259,252,20
259,291,20
259,291,20
259,291,20
259,291,20
259,291,20
259,291,20
259,291,20
259,291,20
259,291,20
259,291,20
259,291,20
259,291,20
259,291,20
259,291,20
259,291,20
259,291,20
259,291,20
259,291,20
259,291,20
259,291,20
259,291,20
259,291,20
259,291,20
259,291,20
259,291,20
259,291,20
259,291,20
259,291,20
259,291,20
259,291,20
259,291,20
259,291,20
259,291,20
259,291,20
259,291,20
259,291,20
259,291,20
259,291,20
259,291,20
259,291,20
259,257,20
259,257,20
259,257,20
259,257,20
259,257,20
259,257,20
259,257,20
259,257,20
259,257,20
259,257,20
259,257,20
259,257,20
259,229,20
259,229,20
259,229,20
259,229,20
259,229,20
259,229,20
299,297,20
299,297,20
299,297,20
299,297,20
299,297,20
299,297,20
299,297,20
299,297,20
299,297,20
299,297,20
299,297,20
299,297,20
299,297,20
299,297,20
299,291,20
299,291,20
299,291,20
299,291,20
299,291,20
299,291,20
299,271,20
299,271,20
299,271,20
299,271,20
299,271,20
299,271,20
299,271,20
299,271,20
299,271,20
299,271,20
299,271,20
299,271,20
299,271,20
299,271,20
299,271,20
299,288,20
299,288,20
299,288,20
299,288,20
299,288,20
299,288,20
299,288,20
299,288,20
299,288,20
299,288,20
299,288,20
299,288,20
299,288,20
299,288,20
299,288,20
299,288,20
299,288,20
299,288,20
299,288,20
299,288,20
299,288,20
299,288,20
299,288,20
299,288,20
299,288,20
299,288,20
299,288,20
299,288,20
299,288,20
299,288,20
299,288,20
299,288,20
299,288,20
299,288,20
299,288,20
299,288,20
299,288,20
299,288,20
299,288,20
299,288,20
299,288,20
299,288,20
299,288,20
299,288,20
299,288,20
299,288,20
299,288,20
299,288,20
299,288,20
299,288,20
299,288,20
299,288,20
299,288,20
299,288,20
299,288,20
299,288,20
299,282,20
299,282,20
299,282,20
299,282,20
299,282,20
299,282,20
299,282,20
299,282,20
299,282,20
299,282,20
299,282,20
299,282,20
299,282,20
299,282,20
299,282,20
299,282,20
299,282,20
299,282,20
299,282,20
299,282,20
299,282,20
299,282,20
299,282,20
299,282,20
299,282,20
299,282,20
299,282,20
299,282,20
299,282,20
299,282,20
299,282,20
299,282,20
299,282,20
299,282,20
299,282,20
299,282,20
299,282,20
299,282,20
299,282,20
299,282,20
299,282,20
299,286,20
299,286,20
299,286,20
299,286,20
299,286,20
299,286,20
299,286,20
299,286,20
299,286,20
299,286,20
299,286,20
299,286,20
299,286,20
299,286,20
299,286,20
299,286,20
299,298,20
299,298,20
299,298,20
299,298,20
299,298,20
299,298,20
299,298,20
299,298,20
299,298,20
299,298,20
299,298,20
299,298,20
299,298,20
299,298,20
299,298,20
299,298,20
299,298,20
299,298,20
299,298,20
299,298,20
299,298,20
299,298,20
299,298,20
299,298,20
299,298,20
299,298,20
299,298,20
299,298,20
299,298,20
299,298,20
299,298,20
299,298,20
299,298,20
299,298,20
299,298,20
299,298,20
299,298,20
299,298,20
299,298,20
299,298,20
299,298,20
299,298,20
299,298,20
299,298,20
299,298,20
299,298,20
299,298,20
299,298,20
299,298,20
299,298,20
299,298,20
299,298,20
299,298,20
299,298,20
299,298,20
299,298,20
299,316,20
299,316,20
299,316,20
299,316,20
299,316,20
299,316,20
299,316,20
299,316,20
299,316,20
299,316,20
299,316,20
299,316,20
299,316,20
299,316,20
299,316,20
299,316,20
299,316,20
299,316,20
299,316,20
299,316,20
299,316,20
299,316,20
299,316,20
299,316,20
299,316,20
299,293,20
299,293,20
299,293,20
299,293,20
299,293,20
299,293,20
299,293,20
299,293,20
299,293,20
299,293,20
299,293,20
299,293,20
299,293,20
299,315,20
299,315,20
299,315,20
299,315,20
299,315,20
299,315,20
299,315,20
299,315,20
299,315,20
299,315,20
299,279,20
299,279,20
299,279,20
299,279,20
299,279,20
299,279,20
299,279,20
299,319,20
299,319,20
299,319,20
299,319,20
299,319,20
299,319,20
299,319,20
299,319,20
299,319,20
319,326,20
319,326,20
319,326,20
319,326,20
319,326,20
319,326,20
319,326,20
319,326,20
319,343,20
319,343,20
319,343,20
319,343,20
319,343,20
319,343,20
319,343,20
319,343,20
319,343,20
319,343,20
319,343,20
319,343,20
319,343,20
319,343,20
319,343,20
319,343,20
319,343,20
319,343,20
319,329,20
319,329,20
319,329,20
319,329,20
319,329,20
319,329,20
319,312,20
319,312,20
319,312,20
319,312,20
319,312,20
319,312,20
319,312,20
319,317,20
319,317,20
319,317,20
319,317,20
319,317,20
319,317,20
319,317,20
319,333,20
319,333,20
319,333,20
319,333,20
319,333,20
319,333,20
319,333,20
319,333,20
319,333,20
319,333,20
319,333,20
319,333,20
319,333,20
319,333,20
319,333,20
319,333,20
319,333,20
319,333,20
319,333,20
319,333,20
319,333,20
319,333,20
319,333,20
319,333,20
319,333,20
319,333,20
319,333,20
319,333,20
319,333,20
319,333,20
319,333,20
319,346,20
319,346,20
319,346,20
319,346,20
319,346,20
319,346,20
319,346,20
319,346,20
319,346,20
319,346,20
319,346,20
319,346,20
319,346,20
319,346,20
319,346,20
319,346,20
319,313,20
319,313,20
319,313,20
319,313,20
319,313,20
319,313,20
319,313,20
319,313,20
319,313,20
319,313,20
319,313,20
319,313,20
319,313,20
319,313,20
319,313,20
319,313,20
319,313,20
319,313,20
319,313,20
319,313,20
319,313,20
319,313,20
319,313,20
319,313,20
319,313,20
319,313,20
319,313,20
319,313,20
319,313,20
319,313,20
319,313,20
319,313,20
319,313,20
319,313,20
319,313,20
319,313,20
319,313,20
319,313,20
319,313,20
319,313,20
319,313,20
319,313,20
319,313,20
319,313,20
319,313,20
319,313,20
319,321,20
319,321,20
319,321,20
319,321,20
319,321,20
319,321,20
319,321,20
319,321,20
319,321,20
319,321,20
319,321,20
319,321,20
319,321,20
319,321,20
319,321,20
319,321,20
319,321,20
319,321,20
319,321,20
319,321,20
319,321,20
319,321,20
319,321,20
319,321,20
319,321,20
319,321,20
319,321,20
319,321,20
319,321,20
319,321,20
319,321,20
319,321,20
319,321,20
319,321,20
319,321,20
319,321,20
319,321,20
319,321,20
319,321,20
319,321,20
319,321,20
319,321,20
319,321,20
319,321,20
319,321,20
319,321,20
319,321,20
319,321,20
319,321,20
319,321,20
319,321,20
319,321,20
319,321,20
319,321,20
319,321,20
319,321,20
319,321,20
319,321,20
319,321,20
319,320,20
319,320,20
319,320,20
319,320,20
319,320,20
319,320,20
319,320,20
319,320,20
319,320,20
319,320,20
319,320,20
319,320,20
319,320,20
319,320,20
319,320,20
319,320,20
319,320,20
319,320,20
319,320,20
319,320,20
319,320,20
319,320,20
319,320,20
319,320,20
319,320,20
319,354,20
319,354,20
319,354,20
319,354,20
319,354,20
319,354,20
319,354,20
319,354,20
319,354,20
319,354,20
319,354,20
319,354,20
319,354,20
319,354,20
319,354,20
319,354,20
319,354,20
319,354,20
319,354,20
319,354,20
319,354,20
319,354,20
319,354,20
319,354,20
319,295,20
319,295,20
319,295,20
319,295,20
319,295,20
319,295,20
319,295,20
299,306,20
299,306,20
299,306,20
299,306,20
299,306,20
299,306,20
299,306,20
299,306,20
299,306,20
299,306,20
299,306,20
299,306,20
299,306,20
299,306,20
299,306,20
299,306,20
299,306,20
299,306,20
299,306,20
299,306,20
299,306,20
299,306,20
299,306,20
299,306,20
299,306,20
299,306,20
299,306,20
299,283,20
299,283,20
299,283,20
299,283,20
299,283,20
299,283,20
299,283,20
299,283,20
299,283,20
299,283,20
299,283,20
299,283,20
299,283,20
299,283,20
299,283,20
299,283,20
299,336,20
299,336,20
299,336,20
299,336,20
299,336,20
299,336,20
299,336,20
299,336,20
299,336,20
299,294,20
299,294,20
299,294,20
299,294,20
299,294,20
299,294,20
299,294,20
299,294,20
299,294,20
299,294,20
299,294,20
299,294,20
299,294,20
299,294,20
299,294,20
299,294,20
299,294,20
299,294,20
299,324,20
299,324,20
299,324,20
299,324,20
299,324,20
299,324,20
299,324,20
299,324,20
299,324,20
299,324,20
299,324,20
299,324,20
299,324,20
299,324,20
299,324,20
299,324,20
299,324,20
299,324,20
299,324,20
299,324,20
299,324,20
299,324,20
299,324,20
299,324,20
299,324,20
299,324,20
299,324,20
299,324,20
299,324,20
299,324,20
299,324,20
299,324,20
299,324,20
299,324,20
299,324,20
299,324,20
299,324,20
299,324,20
299,324,20
299,324,20
299,261,20
299,261,20
299,261,20
299,261,20
299,261,20
299,261,20
299,261,20
299,261,20
299,261,20
299,261,20
299,261,20
299,261,20
299,261,20
299,261,20
299,261,20
299,261,20
299,261,20
299,261,20
299,261,20
299,261,20
299,261,20
299,261,20
299,261,20
299,261,20
299,261,20
299,261,20
299,261,20
299,261,20
299,261,20
299,261,20
299,261,20
299,261,20
299,261,20
299,282,20
299,282,20
299,282,20
299,282,20
299,282,20
299,282,20
299,282,20
299,282,20
299,282,20
299,318,20
299,318,20
299,318,20
299,318,20
299,318,20
299,318,20
299,318,20
299,318,20
299,273,20
299,273,20
299,273,20
299,273,20
299,273,20
299,273,20
299,273,20
299,273,20
299,273,20
299,273,20
299,273,20
299,273,20
299,273,20
299,273,20
299,273,20
299,273,20
299,273,20
299,273,20
299,273,20
299,273,20
299,273,20
299,273,20
299,273,20
299,273,20
299,273,20
299,273,20
299,273,20
299,273,20
299,273,20
299,273,20
299,273,20
299,273,20
299,273,20
299,273,20
299,273,20
299,273,20
299,273,20
299,273,20
299,273,20
299,273,20
299,273,20
299,273,20
299,273,20
299,273,20
299,273,20
299,273,20
299,273,20
299,273,20
299,273,20
299,311,20
299,311,20
299,311,20
299,311,20
299,311,20
299,311,20
299,311,20
299,311,20
299,311,20
299,311,20
299,311,20
299,311,20
299,311,20
299,311,20
299,311,20
299,311,20
299,311,20
299,311,20
299,311,20
299,311,20
299,311,20
299,311,20
299,311,20
299,311,20
299,311,20
299,311,20
299,311,20
299,311,20
299,311,20
299,311,20
299,311,20
299,311,20
299,311,20
299,311,20
299,311,20
299,311,20
299,311,20
299,311,20
299,311,20
299,311,20
299,311,20
299,306,20
299,306,20
299,306,20
299,306,20
299,306,20
299,306,20
299,306,20
299,306,20
299,306,20
299,325,20
299,325,20
299,325,20
299,325,20
299,325,20
299,325,20
299,325,20
299,325,20
299,325,20
299,325,20
299,325,20
299,325,20
299,325,20
299,325,20
299,325,20
299,325,20
299,325,20
299,325,20
299,325,20
299,325,20
299,325,20
299,325,20
299,325,20
299,325,20
299,325,20
299,325,20
299,325,20
299,325,20
299,325,20
299,325,20
299,325,20
299,325,20
299,325,20
299,325,20
299,325,20
299,325,20
299,325,20
299,325,20
299,325,20
299,325,20
299,325,20
299,325,20
299,325,20
299,325,20
299,325,20
299,309,20
299,309,20
299,309,20
299,309,20
299,309,20
299,309,20
299,309,20
299,309,20
299,309,20
299,286,20
299,286,20
299,286,20
299,286,20
299,286,20
299,286,20
299,286,20
299,286,20
299,286,20
299,286,20
299,286,20
299,286,20
299,286,20
299,286,20
299,286,20
299,286,20
299,286,20
299,286,20
299,286,20
299,286,20
299,286,20
299,286,20
299,286,20
299,286,20
299,286,20
299,286,20
299,286,20
299,286,20
299,286,20
299,286,20
299,286,20
299,286,20
259,235,20
259,235,20
259,235,20
259,235,20
259,235,20
259,235,20
259,235,20
259,235,20
259,235,20
259,235,20
259,235,20
259,235,20
259,235,20
259,235,20
259,235,20
259,235,20
259,235,20
259,235,20
259,235,20
259,235,20
259,235,20
259,235,20
259,235,20
259,235,20
259,235,20
259,235,20
259,235,20
259,235,20
259,235,20
259,235,20
259,235,20
259,235,20
259,235,20
259,235,20
259,235,20
259,235,20
259,235,20
259,235,20
259,235,20
259,235,20
259,235,20
259,235,20
259,235,20
259,235,20
259,235,20
259,235,20
259,235,20
259,235,20
259,235,20
259,235,20
259,235,20
259,235,20
259,235,20
259,235,20
259,235,20
259,235,20
259,235,20
259,235,20
259,235,20
259,235,20
259,235,20
259,235,20
259,235,20
259,235,20
259,303,20
259,303,20
259,303,20
259,303,20
259,303,20
259,303,20
259,303,20
259,303,20
259,303,20
259,303,20
259,303,20
259,303,20
259,303,20
259,303,20
259,303,20
259,303,20
259,303,20
259,303,20
259,303,20
259,303,20
259,303,20
259,303,20
259,303,20
259,303,20
259,303,20
259,303,20
259,214,20
259,214,20
259,214,20
259,214,20
259,214,20
259,214,20
259,214,20
259,214,20
259,214,20
259,214,20
259,214,20
259,214,20
259,214,20
259,214,20
259,214,20
259,214,20
259,214,20
259,214,20
259,241,20
259,241,20
259,241,20
259,241,20
259,241,20
259,241,20
259,241,20
259,241,20
259,241,20
259,241,20
259,241,20
259,241,20
259,241,20
259,241,20
259,241,20
259,241,20
259,241,20
259,241,20
259,241,20
259,241,20
259,241,20
259,241,20
259,241,20
259,241,20
259,241,20
259,241,20
259,241,20
259,241,20
259,241,20
259,241,20
259,241,20
259,241,20
259,241,20
259,241,20
259,241,20
259,241,20
259,241,20
259,241,20
259,241,20
259,241,20
259,241,20
259,241,20
259,241,20
259,241,20
259,241,20
259,241,20
259,241,20
259,241,20
259,241,20
259,241,20
259,241,20
259,241,20
259,241,20
259,250,20
259,250,20
259,250,20
259,250,20
259,250,20
259,250,20
259,250,20
259,250,20
259,250,20
259,250,20
259,250,20
259,250,20
259,250,20
259,250,20
259,250,20
259,250,20
259,250,20
259,250,20
259,250,20
259,250,20
259,250,20
259,250,20
259,250,20
259,250,20
259,250,20
259,250,20
259,250,20
259,246,20
259,246,20
259,246,20
259,246,20
259,246,20
259,246,20
259,246,20
259,246,20
259,246,20
259,246,20
259,238,20
259,238,20
259,238,20
259,238,20
259,238,20
259,238,20
259,238,20
259,238,20
259,238,20
259,242,20
259,242,20
259,242,20
259,242,20
259,242,20
259,242,20
259,242,20
259,242,20
259,242,20
259,242,20
259,242,20
259,242,20
259,242,20
259,242,20
259,242,20
259,242,20
259,242,20
259,242,20
259,242,20
259,242,20
259,242,20
259,242,20
259,242,20
259,242,20
259,242,20
259,242,20
259,242,20
259,242,20
259,242,20
259,259,20
259,259,20
259,259,20
259,259,20
259,259,20
259,259,20
259,259,20
259,259,20
259,259,20
259,259,20
259,259,20
259,259,20
259,259,20
259,259,20
259,259,20
259,259,20
259,259,20
259,259,20
259,259,20
259,259,20
259,259,20
259,259,20
259,259,20
259,259,20
259,269,20
259,269,20
259,269,20
259,269,20
259,269,20
259,269,20
259,269,20
259,269,20
259,269,20
259,269,20
259,269,20
259,269,20
259,269,20
259,269,20
259,269,20
259,269,20
259,269,20
259,269,20
259,269,20
299,309,20
299,309,20
299,309,20
299,309,20
299,309,20
299,309,20
299,273,20
299,273,20
299,273,20
299,273,20
299,273,20
299,273,20
299,273,20
299,304,20
299,304,20
299,304,20
299,304,20
299,304,20
299,304,20
299,304,20
299,304,20
299,304,20
299,304,20
299,304,20
299,304,20
299,304,20
299,304,20
299,304,20
299,304,20
299,302,20
299,302,20
299,302,20
299,302,20
299,302,20
299,302,20
299,302,20
299,302,20
299,317,20
299,317,20
299,317,20
299,317,20
299,317,20
299,317,20
299,317,20
299,317,20
299,317,20
299,317,20
299,317,20
299,317,20
299,317,20
299,317,20
299,317,20
299,317,20
299,317,20
299,317,20
299,317,20
299,317,20
299,317,20
299,317,20
299,317,20
299,317,20
299,317,20
299,317,20
299,270,20
299,270,20
299,270,20
299,270,20
299,270,20
299,270,20
299,270,20
299,270,20
299,270,20
299,270,20
299,270,20
299,270,20
299,270,20
299,270,20
299,270,20
299,270,20
299,270,20
299,270,20
299,270,20
299,270,20
299,270,20
299,270,20
299,270,20
299,270,20
299,270,20
299,270,20
299,270,20
299,270,20
299,270,20
299,270,20
299,270,20
299,270,20
299,270,20
299,270,20
299,322,20
299,322,20
299,322,20
299,322,20
299,322,20
299,322,20
299,322,20
299,322,20
299,322,20
299,322,20
299,322,20
299,322,20
299,322,20
299,322,20
299,322,20
299,322,20
299,322,20
299,272,20
299,272,20
299,272,20
299,272,20
299,272,20
299,272,20
299,272,20
299,272,20
299,272,20
299,272,20
299,312,20
299,312,20
299,312,20
299,312,20
299,312,20
299,312,20
299,312,20
299,312,20
299,312,20
299,312,20
299,312,20
299,312,20
299,312,20
299,312,20
299,312,20
299,312,20
299,312,20
299,312,20
299,312,20
299,312,20
299,312,20
299,320,20
299,320,20
299,320,20
299,320,20
299,320,20
299,320,20
299,320,20
299,320,20
299,320,20
299,320,20
299,320,20
299,320,20
299,320,20
299,320,20
299,320,20
299,320,20
299,320,20
299,320,20
299,335,20
299,335,20
299,335,20
299,335,20
299,335,20
299,335,20
299,335,20
299,335,20
299,335,20
299,335,20
299,335,20
299,335,20
299,335,20
299,335,20
299,335,20
299,335,20
299,335,20
299,335,20
299,335,20
299,335,20
299,335,20
299,335,20
299,335,20
299,335,20
299,335,20
299,335,20
299,335,20
299,335,20
299,335,20
299,335,20
299,335,20
299,335,20
299,335,20
299,335,20
299,270,20
299,270,20
299,270,20
299,270,20
299,270,20
299,270,20
299,270,20
299,270,20
299,270,20
299,270,20
299,270,20
299,270,20
299,270,20
299,270,20
299,270,20
299,307,20
299,307,20
299,307,20
299,307,20
299,307,20
299,307,20
299,307,20
299,307,20
299,336,20
299,336,20
299,336,20
299,336,20
299,336,20
299,336,20
299,336,20
299,336,20
299,336,20
299,336,20
299,336,20
299,336,20
299,336,20
299,336,20
299,336,20
299,336,20
299,336,20
259,254,20
259,254,20
259,254,20
259,254,20
259,254,20
259,254,20
259,254,20
259,254,20
259,254,20
259,254,20
259,254,20
259,254,20
259,284,20
259,284,20
259,284,20
259,284,20
259,284,20
259,284,20
259,284,20
259,284,20
259,284,20
259,284,20
259,284,20
259,284,20
259,284,20
259,284,20
259,284,20
259,284,20
259,284,20
259,284,20
259,284,20
259,284,20
259,284,20
259,284,20
259,284,20
259,284,20
259,284,20
259,284,20
259,284,20
259,284,20
259,284,20
259,229,20
259,229,20
259,229,20
259,229,20
259,229,20
259,229,20
259,229,20
259,229,20
259,229,20
259,229,20
259,251,20
259,251,20
259,251,20
259,251,20
259,251,20
259,251,20
259,251,20
259,251,20
259,251,20
259,251,20
259,251,20
259,251,20
259,251,20
259,251,20
259,251,20
259,251,20
259,251,20
259,251,20
259,251,20
259,251,20
259,251,20
259,251,20
259,251,20
259,251,20
259,251,20
259,251,20
259,239,20
259,239,20
259,239,20
259,239,20
259,239,20
259,239,20
259,239,20
259,239,20
259,239,20
259,239,20
259,239,20
259,239,20
259,239,20
259,239,20
259,239,20
259,239,20
259,239,20
259,239,20
259,239,20
259,239,20
259,239,20
259,239,20
259,239,20
259,239,20
259,239,20
259,239,20
259,239,20
259,239,20
259,239,20
259,239,20
259,239,20
259,243,20
259,243,20
259,243,20
259,243,20
259,243,20
259,243,20
259,243,20
259,243,20
259,243,20
259,243,20
259,243,20
259,243,20
259,243,20
259,243,20
259,243,20
259,243,20
259,243,20
259,243,20
259,243,20
259,257,20
259,257,20
259,257,20
259,257,20
259,257,20
259,257,20
259,257,20
259,257,20
259,257,20
259,257,20
259,257,20
259,257,20
259,257,20
259,267,20
259,267,20
259,267,20
259,267,20
259,267,20
259,267,20
259,267,20
259,224,20
259,224,20
259,224,20
259,224,20
259,224,20
259,224,20
259,224,20
259,224,20
259,235,20
259,235,20
259,235,20
259,235,20
259,235,20
259,235,20
259,268,20
259,268,20
259,268,20
259,268,20
259,268,20
259,268,20
259,268,20
259,268,20
259,268,20
259,268,20
259,268,20
259,268,20
259,268,20
259,268,20
259,268,20
259,268,20
259,268,20
259,268,20
259,268,20
259,268,20
259,268,20
259,268,20
259,268,20
259,268,20
259,268,20
259,268,20
259,268,20
259,268,20
259,268,20
259,268,20
259,268,20
259,268,20
259,268,20
259,268,20
239,223,20
239,223,20
239,223,20
239,223,20
239,223,20
239,223,20
239,223,20
239,223,20
239,223,20
239,223,20
239,223,20
239,223,20
239,223,20
239,223,20
239,223,20
239,223,20
239,223,20
239,223,20
239,223,20
239,223,20
239,223,20
239,223,20
239,223,20
239,223,20
239,223,20
239,223,20
239,223,20
239,223,20
239,223,20
239,223,20
239,223,20
239,223,20
239,223,20
239,223,20
239,223,20
239,223,20
239,223,20
239,223,20
239,223,20
239,223,20
239,223,20
239,222,20
239,222,20
239,222,20
239,222,20
239,222,20
239,222,20
239,222,20
239,222,20
239,230,20
239,230,20
239,230,20
239,230,20
239,230,20
239,230,20
239,230,20
239,230,20
239,230,20
239,230,20
239,230,20
239,230,20
239,230,20
239,230,20
239,230,20
239,230,20
239,230,20
239,230,20
239,230,20
239,224,20
239,224,20
239,224,20
239,224,20
239,224,20
239,224,20
239,224,20
239,224,20
239,224,20
239,224,20
239,224,20
239,224,20
239,224,20
239,224,20
239,224,20
239,224,20
239,224,20
239,224,20
239,224,20
239,255,20
239,255,20
239,255,20
239,255,20
239,255,20
239,255,20
239,255,20
239,255,20
239,255,20
239,255,20
239,255,20
239,255,20
239,258,20
239,258,20
239,258,20
239,258,20
239,258,20
239,258,20
239,258,20
239,258,20
239,258,20
239,258,20
239,258,20
239,258,20
239,258,20
239,258,20
239,258,20
239,258,20
239,258,20
239,258,20
239,258,20
239,258,20
239,258,20
239,258,20
239,258,20
239,258,20
239,258,20
239,258,20
239,258,20
239,258,20
239,258,20
239,258,20
239,235,20
239,235,20
239,235,20
239,235,20
239,235,20
239,235,20
239,235,20
239,235,20
239,235,20
239,235,20
239,235,20
239,235,20
239,235,20
239,235,20
239,233,20
239,233,20
239,233,20
239,233,20
239,233,20
239,233,20
239,233,20
239,233,20
239,233,20
239,233,20
239,233,20
239,233,20
239,233,20
239,233,20
239,233,20
239,233,20
239,233,20
239,233,20
239,233,20
239,233,20
239,233,20
239,233,20
239,233,20
239,233,20
239,233,20
239,233,20
239,233,20
239,233,20
239,233,20
239,233,20
239,233,20
239,233,20
239,233,20
239,233,20
239,233,20
239,233,20
239,233,20
239,233,20
239,233,20
239,271,20
239,271,20
239,271,20
239,271,20
239,271,20
239,271,20
239,271,20
239,271,20
239,271,20
239,271,20
239,271,20
239,250,20
239,250,20
239,250,20
239,250,20
239,250,20
239,250,20
239,250,20
239,212,20
239,212,20
239,212,20
239,212,20
239,212,20
239,212,20
239,212,20
239,240,20
239,240,20
239,240,20
239,240,20
239,240,20
239,240,20
239,240,20
239,240,20
239,240,20
239,240,20
239,240,20
239,240,20
239,240,20
239,240,20
239,240,20
239,240,20
239,240,20
239,240,20
239,240,20
239,240,20
239,240,20
239,240,20
239,240,20
239,240,20
239,240,20
239,240,20
199,174,20
199,174,20
199,174,20
199,174,20
199,174,20
199,174,20
199,174,20
199,174,20
199,174,20
199,174,20
199,174,20
199,174,20
199,174,20
199,174,20
199,174,20
199,217,20
199,217,20
199,217,20
199,217,20
199,217,20
199,217,20
199,217,20
199,217,20
199,217,20
199,217,20
199,217,20
199,217,20
199,217,20
199,217,20
199,217,20
199,217,20
199,217,20
199,217,20
199,217,20
199,217,20
199,181,20
199,181,20
199,181,20
199,181,20
199,181,20
199,181,20
199,181,20
199,181,20
199,181,20
199,181,20
199,181,20
199,181,20
199,181,20
199,181,20
199,181,20
199,181,20
199,181,20
199,181,20
199,181,20
199,181,20
199,181,20
199,181,20
199,181,20
199,181,20
199,181,20
199,181,20
199,181,20
199,181,20
199,181,20
199,181,20
199,181,20
199,181,20
199,181,20
199,181,20
199,181,20
199,181,20
199,181,20
199,181,20
199,181,20
199,181,20
199,181,20
199,181,20
199,181,20
199,181,20
199,181,20
199,181,20
199,181,20
199,181,20
199,181,20
199,181,20
199,181,20
199,181,20
199,181,20
199,203,20
199,203,20
199,203,20
199,203,20
199,203,20
199,203,20
199,203,20
199,203,20
199,203,20
199,203,20
199,203,20
199,203,20
199,203,20
199,203,20
199,203,20
199,203,20
199,203,20
199,203,20
199,203,20
199,203,20
199,203,20
199,203,20
199,203,20
199,203,20
199,203,20
199,203,20
199,203,20
199,196,20
199,196,20
199,196,20
199,196,20
199,196,20
199,196,20
199,196,20
199,196,20
199,196,20
199,196,20
199,196,20
199,196,20
199,196,20
199,196,20
199,196,20
199,196,20
199,196,20
199,196,20
199,200,20
199,200,20
199,200,20
199,200,20
199,200,20
199,200,20
199,200,20
199,200,20
199,200,20
199,200,20
199,200,20
199,200,20
199,200,20
199,200,20
199,200,20
199,200,20
199,200,20
199,200,20
199,200,20
199,200,20
199,200,20
199,200,20
199,200,20
199,200,20
199,200,20
199,200,20
199,200,20
199,200,20
199,200,20
199,200,20
199,200,20
199,200,20
199,200,20
199,200,20
199,200,20
199,200,20
199,200,20
199,200,20
199,200,20
199,200,20
199,200,20
199,200,20
199,200,20
199,200,20
199,200,20
199,200,20
199,200,20
199,200,20
199,200,20
199,200,20
199,200,20
199,200,20
199,200,20
199,200,20
199,200,20
199,200,20
199,199,20
199,199,20
199,199,20
199,199,20
199,199,20
199,199,20
199,199,20
199,199,20
199,199,20
199,199,20
199,199,20
199,199,20
199,199,20
199,199,20
199,199,20
199,199,20
199,199,20
199,199,20
199,199,20
199,199,20
199,199,20
199,199,20
199,199,20
199,199,20
199,199,20
199,199,20
199,199,20
199,199,20
199,199,20
199,199,20
199,199,20
199,199,20
199,199,20
199,213,20
199,213,20
199,213,20
199,213,20
199,213,20
199,213,20
199,213,20
199,213,20
199,213,20
199,213,20
199,213,20
199,213,20
199,213,20
199,213,20
199,213,20
199,213,20
199,213,20
199,195,20
199,195,20
199,195,20
199,195,20
199,195,20
199,195,20
199,195,20
199,195,20
199,195,20
199,195,20
199,202,20
199,202,20
199,202,20
199,202,20
199,202,20
199,202,20
199,202,20
199,202,20
219,244,20
219,244,20
219,244,20
219,244,20
219,244,20
219,244,20
219,244,20
219,244,20
219,244,20
219,244,20
219,244,20
219,244,20
219,244,20
219,244,20
219,244,20
219,244,20
219,244,20
219,244,20
219,244,20
219,244,20
219,244,20
219,244,20
219,244,20
219,244,20
219,244,20
219,244,20
219,244,20
219,244,20
219,244,20
219,244,20
219,244,20
219,244,20
219,244,20
219,228,20
219,228,20
219,228,20
219,228,20
219,228,20
219,228,20
219,228,20
219,228,20
219,228,20
219,228,20
219,228,20
219,228,20
219,190,20
219,190,20
219,190,20
219,190,20
219,190,20
219,190,20
219,190,20
219,190,20
219,190,20
219,190,20
219,190,20
219,190,20
219,190,20
219,190,20
219,190,20
219,200,20
219,200,20
219,200,20
219,200,20
219,200,20
219,200,20
219,200,20
219,200,20
219,200,20
219,200,20
219,200,20
219,200,20
219,200,20
219,200,20
219,200,20
219,200,20
219,200,20
219,200,20
219,200,20
219,200,20
219,200,20
219,200,20
219,237,20
219,237,20
219,237,20
219,237,20
219,237,20
219,237,20
219,237,20
219,237,20
219,237,20
219,237,20
219,237,20
219,237,20
219,237,20
219,237,20
219,237,20
219,237,20
219,237,20
219,237,20
219,237,20
219,207,20
219,207,20
219,207,20
219,207,20
219,207,20
219,207,20
219,207,20
219,207,20
219,207,20
219,207,20
219,207,20
219,207,20
219,207,20
219,207,20
219,207,20
219,207,20
219,207,20
219,207,20
219,218,20
219,218,20
219,218,20
219,218,20
219,218,20
219,218,20
219,218,20
219,218,20
219,218,20
219,218,20
219,218,20
219,218,20
219,218,20
219,218,20
219,218,20
219,218,20
219,218,20
219,218,20
219,218,20
219,218,20
219,218,20
219,218,20
219,218,20
219,218,20
219,218,20
219,218,20
219,218,20
219,218,20
219,218,20
219,218,20
219,218,20
219,218,20
219,218,20
219,218,20
219,218,20
219,218,20
219,254,20
219,254,20
219,254,20
219,254,20
219,254,20
219,254,20
219,254,20
219,254,20
219,254,20
219,254,20
219,254,20
219,226,20
219,226,20
219,226,20
219,226,20
219,226,20
219,226,20
219,226,20
219,226,20
219,226,20
219,226,20
219,226,20
219,226,20
219,226,20
219,226,20
219,226,20
219,226,20
219,226,20
219,226,20
219,226,20
219,226,20
219,226,20
219,226,20
219,226,20
219,226,20
219,226,20
219,226,20
219,226,20
219,226,20
219,239,20
219,239,20
219,239,20
219,239,20
219,239,20
219,239,20
219,239,20
219,239,20
219,239,20
219,195,20
219,195,20
219,195,20
219,195,20
219,195,20
219,195,20
219,195,20
219,195,20
219,195,20
219,195,20
219,195,20
219,195,20
219,195,20
219,195,20
219,195,20
219,195,20
219,195,20
219,195,20
219,195,20
219,195,20
219,195,20
219,195,20
219,195,20
219,195,20
219,195,20
219,195,20
219,195,20
219,195,20
219,195,20
219,195,20
219,195,20
219,195,20
219,195,20
219,195,20
219,195,20
219,195,20
219,195,20
219,195,20
219,195,20
219,195,20
219,195,20
219,194,20
219,194,20
219,194,20
219,194,20
219,194,20
219,194,20
219,194,20
219,194,20
219,194,20
219,194,20
219,194,20
219,194,20
219,194,20
219,194,20
219,194,20
219,194,20
219,194,20
219,194,20
219,194,20
219,194,20
219,194,20
219,194,20
219,194,20
219,194,20
219,187,20
219,187,20
219,187,20
219,187,20
219,187,20
219,187,20
219,187,20
219,187,20
219,187,20
219,246,20
219,246,20
219,246,20
219,246,20
219,246,20
219,246,20
219,246,20
219,246,20
219,246,20
219,246,20
219,246,20
219,246,20
199,198,20
199,198,20
199,198,20
199,198,20
199,198,20
199,198,20
199,198,20
199,198,20
199,198,20
199,198,20
199,198,20
199,198,20
199,198,20
199,198,20
199,198,20
199,198,20
199,198,20
199,198,20
199,198,20
199,198,20
199,198,20
199,198,20
199,198,20
199,198,20
199,198,20
199,198,20
199,198,20
199,198,20
199,198,20
199,198,20
199,198,20
199,193,20
199,193,20
199,193,20
199,193,20
199,193,20
199,193,20
199,193,20
199,193,20
199,193,20
199,181,20
199,181,20
199,181,20
199,181,20
199,181,20
199,181,20
199,181,20
199,181,20
199,181,20
199,181,20
199,181,20
199,181,20
199,181,20
199,181,20
199,181,20
199,181,20
199,181,20
199,181,20
199,181,20
199,181,20
199,181,20
199,181,20
199,181,20
199,181,20
199,181,20
199,181,20
199,181,20
199,181,20
199,181,20
199,181,20
199,181,20
199,181,20
199,181,20
199,181,20
199,181,20
199,205,20
199,205,20
199,205,20
199,205,20
199,205,20
199,205,20
199,205,20
199,205,20
199,205,20
199,205,20
199,205,20
199,205,20
199,205,20
199,205,20
199,205,20
199,205,20
199,205,20
199,205,20
199,205,20
199,205,20
199,205,20
199,205,20
199,206,20
199,206,20
199,206,20
199,206,20
199,206,20
199,206,20
199,206,20
199,206,20
199,206,20
199,206,20
199,206,20
199,206,20
199,206,20
199,206,20
199,206,20
199,206,20
199,206,20
199,206,20
199,206,20
199,206,20
199,206,20
199,206,20
199,206,20
199,206,20
199,206,20
199,206,20
199,206,20
199,206,20
199,206,20
199,206,20
199,206,20
199,206,20
199,206,20
199,206,20
199,190,20
199,190,20
199,190,20
199,190,20
199,190,20
199,190,20
199,190,20
199,190,20
199,190,20
199,190,20
199,190,20
199,190,20
199,190,20
199,190,20
199,190,20
199,190,20
199,190,20
199,190,20
199,190,20
199,190,20
199,190,20
199,190,20
199,190,20
199,190,20
199,190,20
199,190,20
199,190,20
199,190,20
199,190,20
199,190,20
199,190,20
199,190,20
199,190,20
199,190,20
199,190,20
199,190,20
199,190,20
199,215,20
199,215,20
199,215,20
199,215,20
199,215,20
199,215,20
199,215,20
199,215,20
199,215,20
199,215,20
199,215,20
199,215,20
199,215,20
199,215,20
199,215,20
199,215,20
199,215,20
199,215,20
199,215,20
199,215,20
199,215,20
199,215,20
199,215,20
199,215,20
199,215,20
199,215,20
199,215,20
199,215,20
199,215,20
199,215,20
199,215,20
199,215,20
199,215,20
199,204,20
199,204,20
199,204,20
199,204,20
199,204,20
199,204,20
199,204,20
199,204,20
199,204,20
199,204,20
199,204,20
199,204,20
199,204,20
199,204,20
199,204,20
199,204,20
199,204,20
199,204,20
199,218,20
199,218,20
199,218,20
199,218,20
199,218,20
199,218,20
199,218,20
199,218,20
199,218,20
199,218,20
199,218,20
199,218,20
199,218,20
199,218,20
199,218,20
199,218,20
199,218,20
199,218,20
199,234,20
199,234,20
199,234,20
199,234,20
199,234,20
199,234,20
199,234,20
199,234,20
199,234,20
199,234,20
199,234,20
199,234,20
199,234,20
199,234,20
199,234,20
199,234,20
199,234,20
179,162,20
179,162,20
179,162,20
179,162,20
179,162,20
179,162,20
179,162,20
179,162,20
179,162,20
179,162,20
179,162,20
179,162,20
179,162,20
179,162,20
179,162,20
179,176,20
179,176,20
179,176,20
179,176,20
179,176,20
179,176,20
179,194,20
179,194,20
179,194,20
179,194,20
179,194,20
179,194,20
179,194,20
179,194,20
179,194,20
179,194,20
179,194,20
179,194,20
179,194,20
179,194,20
179,194,20
179,194,20
179,185,20
179,185,20
179,185,20
179,185,20
179,185,20
179,185,20
179,185,20
179,185,20
179,185,20
179,185,20
179,185,20
179,185,20
179,166,20
179,166,20
179,166,20
179,166,20
179,166,20
179,166,20
179,178,20
179,178,20
179,178,20
179,178,20
179,178,20
179,178,20
179,178,20
179,178,20
179,178,20
179,178,20
179,178,20
179,178,20
179,178,20
179,178,20
179,178,20
179,178,20
179,178,20
179,178,20
179,178,20
179,178,20
179,178,20
179,178,20
179,178,20
179,178,20
179,178,20
179,178,20
179,178,20
179,178,20
179,178,20
179,178,20
179,178,20
179,178,20
179,162,20
179,162,20
179,162,20
179,162,20
179,162,20
179,162,20
179,162,20
179,162,20
179,162,20
179,162,20
179,162,20
179,162,20
179,162,20
179,162,20
179,162,20
179,162,20
179,162,20
179,162,20
179,162,20
179,162,20
179,162,20
179,162,20
179,162,20
179,162,20
179,162,20
179,162,20
179,162,20
179,162,20
179,162,20
179,162,20
179,162,20
179,162,20
179,162,20
179,162,20
179,162,20
179,162,20
179,162,20
179,162,20
179,162,20
179,162,20
179,162,20
179,162,20
179,162,20
179,162,20
179,162,20
179,162,20
179,162,20
179,162,20
179,162,20
179,178,20
179,178,20
179,178,20
179,178,20
179,178,20
179,178,20
179,178,20
179,178,20
179,178,20
179,178,20
179,178,20
179,178,20
179,178,20
179,178,20
179,178,20
179,178,20
179,178,20
179,178,20
179,178,20
179,178,20
179,178,20
179,178,20
179,178,20
179,178,20
179,178,20
179,178,20
179,178,20
179,178,20
179,178,20
179,178,20
179,178,20
219,188,20
219,188,20
219,188,20
219,188,20
219,188,20
219,188,20
219,188,20
219,188,20
219,188,20
219,188,20
219,188,20
219,188,20
219,188,20
219,212,20
219,212,20
219,212,20
219,212,20
219,212,20
219,212,20
219,212,20
219,212,20
219,212,20
219,212,20
219,207,20
219,207,20
219,207,20
219,207,20
219,207,20
219,207,20
219,207,20
219,214,20
219,214,20
219,214,20
219,214,20
219,214,20
219,214,20
219,214,20
219,214,20
219,214,20
219,214,20
219,214,20
219,214,20
219,214,20
219,214,20
219,214,20
219,214,20
219,214,20
219,214,20
219,214,20
219,214,20
219,214,20
219,214,20
219,214,20
219,214,20
219,214,20
219,214,20
219,214,20
219,214,20
219,214,20
219,214,20
219,214,20
219,214,20
219,214,20
219,214,20
219,214,20
219,214,20
219,208,20
219,208,20
219,208,20
219,208,20
219,208,20
219,208,20
219,208,20
219,208,20
219,208,20
219,208,20
219,208,20
219,208,20
219,208,20
219,208,20
219,208,20
219,208,20
219,208,20
219,208,20
219,208,20
219,208,20
219,208,20
219,208,20
219,208,20
219,208,20
219,208,20
219,208,20
219,208,20
219,208,20
219,208,20
219,208,20
219,208,20
219,208,20
219,208,20
219,208,20
219,208,20
219,208,20
219,208,20
219,208,20
219,208,20
219,208,20
219,214,20
219,214,20
219,214,20
219,214,20
219,214,20
219,214,20
219,214,20
219,214,20
219,214,20
219,214,20
219,214,20
219,214,20
219,214,20
219,214,20
219,214,20
219,214,20
219,214,20
219,214,20
219,214,20
219,228,20
219,228,20
219,228,20
219,228,20
219,228,20
219,228,20
219,228,20
219,228,20
219,228,20
219,228,20
219,228,20
219,228,20
219,228,20
219,228,20
219,228,20
219,228,20
219,228,20
219,228,20
219,228,20
219,228,20
219,228,20
219,228,20
219,228,20
219,228,20
219,228,20
219,228,20
219,209,20
219,209,20
219,209,20
219,209,20
219,209,20
219,209,20
219,209,20
219,209,20
219,209,20
219,209,20
219,209,20
219,209,20
219,209,20
219,209,20
219,209,20
219,209,20
219,209,20
219,209,20
219,236,20
219,236,20
219,236,20
219,236,20
219,236,20
219,236,20
219,236,20
219,236,20
219,236,20
219,236,20
219,236,20
219,236,20
219,236,20
219,236,20
219,236,20
219,236,20
219,236,20
219,236,20
219,236,20
219,236,20
219,236,20
219,236,20
219,236,20
219,236,20
219,236,20
219,236,20
219,236,20
219,172,20
219,172,20
219,172,20
219,172,20
219,172,20
219,172,20
219,172,20
219,172,20
219,172,20
219,172,20
219,172,20
219,172,20
219,172,20
219,172,20
219,172,20
219,172,20
219,172,20
219,172,20
219,172,20
219,172,20
219,172,20
219,172,20
219,172,20
219,172,20
219,172,20
219,172,20
219,172,20
219,172,20
219,172,20
219,172,20
219,172,20
219,172,20
219,172,20
219,172,20
219,172,20
219,172,20
219,172,20
219,172,20
219,172,20
219,172,20
219,172,20
219,172,20
219,172,20
219,172,20
219,172,20
219,172,20
219,172,20
219,172,20
219,242,20
219,242,20
219,242,20
219,242,20
219,242,20
219,242,20
219,242,20
219,242,20
219,242,20
219,242,20
219,242,20
219,242,20
219,242,20
219,242,20
219,242,20
219,242,20
219,242,20
219,242,20
219,242,20
219,242,20
219,242,20
219,242,20
219,242,20
219,242,20
219,242,20
219,242,20
219,242,20
219,242,20
219,242,20
219,242,20
219,242,20
219,242,20
219,242,20
219,242,20
219,242,20
219,242,20
219,242,20
219,242,20
199,161,20
199,161,20
199,161,20
199,161,20
199,161,20
199,161,20
199,161,20
199,161,20
199,161,20
199,161,20
199,161,20
199,161,20
199,161,20
199,161,20
199,161,20
199,161,20
199,161,20
199,161,20
199,161,20
199,161,20
199,161,20
199,161,20
199,161,20
199,161,20
199,161,20
199,161,20
199,161,20
199,161,20
199,161,20
199,161,20
199,161,20
199,193,20
199,193,20
199,193,20
199,193,20
199,193,20
199,193,20
199,193,20
199,193,20
199,193,20
199,193,20
199,193,20
199,193,20
199,193,20
199,193,20
199,193,20
199,193,20
199,193,20
199,193,20
199,193,20
199,193,20
199,193,20
199,193,20
199,193,20
199,193,20
199,193,20
199,193,20
199,193,20
199,193,20
199,193,20
199,193,20
199,193,20
199,193,20
199,193,20
199,193,20
199,193,20
199,193,20
199,193,20
199,193,20
199,193,20
199,193,20
199,193,20
199,193,20
199,193,20
199,193,20
199,193,20
199,185,20
199,185,20
199,185,20
199,185,20
199,185,20
199,185,20
199,185,20
199,185,20
199,185,20
199,185,20
199,185,20
199,185,20
199,185,20
199,185,20
199,185,20
199,183,20
199,183,20
199,183,20
199,183,20
199,183,20
199,183,20
199,183,20
199,183,20
199,183,20
199,183,20
199,183,20
199,183,20
199,183,20
199,183,20
199,183,20
199,183,20
199,183,20
199,183,20
199,183,20
199,200,20
199,200,20
199,200,20
199,200,20
199,200,20
199,200,20
199,200,20
199,200,20
199,200,20
199,200,20
199,200,20
199,200,20
199,200,20
199,200,20
199,200,20
199,200,20
199,200,20
199,200,20
199,200,20
199,200,20
199,200,20
199,200,20
199,200,20
199,200,20
199,200,20
199,200,20
199,200,20
199,200,20
199,200,20
199,200,20
199,200,20
199,200,20
199,200,20
199,200,20
199,200,20
199,200,20
199,200,20
199,200,20
199,205,20
199,205,20
199,205,20
199,205,20
199,205,20
199,205,20
199,205,20
199,205,20
199,205,20
199,205,20
199,205,20
199,205,20
199,205,20
199,205,20
199,205,20
199,205,20
199,205,20
199,205,20
199,205,20
229,214,20
229,214,20
229,214,20
229,214,20
229,214,20
229,214,20
229,214,20
229,214,20
229,214,20
229,214,20
229,214,20
229,214,20
229,214,20
229,235,20
229,235,20
229,235,20
229,235,20
229,235,20
229,235,20
229,235,20
229,235,20
229,235,20
229,235,20
229,235,20
229,235,20
229,235,20
229,235,20
229,233,20
229,233,20
229,233,20
229,233,20
229,233,20
229,233,20
229,233,20
229,233,20
229,233,20
229,233,20
229,233,20
229,233,20
229,233,20
229,233,20
229,233,20
229,233,20
229,233,20
229,233,20
229,233,20
229,233,20
229,233,20
229,233,20
229,233,20
229,233,20
229,233,20
229,233,20
229,236,20
229,236,20
229,236,20
229,236,20
229,236,20
229,236,20
229,236,20
229,236,20
229,236,20
229,236,20
229,236,20
229,236,20
229,236,20
229,236,20
229,212,20
229,212,20
229,212,20
229,212,20
229,212,20
229,212,20
229,220,20
229,220,20
229,220,20
229,220,20
229,220,20
229,220,20
229,220,20
229,232,20
229,232,20
229,232,20
229,232,20
229,232,20
229,232,20
229,232,20
229,232,20
229,243,20
229,243,20
229,243,20
229,243,20
229,243,20
229,243,20
229,243,20
229,243,20
229,243,20
229,243,20
229,243,20
229,243,20
229,243,20
229,243,20
229,243,20
229,243,20
229,243,20
229,243,20
229,243,20
229,243,20
229,243,20
229,243,20
229,243,20
229,243,20
229,243,20
229,243,20
229,243,20
229,243,20
229,242,20
229,242,20
229,242,20
229,242,20
229,242,20
229,242,20
229,242,20
229,254,20
229,254,20
229,254,20
229,254,20
229,254,20
229,254,20
229,254,20
229,254,20
229,254,20
229,254,20
229,254,20
229,254,20
229,254,20
229,254,20
229,254,20
229,254,20
229,254,20
229,254,20
229,254,20
229,254,20
229,254,20
229,254,20
229,254,20
229,254,20
229,254,20
229,254,20
229,254,20
229,254,20
229,254,20
229,254,20
229,254,20
229,254,20
229,254,20
229,254,20
229,254,20
229,254,20
229,254,20
229,254,20
229,254,20
229,254,20
229,254,20
229,254,20
229,239,20
229,239,20
229,239,20
229,239,20
229,239,20
229,239,20
229,239,20
229,239,20
229,239,20
229,239,20
229,239,20
229,239,20
229,239,20
229,239,20
229,239,20
229,239,20
229,239,20
229,231,20
229,231,20
229,231,20
229,231,20
229,231,20
229,231,20
229,231,20
229,231,20
229,231,20
229,231,20
229,231,20
229,231,20
229,206,20
229,206,20
229,206,20
229,206,20
229,206,20
229,206,20
229,206,20
229,206,20
229,206,20
229,206,20
229,206,20
229,206,20
229,206,20
229,273,20
229,273,20
229,273,20
229,273,20
229,273,20
229,273,20
229,273,20
229,273,20
229,273,20
229,273,20
229,220,20
229,220,20
229,220,20
229,220,20
229,220,20
229,220,20
229,220,20
229,220,20
229,220,20
229,220,20
229,220,20
229,220,20
229,220,20
229,220,20
229,220,20
229,220,20
229,220,20
229,220,20
229,220,20
229,220,20
229,220,20
229,220,20
229,220,20
229,220,20
229,220,20
229,220,20
229,220,20
229,220,20
229,220,20
229,220,20
229,220,20
229,220,20
229,220,20
229,220,20
229,220,20
229,220,20
229,220,20
229,220,20
229,220,20
229,220,20
229,220,20
229,220,20
229,220,20
229,220,20
229,220,20
229,220,20
229,220,20
229,220,20
229,220,20
229,220,20
229,220,20
229,220,20
229,220,20
229,220,20
229,220,20
229,220,20
229,228,20
229,228,20
229,228,20
229,228,20
229,228,20
229,228,20
249,261,20
249,261,20
249,261,20
249,261,20
249,261,20
249,261,20
249,261,20
249,261,20
249,261,20
249,245,20
249,245,20
249,245,20
249,245,20
249,245,20
249,245,20
249,245,20
249,245,20
249,245,20
249,245,20
249,245,20
249,245,20
249,245,20
249,245,20
249,245,20
249,245,20
249,245,20
249,245,20
249,245,20
249,245,20
249,245,20
249,245,20
249,270,20
249,270,20
249,270,20
249,270,20
249,270,20
249,270,20
249,270,20
249,270,20
249,270,20
249,270,20
249,270,20
249,270,20
249,270,20
249,270,20
249,270,20
249,271,20
249,271,20
249,271,20
249,271,20
249,271,20
249,271,20
249,271,20
249,271,20
249,271,20
249,271,20
249,271,20
249,271,20
249,271,20
249,271,20
249,271,20
249,271,20
249,271,20
249,271,20
249,271,20
249,271,20
249,271,20
249,271,20
249,271,20
249,271,20
249,271,20
249,271,20
249,271,20
249,271,20
249,271,20
249,271,20
249,271,20
249,271,20
249,271,20
249,271,20
249,271,20
249,284,20
249,284,20
249,284,20
249,284,20
249,284,20
249,284,20
249,284,20
249,231,20
249,231,20
249,231,20
249,231,20
249,231,20
249,231,20
249,231,20
249,231,20
249,231,20
249,231,20
249,231,20
249,231,20
249,231,20
249,231,20
249,231,20
249,231,20
249,231,20
249,231,20
249,231,20
249,231,20
249,231,20
249,231,20
249,231,20
249,231,20
249,231,20
249,231,20
249,224,20
249,224,20
249,224,20
249,224,20
249,224,20
249,224,20
249,224,20
249,224,20
249,224,20
249,224,20
249,224,20
249,224,20
249,224,20
249,224,20
249,224,20
249,224,20
249,224,20
249,224,20
249,224,20
249,274,20
249,274,20
249,274,20
249,274,20
249,274,20
249,274,20
249,274,20
249,274,20
249,274,20
249,274,20
249,274,20
249,274,20
249,274,20
249,274,20
249,274,20
249,274,20
249,274,20
249,274,20
249,274,20
249,274,20
249,255,20
249,255,20
249,255,20
249,255,20
249,255,20
249,255,20
249,255,20
249,255,20
249,255,20
249,255,20
249,255,20
249,258,20
249,258,20
249,258,20
249,258,20
249,258,20
249,258,20
249,258,20
249,258,20
249,258,20
249,258,20
249,258,20
249,258,20
249,258,20
249,258,20
249,258,20
249,258,20
249,258,20
249,258,20
249,258,20
249,258,20
249,258,20
249,258,20
249,258,20
249,258,20
249,258,20
249,258,20
249,258,20
249,258,20
249,258,20
249,258,20
249,258,20
249,258,20
249,258,20
249,258,20
249,258,20
249,258,20
249,258,20
249,258,20
249,258,20
229,249,20
229,249,20
229,249,20
229,249,20
229,249,20
229,249,20
229,249,20
229,249,20
229,249,20
229,249,20
229,249,20
229,249,20
229,249,20
229,221,20
229,221,20
229,221,20
229,221,20
229,221,20
229,221,20
229,221,20
229,221,20
229,221,20
229,221,20
229,221,20
229,221,20
229,221,20
229,221,20
229,230,20
229,230,20
229,230,20
229,230,20
229,230,20
229,230,20
229,235,20
229,235,20
229,235,20
229,235,20
229,235,20
229,235,20
229,235,20
229,235,20
229,235,20
229,235,20
229,235,20
229,235,20
229,235,20
229,235,20
229,235,20
229,235,20
229,235,20
229,235,20
229,235,20
229,235,20
229,235,20
229,235,20
229,235,20
229,235,20
229,235,20
229,235,20
229,235,20
229,235,20
229,235,20
229,235,20
229,256,20
229,256,20
229,256,20
229,256,20
229,256,20
229,256,20
229,256,20
229,256,20
229,249,20
229,249,20
229,249,20
229,249,20
229,249,20
229,249,20
229,249,20
229,249,20
229,225,20
229,225,20
229,225,20
229,225,20
229,225,20
229,225,20
229,225,20
229,240,20
229,240,20
229,240,20
229,240,20
229,240,20
229,240,20
229,240,20
229,221,20
229,221,20
229,221,20
229,221,20
229,221,20
229,221,20
229,221,20
229,221,20
229,221,20
229,221,20
229,221,20
229,221,20
229,221,20
229,221,20
229,221,20
229,221,20
229,221,20
229,221,20
229,221,20
229,221,20
229,221,20
229,221,20
229,221,20
229,221,20
229,221,20
229,221,20
229,221,20
229,221,20
229,221,20
229,221,20
229,221,20
229,221,20
229,257,20
229,257,20
229,257,20
229,257,20
229,257,20
229,257,20
229,257,20
229,257,20
229,247,20
229,247,20
229,247,20
229,247,20
229,247,20
229,247,20
229,247,20
229,247,20
229,247,20
229,247,20
229,247,20
229,247,20
229,247,20
229,247,20
229,247,20
229,199,20
229,199,20
229,199,20
229,199,20
229,199,20
229,199,20
229,199,20
229,202,20
229,202,20
229,202,20
229,202,20
229,202,20
229,202,20
229,202,20
229,202,20
229,202,20
229,202,20
229,202,20
229,202,20
229,202,20
229,202,20
229,202,20
229,202,20
229,202,20
229,202,20
229,202,20
229,202,20
229,202,20
229,202,20
229,202,20
229,202,20
229,202,20
229,202,20
229,202,20
229,202,20
229,202,20
229,202,20
229,202,20
229,202,20
229,202,20
229,202,20
229,202,20
229,222,20
229,222,20
229,222,20
229,222,20
229,222,20
229,222,20
229,222,20
229,222,20
229,222,20
229,222,20
229,222,20
229,222,20
229,222,20
229,222,20
229,222,20
229,222,20
229,222,20
229,222,20
229,222,20
229,222,20
229,222,20
229,222,20
229,222,20
229,222,20
229,222,20
229,222,20
229,222,20
229,222,20
229,222,20
229,222,20
229,233,20
229,233,20
229,233,20
229,233,20
229,233,20
229,233,20
229,233,20
229,233,20
229,233,20
229,233,20
229,233,20
229,233,20
229,233,20
229,233,20
229,233,20
229,233,20
229,233,20
229,233,20
229,233,20
229,233,20
229,233,20
229,233,20
229,233,20
229,233,20
229,233,20
229,233,20
229,233,20
229,225,20
229,225,20
229,225,20
229,225,20
229,225,20
229,225,20
229,225,20
229,225,20
229,225,20
229,225,20
229,225,20
229,225,20
229,225,20
229,225,20
229,225,20
229,225,20
229,225,20
229,225,20
229,225,20
229,225,20
229,225,20
229,225,20
229,225,20
229,225,20
229,238,20
229,238,20
229,238,20
229,238,20
229,238,20
229,238,20
229,238,20
229,230,20
229,230,20
229,230,20
229,230,20
229,230,20
229,230,20
229,230,20
229,225,20
229,225,20
229,225,20
229,225,20
229,225,20
229,225,20
229,225,20
229,225,20
229,225,20
229,225,20
229,225,20
229,225,20
229,225,20
229,225,20
229,225,20
229,225,20
229,225,20
229,225,20
229,225,20
229,225,20
229,225,20
229,225,20
229,225,20
229,225,20
229,240,20
229,240,20
229,240,20
229,240,20
229,240,20
229,240,20
229,240,20
229,240,20
229,240,20
229,240,20
229,240,20
229,240,20
229,240,20
229,240,20
229,240,20
229,240,20
229,240,20
209,194,20
209,194,20
209,194,20
209,194,20
209,194,20
209,194,20
209,194,20
209,194,20
209,194,20
209,224,20
209,224,20
209,224,20
209,224,20
209,224,20
209,224,20
209,224,20
209,224,20
209,224,20
209,224,20
209,224,20
209,224,20
209,224,20
209,224,20
209,224,20
209,224,20
209,224,20
209,224,20
209,224,20
209,224,20
209,224,20
209,224,20
209,224,20
209,224,20
209,224,20
209,224,20
209,224,20
209,224,20
209,224,20
209,224,20
209,224,20
209,224,20
209,224,20
209,224,20
209,224,20
209,224,20
209,224,20
209,224,20
209,224,20
209,224,20
209,224,20
209,224,20
209,224,20
209,224,20
209,224,20
209,224,20
209,224,20
209,224,20
209,224,20
209,224,20
209,224,20
209,224,20
209,224,20
209,224,20
209,184,20
209,184,20
209,184,20
209,184,20
209,184,20
209,184,20
209,184,20
209,184,20
209,184,20
209,184,20
209,184,20
209,184,20
209,184,20
209,184,20
209,184,20
209,184,20
209,184,20
209,209,20
209,209,20
209,209,20
209,209,20
209,209,20
209,209,20
209,209,20
209,209,20
209,209,20
209,209,20
209,209,20
209,209,20
209,209,20
209,209,20
209,209,20
209,209,20
209,209,20
209,209,20
209,209,20
209,192,20
209,192,20
209,192,20
209,192,20
209,192,20
209,192,20
209,192,20
209,192,20
209,192,20
209,192,20
209,192,20
209,192,20
209,192,20
209,192,20
209,192,20
209,192,20
209,188,20
209,188,20
209,188,20
209,188,20
209,188,20
209,188,20
209,188,20
209,188,20
209,188,20
209,188,20
209,188,20
209,188,20
209,188,20
209,188,20
209,188,20
209,188,20
209,188,20
209,188,20
209,188,20
209,188,20
209,188,20
209,188,20
209,188,20
209,188,20
209,188,20
209,188,20
209,188,20
209,188,20
209,188,20
209,188,20
209,188,20
209,188,20
209,188,20
209,188,20
209,188,20
209,188,20
209,188,20
209,188,20
209,188,20
209,188,20
209,188,20
209,188,20
209,188,20
249,243,20
249,243,20
249,243,20
249,243,20
249,243,20
249,243,20
249,243,20
249,243,20
249,243,20
249,243,20
249,243,20
249,243,20
249,243,20
249,243,20
249,243,20
249,243,20
249,243,20
249,243,20
249,243,20
249,243,20
249,243,20
249,243,20
249,243,20
249,243,20
249,243,20
249,243,20
249,243,20
249,243,20
249,243,20
249,243,20
249,243,20
249,243,20
249,243,20
249,243,20
249,243,20
249,243,20
249,245,20
249,245,20
249,245,20
249,245,20
249,245,20
249,245,20
249,245,20
249,245,20
249,245,20
249,245,20
249,245,20
249,245,20
249,245,20
249,245,20
249,245,20
249,245,20
249,245,20
249,238,20
249,238,20
249,238,20
249,238,20
249,238,20
249,238,20
249,238,20
249,238,20
249,238,20
249,238,20
249,238,20
249,273,20
249,273,20
249,273,20
249,273,20
249,273,20
249,273,20
249,273,20
249,273,20
249,273,20
249,273,20
249,273,20
249,273,20
249,273,20
249,273,20
249,273,20
249,273,20
249,273,20
249,273,20
249,232,20
249,232,20
249,232,20
249,232,20
249,232,20
249,232,20
249,232,20
249,232,20
249,232,20
249,236,20
249,236,20
249,236,20
249,236,20
249,236,20
249,236,20
249,275,20
249,275,20
249,275,20
249,275,20
249,275,20
249,275,20
249,275,20
249,275,20
249,275,20
249,275,20
249,275,20
249,275,20
249,227,20
249,227,20
249,227,20
249,227,20
249,227,20
249,227,20
249,227,20
249,227,20
249,227,20
249,227,20
249,227,20
249,227,20
249,227,20
249,227,20
249,227,20
249,227,20
249,227,20
249,227,20
249,227,20
249,227,20
249,227,20
249,227,20
249,227,20
249,242,20
249,242,20
249,242,20
249,242,20
249,242,20
249,242,20
249,242,20
249,242,20
249,242,20
249,242,20
249,242,20
249,242,20
249,242,20
249,242,20
249,242,20
249,242,20
249,242,20
249,242,20
249,242,20
249,242,20
249,242,20
249,242,20
249,242,20
249,247,20
249,247,20
249,247,20
249,247,20
249,247,20
249,247,20
249,247,20
249,247,20
249,247,20
249,247,20
249,247,20
249,247,20
249,247,20
249,247,20
249,247,20
249,247,20
249,247,20
249,247,20
249,247,20
249,247,20
249,247,20
249,247,20
249,247,20
249,247,20
249,247,20
249,247,20
249,247,20
249,247,20
249,247,20
249,247,20
249,247,20
249,247,20
249,247,20
249,247,20
249,247,20
249,247,20
249,247,20
249,247,20
249,247,20
249,277,20
249,277,20
249,277,20
249,277,20
249,277,20
249,277,20
209,202,20
209,202,20
209,202,20
209,202,20
209,202,20
209,202,20
209,202,20
209,202,20
209,202,20
209,202,20
209,202,20
209,202,20
209,202,20
209,202,20
209,202,20
209,202,20
209,202,20
209,202,20
209,202,20
209,202,20
209,202,20
209,202,20
209,202,20
209,202,20
209,202,20
209,202,20
209,202,20
209,202,20
209,202,20
209,202,20
209,208,20
209,208,20
209,208,20
209,208,20
209,208,20
209,208,20
209,208,20
209,208,20
209,208,20
209,208,20
209,208,20
209,208,20
209,208,20
209,208,20
209,208,20
209,208,20
209,208,20
209,208,20
209,208,20
209,208,20
209,208,20
209,208,20
209,208,20
209,208,20
209,208,20
209,208,20
209,208,20
209,208,20
209,208,20
209,208,20
209,208,20
209,208,20
209,208,20
209,208,20
209,208,20
209,208,20
209,211,20
209,211,20
209,211,20
209,211,20
209,211,20
209,211,20
209,211,20
209,211,20
209,190,20
209,190,20
209,190,20
209,190,20
209,190,20
209,190,20
209,190,20
209,190,20
209,190,20
209,190,20
209,190,20
209,190,20
209,190,20
209,190,20
209,190,20
209,190,20
209,190,20
209,190,20
209,190,20
209,190,20
209,190,20
209,190,20
209,190,20
209,190,20
209,190,20
209,193,20
209,193,20
209,193,20
209,193,20
209,193,20
209,193,20
209,193,20
209,193,20
209,193,20
209,193,20
209,193,20
209,193,20
209,193,20
209,193,20
209,193,20
209,193,20
209,193,20
209,193,20
209,193,20
209,193,20
209,193,20
209,193,20
209,193,20
209,193,20
209,193,20
209,193,20
209,193,20
209,193,20
209,193,20
209,193,20
209,193,20
209,193,20
209,193,20
209,193,20
209,193,20
209,193,20
209,193,20
209,193,20
209,193,20
209,193,20
209,193,20
209,193,20
209,193,20
209,193,20
209,193,20
209,193,20
209,193,20
209,193,20
209,193,20
209,193,20
209,193,20
209,193,20
209,220,20
209,220,20
209,220,20
209,220,20
209,220,20
209,220,20
209,220,20
209,220,20
209,220,20
209,220,20
209,220,20
209,220,20
209,220,20
209,220,20
209,220,20
209,220,20
209,220,20
209,220,20
209,220,20
209,220,20
209,220,20
209,240,20
209,240,20
209,240,20
209,240,20
209,240,20
209,240,20
209,240,20
209,240,20
209,240,20
209,240,20
209,240,20
209,240,20
209,240,20
209,240,20
209,240,20
209,240,20
209,240,20
209,200,20
209,200,20
209,200,20
209,200,20
209,200,20
209,200,20
209,200,20
209,200,20
209,200,20
209,200,20
209,200,20
209,200,20
209,200,20
209,184,20
209,184,20
209,184,20
209,184,20
209,184,20
209,184,20
209,221,20
209,221,20
209,221,20
209,221,20
209,221,20
209,221,20
209,221,20
209,221,20
209,221,20
209,221,20
209,221,20
209,196,20
209,196,20
209,196,20
209,196,20
209,196,20
209,196,20
209,196,20
209,196,20
209,196,20
209,186,20
209,186,20
209,186,20
209,186,20
209,186,20
209,186,20
209,186,20
209,186,20
209,186,20
209,186,20
209,186,20
209,186,20
209,186,20
209,186,20
209,186,20
209,186,20
169,163,20
169,163,20
169,163,20
169,163,20
169,163,20
169,163,20
169,163,20
169,163,20
169,163,20
169,163,20
169,163,20
169,163,20
169,163,20
169,163,20
169,163,20
169,163,20
169,163,20
169,163,20
169,163,20
169,163,20
169,163,20
169,152,20
169,152,20
169,152,20
169,152,20
169,152,20
169,152,20
169,152,20
169,152,20
169,152,20
169,152,20
169,152,20
169,152,20
169,152,20
169,136,20
169,136,20
169,136,20
169,136,20
169,136,20
169,136,20
169,136,20
169,190,20
169,190,20
169,190,20
169,190,20
169,190,20
169,190,20
169,190,20
169,190,20
169,190,20
169,190,20
169,190,20
169,190,20
169,190,20
169,190,20
169,190,20
169,190,20
169,190,20
169,190,20
169,190,20
169,190,20
169,190,20
169,190,20
169,190,20
169,190,20
169,190,20
169,190,20
169,190,20
169,190,20
169,190,20
169,190,20
169,190,20
169,190,20
169,190,20
169,190,20
169,190,20
169,190,20
169,190,20
169,190,20
169,190,20
169,190,20
169,190,20
169,187,20
169,187,20
169,187,20
169,187,20
169,187,20
169,187,20
169,187,20
169,187,20
169,187,20
169,187,20
169,184,20
169,184,20
169,184,20
169,184,20
169,184,20
169,184,20
169,184,20
169,184,20
169,184,20
169,184,20
169,184,20
169,184,20
169,184,20
169,184,20
169,184,20
169,184,20
169,184,20
169,184,20
169,155,20
169,155,20
169,155,20
169,155,20
169,155,20
169,155,20
169,155,20
169,155,20
169,155,20
169,155,20
169,155,20
169,155,20
169,155,20
169,155,20
169,155,20
169,155,20
169,155,20
169,155,20
169,155,20
169,155,20
169,168,20
169,168,20
169,168,20
169,168,20
169,168,20
169,168,20
169,168,20
169,168,20
169,168,20
169,168,20
169,168,20
169,168,20
169,168,20
169,168,20
169,168,20
169,173,20
169,173,20
169,173,20
169,173,20
169,173,20
169,173,20
169,173,20
169,173,20
169,173,20
169,163,20
169,163,20
169,163,20
169,163,20
169,163,20
169,163,20
169,163,20
169,163,20
169,163,20
169,163,20
169,163,20
169,163,20
169,163,20
169,163,20
169,163,20
169,163,20
169,163,20
169,163,20
169,163,20
169,163,20
169,163,20
169,163,20
209,178,20
209,178,20
209,178,20
209,178,20
209,178,20
209,178,20
209,178,20
209,178,20
209,178,20
209,178,20
209,178,20
209,178,20
209,178,20
209,178,20
209,178,20
209,178,20
209,178,20
209,178,20
209,178,20
209,178,20
209,178,20
209,178,20
209,178,20
209,178,20
209,178,20
209,178,20
209,178,20
209,178,20
209,178,20
209,178,20
209,178,20
209,178,20
209,178,20
209,178,20
209,178,20
209,178,20
209,178,20
209,178,20
209,178,20
209,178,20
209,178,20
209,178,20
209,178,20
209,178,20
209,178,20
209,215,20
209,215,20
209,215,20
209,215,20
209,215,20
209,215,20
209,197,20
209,197,20
209,197,20
209,197,20
209,197,20
209,197,20
209,197,20
209,197,20
209,197,20
209,197,20
209,197,20
209,197,20
209,197,20
209,197,20
209,197,20
209,197,20
209,197,20
209,197,20
209,197,20
209,197,20
209,197,20
209,197,20
209,185,20
209,185,20
209,185,20
209,185,20
209,185,20
209,185,20
209,210,20
209,210,20
209,210,20
209,210,20
209,210,20
209,210,20
209,210,20
209,210,20
209,210,20
209,210,20
209,210,20
209,210,20
209,210,20
209,210,20
209,210,20
209,210,20
209,210,20
209,210,20
209,210,20
209,210,20
209,210,20
209,210,20
209,210,20
209,210,20
209,210,20
209,210,20
209,210,20
209,210,20
209,210,20
209,210,20
209,210,20
209,210,20
209,210,20
209,210,20
209,168,20
209,168,20
209,168,20
209,168,20
209,168,20
209,168,20
209,168,20
209,168,20
209,168,20
209,168,20
209,168,20
209,168,20
209,168,20
209,168,20
209,168,20
209,168,20
209,168,20
209,168,20
209,168,20
209,168,20
209,168,20
209,168,20
209,168,20
209,168,20
209,168,20
209,168,20
209,168,20
209,168,20
209,168,20
209,168,20
209,168,20
209,168,20
209,168,20
209,168,20
209,168,20
209,168,20
209,168,20
209,168,20
209,168,20
209,168,20
209,168,20
209,168,20
209,168,20
209,168,20
209,183,20
209,183,20
209,183,20
209,183,20
209,183,20
209,183,20
209,183,20
209,183,20
209,183,20
209,183,20
209,183,20
209,183,20
209,183,20
209,183,20
209,183,20
209,183,20
209,183,20
209,183,20
209,183,20
209,218,20
209,218,20
209,218,20
209,218,20
209,218,20
209,218,20
209,218,20
209,232,20
209,232,20
209,232,20
209,232,20
209,232,20
209,232,20
209,232,20
209,232,20
209,232,20
209,232,20
209,183,20
209,183,20
209,183,20
209,183,20
209,183,20
209,183,20
209,183,20
209,183,20
209,219,20
209,219,20
209,219,20
209,219,20
209,219,20
209,219,20
209,219,20
209,219,20
209,219,20
209,219,20
209,219,20
209,219,20
209,219,20
209,219,20
209,219,20
209,219,20
209,219,20
209,219,20
209,219,20
209,219,20
209,219,20
209,219,20
209,219,20
209,219,20
209,219,20
209,219,20
209,219,20
209,219,20
209,219,20
209,219,20
209,219,20
209,219,20
209,219,20
209,219,20
209,219,20
209,219,20
209,219,20
209,219,20
209,219,20
209,219,20
209,219,20
209,219,20
209,219,20
209,219,20
209,219,20
209,219,20
209,219,20
209,219,20
209,219,20
209,219,20
209,230,20
209,230,20
209,230,20
209,230,20
209,230,20
209,230,20
209,230,20
239,234,20
239,234,20
239,234,20
239,234,20
239,234,20
239,234,20
239,234,20
239,234,20
239,234,20
239,234,20
239,234,20
239,234,20
239,234,20
239,234,20
239,234,20
239,234,20
239,234,20
239,237,20
239,237,20
239,237,20
239,237,20
239,237,20
239,237,20
239,237,20
239,237,20
239,237,20
239,237,20
239,237,20
239,237,20
239,237,20
239,237,20
239,237,20
239,237,20
239,237,20
239,237,20
239,237,20
239,237,20
239,237,20
239,237,20
239,237,20
239,237,20
239,237,20
239,237,20
239,237,20
239,237,20
239,237,20
239,237,20
239,237,20
239,237,20
239,237,20
239,237,20
239,237,20
239,237,20
239,237,20
239,237,20
239,237,20
239,237,20
239,237,20
239,237,20
239,237,20
239,237,20
239,237,20
239,237,20
239,237,20
239,237,20
239,237,20
239,237,20
239,237,20
239,237,20
239,237,20
239,237,20
239,237,20
239,237,20
239,237,20
239,225,20
239,225,20
239,225,20
239,225,20
239,225,20
239,225,20
239,225,20
239,225,20
239,225,20
239,225,20
239,225,20
239,225,20
239,225,20
239,225,20
239,225,20
239,225,20
239,225,20
239,225,20
239,225,20
239,225,20
239,225,20
239,225,20
239,225,20
239,225,20
239,225,20
239,225,20
239,225,20
239,225,20
239,225,20
239,225,20
239,225,20
239,225,20
239,225,20
239,221,20
239,221,20
239,221,20
239,221,20
239,221,20
239,221,20
239,221,20
239,221,20
239,221,20
239,221,20
239,243,20
239,243,20
239,243,20
239,243,20
239,243,20
239,243,20
239,243,20
239,243,20
239,243,20
239,243,20
239,243,20
239,243,20
239,243,20
239,243,20
239,199,20
239,199,20
239,199,20
239,199,20
239,199,20
239,199,20
239,199,20
239,199,20
239,199,20
239,199,20
239,199,20
239,199,20
239,199,20
239,199,20
239,199,20
239,199,20
239,199,20
239,199,20
239,199,20
239,199,20
239,199,20
239,199,20
239,199,20
239,199,20
239,199,20
239,199,20
239,199,20
239,199,20
239,199,20
239,199,20
239,219,20
239,219,20
239,219,20
239,219,20
239,219,20
239,219,20
239,219,20
239,219,20
239,219,20
239,219,20
239,219,20
199,202,20
199,202,20
199,202,20
199,202,20
199,202,20
199,202,20
199,202,20
199,202,20
199,202,20
199,202,20
199,202,20
199,202,20
199,202,20
199,202,20
199,202,20
199,202,20
199,202,20
199,202,20
199,202,20
199,202,20
199,202,20
199,202,20
199,202,20
199,202,20
199,184,20
199,184,20
199,184,20
199,184,20
199,184,20
199,184,20
199,184,20
199,215,20
199,215,20
199,215,20
199,215,20
199,215,20
199,215,20
199,215,20
199,215,20
199,187,20
199,187,20
199,187,20
199,187,20
199,187,20
199,187,20
199,187,20
199,187,20
199,187,20
199,187,20
199,187,20
199,187,20
199,187,20
199,187,20
199,187,20
199,187,20
199,187,20
199,187,20
199,187,20
199,187,20
199,187,20
199,187,20
199,187,20
199,187,20
199,187,20
199,187,20
199,187,20
199,187,20
199,199,20
199,199,20
199,199,20
199,199,20
199,199,20
199,199,20
199,199,20
199,199,20
199,199,20
199,199,20
199,199,20
199,199,20
199,199,20
199,199,20
199,199,20
199,199,20
199,199,20
199,199,20
199,199,20
199,199,20
199,199,20
199,199,20
199,199,20
199,199,20
199,199,20
199,199,20
199,199,20
199,199,20
199,199,20
199,199,20
199,199,20
199,199,20
199,199,20
199,199,20
199,199,20
199,199,20
199,199,20
199,199,20
199,199,20
199,199,20
199,199,20
199,199,20
199,199,20
199,199,20
199,199,20
199,199,20
199,199,20
199,199,20
199,199,20
199,199,20
199,199,20
199,199,20
199,199,20
199,199,20
199,199,20
199,199,20
199,164,20
199,164,20
199,164,20
199,164,20
199,164,20
199,164,20
199,164,20
199,164,20
199,164,20
199,164,20
199,164,20
199,164,20
199,164,20
229,199,20
229,199,20
229,199,20
229,199,20
229,199,20
229,199,20
229,199,20
229,199,20
229,199,20
229,199,20
229,199,20
229,199,20
229,199,20
229,199,20
229,199,20
229,199,20
229,199,20
229,199,20
229,199,20
229,199,20
229,199,20
229,199,20
229,199,20
229,199,20
229,199,20
229,199,20
229,199,20
229,199,20
229,199,20
229,194,20
229,194,20
229,194,20
229,194,20
229,194,20
229,194,20
229,225,20
229,225,20
229,225,20
229,225,20
229,225,20
229,225,20
229,225,20
229,225,20
229,225,20
229,225,20
229,225,20
229,225,20
229,225,20
229,225,20
229,225,20
229,225,20
229,225,20
229,225,20
229,225,20
229,225,20
229,225,20
229,225,20
229,225,20
229,225,20
229,225,20
229,225,20
229,225,20
229,225,20
229,225,20
229,259,20
229,259,20
229,259,20
229,259,20
229,259,20
229,259,20
229,237,20
229,237,20
229,237,20
229,237,20
229,237,20
229,237,20
229,205,20
229,205,20
229,205,20
229,205,20
229,205,20
229,205,20
229,205,20
229,205,20
229,205,20
229,205,20
229,205,20
229,205,20
229,205,20
229,205,20
229,205,20
229,205,20
229,205,20
229,205,20
229,205,20
229,205,20
229,205,20
229,205,20
229,205,20
229,205,20
229,205,20
229,205,20
229,205,20
229,205,20
229,205,20
229,205,20
229,205,20
229,205,20
229,205,20
229,205,20
229,205,20
229,205,20
229,205,20
229,205,20
229,211,20
229,211,20
229,211,20
229,211,20
229,211,20
229,211,20
229,211,20
229,211,20
229,211,20
229,211,20
229,211,20
229,211,20
229,201,20
229,201,20
229,201,20
229,201,20
229,201,20
229,201,20
229,221,20
229,221,20
229,221,20
229,221,20
229,221,20
229,221,20
229,221,20
229,221,20
229,221,20
229,221,20
229,221,20
229,221,20
229,221,20
229,221,20
229,221,20
229,221,20
229,221,20
229,221,20
229,221,20
229,216,20
229,216,20
229,216,20
229,216,20
229,216,20
229,216,20
229,216,20
229,237,20
229,237,20
229,237,20
229,237,20
229,237,20
229,237,20
229,239,20
229,239,20
229,239,20
229,239,20
229,239,20
229,239,20
229,244,20
229,244,20
229,244,20
229,244,20
229,244,20
229,244,20
229,244,20
229,244,20
229,244,20
229,244,20
229,244,20
229,244,20
229,244,20
229,244,20
229,244,20
229,244,20
229,244,20
229,244,20
229,244,20
189,201,20
189,201,20
189,201,20
189,201,20
189,201,20
189,201,20
189,184,20
189,184,20
189,184,20
189,184,20
189,184,20
189,184,20
189,170,20
189,170,20
189,170,20
189,170,20
189,170,20
189,170,20
189,170,20
189,170,20
189,170,20
189,170,20
189,170,20
189,170,20
189,193,20
189,193,20
189,193,20
189,193,20
189,193,20
189,193,20
189,193,20
189,193,20
189,193,20
189,193,20
189,193,20
189,193,20
189,193,20
189,193,20
189,193,20
189,193,20
189,193,20
189,193,20
189,193,20
189,193,20
189,193,20
189,193,20
189,193,20
189,193,20
189,193,20
189,193,20
189,193,20
189,193,20
189,193,20
189,193,20
189,193,20
189,193,20
189,193,20
189,193,20
189,193,20
189,193,20
189,193,20
189,193,20
189,193,20
189,193,20
189,193,20
189,193,20
189,193,20
189,193,20
189,193,20
189,193,20
189,193,20
189,193,20
189,193,20
189,193,20
189,193,20
189,193,20
189,193,20
189,193,20
189,193,20
189,193,20
189,193,20
189,193,20
189,193,20
189,193,20
189,193,20
189,193,20
189,193,20
189,199,20
189,199,20
189,199,20
189,199,20
189,199,20
189,199,20
189,199,20
189,199,20
189,199,20
189,199,20
189,199,20
189,199,20
189,199,20
189,199,20
189,199,20
189,199,20
189,199,20
189,199,20
189,199,20
189,199,20
189,199,20
189,199,20
189,199,20
189,199,20
189,199,20
189,199,20
189,199,20
189,199,20
189,199,20
189,197,20
189,197,20
189,197,20
189,197,20
189,197,20
189,197,20
189,211,20
189,211,20
189,211,20
189,211,20
189,211,20
189,211,20
189,211,20
189,211,20
189,211,20
189,211,20
189,211,20
189,211,20
189,211,20
189,211,20
189,211,20
189,211,20
189,211,20
189,211,20
189,180,20
189,180,20
189,180,20
189,180,20
189,180,20
189,180,20
189,180,20
189,180,20
189,180,20
189,180,20
189,175,20
189,175,20
189,175,20
189,175,20
189,175,20
189,175,20
189,175,20
189,175,20
189,175,20
189,175,20
189,175,20
189,175,20
189,175,20
189,175,20
189,175,20
189,175,20
189,175,20
169,149,20
169,149,20
169,149,20
169,149,20
169,149,20
169,149,20
169,149,20
169,149,20
169,149,20
169,149,20
169,149,20
169,149,20
169,149,20
169,149,20
169,149,20
169,149,20
169,149,20
169,149,20
169,149,20
169,149,20
169,149,20
169,149,20
169,149,20
169,149,20
169,149,20
169,149,20
169,149,20
169,149,20
169,180,20
169,180,20
169,180,20
169,180,20
169,180,20
169,180,20
169,180,20
169,157,20
169,157,20
169,157,20
169,157,20
169,157,20
169,157,20
169,157,20
169,157,20
169,157,20
169,157,20
169,157,20
169,157,20
169,157,20
169,157,20
169,157,20
169,157,20
169,157,20
169,157,20
169,157,20
169,157,20
169,157,20
169,157,20
169,157,20
169,157,20
169,157,20
169,157,20
169,157,20
169,157,20
169,178,20
169,178,20
169,178,20
169,178,20
169,178,20
169,178,20
169,178,20
169,178,20
169,178,20
169,178,20
169,178,20
169,178,20
169,178,20
169,178,20
169,178,20
169,204,20
169,204,20
169,204,20
169,204,20
169,204,20
169,204,20
169,204,20
169,204,20
169,204,20
169,204,20
169,204,20
169,204,20
169,204,20
169,204,20
169,204,20
169,204,20
169,204,20
169,204,20
169,204,20
169,204,20
169,189,20
169,189,20
169,189,20
169,189,20
169,189,20
169,189,20
169,189,20
169,189,20
169,189,20
169,189,20
169,189,20
169,189,20
169,189,20
169,189,20
169,189,20
169,189,20
169,189,20
169,189,20
169,189,20
169,189,20
169,189,20
169,189,20
169,189,20
169,169,20
169,169,20
169,169,20
169,169,20
169,169,20
169,169,20
169,169,20
169,169,20
169,169,20
169,169,20
169,169,20
169,169,20
169,169,20
169,169,20
169,169,20
169,169,20
169,169,20
169,169,20
169,169,20
169,169,20
169,169,20
169,169,20
169,169,20
169,169,20
169,169,20
169,169,20
169,169,20
169,169,20
169,169,20
169,169,20
169,169,20
169,169,20
169,169,20
169,169,20
169,169,20
169,169,20
169,169,20
169,169,20
169,169,20
169,169,20
169,193,20
169,193,20
169,193,20
169,193,20
169,193,20
169,193,20
169,193,20
169,193,20
169,193,20
169,193,20
169,193,20
149,171,20
149,171,20
149,171,20
149,171,20
149,171,20
149,171,20
149,171,20
149,171,20
149,179,20
149,179,20
149,179,20
149,179,20
149,179,20
149,179,20
149,179,20
149,179,20
149,179,20
149,179,20
149,179,20
149,179,20
149,179,20
149,179,20
149,179,20
149,179,20
149,179,20
149,112,20
149,112,20
149,112,20
149,112,20
149,112,20
149,112,20
149,112,20
149,112,20
149,112,20
149,139,20
149,139,20
149,139,20
149,139,20
149,139,20
149,139,20
149,139,20
149,139,20
149,139,20
149,139,20
149,139,20
149,139,20
149,139,20
149,139,20
149,139,20
149,139,20
149,139,20
149,139,20
149,139,20
149,139,20
149,139,20
149,139,20
149,139,20
149,139,20
149,139,20
149,118,20
149,118,20
149,118,20
149,118,20
149,118,20
149,118,20
149,118,20
149,118,20
149,118,20
149,118,20
149,118,20
149,118,20
149,118,20
149,118,20
149,118,20
149,118,20
149,118,20
149,118,20
149,175,20
149,175,20
149,175,20
149,175,20
149,175,20
149,175,20
149,175,20
149,163,20
149,163,20
149,163,20
149,163,20
149,163,20
149,163,20
149,163,20
149,163,20
149,163,20
149,163,20
149,163,20
149,163,20
149,163,20
149,163,20
149,163,20
149,163,20
149,163,20
149,163,20
149,163,20
149,163,20
149,146,20
149,146,20
149,146,20
149,146,20
149,146,20
149,146,20
149,146,20
149,146,20
149,146,20
149,146,20
149,146,20
149,146,20
149,146,20
149,139,20
149,139,20
149,139,20
149,139,20
149,139,20
149,139,20
149,139,20
149,139,20
149,139,20
149,139,20
149,139,20
149,139,20
149,139,20
149,139,20
149,139,20
149,149,20
149,149,20
149,149,20
149,149,20
149,149,20
149,149,20
149,149,20
149,149,20
149,149,20
149,149,20
149,149,20
149,149,20
149,149,20
149,149,20
149,149,20
149,149,20
149,149,20
149,149,20
149,149,20
149,149,20
149,149,20
149,149,20
149,149,20
149,149,20
149,149,20
149,149,20
149,149,20
149,149,20
149,149,20
149,149,20
149,149,20
149,149,20
149,149,20
149,149,20
149,149,20
149,149,20
149,149,20
149,149,20
149,149,20
149,149,20
149,149,20
149,149,20
149,149,20
149,149,20
149,149,20
149,149,20
149,175,20
149,175,20
149,175,20
149,175,20
149,175,20
149,175,20
149,175,20
149,175,20
149,175,20
149,175,20
149,175,20
149,175,20
149,175,20
149,175,20
149,175,20
149,175,20
149,175,20
149,175,20
149,175,20
149,175,20
149,175,20
149,171,20
149,171,20
149,171,20
149,171,20
149,171,20
149,171,20
149,171,20
149,171,20
149,171,20
149,171,20
149,171,20
149,171,20
149,171,20
149,171,20
149,171,20
149,171,20
149,171,20
149,171,20
149,171,20
149,171,20
149,171,20
149,171,20
149,171,20
149,171,20
149,171,20
149,171,20
149,171,20
149,171,20
149,171,20
149,171,20
149,171,20
149,171,20
149,171,20
149,171,20
149,171,20
149,171,20
149,171,20
149,171,20
149,171,20
149,171,20
149,171,20
149,171,20
149,171,20
149,171,20
149,171,20
149,171,20
149,131,20
149,131,20
149,131,20
149,131,20
149,131,20
149,131,20
149,131,20
149,131,20
149,131,20
189,209,20
189,209,20
189,209,20
189,209,20
189,209,20
189,209,20
189,209,20
189,209,20
189,209,20
189,209,20
189,209,20
189,209,20
189,209,20
189,209,20
189,209,20
189,209,20
189,209,20
189,209,20
189,209,20
189,209,20
189,152,20
189,152,20
189,152,20
189,152,20
189,152,20
189,152,20
189,152,20
189,152,20
189,152,20
189,152,20
189,152,20
189,152,20
189,152,20
189,167,20
189,167,20
189,167,20
189,167,20
189,167,20
189,167,20
189,167,20
189,167,20
189,167,20
189,167,20
189,167,20
189,167,20
189,167,20
189,167,20
189,202,20
189,202,20
189,202,20
189,202,20
189,202,20
189,202,20
189,202,20
189,202,20
189,202,20
189,202,20
189,203,20
189,203,20
189,203,20
189,203,20
189,203,20
189,203,20
189,203,20
189,203,20
189,203,20
189,203,20
189,203,20
189,203,20
189,203,20
189,203,20
189,203,20
189,192,20
189,192,20
189,192,20
189,192,20
189,192,20
189,192,20
189,192,20
189,192,20
189,192,20
189,150,20
189,150,20
189,150,20
189,150,20
189,150,20
189,150,20
189,150,20
189,150,20
189,150,20
189,150,20
189,150,20
189,150,20
189,150,20
189,150,20
189,150,20
189,150,20
189,150,20
189,150,20
189,150,20
189,150,20
189,150,20
189,150,20
189,150,20
189,150,20
189,150,20
189,150,20
189,183,20
189,183,20
189,183,20
189,183,20
189,183,20
189,183,20
189,183,20
189,183,20
189,199,20
189,199,20
189,199,20
189,199,20
189,199,20
189,199,20
189,199,20
189,199,20
189,199,20
189,199,20
189,199,20
189,199,20
189,199,20
189,199,20
189,199,20
189,199,20
189,199,20
189,199,20
189,199,20
189,199,20
189,199,20
189,187,20
189,187,20
189,187,20
189,187,20
189,187,20
189,187,20
189,187,20
189,185,20
189,185,20
189,185,20
189,185,20
189,185,20
189,185,20
189,185,20
189,185,20
189,185,20
189,185,20
189,185,20
189,185,20
189,185,20
189,185,20
189,185,20
189,185,20
189,210,20
189,210,20
189,210,20
189,210,20
189,210,20
189,210,20
189,210,20
189,210,20
189,210,20
189,210,20
189,210,20
189,210,20
189,210,20
189,210,20
189,210,20
189,210,20
189,210,20
189,210,20
189,210,20
189,192,20
189,192,20
189,192,20
189,192,20
189,192,20
189,192,20
189,192,20
189,192,20
189,192,20
189,192,20
189,192,20
189,192,20
189,192,20
189,192,20
189,192,20
189,192,20
189,192,20
189,192,20
209,195,20
209,195,20
209,195,20
209,195,20
209,195,20
209,195,20
209,195,20
209,195,20
209,195,20
209,195,20
209,195,20
209,195,20
209,195,20
209,214,20
209,214,20
209,214,20
209,214,20
209,214,20
209,214,20
209,214,20
209,214,20
209,214,20
209,213,20
209,213,20
209,213,20
209,213,20
209,213,20
209,213,20
209,213,20
209,213,20
209,213,20
209,213,20
209,213,20
209,213,20
209,213,20
209,213,20
209,160,20
209,160,20
209,160,20
209,160,20
209,160,20
209,160,20
209,160,20
209,160,20
209,231,20
209,231,20
209,231,20
209,231,20
209,231,20
209,231,20
209,231,20
209,231,20
209,231,20
209,231,20
209,231,20
209,231,20
209,231,20
209,231,20
209,231,20
209,231,20
209,231,20
209,231,20
209,231,20
209,231,20
209,231,20
209,231,20
209,231,20
209,231,20
209,231,20
209,231,20
209,231,20
209,231,20
209,231,20
209,231,20
209,231,20
209,231,20
209,231,20
209,231,20
209,231,20
209,231,20
209,231,20
209,231,20
209,231,20
209,231,20
209,231,20
209,231,20
209,231,20
209,231,20
209,231,20
209,231,20
209,231,20
209,231,20
209,231,20
209,231,20
209,231,20
209,231,20
209,231,20
209,231,20
209,231,20
209,231,20
209,231,20
209,231,20
209,211,20
209,211,20
209,211,20
209,211,20
209,211,20
209,211,20
209,211,20
209,211,20
209,211,20
209,196,20
209,196,20
209,196,20
209,196,20
209,196,20
209,196,20
209,196,20
209,196,20
209,196,20
209,176,20
209,176,20
209,176,20
209,176,20
209,176,20
209,176,20
209,176,20
209,176,20
209,176,20
209,176,20
209,176,20
209,176,20
209,176,20
209,176,20
209,176,20
209,176,20
209,176,20
209,176,20
209,176,20
209,176,20
209,176,20
209,176,20
209,176,20
209,176,20
209,176,20
209,176,20
209,176,20
209,176,20
209,176,20
209,176,20
209,176,20
209,176,20
209,176,20
209,176,20
209,176,20
209,176,20
209,176,20
209,176,20
209,176,20
209,176,20
209,176,20
209,176,20
209,176,20
209,176,20
209,176,20
209,176,20
209,176,20
209,176,20
209,176,20
209,176,20
209,176,20
209,176,20
209,176,20
209,176,20
209,176,20
209,176,20
209,182,20
209,182,20
209,182,20
209,182,20
209,182,20
209,182,20
209,182,20
209,182,20
209,182,20
209,182,20
209,182,20
209,182,20
209,182,20
209,182,20
209,182,20
209,182,20
209,182,20
209,182,20
209,182,20
209,182,20
209,182,20
209,182,20
209,182,20
209,182,20
209,182,20
209,182,20
189,162,20
189,162,20
189,162,20
189,162,20
189,162,20
189,162,20
189,162,20
189,162,20
189,162,20
189,162,20
189,162,20
189,162,20
189,199,20
189,199,20
189,199,20
189,199,20
189,199,20
189,199,20
189,199,20
189,199,20
189,199,20
189,199,20
189,199,20
189,175,20
189,175,20
189,175,20
189,175,20
189,175,20
189,175,20
189,175,20
189,175,20
189,175,20
189,175,20
189,175,20
189,175,20
189,175,20
189,175,20
189,175,20
189,175,20
189,175,20
189,175,20
189,175,20
189,175,20
189,175,20
189,175,20
189,175,20
189,175,20
189,175,20
189,175,20
189,175,20
189,175,20
189,175,20
189,169,20
189,169,20
189,169,20
189,169,20
189,169,20
189,169,20
189,169,20
189,169,20
189,169,20
189,169,20
189,169,20
189,169,20
189,169,20
189,169,20
189,169,20
189,169,20
189,185,20
189,185,20
189,185,20
189,185,20
189,185,20
189,185,20
189,185,20
189,185,20
189,185,20
189,185,20
189,185,20
189,185,20
189,185,20
189,185,20
189,185,20
189,185,20
189,185,20
189,185,20
189,185,20
189,185,20
189,185,20
189,185,20
189,154,20
189,154,20
189,154,20
189,154,20
189,154,20
189,154,20
189,154,20
189,154,20
189,154,20
189,154,20
189,154,20
189,154,20
189,154,20
189,154,20
189,186,20
189,186,20
189,186,20
189,186,20
189,186,20
189,186,20
189,186,20
189,186,20
189,186,20
189,186,20
189,186,20
189,186,20
189,194,20
189,194,20
189,194,20
189,194,20
189,194,20
189,194,20
189,194,20
189,194,20
189,194,20
189,183,20
189,183,20
189,183,20
189,183,20
189,183,20
189,183,20
189,183,20
189,183,20
189,183,20
189,183,20
189,183,20
189,183,20
189,183,20
189,183,20
189,183,20
189,183,20
189,183,20
189,183,20
189,183,20
189,184,20
189,184,20
189,184,20
189,184,20
189,184,20
189,184,20
189,184,20
189,184,20
189,184,20
189,184,20
189,184,20
189,184,20
189,184,20
189,184,20
189,184,20
189,184,20
189,184,20
189,184,20
189,184,20
189,184,20
189,184,20
189,184,20
189,184,20
189,184,20
189,184,20
189,184,20
189,184,20
189,184,20
189,184,20
189,184,20
189,184,20
189,184,20
189,184,20
189,184,20
189,184,20
189,184,20
189,184,20
189,184,20
189,184,20
189,183,20
189,183,20
189,183,20
189,183,20
189,183,20
189,183,20
189,183,20
189,183,20
189,183,20
189,183,20
189,183,20
189,183,20
189,183,20
189,180,20
189,180,20
189,180,20
189,180,20
189,180,20
189,180,20
189,233,20
189,233,20
189,233,20
189,233,20
189,233,20
189,233,20
189,233,20
189,233,20
189,233,20
189,247,20
189,247,20
189,247,20
189,247,20
189,247,20
189,247,20
189,247,20
189,247,20
189,247,20
189,247,20
189,247,20
189,247,20
189,247,20
189,202,20
189,202,20
189,202,20
189,202,20
189,202,20
189,202,20
189,202,20
189,202,20
189,202,20
189,191,20
189,191,20
189,191,20
189,191,20
189,191,20
189,191,20
189,191,20
189,215,20
189,215,20
189,215,20
189,215,20
189,215,20
189,215,20
189,215,20
189,215,20
189,215,20
189,215,20
189,215,20
189,215,20
189,215,20
189,215,20
189,215,20
189,215,20
189,215,20
189,215,20
189,215,20
189,185,20
189,185,20
189,185,20
189,185,20
189,185,20
189,185,20
189,185,20
189,185,20
189,182,20
189,182,20
189,182,20
189,182,20
189,182,20
189,182,20
189,182,20
189,162,20
189,162,20
189,162,20
189,162,20
189,162,20
189,162,20
189,162,20
189,162,20
189,162,20
189,162,20
189,162,20
189,162,20
189,162,20
189,162,20
189,162,20
189,162,20
189,171,20
189,171,20
189,171,20
189,171,20
189,171,20
189,171,20
189,171,20
189,171,20
189,171,20
189,171,20
189,171,20
189,171,20
189,183,20
189,183,20
189,183,20
189,183,20
189,183,20
189,183,20
189,183,20
189,183,20
189,183,20
189,183,20
189,183,20
189,183,20
189,183,20
189,183,20
189,183,20
189,183,20
189,183,20
159,136,20
159,136,20
159,136,20
159,136,20
159,136,20
159,136,20
159,136,20
159,136,20
159,136,20
159,136,20
159,136,20
159,136,20
159,136,20
159,136,20
159,136,20
159,136,20
159,136,20
159,136,20
159,136,20
159,136,20
159,136,20
159,136,20
159,136,20
159,136,20
159,136,20
159,136,20
159,136,20
159,149,20
159,149,20
159,149,20
159,149,20
159,149,20
159,149,20
159,149,20
159,149,20
159,149,20
159,149,20
159,149,20
159,149,20
159,149,20
159,149,20
159,149,20
159,149,20
159,149,20
159,149,20
159,149,20
159,149,20
159,149,20
159,149,20
159,149,20
159,166,20
159,166,20
159,166,20
159,166,20
159,166,20
159,166,20
159,166,20
159,166,20
159,166,20
159,166,20
159,166,20
159,166,20
159,166,20
159,166,20
159,125,20
159,125,20
159,125,20
159,125,20
159,125,20
159,125,20
159,125,20
159,125,20
159,125,20
159,125,20
159,125,20
159,125,20
159,125,20
159,125,20
159,125,20
159,125,20
159,125,20
159,125,20
159,125,20
159,125,20
159,125,20
159,125,20
159,125,20
159,125,20
159,125,20
159,125,20
159,125,20
159,135,20
159,135,20
159,135,20
159,135,20
159,135,20
159,135,20
159,135,20
159,135,20
159,135,20
159,135,20
159,135,20
159,135,20
159,135,20
159,137,20
159,137,20
159,137,20
159,137,20
159,137,20
159,137,20
159,137,20
159,137,20
159,137,20
159,137,20
159,137,20
159,137,20
159,137,20
159,137,20
159,137,20
159,137,20
159,137,20
159,137,20
159,137,20
159,137,20
159,137,20
159,137,20
159,137,20
159,137,20
159,137,20
159,137,20
159,137,20
159,137,20
159,137,20
159,137,20
159,137,20
159,137,20
159,137,20
159,137,20
159,137,20
159,137,20
159,137,20
159,137,20
159,134,20
159,134,20
159,134,20
159,134,20
159,134,20
159,134,20
159,134,20
159,134,20
159,134,20
159,134,20
159,134,20
159,134,20
159,134,20
159,134,20
159,134,20
159,134,20
159,134,20
159,134,20
159,134,20
159,134,20
159,134,20
159,134,20
159,134,20
159,134,20
159,134,20
159,134,20
159,134,20
159,134,20
159,134,20
159,134,20
159,134,20
159,134,20
159,134,20
159,152,20
159,152,20
159,152,20
159,152,20
159,152,20
159,152,20
159,152,20
159,152,20
159,152,20
159,152,20
159,152,20
159,152,20
159,152,20
159,152,20
159,152,20
159,152,20
159,152,20
159,152,20
159,152,20
159,152,20
159,152,20
159,152,20
159,152,20
159,152,20
159,152,20
159,152,20
159,152,20
159,152,20
159,152,20
159,166,20
159,166,20
159,166,20
159,166,20
159,166,20
159,166,20
159,166,20
159,166,20
159,166,20
159,166,20
159,166,20
159,166,20
159,166,20
159,166,20
159,166,20
159,166,20
159,166,20
159,166,20
179,175,20
179,175,20
179,175,20
179,175,20
179,175,20
179,175,20
179,175,20
179,175,20
179,175,20
179,175,20
179,175,20
179,175,20
179,175,20
179,175,20
179,175,20
179,175,20
179,175,20
179,175,20
179,175,20
179,175,20
179,175,20
179,175,20
179,175,20
179,175,20
179,175,20
179,175,20
179,175,20
179,175,20
179,161,20
179,161,20
179,161,20
179,161,20
179,161,20
179,161,20
179,161,20
179,161,20
179,161,20
179,161,20
179,161,20
179,161,20
179,161,20
