true_pos,obs_pos,true_var
323,319,10
323,319,10
323,319,10
323,319,10
323,319,10
323,319,10
323,319,10
323,319,10
323,319,10
323,319,10
323,319,10
323,319,10
323,319,10
323,319,10
323,319,10
323,319,10
323,319,10
323,319,10
323,319,10
323,319,10
323,319,10
323,319,10
323,319,10
323,319,10
323,319,10
323,319,10
323,319,10
323,319,10
323,319,10
323,319,10
323,319,10
323,319,10
323,319,10
323,319,10
323,319,10
323,319,10
323,322,10
323,322,10
323,322,10
323,322,10
323,322,10
323,322,10
323,322,10
323,322,10
323,322,10
323,322,10
323,322,10
323,322,10
323,322,10
323,322,10
323,322,10
323,322,10
323,322,10
323,322,10
323,322,10
323,322,10
323,322,10
323,322,10
323,322,10
323,322,10
323,322,10
323,322,10
323,322,10
323,322,10
323,322,10
323,315,10
323,315,10
323,315,10
323,315,10
323,315,10
323,315,10
323,315,10
323,315,10
323,315,10
323,315,10
323,315,10
323,315,10
323,315,10
323,315,10
323,315,10
323,315,10
323,315,10
323,315,10
323,315,10
323,315,10
323,315,10
323,315,10
323,315,10
323,315,10
323,315,10
323,315,10
323,315,10
323,315,10
323,315,10
323,315,10
323,315,10
323,315,10
323,315,10
323,315,10
323,315,10
323,315,10
323,315,10
323,315,10
323,315,10
323,315,10
323,315,10
323,315,10
323,315,10
323,315,10
323,315,10
323,315,10
323,315,10
323,315,10
323,315,10
323,315,10
323,315,10
323,315,10
323,315,10
323,315,10
323,315,10
323,306,10
323,306,10
323,306,10
323,306,10
323,306,10
323,306,10
323,306,10
323,306,10
323,306,10
323,306,10
323,306,10
323,306,10
323,306,10
323,306,10
323,306,10
323,306,10
323,306,10
323,306,10
323,306,10
323,306,10
323,306,10
323,306,10
323,306,10
323,306,10
323,306,10
323,306,10
323,306,10
323,306,10
323,306,10
323,306,10
323,306,10
323,306,10
323,306,10
323,306,10
323,306,10
323,306,10
323,306,10
323,306,10
323,306,10
323,306,10
323,306,10
323,306,10
323,306,10
323,306,10
323,306,10
323,306,10
323,306,10
323,310,10
323,310,10
323,310,10
323,310,10
323,310,10
323,310,10
323,310,10
323,310,10
323,310,10
323,310,10
323,310,10
323,310,10
323,310,10
323,310,10
323,310,10
323,310,10
323,310,10
323,310,10
323,310,10
323,310,10
323,310,10
323,346,10
323,346,10
323,346,10
323,346,10
323,346,10
323,346,10
323,346,10
323,346,10
323,346,10
323,346,10
323,346,10
323,346,10
323,346,10
323,346,10
323,346,10
323,346,10
323,346,10
323,346,10
323,346,10
323,346,10
323,346,10
323,346,10
323,346,10
323,346,10
323,346,10
323,346,10
323,346,10
323,346,10
323,346,10
323,346,10
323,346,10
323,346,10
323,346,10
323,346,10
323,346,10
323,346,10
323,346,10
323,346,10
323,346,10
323,346,10
323,346,10
323,346,10
323,346,10
323,346,10
323,346,10
323,346,10
323,346,10
323,346,10
323,346,10
323,317,10
323,317,10
323,317,10
323,317,10
323,317,10
323,317,10
323,317,10
323,317,10
323,317,10
323,317,10
323,317,10
323,317,10
323,317,10
323,338,10
323,338,10
323,338,10
323,338,10
323,338,10
323,338,10
323,338,10
323,338,10
323,338,10
323,338,10
323,338,10
323,331,10
323,331,10
323,331,10
323,331,10
323,331,10
323,331,10
323,331,10
323,331,10
323,331,10
323,331,10
323,331,10
323,331,10
323,331,10
323,331,10
323,331,10
323,331,10
323,331,10
323,319,10
323,319,10
323,319,10
323,319,10
323,319,10
323,319,10
323,319,10
323,319,10
323,319,10
323,319,10
323,319,10
323,319,10
323,319,10
323,319,10
323,319,10
323,319,10
323,319,10
323,319,10
323,319,10
323,319,10
323,319,10
323,319,10
323,319,10
323,319,10
323,319,10
323,319,10
323,318,10
323,318,10
323,318,10
323,318,10
323,318,10
323,318,10
323,318,10
323,318,10
323,318,10
323,318,10
323,318,10
323,318,10
323,318,10
323,318,10
323,318,10
323,318,10
323,318,10
323,318,10
323,318,10
323,318,10
323,318,10
323,328,10
323,328,10
323,328,10
323,328,10
323,328,10
323,328,10
323,328,10
323,328,10
323,328,10
323,328,10
323,328,10
323,328,10
323,328,10
323,328,10
323,328,10
323,328,10
323,328,10
323,328,10
323,328,10
323,328,10
323,328,10
323,328,10
323,328,10
323,328,10
323,328,10
323,328,10
323,328,10
323,328,10
323,328,10
323,328,10
323,328,10
323,328,10
323,328,10
323,328,10
323,328,10
323,328,10
323,328,10
323,321,10
323,321,10
323,321,10
323,321,10
323,321,10
323,321,10
323,321,10
323,321,10
323,321,10
323,321,10
323,321,10
323,321,10
323,321,10
323,321,10
323,321,10
323,321,10
323,321,10
323,321,10
323,321,10
323,321,10
323,321,10
323,321,10
323,321,10
323,321,10
323,321,10
323,321,10
323,321,10
323,321,10
323,321,10
323,321,10
323,321,10
323,321,10
323,321,10
323,321,10
323,321,10
323,321,10
323,321,10
323,318,10
323,318,10
323,318,10
323,318,10
323,318,10
323,318,10
323,318,10
323,318,10
323,318,10
323,318,10
323,318,10
323,318,10
323,318,10
323,318,10
323,318,10
323,318,10
323,318,10
323,318,10
323,318,10
323,318,10
323,318,10
323,318,10
323,318,10
323,318,10
323,318,10
323,318,10
323,318,10
323,318,10
323,318,10
323,318,10
323,318,10
323,318,10
323,318,10
323,318,10
323,318,10
323,318,10
323,320,10
323,320,10
323,320,10
323,320,10
323,320,10
323,320,10
323,320,10
323,320,10
323,320,10
323,320,10
323,320,10
323,320,10
323,320,10
323,320,10
323,320,10
323,320,10
323,320,10
323,320,10
323,320,10
323,320,10
323,320,10
323,320,10
323,320,10
323,320,10
323,320,10
323,320,10
323,320,10
323,320,10
323,320,10
323,320,10
323,320,10
323,320,10
323,320,10
323,320,10
323,320,10
323,320,10
323,320,10
323,320,10
323,320,10
323,320,10
323,320,10
323,320,10
323,320,10
323,320,10
323,320,10
323,320,10
323,320,10
323,320,10
323,320,10
323,320,10
323,320,10
323,320,10
323,320,10
323,320,10
323,320,10
323,320,10
323,320,10
323,320,10
323,316,10
323,316,10
323,316,10
323,316,10
323,316,10
323,316,10
323,316,10
323,316,10
323,316,10
323,316,10
323,316,10
323,316,10
323,316,10
323,316,10
323,316,10
323,316,10
323,316,10
323,316,10
323,316,10
323,316,10
323,316,10
323,316,10
323,316,10
323,316,10
323,316,10
323,316,10
323,316,10
323,316,10
323,316,10
323,316,10
323,316,10
323,316,10
323,316,10
323,316,10
323,328,10
323,328,10
323,328,10
323,328,10
323,328,10
323,328,10
323,328,10
323,328,10
323,328,10
323,328,10
323,328,10
323,328,10
323,328,10
323,328,10
323,328,10
323,328,10
323,328,10
323,328,10
323,328,10
323,328,10
323,328,10
323,328,10
323,328,10
353,357,10
353,357,10
353,357,10
353,357,10
353,357,10
353,357,10
353,357,10
353,357,10
353,357,10
353,357,10
353,357,10
353,357,10
353,357,10
353,357,10
353,357,10
353,357,10
353,357,10
353,357,10
353,357,10
353,357,10
353,357,10
353,357,10
353,357,10
353,357,10
353,357,10
353,357,10
353,357,10
353,357,10
353,357,10
353,357,10
353,357,10
353,357,10
353,357,10
353,357,10
353,357,10
353,357,10
353,357,10
353,357,10
353,357,10
353,357,10
353,357,10
353,357,10
353,357,10
353,357,10
353,357,10
353,357,10
353,357,10
353,357,10
353,357,10
353,357,10
353,357,10
353,357,10
353,357,10
353,357,10
353,357,10
353,7,10
353,7,10
353,7,10
353,7,10
353,7,10
353,7,10
353,7,10
353,7,10
353,7,10
353,7,10
353,7,10
353,7,10
353,7,10
353,7,10
353,7,10
353,7,10
353,7,10
353,7,10
353,7,10
353,7,10
353,7,10
353,7,10
353,7,10
353,7,10
353,7,10
353,7,10
353,7,10
353,7,10
353,7,10
353,7,10
353,352,10
353,352,10
353,352,10
353,352,10
353,352,10
353,352,10
353,352,10
353,352,10
353,352,10
353,352,10
353,352,10
353,352,10
353,352,10
353,352,10
353,352,10
353,352,10
353,352,10
353,352,10
353,352,10
353,352,10
353,352,10
353,352,10
353,352,10
353,352,10
353,352,10
353,352,10
353,352,10
353,352,10
353,352,10
353,352,10
353,352,10
353,352,10
353,352,10
353,352,10
353,352,10
353,352,10
353,352,10
353,355,10
353,355,10
353,355,10
353,355,10
353,355,10
353,355,10
353,355,10
353,355,10
353,355,10
353,355,10
353,355,10
353,355,10
353,355,10
353,355,10
353,355,10
353,355,10
353,355,10
353,355,10
353,355,10
353,355,10
353,355,10
353,355,10
353,355,10
353,355,10
353,355,10
353,355,10
353,355,10
353,355,10
353,355,10
353,355,10
353,355,10
353,355,10
353,355,10
353,352,10
353,352,10
353,352,10
353,352,10
353,352,10
353,352,10
353,352,10
353,352,10
353,352,10
353,352,10
353,352,10
353,352,10
353,342,10
353,342,10
353,342,10
353,342,10
353,342,10
353,342,10
353,342,10
353,342,10
353,342,10
353,342,10
353,342,10
353,342,10
353,342,10
353,339,10
353,339,10
353,339,10
353,339,10
353,339,10
353,339,10
353,339,10
353,339,10
353,339,10
353,339,10
353,356,10
353,356,10
353,356,10
353,356,10
353,356,10
353,356,10
353,356,10
353,356,10
353,356,10
353,344,10
353,344,10
353,344,10
353,344,10
353,344,10
353,344,10
353,344,10
353,344,10
353,344,10
353,344,10
353,344,10
353,344,10
353,344,10
353,344,10
353,344,10
353,344,10
353,344,10
353,344,10
353,344,10
353,344,10
353,344,10
353,344,10
353,344,10
353,344,10
353,344,10
353,344,10
353,344,10
353,344,10
353,344,10
353,344,10
353,344,10
353,344,10
353,344,10
353,344,10
353,344,10
353,344,10
353,344,10
353,344,10
353,344,10
353,344,10
353,344,10
353,344,10
353,344,10
353,344,10
353,344,10
353,344,10
353,344,10
353,344,10
353,344,10
353,344,10
353,344,10
353,355,10
353,355,10
353,355,10
353,355,10
353,355,10
353,355,10
353,355,10
353,355,10
353,355,10
353,355,10
353,355,10
353,6,10
353,6,10
353,6,10
353,6,10
353,6,10
353,6,10
353,6,10
353,6,10
353,6,10
353,6,10
353,6,10
353,6,10
353,6,10
353,6,10
353,6,10
353,6,10
353,6,10
353,6,10
353,6,10
353,6,10
353,6,10
353,6,10
353,6,10
353,6,10
353,6,10
353,6,10
353,6,10
353,6,10
353,6,10
353,6,10
353,6,10
353,6,10
353,6,10
353,6,10
353,0,10
353,0,10
353,0,10
353,0,10
353,0,10
353,0,10
353,0,10
353,0,10
353,0,10
353,0,10
353,0,10
353,0,10
353,0,10
353,0,10
353,0,10
353,0,10
353,0,10
353,0,10
353,0,10
353,0,10
353,0,10
353,0,10
353,0,10
353,0,10
353,0,10
353,0,10
353,0,10
353,0,10
353,0,10
353,0,10
353,0,10
353,0,10
353,0,10
353,0,10
353,0,10
353,0,10
353,0,10
353,0,10
353,0,10
353,0,10
353,0,10
353,0,10
353,352,10
353,352,10
353,352,10
353,352,10
353,352,10
353,352,10
353,352,10
353,352,10
353,342,10
353,342,10
353,342,10
353,342,10
353,342,10
353,342,10
353,342,10
353,342,10
353,342,10
353,342,10
353,342,10
353,342,10
353,342,10
353,342,10
353,356,10
353,356,10
353,356,10
353,356,10
353,356,10
353,356,10
353,356,10
353,356,10
353,356,10
353,356,10
353,356,10
353,356,10
353,356,10
353,356,10
353,356,10
353,356,10
353,356,10
353,356,10
353,356,10
353,356,10
353,356,10
353,356,10
353,356,10
353,356,10
353,356,10
353,356,10
353,356,10
353,356,10
353,356,10
353,356,10
353,344,10
353,344,10
353,344,10
353,344,10
353,344,10
353,344,10
353,344,10
353,344,10
353,344,10
353,344,10
353,357,10
353,357,10
353,357,10
353,357,10
353,357,10
353,357,10
353,357,10
353,357,10
353,357,10
353,357,10
353,3,10
353,3,10
353,3,10
353,3,10
353,3,10
353,3,10
353,3,10
353,3,10
353,3,10
353,3,10
353,3,10
353,3,10
353,3,10
353,3,10
353,3,10
353,358,10
353,358,10
353,358,10
353,358,10
353,358,10
353,358,10
353,358,10
353,358,10
353,358,10
353,358,10
353,358,10
353,358,10
353,358,10
353,343,10
353,343,10
353,343,10
353,343,10
353,343,10
353,343,10
353,343,10
353,343,10
353,343,10
353,343,10
353,343,10
353,343,10
353,343,10
353,343,10
353,343,10
353,343,10
353,343,10
353,343,10
353,343,10
353,343,10
353,343,10
353,343,10
353,343,10
353,343,10
353,343,10
353,343,10
353,343,10
353,343,10
353,343,10
353,343,10
353,343,10
353,343,10
353,343,10
353,343,10
353,343,10
353,343,10
353,343,10
353,343,10
353,343,10
353,343,10
353,343,10
353,343,10
353,343,10
353,343,10
353,354,10
353,354,10
353,354,10
353,354,10
353,354,10
353,354,10
353,354,10
353,354,10
353,354,10
353,356,10
353,356,10
353,356,10
353,356,10
353,356,10
353,356,10
353,356,10
353,356,10
353,356,10
353,356,10
353,356,10
353,356,10
353,356,10
353,356,10
353,356,10
353,356,10
353,356,10
353,356,10
353,356,10
353,356,10
353,356,10
353,356,10
353,356,10
353,356,10
353,356,10
353,354,10
353,354,10
353,354,10
353,354,10
353,354,10
353,354,10
353,354,10
353,354,10
353,354,10
353,354,10
353,354,10
353,354,10
353,354,10
353,354,10
353,354,10
353,354,10
353,354,10
353,354,10
353,354,10
353,354,10
353,354,10
353,354,10
353,354,10
353,354,10
353,354,10
353,354,10
353,354,10
353,354,10
353,354,10
353,354,10
353,354,10
353,354,10
353,354,10
353,354,10
353,354,10
353,354,10
33,38,10
33,38,10
33,38,10
33,38,10
33,38,10
33,38,10
33,38,10
33,38,10
33,38,10
33,38,10
33,38,10
33,38,10
33,38,10
33,38,10
33,38,10
33,38,10
33,36,10
33,36,10
33,36,10
33,36,10
33,36,10
33,36,10
33,36,10
33,36,10
33,36,10
33,38,10
33,38,10
33,38,10
33,38,10
33,38,10
33,38,10
33,38,10
33,38,10
33,38,10
33,38,10
33,35,10
33,35,10
33,35,10
33,35,10
33,35,10
33,35,10
33,35,10
33,35,10
33,35,10
33,35,10
33,26,10
33,26,10
33,26,10
33,26,10
33,26,10
33,26,10
33,26,10
33,26,10
33,26,10
33,26,10
33,26,10
33,26,10
33,26,10
33,26,10
33,26,10
33,26,10
33,26,10
33,26,10
33,26,10
33,26,10
33,26,10
33,26,10
33,52,10
33,52,10
33,52,10
33,52,10
33,52,10
33,52,10
33,52,10
33,52,10
33,52,10
33,52,10
33,52,10
33,52,10
33,52,10
33,52,10
33,52,10
33,52,10
33,52,10
33,52,10
33,52,10
33,52,10
33,52,10
33,52,10
33,52,10
33,52,10
33,52,10
33,52,10
33,52,10
33,48,10
33,48,10
33,48,10
33,48,10
33,48,10
33,48,10
33,48,10
33,48,10
33,48,10
33,48,10
33,48,10
33,48,10
33,48,10
33,48,10
33,48,10
33,48,10
33,48,10
33,48,10
33,48,10
33,48,10
33,48,10
33,48,10
33,48,10
33,48,10
33,48,10
33,48,10
33,39,10
33,39,10
33,39,10
33,39,10
33,39,10
33,39,10
33,39,10
33,39,10
33,39,10
33,39,10
33,39,10
33,39,10
33,39,10
33,39,10
33,39,10
33,39,10
33,39,10
33,39,10
33,39,10
33,39,10
33,39,10
33,39,10
33,39,10
33,39,10
33,37,10
33,37,10
33,37,10
33,37,10
33,37,10
33,37,10
33,37,10
33,37,10
33,50,10
33,50,10
33,50,10
33,50,10
33,50,10
33,50,10
33,50,10
33,50,10
33,50,10
33,50,10
33,50,10
33,50,10
33,50,10
33,50,10
33,32,10
33,32,10
33,32,10
33,32,10
33,32,10
33,32,10
33,32,10
33,32,10
33,32,10
33,32,10
33,30,10
33,30,10
33,30,10
33,30,10
33,30,10
33,30,10
33,30,10
33,30,10
33,30,10
33,30,10
33,30,10
33,30,10
33,30,10
33,30,10
33,30,10
33,30,10
33,30,10
33,30,10
33,30,10
33,30,10
33,30,10
33,30,10
33,30,10
33,30,10
33,30,10
33,30,10
33,30,10
33,30,10
33,30,10
33,30,10
33,30,10
33,30,10
33,30,10
33,30,10
33,30,10
33,30,10
33,30,10
33,30,10
33,30,10
33,30,10
33,30,10
33,30,10
33,30,10
33,43,10
33,43,10
33,43,10
33,43,10
33,43,10
33,43,10
33,43,10
33,43,10
33,45,10
33,45,10
33,45,10
33,45,10
33,45,10
33,45,10
33,45,10
33,45,10
33,45,10
33,45,10
33,45,10
33,45,10
33,45,10
33,45,10
33,45,10
33,45,10
33,45,10
33,45,10
33,45,10
33,45,10
33,45,10
33,45,10
33,45,10
33,45,10
33,45,10
33,30,10
33,30,10
33,30,10
33,30,10
33,30,10
33,30,10
33,30,10
33,30,10
33,30,10
33,30,10
33,30,10
33,30,10
33,30,10
33,30,10
33,30,10
33,48,10
33,48,10
33,48,10
33,48,10
33,48,10
33,48,10
33,48,10
33,48,10
33,48,10
33,48,10
33,48,10
33,48,10
33,48,10
33,48,10
33,48,10
33,48,10
33,48,10
33,48,10
33,48,10
33,48,10
33,48,10
33,48,10
33,48,10
33,48,10
33,48,10
33,48,10
33,48,10
33,23,10
33,23,10
33,23,10
33,23,10
33,23,10
33,23,10
33,23,10
33,23,10
33,23,10
33,23,10
33,23,10
33,23,10
33,23,10
33,23,10
33,23,10
33,23,10
33,23,10
33,23,10
33,23,10
33,23,10
33,23,10
33,23,10
33,23,10
33,23,10
33,23,10
33,23,10
33,23,10
33,23,10
33,23,10
33,23,10
33,23,10
33,23,10
33,23,10
33,23,10
33,23,10
33,23,10
33,23,10
33,23,10
33,23,10
33,32,10
33,32,10
33,32,10
33,32,10
33,32,10
33,32,10
33,32,10
33,32,10
33,32,10
33,32,10
33,32,10
33,32,10
33,32,10
33,32,10
33,32,10
33,32,10
33,51,10
33,51,10
33,51,10
33,51,10
33,51,10
33,51,10
33,51,10
33,51,10
33,51,10
33,51,10
33,51,10
33,51,10
33,51,10
33,51,10
33,51,10
33,51,10
33,51,10
33,51,10
33,51,10
33,51,10
33,51,10
33,51,10
33,51,10
33,51,10
33,51,10
33,51,10
33,51,10
33,51,10
33,51,10
33,51,10
33,29,10
33,29,10
33,29,10
33,29,10
33,29,10
33,29,10
33,29,10
33,29,10
33,29,10
33,29,10
33,29,10
33,29,10
33,29,10
33,29,10
33,29,10
33,29,10
33,29,10
33,29,10
33,29,10
33,29,10
33,29,10
33,29,10
33,29,10
33,30,10
33,30,10
33,30,10
33,30,10
33,30,10
33,30,10
33,31,10
33,31,10
33,31,10
33,31,10
33,31,10
33,31,10
33,31,10
33,31,10
33,27,10
33,27,10
33,27,10
33,27,10
33,27,10
33,27,10
33,27,10
33,27,10
33,27,10
33,27,10
33,27,10
33,27,10
33,27,10
33,27,10
33,27,10
33,27,10
33,27,10
33,27,10
33,27,10
33,45,10
33,45,10
33,45,10
33,45,10
33,45,10
33,45,10
33,45,10
33,45,10
33,45,10
33,45,10
33,45,10
33,45,10
33,45,10
33,45,10
33,45,10
33,45,10
33,45,10
33,45,10
33,45,10
33,45,10
33,45,10
33,45,10
33,45,10
33,45,10
33,45,10
33,45,10
33,45,10
33,45,10
33,45,10
33,45,10
33,45,10
33,45,10
33,45,10
33,45,10
33,45,10
33,45,10
33,45,10
33,45,10
33,45,10
33,45,10
33,45,10
33,45,10
33,45,10
33,45,10
33,45,10
33,45,10
33,45,10
33,45,10
33,45,10
33,45,10
33,45,10
33,45,10
33,45,10
33,45,10
33,45,10
33,45,10
33,45,10
33,45,10
33,45,10
33,45,10
33,22,10
33,22,10
33,22,10
33,22,10
33,22,10
33,22,10
33,22,10
33,22,10
33,22,10
33,22,10
33,22,10
33,22,10
33,22,10
33,22,10
33,22,10
33,22,10
33,22,10
33,22,10
33,22,10
33,22,10
33,22,10
33,22,10
33,22,10
33,22,10
33,22,10
33,22,10
33,22,10
33,22,10
33,22,10
33,22,10
33,22,10
33,22,10
33,22,10
33,22,10
33,22,10
33,22,10
33,22,10
33,22,10
33,22,10
33,22,10
33,22,10
33,22,10
33,22,10
33,22,10
33,22,10
33,22,10
33,22,10
33,22,10
33,22,10
33,22,10
33,22,10
33,22,10
33,22,10
33,22,10
33,22,10
33,48,10
33,48,10
33,48,10
33,48,10
33,48,10
33,48,10
33,48,10
33,48,10
33,48,10
33,48,10
33,48,10
33,48,10
33,25,10
33,25,10
33,25,10
33,25,10
33,25,10
33,25,10
33,25,10
33,25,10
33,25,10
33,25,10
33,25,10
33,25,10
33,25,10
33,25,10
33,25,10
33,25,10
33,25,10
33,25,10
33,25,10
33,25,10
33,25,10
33,34,10
33,34,10
33,34,10
33,34,10
33,34,10
33,34,10
33,34,10
33,34,10
33,34,10
33,34,10
33,34,10
33,34,10
33,34,10
33,34,10
33,34,10
33,34,10
33,34,10
33,34,10
33,34,10
33,34,10
33,34,10
33,34,10
33,34,10
33,34,10
33,34,10
33,34,10
33,45,10
33,45,10
33,45,10
33,45,10
33,45,10
33,45,10
33,45,10
33,45,10
33,34,10
33,34,10
33,34,10
33,34,10
33,34,10
33,34,10
33,34,10
33,34,10
33,34,10
33,34,10
33,34,10
33,34,10
33,34,10
33,34,10
33,34,10
33,34,10
33,26,10
33,26,10
33,26,10
33,26,10
33,26,10
33,26,10
33,26,10
33,26,10
33,26,10
33,26,10
33,26,10
33,26,10
33,26,10
33,26,10
33,26,10
33,26,10
33,26,10
33,26,10
33,16,10
33,16,10
33,16,10
33,16,10
33,16,10
33,16,10
33,16,10
33,16,10
33,16,10
33,16,10
33,16,10
33,16,10
33,16,10
33,16,10
33,16,10
63,51,10
63,51,10
63,51,10
63,51,10
63,51,10
63,51,10
63,51,10
63,51,10
63,51,10
63,51,10
63,51,10
63,51,10
63,51,10
63,51,10
63,51,10
63,51,10
63,51,10
63,51,10
63,51,10
63,51,10
63,51,10
63,51,10
63,51,10
63,51,10
63,51,10
63,51,10
63,51,10
63,69,10
63,69,10
63,69,10
63,69,10
63,69,10
63,69,10
63,69,10
63,69,10
63,39,10
63,39,10
63,39,10
63,39,10
63,39,10
63,39,10
63,39,10
63,39,10
63,39,10
63,39,10
63,39,10
63,45,10
63,45,10
63,45,10
63,45,10
63,45,10
63,45,10
63,45,10
63,45,10
63,45,10
63,45,10
63,45,10
63,45,10
63,45,10
63,45,10
63,45,10
63,45,10
63,45,10
63,45,10
63,45,10
63,45,10
63,45,10
63,45,10
63,45,10
63,45,10
63,45,10
63,45,10
63,45,10
63,45,10
63,45,10
63,45,10
63,45,10
63,45,10
63,45,10
63,45,10
63,45,10
63,45,10
63,45,10
63,45,10
63,45,10
63,45,10
63,45,10
63,45,10
63,45,10
63,45,10
63,45,10
63,45,10
63,45,10
63,45,10
63,45,10
63,79,10
63,79,10
63,79,10
63,79,10
63,79,10
63,79,10
63,79,10
63,66,10
63,66,10
63,66,10
63,66,10
63,66,10
63,66,10
63,66,10
63,66,10
63,66,10
63,66,10
63,66,10
63,66,10
63,66,10
63,66,10
63,66,10
63,66,10
63,66,10
63,66,10
63,66,10
63,66,10
63,66,10
63,66,10
63,66,10
63,66,10
63,66,10
63,66,10
63,66,10
63,66,10
63,44,10
63,44,10
63,44,10
63,44,10
63,44,10
63,44,10
63,44,10
63,44,10
63,44,10
63,44,10
63,44,10
63,60,10
63,60,10
63,60,10
63,60,10
63,60,10
63,60,10
63,60,10
63,60,10
63,60,10
63,60,10
63,60,10
63,60,10
63,60,10
63,60,10
63,60,10
63,60,10
63,60,10
63,60,10
63,70,10
63,70,10
63,70,10
63,70,10
63,70,10
63,70,10
63,70,10
63,70,10
63,70,10
63,70,10
63,70,10
63,70,10
63,70,10
63,70,10
63,70,10
63,70,10
63,70,10
63,61,10
63,61,10
63,61,10
63,61,10
63,61,10
63,61,10
63,61,10
63,61,10
63,61,10
63,61,10
63,61,10
63,61,10
63,61,10
63,61,10
63,61,10
63,67,10
63,67,10
63,67,10
63,67,10
63,67,10
63,67,10
63,67,10
63,67,10
63,67,10
63,67,10
63,67,10
63,67,10
63,67,10
63,67,10
63,67,10
63,67,10
63,67,10
63,67,10
63,67,10
63,67,10
63,67,10
63,58,10
63,58,10
63,58,10
63,58,10
63,58,10
63,58,10
63,58,10
63,58,10
63,58,10
63,58,10
63,58,10
63,58,10
63,82,10
63,82,10
63,82,10
63,82,10
63,82,10
63,82,10
63,82,10
63,82,10
63,82,10
63,82,10
63,82,10
63,82,10
63,82,10
63,82,10
63,82,10
63,82,10
63,82,10
63,82,10
63,82,10
63,82,10
63,82,10
63,82,10
63,82,10
63,82,10
63,51,10
63,51,10
63,51,10
63,51,10
63,51,10
63,51,10
63,51,10
63,51,10
63,51,10
63,51,10
63,51,10
63,51,10
63,51,10
63,51,10
63,51,10
63,51,10
63,51,10
63,51,10
63,51,10
63,51,10
63,46,10
63,46,10
63,46,10
63,46,10
63,46,10
63,46,10
63,46,10
63,46,10
63,46,10
63,46,10
63,46,10
63,46,10
63,46,10
63,46,10
63,46,10
63,49,10
63,49,10
63,49,10
63,49,10
63,49,10
63,49,10
63,49,10
63,49,10
63,49,10
63,49,10
63,49,10
63,49,10
63,83,10
63,83,10
63,83,10
63,83,10
63,83,10
63,83,10
63,83,10
63,83,10
63,83,10
63,81,10
63,81,10
63,81,10
63,81,10
63,81,10
63,81,10
63,81,10
63,81,10
63,81,10
63,81,10
63,81,10
63,81,10
63,68,10
63,68,10
63,68,10
63,68,10
63,68,10
63,68,10
63,68,10
63,68,10
63,68,10
63,60,10
63,60,10
63,60,10
63,60,10
63,60,10
63,60,10
63,60,10
63,60,10
63,60,10
63,60,10
63,60,10
63,60,10
63,60,10
63,60,10
63,60,10
63,75,10
63,75,10
63,75,10
63,75,10
63,75,10
63,75,10
63,75,10
63,75,10
63,75,10
63,75,10
63,75,10
63,75,10
63,75,10
63,75,10
63,75,10
63,75,10
63,75,10
63,75,10
63,75,10
63,75,10
63,75,10
63,75,10
63,75,10
63,75,10
63,75,10
63,75,10
63,75,10
63,75,10
63,75,10
63,75,10
63,75,10
63,75,10
63,75,10
63,75,10
63,75,10
63,75,10
63,75,10
63,75,10
63,75,10
63,75,10
63,75,10
63,75,10
63,75,10
63,75,10
63,60,10
63,60,10
63,60,10
63,60,10
63,60,10
63,60,10
63,60,10
63,74,10
63,74,10
63,74,10
63,74,10
63,74,10
63,74,10
63,74,10
63,74,10
63,74,10
63,74,10
63,74,10
63,74,10
63,74,10
63,74,10
63,74,10
63,74,10
63,74,10
63,74,10
63,74,10
63,74,10
63,74,10
63,74,10
63,74,10
63,74,10
63,74,10
63,74,10
63,74,10
63,74,10
63,74,10
63,74,10
63,49,10
63,49,10
63,49,10
63,49,10
63,49,10
63,49,10
63,49,10
63,49,10
63,49,10
63,49,10
63,49,10
63,49,10
63,49,10
63,49,10
63,49,10
63,49,10
63,49,10
63,49,10
63,49,10
63,47,10
63,47,10
63,47,10
63,47,10
63,47,10
63,47,10
63,47,10
63,47,10
63,47,10
63,47,10
63,47,10
63,47,10
63,63,10
63,63,10
63,63,10
63,63,10
63,63,10
63,63,10
63,63,10
63,63,10
63,63,10
63,63,10
63,63,10
63,63,10
63,63,10
63,63,10
63,63,10
63,63,10
63,63,10
63,63,10
63,63,10
63,48,10
63,48,10
63,48,10
63,48,10
63,48,10
63,48,10
63,48,10
63,48,10
63,48,10
63,48,10
63,48,10
63,56,10
63,56,10
63,56,10
63,56,10
63,56,10
63,56,10
63,56,10
63,56,10
63,56,10
63,56,10
63,56,10
63,56,10
63,56,10
63,56,10
63,56,10
63,55,10
63,55,10
63,55,10
63,55,10
63,55,10
63,55,10
63,55,10
63,55,10
63,55,10
63,55,10
63,55,10
63,55,10
63,55,10
63,55,10
63,55,10
63,55,10
63,55,10
63,55,10
63,55,10
63,55,10
63,55,10
63,55,10
63,55,10
63,55,10
63,55,10
63,55,10
63,55,10
63,55,10
63,55,10
63,55,10
63,55,10
63,55,10
63,55,10
63,55,10
63,55,10
63,55,10
63,55,10
63,55,10
63,55,10
63,55,10
63,55,10
63,55,10
63,55,10
63,55,10
63,55,10
63,55,10
63,55,10
63,55,10
63,55,10
63,55,10
63,55,10
63,55,10
63,55,10
63,55,10
63,55,10
63,55,10
63,46,10
63,46,10
63,46,10
63,46,10
63,46,10
63,46,10
63,46,10
63,46,10
63,46,10
63,46,10
63,46,10
63,46,10
63,46,10
63,46,10
63,46,10
63,46,10
63,46,10
63,46,10
63,46,10
63,46,10
63,46,10
63,46,10
63,46,10
63,46,10
63,46,10
63,46,10
63,46,10
63,46,10
63,49,10
63,49,10
63,49,10
63,49,10
63,49,10
63,49,10
63,49,10
63,49,10
63,49,10
63,49,10
63,49,10
63,49,10
63,49,10
63,49,10
63,49,10
63,49,10
63,49,10
63,49,10
63,49,10
63,49,10
63,49,10
103,108,10
103,108,10
103,108,10
103,108,10
103,108,10
103,108,10
103,108,10
103,108,10
103,108,10
103,108,10
103,108,10
103,108,10
103,108,10
103,108,10
103,108,10
103,108,10
103,108,10
103,105,10
103,105,10
103,105,10
103,105,10
103,105,10
103,105,10
103,105,10
103,105,10
103,105,10
103,105,10
103,105,10
103,105,10
103,105,10
103,105,10
103,105,10
103,105,10
103,105,10
103,112,10
103,112,10
103,112,10
103,112,10
103,112,10
103,112,10
103,112,10
103,112,10
103,112,10
103,112,10
103,112,10
103,112,10
103,112,10
103,112,10
103,112,10
103,112,10
103,75,10
103,75,10
103,75,10
103,75,10
103,75,10
103,75,10
103,75,10
103,75,10
103,75,10
103,75,10
103,75,10
103,75,10
103,117,10
103,117,10
103,117,10
103,117,10
103,117,10
103,117,10
103,117,10
103,117,10
103,117,10
103,117,10
103,117,10
103,117,10
103,117,10
103,117,10
103,117,10
103,117,10
103,117,10
103,117,10
103,117,10
103,117,10
103,117,10
103,117,10
103,117,10
103,117,10
103,117,10
103,117,10
103,117,10
103,117,10
103,117,10
103,117,10
103,117,10
103,117,10
103,117,10
103,117,10
103,117,10
103,117,10
103,117,10
103,117,10
103,117,10
103,123,10
103,123,10
103,123,10
103,123,10
103,123,10
103,123,10
103,123,10
103,123,10
103,123,10
103,123,10
103,123,10
103,123,10
103,123,10
103,100,10
103,100,10
103,100,10
103,100,10
103,100,10
103,100,10
103,100,10
103,100,10
103,100,10
103,100,10
103,100,10
103,100,10
103,100,10
103,100,10
103,100,10
103,100,10
103,106,10
103,106,10
103,106,10
103,106,10
103,106,10
103,106,10
103,106,10
103,106,10
103,106,10
103,106,10
103,106,10
103,106,10
103,106,10
103,106,10
103,106,10
103,106,10
103,106,10
103,106,10
103,106,10
103,106,10
103,106,10
103,106,10
103,106,10
103,106,10
103,106,10
103,106,10
103,106,10
103,106,10
103,106,10
103,106,10
103,106,10
103,106,10
103,106,10
103,106,10
103,106,10
103,106,10
103,106,10
103,106,10
103,106,10
103,106,10
103,106,10
103,106,10
103,106,10
103,106,10
103,106,10
103,106,10
103,106,10
103,106,10
103,100,10
103,100,10
103,100,10
103,100,10
103,100,10
103,100,10
103,100,10
103,124,10
103,124,10
103,124,10
103,124,10
103,124,10
103,124,10
103,124,10
103,124,10
103,124,10
103,124,10
103,124,10
103,96,10
103,96,10
103,96,10
103,96,10
103,96,10
103,96,10
103,96,10
103,96,10
103,96,10
103,96,10
103,96,10
103,96,10
103,96,10
103,96,10
103,96,10
103,96,10
103,100,10
103,100,10
103,100,10
103,100,10
103,100,10
103,100,10
103,100,10
103,100,10
103,100,10
103,100,10
103,100,10
103,100,10
103,103,10
103,103,10
103,103,10
103,103,10
103,103,10
103,103,10
103,103,10
103,103,10
103,103,10
103,103,10
103,103,10
103,103,10
103,103,10
103,103,10
103,103,10
103,103,10
103,103,10
103,103,10
103,103,10
103,103,10
103,103,10
103,103,10
103,103,10
103,103,10
103,103,10
103,103,10
103,111,10
103,111,10
103,111,10
103,111,10
103,111,10
103,111,10
103,111,10
103,111,10
103,111,10
103,111,10
103,111,10
103,111,10
103,111,10
103,111,10
103,111,10
103,111,10
103,111,10
103,111,10
103,111,10
103,111,10
103,111,10
103,111,10
103,111,10
103,111,10
103,111,10
103,111,10
103,111,10
103,111,10
103,111,10
103,111,10
103,111,10
103,111,10
103,111,10
103,111,10
103,111,10
103,111,10
103,111,10
103,111,10
103,111,10
103,111,10
103,111,10
103,111,10
103,111,10
103,111,10
103,111,10
103,111,10
103,111,10
103,111,10
103,111,10
103,111,10
103,111,10
103,111,10
103,111,10
103,111,10
103,111,10
103,112,10
103,112,10
103,112,10
103,112,10
103,112,10
103,112,10
103,112,10
103,112,10
103,112,10
103,98,10
103,98,10
103,98,10
103,98,10
103,98,10
103,98,10
103,98,10
103,98,10
103,98,10
103,98,10
103,98,10
103,98,10
103,98,10
103,98,10
103,98,10
103,98,10
103,98,10
103,98,10
103,98,10
103,98,10
103,98,10
103,98,10
103,98,10
103,98,10
103,98,10
103,98,10
103,98,10
103,98,10
103,98,10
103,98,10
103,98,10
103,98,10
103,113,10
103,113,10
103,113,10
103,113,10
103,113,10
103,113,10
103,113,10
103,113,10
103,113,10
103,113,10
103,113,10
103,113,10
103,102,10
103,102,10
103,102,10
103,102,10
103,102,10
103,102,10
103,102,10
103,102,10
103,102,10
103,102,10
103,102,10
103,102,10
103,102,10
103,102,10
103,102,10
103,102,10
103,102,10
103,102,10
103,102,10
103,102,10
103,102,10
103,102,10
103,102,10
103,102,10
103,102,10
103,102,10
103,98,10
103,98,10
103,98,10
103,98,10
103,98,10
103,98,10
103,98,10
103,98,10
103,98,10
103,98,10
103,98,10
103,98,10
103,98,10
103,98,10
103,98,10
103,98,10
103,98,10
103,98,10
103,98,10
103,98,10
103,98,10
103,98,10
103,98,10
103,98,10
103,98,10
103,98,10
103,105,10
103,105,10
103,105,10
103,105,10
103,105,10
103,105,10
103,105,10
103,105,10
103,105,10
103,105,10
103,105,10
103,117,10
103,117,10
103,117,10
103,117,10
103,117,10
103,117,10
103,117,10
103,117,10
103,117,10
103,96,10
103,96,10
103,96,10
103,96,10
103,96,10
103,96,10
103,101,10
103,101,10
103,101,10
103,101,10
103,101,10
103,101,10
103,101,10
103,101,10
103,101,10
103,101,10
103,96,10
103,96,10
103,96,10
103,96,10
103,96,10
103,96,10
103,96,10
103,89,10
103,89,10
103,89,10
103,89,10
103,89,10
103,89,10
103,110,10
103,110,10
103,110,10
103,110,10
103,110,10
103,110,10
103,110,10
103,111,10
103,111,10
103,111,10
103,111,10
103,111,10
103,111,10
103,111,10
103,111,10
103,111,10
103,111,10
103,111,10
103,111,10
103,111,10
103,111,10
103,111,10
103,111,10
103,111,10
103,111,10
103,111,10
103,111,10
103,104,10
103,104,10
103,104,10
103,104,10
103,104,10
103,104,10
103,81,10
103,81,10
103,81,10
103,81,10
103,81,10
103,81,10
103,81,10
103,81,10
103,81,10
103,81,10
103,81,10
103,99,10
103,99,10
103,99,10
103,99,10
103,99,10
103,99,10
103,99,10
103,99,10
103,99,10
103,99,10
103,109,10
103,109,10
103,109,10
103,109,10
103,109,10
103,109,10
103,109,10
103,109,10
103,109,10
103,109,10
103,109,10
103,109,10
103,109,10
103,109,10
103,109,10
103,109,10
103,109,10
103,109,10
103,109,10
103,109,10
103,109,10
103,109,10
103,109,10
103,109,10
103,109,10
103,109,10
103,109,10
103,109,10
103,106,10
103,106,10
103,106,10
103,106,10
103,106,10
103,106,10
103,106,10
103,106,10
103,106,10
103,96,10
103,96,10
103,96,10
103,96,10
103,96,10
103,96,10
103,96,10
103,96,10
103,96,10
103,96,10
103,96,10
103,96,10
103,96,10
103,96,10
103,96,10
103,96,10
103,96,10
103,96,10
103,96,10
103,96,10
103,96,10
103,96,10
103,96,10
103,96,10
103,96,10
103,96,10
103,96,10
103,96,10
103,96,10
103,96,10
103,96,10
103,96,10
103,96,10
103,96,10
103,96,10
103,96,10
103,96,10
103,96,10
103,96,10
103,96,10
103,96,10
103,84,10
103,84,10
103,84,10
103,84,10
103,84,10
103,84,10
103,84,10
103,84,10
103,84,10
103,84,10
103,84,10
103,84,10
103,84,10
103,84,10
103,84,10
103,84,10
103,84,10
103,84,10
103,84,10
103,84,10
103,84,10
103,84,10
103,84,10
103,84,10
103,84,10
103,84,10
103,84,10
103,84,10
103,84,10
103,84,10
103,84,10
103,84,10
103,84,10
103,84,10
143,131,10
143,131,10
143,131,10
143,131,10
143,131,10
143,131,10
143,131,10
143,131,10
143,131,10
143,131,10
143,131,10
143,131,10
143,131,10
143,131,10
143,131,10
143,131,10
143,131,10
143,131,10
143,131,10
143,131,10
143,131,10
143,131,10
143,131,10
143,131,10
143,131,10
143,131,10
143,131,10
143,131,10
143,131,10
143,131,10
143,131,10
143,144,10
143,144,10
143,144,10
143,144,10
143,144,10
143,144,10
143,144,10
143,144,10
143,144,10
143,144,10
143,144,10
143,144,10
143,144,10
143,144,10
143,144,10
143,144,10
143,144,10
143,144,10
143,144,10
143,144,10
143,144,10
143,144,10
143,144,10
143,144,10
143,144,10
143,144,10
143,144,10
143,144,10
143,144,10
143,144,10
143,144,10
143,144,10
143,144,10
143,144,10
143,144,10
143,144,10
143,144,10
143,144,10
143,144,10
143,144,10
143,144,10
143,144,10
143,144,10
143,144,10
143,144,10
143,144,10
143,144,10
143,144,10
143,126,10
143,126,10
143,126,10
143,126,10
143,126,10
143,126,10
143,126,10
143,126,10
143,126,10
143,126,10
143,126,10
143,126,10
143,126,10
143,126,10
143,136,10
143,136,10
143,136,10
143,136,10
143,136,10
143,136,10
143,136,10
143,136,10
143,136,10
143,136,10
143,136,10
143,136,10
143,136,10
143,136,10
143,136,10
143,136,10
143,136,10
143,136,10
143,136,10
143,136,10
143,136,10
143,136,10
143,136,10
143,136,10
143,136,10
143,136,10
143,136,10
143,136,10
143,136,10
143,136,10
143,136,10
143,136,10
143,136,10
143,136,10
143,136,10
143,136,10
143,136,10
143,136,10
143,136,10
143,136,10
143,136,10
143,136,10
143,136,10
143,136,10
143,136,10
143,140,10
143,140,10
143,140,10
143,140,10
143,140,10
143,140,10
143,140,10
143,140,10
143,140,10
143,142,10
143,142,10
143,142,10
143,142,10
143,142,10
143,142,10
143,142,10
143,142,10
143,142,10
143,142,10
143,142,10
143,142,10
143,142,10
143,142,10
143,142,10
143,142,10
143,142,10
143,142,10
143,142,10
143,142,10
143,142,10
143,142,10
143,142,10
143,142,10
143,142,10
143,142,10
143,142,10
143,142,10
143,142,10
143,142,10
143,142,10
143,142,10
143,142,10
143,130,10
143,130,10
143,130,10
143,130,10
143,130,10
143,130,10
143,130,10
143,130,10
143,140,10
143,140,10
143,140,10
143,140,10
143,140,10
143,140,10
143,140,10
143,140,10
143,140,10
143,140,10
143,140,10
143,140,10
143,140,10
143,140,10
143,140,10
143,140,10
143,140,10
143,140,10
143,148,10
143,148,10
143,148,10
143,148,10
143,148,10
143,148,10
143,148,10
143,148,10
143,148,10
143,148,10
143,148,10
143,148,10
143,148,10
143,148,10
143,148,10
143,148,10
143,148,10
143,148,10
143,148,10
143,148,10
143,148,10
143,148,10
143,148,10
143,148,10
143,148,10
143,148,10
143,148,10
143,148,10
143,148,10
143,148,10
143,148,10
143,148,10
143,148,10
143,148,10
143,145,10
143,145,10
143,145,10
143,145,10
143,145,10
143,145,10
143,145,10
143,145,10
143,145,10
143,145,10
143,145,10
143,145,10
143,145,10
143,145,10
143,145,10
143,145,10
143,145,10
143,145,10
143,145,10
143,145,10
143,145,10
143,145,10
143,145,10
143,121,10
143,121,10
143,121,10
143,121,10
143,121,10
143,121,10
143,121,10
143,121,10
143,121,10
143,121,10
143,121,10
143,121,10
143,121,10
143,121,10
143,121,10
143,121,10
143,121,10
143,121,10
143,121,10
143,121,10
143,121,10
143,121,10
143,121,10
143,121,10
143,121,10
143,154,10
143,154,10
143,154,10
143,154,10
143,154,10
143,154,10
143,154,10
143,154,10
143,154,10
143,154,10
143,154,10
143,154,10
143,154,10
143,154,10
143,154,10
143,154,10
143,154,10
143,154,10
143,154,10
143,154,10
143,154,10
143,154,10
143,154,10
143,154,10
143,154,10
143,154,10
143,154,10
143,154,10
143,154,10
143,154,10
143,154,10
143,154,10
143,154,10
143,154,10
143,154,10
143,154,10
143,154,10
143,151,10
143,151,10
143,151,10
143,151,10
143,151,10
143,151,10
143,151,10
143,151,10
143,151,10
143,151,10
143,151,10
143,151,10
143,151,10
143,151,10
143,151,10
143,151,10
143,151,10
143,151,10
143,151,10
143,151,10
143,151,10
143,151,10
143,151,10
143,140,10
143,140,10
143,140,10
143,140,10
143,140,10
143,140,10
143,140,10
143,140,10
143,140,10
143,140,10
143,140,10
143,140,10
143,140,10
143,140,10
143,140,10
143,140,10
143,140,10
143,135,10
143,135,10
143,135,10
143,135,10
143,135,10
143,135,10
143,135,10
143,135,10
143,135,10
143,135,10
143,135,10
143,135,10
143,135,10
143,135,10
143,135,10
143,135,10
143,135,10
143,135,10
143,135,10
143,135,10
143,135,10
143,135,10
143,135,10
143,135,10
143,135,10
143,135,10
143,135,10
143,128,10
143,128,10
143,128,10
143,128,10
143,128,10
143,128,10
143,143,10
143,143,10
143,143,10
143,143,10
143,143,10
143,143,10
143,143,10
143,143,10
143,143,10
143,143,10
143,130,10
143,130,10
143,130,10
143,130,10
143,130,10
143,130,10
143,130,10
143,130,10
143,130,10
143,130,10
143,130,10
143,130,10
143,130,10
143,130,10
143,130,10
143,130,10
143,130,10
143,130,10
143,130,10
143,130,10
143,130,10
143,130,10
143,130,10
143,130,10
143,130,10
143,130,10
143,130,10
143,130,10
143,130,10
143,130,10
143,130,10
143,130,10
143,130,10
143,130,10
143,130,10
143,130,10
143,137,10
143,137,10
143,137,10
143,137,10
143,137,10
143,137,10
143,137,10
143,137,10
143,150,10
143,150,10
143,150,10
143,150,10
143,150,10
143,150,10
143,150,10
143,150,10
143,150,10
143,150,10
143,150,10
143,150,10
143,150,10
143,150,10
143,150,10
143,150,10
143,150,10
143,150,10
143,150,10
143,150,10
143,150,10
143,150,10
143,150,10
143,150,10
143,150,10
143,150,10
143,150,10
143,162,10
143,162,10
143,162,10
143,162,10
143,162,10
143,162,10
143,162,10
143,162,10
143,162,10
143,162,10
143,162,10
143,162,10
143,162,10
143,162,10
143,162,10
143,162,10
143,162,10
143,162,10
143,162,10
143,162,10
143,162,10
143,162,10
143,162,10
143,162,10
143,162,10
143,162,10
143,150,10
143,150,10
143,150,10
143,150,10
143,150,10
143,150,10
143,150,10
143,150,10
143,150,10
143,150,10
143,150,10
143,150,10
143,150,10
143,150,10
143,150,10
143,150,10
143,150,10
143,150,10
143,150,10
143,150,10
143,150,10
143,150,10
143,150,10
143,150,10
143,150,10
143,150,10
143,150,10
143,158,10
143,158,10
143,158,10
143,158,10
143,158,10
143,158,10
143,158,10
143,158,10
143,158,10
143,158,10
143,158,10
143,158,10
143,158,10
143,158,10
143,158,10
143,158,10
143,158,10
143,158,10
143,158,10
143,158,10
143,158,10
143,158,10
143,158,10
143,158,10
143,158,10
143,158,10
143,158,10
143,158,10
143,158,10
143,158,10
143,158,10
143,158,10
143,158,10
143,158,10
143,158,10
143,146,10
143,146,10
143,146,10
143,146,10
143,146,10
143,146,10
143,133,10
143,133,10
143,133,10
143,133,10
143,133,10
143,133,10
143,133,10
143,133,10
143,133,10
143,133,10
143,133,10
143,133,10
143,133,10
143,133,10
143,133,10
143,133,10
143,133,10
143,133,10
143,133,10
143,133,10
143,133,10
143,133,10
143,133,10
143,133,10
123,139,10
123,139,10
123,139,10
123,139,10
123,139,10
123,139,10
123,139,10
123,139,10
123,136,10
123,136,10
123,136,10
123,136,10
123,136,10
123,136,10
123,136,10
123,137,10
123,137,10
123,137,10
123,137,10
123,137,10
123,137,10
123,137,10
123,118,10
123,118,10
123,118,10
123,118,10
123,118,10
123,118,10
123,118,10
123,118,10
123,118,10
123,118,10
123,118,10
123,118,10
123,118,10
123,118,10
123,118,10
123,118,10
123,118,10
123,118,10
123,118,10
123,118,10
123,118,10
123,118,10
123,118,10
123,118,10
123,118,10
123,118,10
123,118,10
123,118,10
123,118,10
123,118,10
123,120,10
123,120,10
123,120,10
123,120,10
123,120,10
123,120,10
123,120,10
123,120,10
123,120,10
123,120,10
123,120,10
123,120,10
123,120,10
123,120,10
123,120,10
123,120,10
123,120,10
123,120,10
123,120,10
123,120,10
123,120,10
123,120,10
123,120,10
123,120,10
123,120,10
123,120,10
123,119,10
123,119,10
123,119,10
123,119,10
123,119,10
123,119,10
123,119,10
123,119,10
123,119,10
123,119,10
123,119,10
123,121,10
123,121,10
123,121,10
123,121,10
123,121,10
123,121,10
123,121,10
123,121,10
123,121,10
123,121,10
123,121,10
123,121,10
123,121,10
123,121,10
123,121,10
123,121,10
123,121,10
123,121,10
123,131,10
123,131,10
123,131,10
123,131,10
123,131,10
123,131,10
123,131,10
123,131,10
123,131,10
123,131,10
123,131,10
123,131,10
123,131,10
123,131,10
123,131,10
123,131,10
123,131,10
123,131,10
123,131,10
123,131,10
123,131,10
123,131,10
123,131,10
123,131,10
123,131,10
123,131,10
123,131,10
123,131,10
123,131,10
123,131,10
123,131,10
123,131,10
123,131,10
123,110,10
123,110,10
123,110,10
123,110,10
123,110,10
123,110,10
123,110,10
123,110,10
123,110,10
123,110,10
123,110,10
123,110,10
123,110,10
123,110,10
123,110,10
123,110,10
123,110,10
123,110,10
123,110,10
123,110,10
123,110,10
123,110,10
123,110,10
123,115,10
123,115,10
123,115,10
123,115,10
123,115,10
123,115,10
123,115,10
123,115,10
123,115,10
123,115,10
123,115,10
123,115,10
123,115,10
123,115,10
123,115,10
123,115,10
123,115,10
123,115,10
123,115,10
123,115,10
123,115,10
123,115,10
123,115,10
123,115,10
123,115,10
123,115,10
123,115,10
123,115,10
123,115,10
123,115,10
123,115,10
123,115,10
123,115,10
123,115,10
123,115,10
123,115,10
123,115,10
123,115,10
123,115,10
123,115,10
123,115,10
123,115,10
123,115,10
123,104,10
123,104,10
123,104,10
123,104,10
123,104,10
123,104,10
123,122,10
123,122,10
123,122,10
123,122,10
123,122,10
123,122,10
123,114,10
123,114,10
123,114,10
123,114,10
123,114,10
123,114,10
123,114,10
123,114,10
123,114,10
123,114,10
123,114,10
123,114,10
123,114,10
123,114,10
123,114,10
123,114,10
123,114,10
123,114,10
123,114,10
123,114,10
123,114,10
123,114,10
123,114,10
123,114,10
123,114,10
123,114,10
123,114,10
123,114,10
123,114,10
123,114,10
123,114,10
123,114,10
123,114,10
123,114,10
123,114,10
123,114,10
123,114,10
123,114,10
123,114,10
123,114,10
123,114,10
123,114,10
123,114,10
123,114,10
123,114,10
123,114,10
123,114,10
123,114,10
123,114,10
123,114,10
123,114,10
123,114,10
123,114,10
123,114,10
123,114,10
123,114,10
123,114,10
123,114,10
123,130,10
123,130,10
123,130,10
123,130,10
123,130,10
123,130,10
123,130,10
123,130,10
123,130,10
123,130,10
123,130,10
123,130,10
123,130,10
123,130,10
123,129,10
123,129,10
123,129,10
123,129,10
123,129,10
123,129,10
123,129,10
123,129,10
123,129,10
123,129,10
123,129,10
123,129,10
123,129,10
123,129,10
123,129,10
123,129,10
123,129,10
123,129,10
123,129,10
123,129,10
123,129,10
123,129,10
123,129,10
123,129,10
123,129,10
123,129,10
123,129,10
123,129,10
123,129,10
123,129,10
123,129,10
123,129,10
123,129,10
123,129,10
123,129,10
123,129,10
123,129,10
123,129,10
123,129,10
123,115,10
123,115,10
123,115,10
123,115,10
123,115,10
123,115,10
123,115,10
123,115,10
123,115,10
123,115,10
123,115,10
123,115,10
123,115,10
123,115,10
123,115,10
123,115,10
123,115,10
123,115,10
123,115,10
123,115,10
123,115,10
123,115,10
123,115,10
123,115,10
123,115,10
123,115,10
123,115,10
123,115,10
123,115,10
123,127,10
123,127,10
123,127,10
123,127,10
123,127,10
123,127,10
123,127,10
123,127,10
123,127,10
123,127,10
123,127,10
123,127,10
123,127,10
123,127,10
123,127,10
123,127,10
123,127,10
123,127,10
123,127,10
123,127,10
123,127,10
123,127,10
123,127,10
123,127,10
123,127,10
123,127,10
123,127,10
123,127,10
123,127,10
123,121,10
123,121,10
123,121,10
123,121,10
123,121,10
123,121,10
123,121,10
123,121,10
123,121,10
123,121,10
123,121,10
123,121,10
123,121,10
123,121,10
123,121,10
123,121,10
123,121,10
123,121,10
123,121,10
123,121,10
123,121,10
123,121,10
123,121,10
123,121,10
123,121,10
123,121,10
123,121,10
123,121,10
123,121,10
123,121,10
123,121,10
123,121,10
123,121,10
123,121,10
123,121,10
123,121,10
123,121,10
123,121,10
123,121,10
123,121,10
123,121,10
123,121,10
123,121,10
123,121,10
123,121,10
123,121,10
123,121,10
123,121,10
123,121,10
123,121,10
123,121,10
123,121,10
123,121,10
123,121,10
123,121,10
123,121,10
123,121,10
123,121,10
123,91,10
123,91,10
123,91,10
123,91,10
123,91,10
123,91,10
123,110,10
123,110,10
123,110,10
123,110,10
123,110,10
123,110,10
123,110,10
123,117,10
123,117,10
123,117,10
123,117,10
123,117,10
123,117,10
123,117,10
123,117,10
123,117,10
123,117,10
123,117,10
123,117,10
123,117,10
123,117,10
123,117,10
123,117,10
123,117,10
123,117,10
123,117,10
123,117,10
123,117,10
123,117,10
123,117,10
123,117,10
123,117,10
123,117,10
123,127,10
123,127,10
123,127,10
123,127,10
123,127,10
123,127,10
123,127,10
123,127,10
123,127,10
123,127,10
123,127,10
123,127,10
123,127,10
123,127,10
123,127,10
123,127,10
123,127,10
123,127,10
123,127,10
123,127,10
123,127,10
123,127,10
123,127,10
123,127,10
123,127,10
123,127,10
123,127,10
123,127,10
123,118,10
123,118,10
123,118,10
123,118,10
123,118,10
123,118,10
123,118,10
123,118,10
123,118,10
123,118,10
123,118,10
123,118,10
123,118,10
123,118,10
123,118,10
123,118,10
123,118,10
123,118,10
123,118,10
123,118,10
123,118,10
123,118,10
123,118,10
123,118,10
123,118,10
123,127,10
123,127,10
123,127,10
123,127,10
123,127,10
123,127,10
123,127,10
123,127,10
123,127,10
123,127,10
123,127,10
123,127,10
123,127,10
123,127,10
123,127,10
143,142,10
143,142,10
143,142,10
143,142,10
143,142,10
143,142,10
143,142,10
143,142,10
143,142,10
143,142,10
143,142,10
143,142,10
143,142,10
143,142,10
143,142,10
143,142,10
143,142,10
143,142,10
143,142,10
143,142,10
143,146,10
143,146,10
143,146,10
143,146,10
143,146,10
143,146,10
143,146,10
143,146,10
143,146,10
143,146,10
143,146,10
143,146,10
143,146,10
143,146,10
143,146,10
143,146,10
143,146,10
143,146,10
143,146,10
143,146,10
143,146,10
143,146,10
143,146,10
143,146,10
143,146,10
143,146,10
143,146,10
143,146,10
143,146,10
143,146,10
143,146,10
143,146,10
143,146,10
143,146,10
143,153,10
143,153,10
143,153,10
143,153,10
143,153,10
143,153,10
143,153,10
143,153,10
143,160,10
143,160,10
143,160,10
143,160,10
143,160,10
143,160,10
143,160,10
143,160,10
143,160,10
143,160,10
143,160,10
143,160,10
143,160,10
143,160,10
143,156,10
143,156,10
143,156,10
143,156,10
143,156,10
143,156,10
143,156,10
143,156,10
143,156,10
143,156,10
143,156,10
143,156,10
143,156,10
143,156,10
143,156,10
143,133,10
143,133,10
143,133,10
143,133,10
143,133,10
143,133,10
143,133,10
143,133,10
143,133,10
143,133,10
143,133,10
143,133,10
143,133,10
143,137,10
143,137,10
143,137,10
143,137,10
143,137,10
143,137,10
143,137,10
143,137,10
143,137,10
143,137,10
143,137,10
143,137,10
143,137,10
143,137,10
143,137,10
143,137,10
143,137,10
143,137,10
143,137,10
143,137,10
143,137,10
143,137,10
143,137,10
143,137,10
143,137,10
143,137,10
143,137,10
143,137,10
143,137,10
143,137,10
143,137,10
143,137,10
143,137,10
143,137,10
143,137,10
143,137,10
143,137,10
143,137,10
143,137,10
143,137,10
143,137,10
143,137,10
143,137,10
143,137,10
143,137,10
143,137,10
143,137,10
143,137,10
143,137,10
143,137,10
143,137,10
143,145,10
143,145,10
143,145,10
143,145,10
143,145,10
143,145,10
143,145,10
143,145,10
143,145,10
143,145,10
143,145,10
143,145,10
143,145,10
143,145,10
143,145,10
143,145,10
143,145,10
143,145,10
143,145,10
143,145,10
143,145,10
143,145,10
143,145,10
143,145,10
143,145,10
143,145,10
143,145,10
143,145,10
143,145,10
143,145,10
143,145,10
143,145,10
143,145,10
143,145,10
143,160,10
143,160,10
143,160,10
143,160,10
143,160,10
143,160,10
143,160,10
143,160,10
143,160,10
143,160,10
143,160,10
143,160,10
143,160,10
143,160,10
143,160,10
143,160,10
143,160,10
143,160,10
143,160,10
143,160,10
143,165,10
143,165,10
143,165,10
143,165,10
143,165,10
143,165,10
143,165,10
143,165,10
143,165,10
143,165,10
143,165,10
143,165,10
143,165,10
143,165,10
143,165,10
143,165,10
143,165,10
143,165,10
143,165,10
143,165,10
143,165,10
143,165,10
143,165,10
143,165,10
143,165,10
143,142,10
143,142,10
143,142,10
143,142,10
143,142,10
143,142,10
143,142,10
143,142,10
143,142,10
143,142,10
143,142,10
143,142,10
143,142,10
143,142,10
143,142,10
143,142,10
143,142,10
143,142,10
143,142,10
143,142,10
143,142,10
143,142,10
143,142,10
143,146,10
143,146,10
143,146,10
143,146,10
143,146,10
143,146,10
143,146,10
143,146,10
143,146,10
143,146,10
143,146,10
143,146,10
143,146,10
143,146,10
143,146,10
143,146,10
143,146,10
143,159,10
143,159,10
143,159,10
143,159,10
143,159,10
143,159,10
143,159,10
143,159,10
143,159,10
143,159,10
143,159,10
143,159,10
143,159,10
143,159,10
143,159,10
143,159,10
143,159,10
143,159,10
143,159,10
143,159,10
143,149,10
143,149,10
143,149,10
143,149,10
143,149,10
143,149,10
143,149,10
143,149,10
143,149,10
143,149,10
143,149,10
143,149,10
143,149,10
143,149,10
143,149,10
143,149,10
143,149,10
143,149,10
143,149,10
143,149,10
143,149,10
143,149,10
143,149,10
143,142,10
143,142,10
143,142,10
143,142,10
143,142,10
143,142,10
143,142,10
143,142,10
143,142,10
143,142,10
143,142,10
143,142,10
143,142,10
143,142,10
143,142,10
143,142,10
143,142,10
143,142,10
143,142,10
143,142,10
143,142,10
143,142,10
143,142,10
143,142,10
143,142,10
143,142,10
143,142,10
143,142,10
143,142,10
143,142,10
143,142,10
143,142,10
143,142,10
143,147,10
143,147,10
143,147,10
143,147,10
143,147,10
143,147,10
143,147,10
143,147,10
143,147,10
143,147,10
143,147,10
143,155,10
143,155,10
143,155,10
143,155,10
143,155,10
143,155,10
143,135,10
143,135,10
143,135,10
143,135,10
143,135,10
143,135,10
143,135,10
143,135,10
143,135,10
143,135,10
143,135,10
143,135,10
143,135,10
143,135,10
143,135,10
143,135,10
143,135,10
143,135,10
143,135,10
143,135,10
143,135,10
143,135,10
143,135,10
143,135,10
143,135,10
143,135,10
143,135,10
143,135,10
143,135,10
143,135,10
143,135,10
143,135,10
143,135,10
143,135,10
143,143,10
143,143,10
143,143,10
143,143,10
143,143,10
143,143,10
143,143,10
143,143,10
143,143,10
143,143,10
143,143,10
143,143,10
143,143,10
143,143,10
143,143,10
143,143,10
143,143,10
143,143,10
143,143,10
143,143,10
143,143,10
143,143,10
143,143,10
143,143,10
143,143,10
143,143,10
143,143,10
143,143,10
143,143,10
143,143,10
143,143,10
143,143,10
143,143,10
143,143,10
143,143,10
143,143,10
143,143,10
143,143,10
143,139,10
143,139,10
143,139,10
143,139,10
143,139,10
143,139,10
143,139,10
143,139,10
143,139,10
143,139,10
143,139,10
143,139,10
143,139,10
143,139,10
143,139,10
143,139,10
143,139,10
143,139,10
143,139,10
143,139,10
143,139,10
143,139,10
143,139,10
143,139,10
143,139,10
143,139,10
143,139,10
143,139,10
143,139,10
143,139,10
143,139,10
143,139,10
143,139,10
143,139,10
143,139,10
143,139,10
143,139,10
143,139,10
143,139,10
143,139,10
143,131,10
143,131,10
143,131,10
143,131,10
143,131,10
143,131,10
143,131,10
143,131,10
143,131,10
143,131,10
143,131,10
143,131,10
143,131,10
143,131,10
143,131,10
143,140,10
143,140,10
143,140,10
143,140,10
143,140,10
143,140,10
143,140,10
143,140,10
143,140,10
143,150,10
143,150,10
143,150,10
143,150,10
143,150,10
143,150,10
143,150,10
143,150,10
143,150,10
143,150,10
143,150,10
143,150,10
143,150,10
143,150,10
143,150,10
143,150,10
143,150,10
143,150,10
143,150,10
143,150,10
143,142,10
143,142,10
143,142,10
143,142,10
143,142,10
143,142,10
143,142,10
143,142,10
143,142,10
143,142,10
143,142,10
143,142,10
143,142,10
143,142,10
143,142,10
143,142,10
143,142,10
143,143,10
143,143,10
143,143,10
143,143,10
143,143,10
143,143,10
143,143,10
143,143,10
143,143,10
143,143,10
143,143,10
143,143,10
143,164,10
143,164,10
143,164,10
143,164,10
143,164,10
143,164,10
143,164,10
143,164,10
143,164,10
143,164,10
143,164,10
143,164,10
143,164,10
143,164,10
143,164,10
143,164,10
143,164,10
143,164,10
143,164,10
143,164,10
143,164,10
143,164,10
143,164,10
143,164,10
143,164,10
143,164,10
143,164,10
143,164,10
143,164,10
143,164,10
143,164,10
143,164,10
143,164,10
143,164,10
143,164,10
143,164,10
143,164,10
143,164,10
143,134,10
143,134,10
143,134,10
143,134,10
143,134,10
143,134,10
143,134,10
143,134,10
143,134,10
143,134,10
143,134,10
143,134,10
143,134,10
143,134,10
143,134,10
143,134,10
143,134,10
143,134,10
143,134,10
143,134,10
143,134,10
143,134,10
143,134,10
143,134,10
143,134,10
143,134,10
143,134,10
143,134,10
143,134,10
143,134,10
143,134,10
143,134,10
143,134,10
143,134,10
143,134,10
143,134,10
143,134,10
143,134,10
143,132,10
143,132,10
143,132,10
143,132,10
143,132,10
143,132,10
143,132,10
143,132,10
143,132,10
143,132,10
143,132,10
143,132,10
143,132,10
143,135,10
143,135,10
143,135,10
143,135,10
143,135,10
143,135,10
143,131,10
143,131,10
143,131,10
143,131,10
143,131,10
143,131,10
143,131,10
143,131,10
143,131,10
143,131,10
143,131,10
143,131,10
143,131,10
143,131,10
143,131,10
143,131,10
143,131,10
143,131,10
143,131,10
143,131,10
143,131,10
143,131,10
143,131,10
143,131,10
143,131,10
143,131,10
143,131,10
143,131,10
143,131,10
143,131,10
143,131,10
143,134,10
143,134,10
143,134,10
143,134,10
143,134,10
143,134,10
143,150,10
143,150,10
143,150,10
143,150,10
143,150,10
143,150,10
143,150,10
143,150,10
143,150,10
143,150,10
143,150,10
143,150,10
143,150,10
143,150,10
143,150,10
143,150,10
143,150,10
143,150,10
143,150,10
143,150,10
143,150,10
143,150,10
143,150,10
143,150,10
143,150,10
143,150,10
173,170,10
173,170,10
173,170,10
173,170,10
173,170,10
173,170,10
173,170,10
173,170,10
173,170,10
173,170,10
173,170,10
173,170,10
173,170,10
173,170,10
173,170,10
173,170,10
173,170,10
173,170,10
173,170,10
173,170,10
173,170,10
173,170,10
173,170,10
173,170,10
173,170,10
173,170,10
173,170,10
173,170,10
173,170,10
173,170,10
173,170,10
173,170,10
173,170,10
173,170,10
173,185,10
173,185,10
173,185,10
173,185,10
173,185,10
173,185,10
173,185,10
173,185,10
173,182,10
173,182,10
173,182,10
173,182,10
173,182,10
173,182,10
173,182,10
173,182,10
173,182,10
173,182,10
173,182,10
173,182,10
173,182,10
173,182,10
173,182,10
173,182,10
173,182,10
173,182,10
173,182,10
173,177,10
173,177,10
173,177,10
173,177,10
173,177,10
173,177,10
173,177,10
173,177,10
173,177,10
173,177,10
173,177,10
173,177,10
173,177,10
173,177,10
173,177,10
173,177,10
173,177,10
173,177,10
173,177,10
173,177,10
173,177,10
173,177,10
173,177,10
173,177,10
173,153,10
173,153,10
173,153,10
173,153,10
173,153,10
173,153,10
173,153,10
173,153,10
173,153,10
173,153,10
173,153,10
173,153,10
173,153,10
173,153,10
173,153,10
173,153,10
173,153,10
173,153,10
173,153,10
173,153,10
173,153,10
173,153,10
173,153,10
173,153,10
173,153,10
173,153,10
173,153,10
173,153,10
173,153,10
173,153,10
173,153,10
173,153,10
173,153,10
173,153,10
173,153,10
173,153,10
173,153,10
173,153,10
173,153,10
173,153,10
173,153,10
173,153,10
173,153,10
173,153,10
173,153,10
173,153,10
173,153,10
173,153,10
173,153,10
173,153,10
173,182,10
173,182,10
173,182,10
173,182,10
173,182,10
173,182,10
173,182,10
173,182,10
173,182,10
173,182,10
173,182,10
173,182,10
173,182,10
173,182,10
173,171,10
173,171,10
173,171,10
173,171,10
173,171,10
173,171,10
173,171,10
173,171,10
173,171,10
173,171,10
173,171,10
173,171,10
173,171,10
173,171,10
173,171,10
173,171,10
173,171,10
173,171,10
173,171,10
173,171,10
173,171,10
173,171,10
173,171,10
173,171,10
173,171,10
173,171,10
173,171,10
173,171,10
173,171,10
173,171,10
173,171,10
173,171,10
173,171,10
173,171,10
173,171,10
173,171,10
173,171,10
173,171,10
173,168,10
173,168,10
173,168,10
173,168,10
173,168,10
173,168,10
173,168,10
173,168,10
173,168,10
173,168,10
173,168,10
173,170,10
173,170,10
173,170,10
173,170,10
173,170,10
173,170,10
173,170,10
173,170,10
173,170,10
173,170,10
173,170,10
173,170,10
173,170,10
173,170,10
173,170,10
173,170,10
173,170,10
173,170,10
173,170,10
173,170,10
173,170,10
173,170,10
173,170,10
173,194,10
173,194,10
173,194,10
173,194,10
173,194,10
173,194,10
173,194,10
173,194,10
173,194,10
173,194,10
173,194,10
173,194,10
173,194,10
173,194,10
173,173,10
173,173,10
173,173,10
173,173,10
173,173,10
173,173,10
173,173,10
173,173,10
173,173,10
173,173,10
173,173,10
173,173,10
173,173,10
173,173,10
173,173,10
173,173,10
173,173,10
173,173,10
173,173,10
173,173,10
173,173,10
173,173,10
173,173,10
173,173,10
173,173,10
173,173,10
173,173,10
173,173,10
173,173,10
173,173,10
173,173,10
173,173,10
173,173,10
173,165,10
173,165,10
173,165,10
173,165,10
173,165,10
173,165,10
173,165,10
173,165,10
173,165,10
173,177,10
173,177,10
173,177,10
173,177,10
173,177,10
173,177,10
173,177,10
173,177,10
173,177,10
173,177,10
173,177,10
173,173,10
173,173,10
173,173,10
173,173,10
173,173,10
173,173,10
173,173,10
173,173,10
173,173,10
173,173,10
173,172,10
173,172,10
173,172,10
173,172,10
173,172,10
173,172,10
173,170,10
173,170,10
173,170,10
173,170,10
173,170,10
173,170,10
173,170,10
173,170,10
173,170,10
173,170,10
173,170,10
173,170,10
173,170,10
173,170,10
173,170,10
173,170,10
173,170,10
173,170,10
173,170,10
173,170,10
173,170,10
173,170,10
173,170,10
173,170,10
173,170,10
173,170,10
173,170,10
173,170,10
173,170,10
173,170,10
173,170,10
173,170,10
173,170,10
173,170,10
173,153,10
173,153,10
173,153,10
173,153,10
173,153,10
173,153,10
173,153,10
173,153,10
173,153,10
173,153,10
173,168,10
173,168,10
173,168,10
173,168,10
173,168,10
173,168,10
173,168,10
173,168,10
173,168,10
173,168,10
173,168,10
173,168,10
173,168,10
173,168,10
173,168,10
173,168,10
173,185,10
173,185,10
173,185,10
173,185,10
173,185,10
173,185,10
173,185,10
173,185,10
173,185,10
173,185,10
173,185,10
173,185,10
173,185,10
173,185,10
173,185,10
173,162,10
173,162,10
173,162,10
173,162,10
173,162,10
173,162,10
173,162,10
173,162,10
173,162,10
173,162,10
173,162,10
173,162,10
173,204,10
173,204,10
173,204,10
173,204,10
173,204,10
173,204,10
173,204,10
173,204,10
173,204,10
173,204,10
173,204,10
173,204,10
173,204,10
173,204,10
173,204,10
173,204,10
173,204,10
173,204,10
173,204,10
173,204,10
173,204,10
173,204,10
173,204,10
173,204,10
173,204,10
173,204,10
173,204,10
173,204,10
173,204,10
173,204,10
173,204,10
173,204,10
173,204,10
173,204,10
173,204,10
173,204,10
173,204,10
173,204,10
173,204,10
173,204,10
173,204,10
173,204,10
173,181,10
173,181,10
173,181,10
173,181,10
173,181,10
173,181,10
173,181,10
173,181,10
173,181,10
173,181,10
173,181,10
173,181,10
173,181,10
173,181,10
173,181,10
173,181,10
173,181,10
173,181,10
173,181,10
173,181,10
173,181,10
173,181,10
173,181,10
173,181,10
173,181,10
173,181,10
173,181,10
173,181,10
173,181,10
173,181,10
173,181,10
173,181,10
173,181,10
173,181,10
173,181,10
173,181,10
173,181,10
173,181,10
173,181,10
173,181,10
173,181,10
173,181,10
173,181,10
173,181,10
173,181,10
173,181,10
173,181,10
173,181,10
173,181,10
173,181,10
173,181,10
173,181,10
173,181,10
173,181,10
173,181,10
173,181,10
173,181,10
173,181,10
173,170,10
173,170,10
173,170,10
173,170,10
173,170,10
173,170,10
173,170,10
173,170,10
173,170,10
173,170,10
173,170,10
173,170,10
173,170,10
173,170,10
173,170,10
173,170,10
173,170,10
173,170,10
173,170,10
173,170,10
173,182,10
173,182,10
173,182,10
173,182,10
173,182,10
173,182,10
173,182,10
173,182,10
173,182,10
173,182,10
173,182,10
173,182,10
173,182,10
173,182,10
173,182,10
173,182,10
173,182,10
173,182,10
173,182,10
173,182,10
173,182,10
173,182,10
173,183,10
173,183,10
173,183,10
173,183,10
173,183,10
173,183,10
173,183,10
173,183,10
173,183,10
173,183,10
173,170,10
173,170,10
173,170,10
173,170,10
173,170,10
173,170,10
173,170,10
173,170,10
173,170,10
173,182,10
173,182,10
173,182,10
173,182,10
173,182,10
173,182,10
173,182,10
173,182,10
173,182,10
173,161,10
173,161,10
173,161,10
173,161,10
173,161,10
173,161,10
173,161,10
173,161,10
173,161,10
153,155,10
153,155,10
153,155,10
153,155,10
153,155,10
153,155,10
153,155,10
153,155,10
153,155,10
153,155,10
153,153,10
153,153,10
153,153,10
153,153,10
153,153,10
153,153,10
153,153,10
153,153,10
153,153,10
153,153,10
153,153,10
153,153,10
153,153,10
153,153,10
153,153,10
153,153,10
153,153,10
153,153,10
153,153,10
153,153,10
153,153,10
153,153,10
153,153,10
153,164,10
153,164,10
153,164,10
153,164,10
153,164,10
153,164,10
153,164,10
153,164,10
153,164,10
153,164,10
153,164,10
153,164,10
153,164,10
153,164,10
153,164,10
153,164,10
153,164,10
153,164,10
153,164,10
153,164,10
153,164,10
153,136,10
153,136,10
153,136,10
153,136,10
153,136,10
153,136,10
153,136,10
153,147,10
153,147,10
153,147,10
153,147,10
153,147,10
153,147,10
153,147,10
153,147,10
153,147,10
153,147,10
153,147,10
153,147,10
153,147,10
153,147,10
153,147,10
153,147,10
153,147,10
153,147,10
153,147,10
153,161,10
153,161,10
153,161,10
153,161,10
153,161,10
153,161,10
153,161,10
153,161,10
153,161,10
153,161,10
153,161,10
153,161,10
153,161,10
153,161,10
153,161,10
153,161,10
153,161,10
153,161,10
153,161,10
153,161,10
153,161,10
153,161,10
153,161,10
153,161,10
153,161,10
153,161,10
153,161,10
153,161,10
153,161,10
153,161,10
153,161,10
153,166,10
153,166,10
153,166,10
153,166,10
153,166,10
153,166,10
153,166,10
153,166,10
153,166,10
153,166,10
153,166,10
153,166,10
153,166,10
153,166,10
153,166,10
153,166,10
153,166,10
153,166,10
153,166,10
153,166,10
153,166,10
153,166,10
153,166,10
153,166,10
153,166,10
153,166,10
153,166,10
153,166,10
153,166,10
153,166,10
153,166,10
153,166,10
153,166,10
153,166,10
153,166,10
153,166,10
153,166,10
153,166,10
153,166,10
153,166,10
153,166,10
153,166,10
153,166,10
153,166,10
153,166,10
153,166,10
153,166,10
153,166,10
153,166,10
153,166,10
153,166,10
153,166,10
153,166,10
153,166,10
153,166,10
153,155,10
153,155,10
153,155,10
153,155,10
153,155,10
153,155,10
153,155,10
153,155,10
153,155,10
153,155,10
153,155,10
153,155,10
153,155,10
153,155,10
153,155,10
153,155,10
153,155,10
153,155,10
153,155,10
153,155,10
153,155,10
153,155,10
153,155,10
153,155,10
153,155,10
153,155,10
153,155,10
153,155,10
153,155,10
153,155,10
153,155,10
153,155,10
153,155,10
153,155,10
153,159,10
153,159,10
153,159,10
153,159,10
153,159,10
153,159,10
153,159,10
153,159,10
153,159,10
153,159,10
153,159,10
153,159,10
153,159,10
153,159,10
153,159,10
153,159,10
153,159,10
153,159,10
153,159,10
153,159,10
153,159,10
153,159,10
153,159,10
153,159,10
153,159,10
153,159,10
153,169,10
153,169,10
153,169,10
153,169,10
153,169,10
153,169,10
153,169,10
153,169,10
153,169,10
153,169,10
153,169,10
153,169,10
153,169,10
153,169,10
153,169,10
153,169,10
153,169,10
153,169,10
153,169,10
153,169,10
153,169,10
153,169,10
153,169,10
153,169,10
153,169,10
153,169,10
153,169,10
153,169,10
153,169,10
153,169,10
153,169,10
153,169,10
153,169,10
153,169,10
153,169,10
153,169,10
153,152,10
153,152,10
153,152,10
153,152,10
153,152,10
153,152,10
153,152,10
153,152,10
153,152,10
153,152,10
153,152,10
153,152,10
153,152,10
153,152,10
153,152,10
153,152,10
153,152,10
153,152,10
153,152,10
153,152,10
153,152,10
153,152,10
153,152,10
153,152,10
153,152,10
153,152,10
153,152,10
153,152,10
153,152,10
153,152,10
153,152,10
153,152,10
153,152,10
153,152,10
153,152,10
153,152,10
153,152,10
153,152,10
153,152,10
153,152,10
153,152,10
153,152,10
153,152,10
153,141,10
153,141,10
153,141,10
153,141,10
153,141,10
153,141,10
153,141,10
153,141,10
153,141,10
153,141,10
153,141,10
153,141,10
153,141,10
153,141,10
153,141,10
153,172,10
153,172,10
153,172,10
153,172,10
153,172,10
153,172,10
153,172,10
153,172,10
153,172,10
153,172,10
153,172,10
153,172,10
153,172,10
153,172,10
153,172,10
153,172,10
153,172,10
153,172,10
153,172,10
153,172,10
153,172,10
153,172,10
153,150,10
153,150,10
153,150,10
153,150,10
153,150,10
153,150,10
153,150,10
153,150,10
153,150,10
153,150,10
153,150,10
153,150,10
153,150,10
153,150,10
153,150,10
153,150,10
153,150,10
153,150,10
153,150,10
153,150,10
153,150,10
153,150,10
153,150,10
153,150,10
153,150,10
153,150,10
153,150,10
153,150,10
153,150,10
153,150,10
153,153,10
153,153,10
153,153,10
153,153,10
153,153,10
153,153,10
153,153,10
153,142,10
153,142,10
153,142,10
153,142,10
153,142,10
153,142,10
153,142,10
153,142,10
153,142,10
153,159,10
153,159,10
153,159,10
153,159,10
153,159,10
153,159,10
153,159,10
153,159,10
153,159,10
153,159,10
153,159,10
153,159,10
153,159,10
153,159,10
153,159,10
153,159,10
153,159,10
153,159,10
153,159,10
153,159,10
153,159,10
153,159,10
153,159,10
153,159,10
153,159,10
153,156,10
153,156,10
153,156,10
153,156,10
153,156,10
153,156,10
153,156,10
153,154,10
153,154,10
153,154,10
153,154,10
153,154,10
153,154,10
153,154,10
153,154,10
153,154,10
153,154,10
153,154,10
153,154,10
153,154,10
153,154,10
153,154,10
153,154,10
153,154,10
153,154,10
153,154,10
153,154,10
153,154,10
153,154,10
153,154,10
153,154,10
153,154,10
153,154,10
153,154,10
153,164,10
153,164,10
153,164,10
153,164,10
153,164,10
153,164,10
153,164,10
153,164,10
153,164,10
153,164,10
153,164,10
153,164,10
153,164,10
153,164,10
153,164,10
153,164,10
153,164,10
153,164,10
153,164,10
153,164,10
153,164,10
153,164,10
153,139,10
153,139,10
153,139,10
153,139,10
153,139,10
153,139,10
153,139,10
153,139,10
153,173,10
153,173,10
153,173,10
153,173,10
153,173,10
153,173,10
153,173,10
153,173,10
153,153,10
153,153,10
153,153,10
153,153,10
153,153,10
153,153,10
153,153,10
153,153,10
153,153,10
153,153,10
153,153,10
153,153,10
153,153,10
153,153,10
153,153,10
153,153,10
153,153,10
153,153,10
153,153,10
153,169,10
153,169,10
153,169,10
153,169,10
153,169,10
153,169,10
153,169,10
153,169,10
153,169,10
153,169,10
153,169,10
153,169,10
153,169,10
153,169,10
153,169,10
153,169,10
153,169,10
153,169,10
153,169,10
153,169,10
153,166,10
153,166,10
153,166,10
153,166,10
153,166,10
153,166,10
153,166,10
153,166,10
153,166,10
153,166,10
153,156,10
153,156,10
153,156,10
153,156,10
153,156,10
153,156,10
153,156,10
153,156,10
153,156,10
153,156,10
153,156,10
153,156,10
153,156,10
153,155,10
153,155,10
153,155,10
153,155,10
153,155,10
153,155,10
153,155,10
153,155,10
153,155,10
153,155,10
153,155,10
153,155,10
153,155,10
153,155,10
153,155,10
153,155,10
153,155,10
153,155,10
153,155,10
153,155,10
153,155,10
153,155,10
153,155,10
153,155,10
153,155,10
153,155,10
153,155,10
153,155,10
153,155,10
153,155,10
153,155,10
153,155,10
153,155,10
153,155,10
153,155,10
153,155,10
153,155,10
153,167,10
153,167,10
153,167,10
153,167,10
153,167,10
153,167,10
153,167,10
153,167,10
153,167,10
153,167,10
153,167,10
153,167,10
153,167,10
153,167,10
153,167,10
153,167,10
153,167,10
153,167,10
153,167,10
153,167,10
153,167,10
153,167,10
153,167,10
153,167,10
153,167,10
153,167,10
153,167,10
153,167,10
153,167,10
153,167,10
153,167,10
153,167,10
153,167,10
153,167,10
153,167,10
153,167,10
153,167,10
153,167,10
153,167,10
153,167,10
153,167,10
153,167,10
153,167,10
153,167,10
153,167,10
153,167,10
153,167,10
153,167,10
153,163,10
153,163,10
153,163,10
153,163,10
153,163,10
153,163,10
153,163,10
153,163,10
153,163,10
153,163,10
153,163,10
153,163,10
153,163,10
153,163,10
153,163,10
153,163,10
153,163,10
153,163,10
153,163,10
153,163,10
153,163,10
153,163,10
153,163,10
153,163,10
153,149,10
153,149,10
153,149,10
153,149,10
153,149,10
153,149,10
153,152,10
153,152,10
153,152,10
153,152,10
153,152,10
153,152,10
153,152,10
153,152,10
153,152,10
153,152,10
153,152,10
153,152,10
153,152,10
153,152,10
153,152,10
153,152,10
153,152,10
153,152,10
153,152,10
153,152,10
153,152,10
153,152,10
153,152,10
153,152,10
153,152,10
153,152,10
153,152,10
153,152,10
153,152,10
153,152,10
153,152,10
153,152,10
153,152,10
153,152,10
153,152,10
153,152,10
153,152,10
153,152,10
153,152,10
153,152,10
153,152,10
153,152,10
153,152,10
153,152,10
153,152,10
153,152,10
153,152,10
173,172,10
173,172,10
173,172,10
173,172,10
173,172,10
173,172,10
173,172,10
173,172,10
173,172,10
173,172,10
173,172,10
173,172,10
173,172,10
173,172,10
173,172,10
173,172,10
173,172,10
173,172,10
173,171,10
173,171,10
173,171,10
173,171,10
173,171,10
173,171,10
173,171,10
173,171,10
173,171,10
173,171,10
173,171,10
173,171,10
173,171,10
173,171,10
173,171,10
173,171,10
173,171,10
173,188,10
173,188,10
173,188,10
173,188,10
173,188,10
173,188,10
173,188,10
173,188,10
173,188,10
173,188,10
173,188,10
173,188,10
173,188,10
173,194,10
173,194,10
173,194,10
173,194,10
173,194,10
173,194,10
173,194,10
173,194,10
173,194,10
173,194,10
173,194,10
173,194,10
173,194,10
173,194,10
173,194,10
173,194,10
173,185,10
173,185,10
173,185,10
173,185,10
173,185,10
173,185,10
173,185,10
173,185,10
173,185,10
173,185,10
173,185,10
173,185,10
173,185,10
173,185,10
173,185,10
173,185,10
173,185,10
173,185,10
173,185,10
173,185,10
173,185,10
173,185,10
173,185,10
173,185,10
173,170,10
173,170,10
173,170,10
173,170,10
173,170,10
173,170,10
173,170,10
173,170,10
173,170,10
173,170,10
173,170,10
173,179,10
173,179,10
173,179,10
173,179,10
173,179,10
173,179,10
173,179,10
173,179,10
173,179,10
173,179,10
173,179,10
173,179,10
173,179,10
173,179,10
173,179,10
173,179,10
173,169,10
173,169,10
173,169,10
173,169,10
173,169,10
173,169,10
173,169,10
173,169,10
173,169,10
173,169,10
173,169,10
173,169,10
173,169,10
173,169,10
173,165,10
173,165,10
173,165,10
173,165,10
173,165,10
173,165,10
173,165,10
173,165,10
173,165,10
173,165,10
173,165,10
173,165,10
173,165,10
173,165,10
173,165,10
173,165,10
173,165,10
173,165,10
173,165,10
173,165,10
173,165,10
173,165,10
173,169,10
173,169,10
173,169,10
173,169,10
173,169,10
173,169,10
173,169,10
173,169,10
173,169,10
173,169,10
173,169,10
173,169,10
173,169,10
173,184,10
173,184,10
173,184,10
173,184,10
173,184,10
173,184,10
173,184,10
173,184,10
173,184,10
173,184,10
173,184,10
173,184,10
173,184,10
173,184,10
173,184,10
173,184,10
173,184,10
173,184,10
173,184,10
173,184,10
173,184,10
173,184,10
173,184,10
173,184,10
173,184,10
173,184,10
173,184,10
173,184,10
173,184,10
173,184,10
173,184,10
173,184,10
173,184,10
173,184,10
173,184,10
173,184,10
173,184,10
173,184,10
173,184,10
173,184,10
173,184,10
173,184,10
173,184,10
173,184,10
173,173,10
173,173,10
173,173,10
173,173,10
173,173,10
173,173,10
173,173,10
173,173,10
173,173,10
173,173,10
173,173,10
173,172,10
173,172,10
173,172,10
173,172,10
173,172,10
173,172,10
173,172,10
173,172,10
173,172,10
173,172,10
173,172,10
173,172,10
173,172,10
173,172,10
173,172,10
173,172,10
173,172,10
173,172,10
173,172,10
173,172,10
173,172,10
173,172,10
173,172,10
173,172,10
173,172,10
173,172,10
173,172,10
173,172,10
173,162,10
173,162,10
173,162,10
173,162,10
173,162,10
173,162,10
173,162,10
173,162,10
173,162,10
173,162,10
173,162,10
173,162,10
173,162,10
173,162,10
173,162,10
173,162,10
173,162,10
173,162,10
173,162,10
173,162,10
173,162,10
173,162,10
173,162,10
173,162,10
173,162,10
173,162,10
173,162,10
173,162,10
173,162,10
173,162,10
173,162,10
173,171,10
173,171,10
173,171,10
173,171,10
173,171,10
173,171,10
173,171,10
173,171,10
173,171,10
173,171,10
173,171,10
173,193,10
173,193,10
173,193,10
173,193,10
173,193,10
173,193,10
173,193,10
173,193,10
173,193,10
173,193,10
173,193,10
173,193,10
173,193,10
173,193,10
173,193,10
173,193,10
173,193,10
173,193,10
173,193,10
173,193,10
173,193,10
173,193,10
173,193,10
173,193,10
173,193,10
173,193,10
173,193,10
173,171,10
173,171,10
173,171,10
173,171,10
173,171,10
173,171,10
173,171,10
173,171,10
173,171,10
173,171,10
173,171,10
173,171,10
173,171,10
173,171,10
173,171,10
173,171,10
173,171,10
173,171,10
173,171,10
173,171,10
173,171,10
173,171,10
173,171,10
173,171,10
173,171,10
173,171,10
173,171,10
173,171,10
173,171,10
173,171,10
173,171,10
173,171,10
173,171,10
173,171,10
173,171,10
173,171,10
173,171,10
173,171,10
173,171,10
173,172,10
173,172,10
173,172,10
173,172,10
173,172,10
173,172,10
173,172,10
173,172,10
173,172,10
173,172,10
173,172,10
173,172,10
173,172,10
173,172,10
173,172,10
173,172,10
173,172,10
173,172,10
173,172,10
173,172,10
173,172,10
173,172,10
173,172,10
173,172,10
173,172,10
173,172,10
173,174,10
173,174,10
173,174,10
173,174,10
173,174,10
173,174,10
173,174,10
173,174,10
173,178,10
173,178,10
173,178,10
173,178,10
173,178,10
173,178,10
173,178,10
173,178,10
173,178,10
173,178,10
173,178,10
173,178,10
173,178,10
173,178,10
173,178,10
173,178,10
173,178,10
173,178,10
173,171,10
173,171,10
173,171,10
173,171,10
173,171,10
173,171,10
173,171,10
173,171,10
173,171,10
173,171,10
173,171,10
173,171,10
173,171,10
173,171,10
173,171,10
173,171,10
173,171,10
173,171,10
173,171,10
173,171,10
173,171,10
173,171,10
173,171,10
173,171,10
173,171,10
173,171,10
173,171,10
173,171,10
173,171,10
173,171,10
173,171,10
173,171,10
173,171,10
173,171,10
173,171,10
173,171,10
173,171,10
173,171,10
173,171,10
173,171,10
173,171,10
173,171,10
173,171,10
173,171,10
173,171,10
173,171,10
173,171,10
173,166,10
173,166,10
173,166,10
173,166,10
173,166,10
173,166,10
173,166,10
173,166,10
173,166,10
173,166,10
173,166,10
173,166,10
173,166,10
173,161,10
173,161,10
173,161,10
173,161,10
173,161,10
173,161,10
173,161,10
173,161,10
173,161,10
173,161,10
173,161,10
173,161,10
173,161,10
173,161,10
173,161,10
173,161,10
173,161,10
173,161,10
173,161,10
173,161,10
173,161,10
173,161,10
173,161,10
173,161,10
173,161,10
173,161,10
173,161,10
173,161,10
173,161,10
173,161,10
173,161,10
173,161,10
173,161,10
173,161,10
173,161,10
173,161,10
173,161,10
173,161,10
173,161,10
173,161,10
173,161,10
173,161,10
173,161,10
173,161,10
173,161,10
173,180,10
173,180,10
173,180,10
173,180,10
173,180,10
173,180,10
173,180,10
173,180,10
173,180,10
173,180,10
173,180,10
173,180,10
173,180,10
173,180,10
173,180,10
173,180,10
173,180,10
173,180,10
173,186,10
173,186,10
173,186,10
173,186,10
173,186,10
173,186,10
173,186,10
173,186,10
173,186,10
173,186,10
173,186,10
173,186,10
173,186,10
173,186,10
173,186,10
143,124,10
143,124,10
143,124,10
143,124,10
143,124,10
143,124,10
143,124,10
143,124,10
143,124,10
143,124,10
143,146,10
143,146,10
143,146,10
143,146,10
143,146,10
143,146,10
143,146,10
143,146,10
143,146,10
143,146,10
143,146,10
143,146,10
143,157,10
143,157,10
143,157,10
143,157,10
143,157,10
143,157,10
143,157,10
143,157,10
143,157,10
143,157,10
143,157,10
143,157,10
143,157,10
143,157,10
143,157,10
143,157,10
143,157,10
143,157,10
143,157,10
143,157,10
143,157,10
143,157,10
143,157,10
143,157,10
143,157,10
143,157,10
143,157,10
143,157,10
143,157,10
143,157,10
143,157,10
143,157,10
143,157,10
143,157,10
143,157,10
143,157,10
143,148,10
143,148,10
143,148,10
143,148,10
143,148,10
143,148,10
143,148,10
143,148,10
143,148,10
143,148,10
143,148,10
143,148,10
143,148,10
143,148,10
143,148,10
143,148,10
143,148,10
143,148,10
143,148,10
143,148,10
143,148,10
143,148,10
143,148,10
143,148,10
143,148,10
143,142,10
143,142,10
143,142,10
143,142,10
143,142,10
143,142,10
143,142,10
143,142,10
143,142,10
143,142,10
143,142,10
143,142,10
143,142,10
143,142,10
143,142,10
143,142,10
143,142,10
143,142,10
143,142,10
143,142,10
143,142,10
143,142,10
143,142,10
143,142,10
143,142,10
143,142,10
143,142,10
143,142,10
143,142,10
143,142,10
143,142,10
143,142,10
143,142,10
143,142,10
143,142,10
143,142,10
143,142,10
143,142,10
143,142,10
143,142,10
143,142,10
143,142,10
143,142,10
143,142,10
143,142,10
143,152,10
143,152,10
143,152,10
143,152,10
143,152,10
143,152,10
143,152,10
143,152,10
143,152,10
143,152,10
143,146,10
143,146,10
143,146,10
143,146,10
143,146,10
143,146,10
143,146,10
143,146,10
143,146,10
143,146,10
143,146,10
143,146,10
143,146,10
143,146,10
143,146,10
143,146,10
143,146,10
143,146,10
143,146,10
143,146,10
143,146,10
143,146,10
143,146,10
143,147,10
143,147,10
143,147,10
143,147,10
143,147,10
143,147,10
143,147,10
143,147,10
143,147,10
143,147,10
143,147,10
143,147,10
143,147,10
143,147,10
143,147,10
143,147,10
143,147,10
143,147,10
143,147,10
143,147,10
143,147,10
143,147,10
143,147,10
143,147,10
143,147,10
143,147,10
143,147,10
143,147,10
143,147,10
143,147,10
143,147,10
143,147,10
143,153,10
143,153,10
143,153,10
143,153,10
143,153,10
143,153,10
143,153,10
143,153,10
143,153,10
143,153,10
143,148,10
143,148,10
143,148,10
143,148,10
143,148,10
143,148,10
143,132,10
143,132,10
143,132,10
143,132,10
143,132,10
143,132,10
143,132,10
143,132,10
143,149,10
143,149,10
143,149,10
143,149,10
143,149,10
143,149,10
143,149,10
143,149,10
143,149,10
143,149,10
143,149,10
143,149,10
143,150,10
143,150,10
143,150,10
143,150,10
143,150,10
143,150,10
143,150,10
143,150,10
143,150,10
143,150,10
143,150,10
143,150,10
143,150,10
143,150,10
143,142,10
143,142,10
143,142,10
143,142,10
143,142,10
143,142,10
143,142,10
143,142,10
143,149,10
143,149,10
143,149,10
143,149,10
143,149,10
143,149,10
143,149,10
143,149,10
143,149,10
143,149,10
143,149,10
143,149,10
143,149,10
143,149,10
143,149,10
143,149,10
143,149,10
143,149,10
143,149,10
143,149,10
143,149,10
143,149,10
143,149,10
143,149,10
143,149,10
143,149,10
143,149,10
143,149,10
143,149,10
143,134,10
143,134,10
143,134,10
143,134,10
143,134,10
143,134,10
143,134,10
143,134,10
143,134,10
143,134,10
143,134,10
143,134,10
143,134,10
143,134,10
143,134,10
143,134,10
143,134,10
143,134,10
143,134,10
143,134,10
143,134,10
143,134,10
143,134,10
143,134,10
143,134,10
143,134,10
143,134,10
143,134,10
143,134,10
143,134,10
143,134,10
143,134,10
143,134,10
143,134,10
143,134,10
143,134,10
143,134,10
143,134,10
143,134,10
143,134,10
143,147,10
143,147,10
143,147,10
143,147,10
143,147,10
143,147,10
143,147,10
143,147,10
143,147,10
143,147,10
143,147,10
143,147,10
143,146,10
143,146,10
143,146,10
143,146,10
143,146,10
143,146,10
143,149,10
143,149,10
143,149,10
143,149,10
143,149,10
143,149,10
143,149,10
143,149,10
143,149,10
143,149,10
143,149,10
143,149,10
143,149,10
143,163,10
143,163,10
143,163,10
143,163,10
143,163,10
143,163,10
143,163,10
143,163,10
143,163,10
143,163,10
143,163,10
143,163,10
143,163,10
143,163,10
143,163,10
143,163,10
143,163,10
143,163,10
143,163,10
143,163,10
143,163,10
143,163,10
143,163,10
143,163,10
143,163,10
143,163,10
143,163,10
143,163,10
143,163,10
143,163,10
143,163,10
143,163,10
143,163,10
143,163,10
143,163,10
143,163,10
143,163,10
143,163,10
143,163,10
143,163,10
143,163,10
143,163,10
143,163,10
143,163,10
143,142,10
143,142,10
143,142,10
143,142,10
143,142,10
143,142,10
143,142,10
143,142,10
143,142,10
143,142,10
143,142,10
143,142,10
143,142,10
143,142,10
143,142,10
143,142,10
143,132,10
143,132,10
143,132,10
143,132,10
143,132,10
143,132,10
143,132,10
143,132,10
143,132,10
143,132,10
143,132,10
143,132,10
143,132,10
143,132,10
143,132,10
143,132,10
143,132,10
143,132,10
143,132,10
143,132,10
143,132,10
143,132,10
143,132,10
143,132,10
143,132,10
143,132,10
143,132,10
143,132,10
143,132,10
143,132,10
143,132,10
143,132,10
143,132,10
143,132,10
143,138,10
143,138,10
143,138,10
143,138,10
143,138,10
143,138,10
143,148,10
143,148,10
143,148,10
143,148,10
143,148,10
143,148,10
143,148,10
143,148,10
143,148,10
143,148,10
143,148,10
143,148,10
143,148,10
143,148,10
143,148,10
143,148,10
143,148,10
143,148,10
143,148,10
143,148,10
143,148,10
143,148,10
143,148,10
143,162,10
143,162,10
143,162,10
143,162,10
143,162,10
143,162,10
143,142,10
143,142,10
143,142,10
143,142,10
143,142,10
143,142,10
143,142,10
143,142,10
143,139,10
143,139,10
143,139,10
143,139,10
143,139,10
143,139,10
143,139,10
143,139,10
143,139,10
143,139,10
143,139,10
143,139,10
143,139,10
143,139,10
143,139,10
143,139,10
143,139,10
143,139,10
143,139,10
143,139,10
143,139,10
143,139,10
143,139,10
143,139,10
143,139,10
143,139,10
143,139,10
143,139,10
143,139,10
143,139,10
143,139,10
143,139,10
143,139,10
143,139,10
143,139,10
143,139,10
143,139,10
143,139,10
143,139,10
143,139,10
143,139,10
143,139,10
143,139,10
143,139,10
143,139,10
143,139,10
143,139,10
143,139,10
143,139,10
143,129,10
143,129,10
143,129,10
143,129,10
143,129,10
143,129,10
143,129,10
143,129,10
143,129,10
143,129,10
143,129,10
143,129,10
143,129,10
143,129,10
143,129,10
143,129,10
143,129,10
143,129,10
143,129,10
143,129,10
143,129,10
143,129,10
143,129,10
143,129,10
143,129,10
143,129,10
143,129,10
143,129,10
143,129,10
143,145,10
143,145,10
143,145,10
143,145,10
143,145,10
143,145,10
143,145,10
143,145,10
143,145,10
143,145,10
143,145,10
143,145,10
143,145,10
143,145,10
143,145,10
143,145,10
143,145,10
143,145,10
143,145,10
143,145,10
143,145,10
143,147,10
143,147,10
143,147,10
143,147,10
143,147,10
143,147,10
143,147,10
143,147,10
143,147,10
143,147,10
143,147,10
143,147,10
143,147,10
143,147,10
143,147,10
143,147,10
143,147,10
143,147,10
143,147,10
143,147,10
143,147,10
143,147,10
143,147,10
143,147,10
143,147,10
143,147,10
143,147,10
143,147,10
143,147,10
143,147,10
143,147,10
143,147,10
143,147,10
143,152,10
143,152,10
143,152,10
143,152,10
143,152,10
143,152,10
143,152,10
143,152,10
143,152,10
143,152,10
143,152,10
143,152,10
143,152,10
143,152,10
143,152,10
143,152,10
143,152,10
143,152,10
143,152,10
143,152,10
143,152,10
143,152,10
143,152,10
143,152,10
143,152,10
143,152,10
113,127,10
113,127,10
113,127,10
113,127,10
113,127,10
113,127,10
113,127,10
113,127,10
113,127,10
113,127,10
113,127,10
113,127,10
113,127,10
113,127,10
113,127,10
113,127,10
113,127,10
113,127,10
113,127,10
113,127,10
113,127,10
113,127,10
113,127,10
113,127,10
113,127,10
113,127,10
113,127,10
113,127,10
113,127,10
113,127,10
113,100,10
113,100,10
113,100,10
113,100,10
113,100,10
113,100,10
113,100,10
113,100,10
113,100,10
113,100,10
113,100,10
113,100,10
113,100,10
113,100,10
113,100,10
113,100,10
113,100,10
113,100,10
113,100,10
113,100,10
113,100,10
113,100,10
113,100,10
113,100,10
113,100,10
113,100,10
113,100,10
113,100,10
113,100,10
113,100,10
113,100,10
113,100,10
113,100,10
113,100,10
113,100,10
113,100,10
113,100,10
113,100,10
113,100,10
113,100,10
113,100,10
113,100,10
113,100,10
113,100,10
113,100,10
113,100,10
113,100,10
113,100,10
113,100,10
113,97,10
113,97,10
113,97,10
113,97,10
113,97,10
113,97,10
113,97,10
113,97,10
113,97,10
113,97,10
113,97,10
113,97,10
113,97,10
113,97,10
113,111,10
113,111,10
113,111,10
113,111,10
113,111,10
113,111,10
113,111,10
113,111,10
113,111,10
113,111,10
113,111,10
113,111,10
113,111,10
113,111,10
113,111,10
113,111,10
113,111,10
113,111,10
113,111,10
113,101,10
113,101,10
113,101,10
113,101,10
113,101,10
113,101,10
113,101,10
113,101,10
113,101,10
113,101,10
113,101,10
113,101,10
113,101,10
113,101,10
113,101,10
113,101,10
113,101,10
113,101,10
113,101,10
113,113,10
113,113,10
113,113,10
113,113,10
113,113,10
113,113,10
113,113,10
113,111,10
113,111,10
113,111,10
113,111,10
113,111,10
113,111,10
113,111,10
113,111,10
113,111,10
113,111,10
113,111,10
113,111,10
113,111,10
113,111,10
113,111,10
113,111,10
113,111,10
113,111,10
113,111,10
113,111,10
113,111,10
113,111,10
113,111,10
113,111,10
113,111,10
113,111,10
113,111,10
113,111,10
113,111,10
113,111,10
113,111,10
113,111,10
113,111,10
113,111,10
113,111,10
113,111,10
113,111,10
113,115,10
113,115,10
113,115,10
113,115,10
113,115,10
113,115,10
113,115,10
113,115,10
113,115,10
113,115,10
113,115,10
113,115,10
113,115,10
113,115,10
113,115,10
113,115,10
113,130,10
113,130,10
113,130,10
113,130,10
113,130,10
113,130,10
113,130,10
113,130,10
113,130,10
113,130,10
113,130,10
113,130,10
113,117,10
113,117,10
113,117,10
113,117,10
113,117,10
113,117,10
113,117,10
113,117,10
113,117,10
113,117,10
113,117,10
113,117,10
113,117,10
113,117,10
113,117,10
113,104,10
113,104,10
113,104,10
113,104,10
113,104,10
113,104,10
113,104,10
113,104,10
113,104,10
113,104,10
113,104,10
113,104,10
113,104,10
113,104,10
113,104,10
113,104,10
113,149,10
113,149,10
113,149,10
113,149,10
113,149,10
113,149,10
113,149,10
113,149,10
113,149,10
113,149,10
113,149,10
113,149,10
113,149,10
113,149,10
113,149,10
113,149,10
113,149,10
113,149,10
113,104,10
113,104,10
113,104,10
113,104,10
113,104,10
113,104,10
113,104,10
113,101,10
113,101,10
113,101,10
113,101,10
113,101,10
113,101,10
113,101,10
113,101,10
113,101,10
113,101,10
113,101,10
113,101,10
113,101,10
113,101,10
113,101,10
113,101,10
113,101,10
113,101,10
113,101,10
113,101,10
113,126,10
113,126,10
113,126,10
113,126,10
113,126,10
113,126,10
113,126,10
113,126,10
113,126,10
113,126,10
113,126,10
113,117,10
113,117,10
113,117,10
113,117,10
113,117,10
113,117,10
113,117,10
113,117,10
113,117,10
113,117,10
113,117,10
113,117,10
113,117,10
113,117,10
113,117,10
113,117,10
113,117,10
113,117,10
113,115,10
113,115,10
113,115,10
113,115,10
113,115,10
113,115,10
113,115,10
113,115,10
113,124,10
113,124,10
113,124,10
113,124,10
113,124,10
113,124,10
113,99,10
113,99,10
113,99,10
113,99,10
113,99,10
113,99,10
113,99,10
113,99,10
113,99,10
113,99,10
113,99,10
113,99,10
113,99,10
113,99,10
113,99,10
113,99,10
113,99,10
113,99,10
113,99,10
113,99,10
113,99,10
113,99,10
113,99,10
113,99,10
113,117,10
113,117,10
113,117,10
113,117,10
113,117,10
113,117,10
113,117,10
113,117,10
113,117,10
113,115,10
113,115,10
113,115,10
113,115,10
113,115,10
113,115,10
113,115,10
113,115,10
113,115,10
113,115,10
113,115,10
113,115,10
113,115,10
113,115,10
113,115,10
113,115,10
113,115,10
113,116,10
113,116,10
113,116,10
113,116,10
113,116,10
113,116,10
113,116,10
113,116,10
113,116,10
113,106,10
113,106,10
113,106,10
113,106,10
113,106,10
113,106,10
113,106,10
113,106,10
113,106,10
113,106,10
113,106,10
113,106,10
113,106,10
113,106,10
113,106,10
113,106,10
113,106,10
113,106,10
113,106,10
113,106,10
113,106,10
113,106,10
113,106,10
113,106,10
113,106,10
113,106,10
113,106,10
113,106,10
113,106,10
113,106,10
113,106,10
113,106,10
113,106,10
113,106,10
113,106,10
113,106,10
113,106,10
113,106,10
113,106,10
113,106,10
113,106,10
113,106,10
113,106,10
113,106,10
113,106,10
113,106,10
113,107,10
113,107,10
113,107,10
113,107,10
113,107,10
113,107,10
113,107,10
113,107,10
113,107,10
113,107,10
113,107,10
113,107,10
113,107,10
113,107,10
113,107,10
113,107,10
113,107,10
113,136,10
113,136,10
113,136,10
113,136,10
113,136,10
113,136,10
113,115,10
113,115,10
113,115,10
113,115,10
113,115,10
113,115,10
113,103,10
113,103,10
113,103,10
113,103,10
113,103,10
113,103,10
113,103,10
113,103,10
113,103,10
113,103,10
113,103,10
113,103,10
113,103,10
113,103,10
113,103,10
113,103,10
113,103,10
113,103,10
113,103,10
113,118,10
113,118,10
113,118,10
113,118,10
113,118,10
113,118,10
113,118,10
113,118,10
113,118,10
113,118,10
113,118,10
113,118,10
113,118,10
113,118,10
113,118,10
113,118,10
113,118,10
113,118,10
113,118,10
113,118,10
113,118,10
113,118,10
113,118,10
113,118,10
113,118,10
113,118,10
113,118,10
113,121,10
113,121,10
113,121,10
113,121,10
113,121,10
113,121,10
113,121,10
113,121,10
113,121,10
113,121,10
113,121,10
113,121,10
113,121,10
113,111,10
113,111,10
113,111,10
113,111,10
113,111,10
113,111,10
113,111,10
113,111,10
113,111,10
113,111,10
113,111,10
113,111,10
113,111,10
113,111,10
113,111,10
113,111,10
113,111,10
113,111,10
113,111,10
113,111,10
113,111,10
113,111,10
113,111,10
113,111,10
113,111,10
113,111,10
113,111,10
113,111,10
113,111,10
113,123,10
113,123,10
113,123,10
113,123,10
113,123,10
113,123,10
113,123,10
113,123,10
113,123,10
113,123,10
113,123,10
113,123,10
113,123,10
113,123,10
113,123,10
113,123,10
113,123,10
113,123,10
113,123,10
113,123,10
113,123,10
113,123,10
113,123,10
113,123,10
113,123,10
113,123,10
113,123,10
113,123,10
113,123,10
113,123,10
113,123,10
113,123,10
113,117,10
113,117,10
113,117,10
113,117,10
113,117,10
113,117,10
113,117,10
113,106,10
113,106,10
113,106,10
113,106,10
113,106,10
113,106,10
113,106,10
113,106,10
113,106,10
113,106,10
113,106,10
113,106,10
113,106,10
113,106,10
113,106,10
113,106,10
113,106,10
113,106,10
113,106,10
113,106,10
113,106,10
113,106,10
113,106,10
113,106,10
113,106,10
113,106,10
113,106,10
113,106,10
113,106,10
113,106,10
113,106,10
113,106,10
113,106,10
113,106,10
113,106,10
113,106,10
113,115,10
113,115,10
113,115,10
113,115,10
113,115,10
113,115,10
113,115,10
113,115,10
113,115,10
113,115,10
113,115,10
113,115,10
113,103,10
113,103,10
113,103,10
113,103,10
113,103,10
113,103,10
113,103,10
153,140,10
153,140,10
153,140,10
153,140,10
153,140,10
153,140,10
153,140,10
153,140,10
153,140,10
153,140,10
153,140,10
153,140,10
153,140,10
153,140,10
153,140,10
153,140,10
153,140,10
153,140,10
153,140,10
153,140,10
153,140,10
153,140,10
153,140,10
153,140,10
153,140,10
153,169,10
153,169,10
153,169,10
153,169,10
153,169,10
153,169,10
153,169,10
153,169,10
153,169,10
153,169,10
153,169,10
153,169,10
153,169,10
153,169,10
153,169,10
153,169,10
153,169,10
153,169,10
153,169,10
153,169,10
153,169,10
153,169,10
153,169,10
153,169,10
153,169,10
153,169,10
153,169,10
153,169,10
153,155,10
153,155,10
153,155,10
153,155,10
153,155,10
153,155,10
153,155,10
153,155,10
153,155,10
153,155,10
153,155,10
153,155,10
153,155,10
153,155,10
153,155,10
153,155,10
153,155,10
153,155,10
153,155,10
153,155,10
153,155,10
153,155,10
153,155,10
153,155,10
153,155,10
153,155,10
153,155,10
153,155,10
153,155,10
153,155,10
153,155,10
153,155,10
153,155,10
153,155,10
153,146,10
153,146,10
153,146,10
153,146,10
153,146,10
153,146,10
153,146,10
153,146,10
153,146,10
153,146,10
153,146,10
153,146,10
153,146,10
153,146,10
153,146,10
153,146,10
153,146,10
153,146,10
153,146,10
153,146,10
153,146,10
153,146,10
153,146,10
153,146,10
153,146,10
153,146,10
153,146,10
153,146,10
153,146,10
153,146,10
153,146,10
153,146,10
153,146,10
153,146,10
153,146,10
153,146,10
153,146,10
153,146,10
153,146,10
153,146,10
153,136,10
153,136,10
153,136,10
153,136,10
153,136,10
153,136,10
153,136,10
153,136,10
153,136,10
153,136,10
153,136,10
153,136,10
153,136,10
153,136,10
153,136,10
153,153,10
153,153,10
153,153,10
153,153,10
153,153,10
153,153,10
153,153,10
153,153,10
153,153,10
153,153,10
153,153,10
153,153,10
153,153,10
153,153,10
153,153,10
153,153,10
153,153,10
153,153,10
153,153,10
153,153,10
153,153,10
153,153,10
153,153,10
153,153,10
153,153,10
153,153,10
153,153,10
153,153,10
153,153,10
153,153,10
153,153,10
153,153,10
153,153,10
153,153,10
153,153,10
153,153,10
153,153,10
153,168,10
153,168,10
153,168,10
153,168,10
153,168,10
153,168,10
153,168,10
153,168,10
153,168,10
153,168,10
153,168,10
153,168,10
153,168,10
153,168,10
153,168,10
153,168,10
153,168,10
153,168,10
153,168,10
153,168,10
153,168,10
153,168,10
153,168,10
153,168,10
153,149,10
153,149,10
153,149,10
153,149,10
153,149,10
153,149,10
153,149,10
153,149,10
153,149,10
153,164,10
153,164,10
153,164,10
153,164,10
153,164,10
153,164,10
153,164,10
153,164,10
153,164,10
153,164,10
153,164,10
153,164,10
153,164,10
153,164,10
153,164,10
153,164,10
153,164,10
153,164,10
153,164,10
153,164,10
153,164,10
153,164,10
153,164,10
153,164,10
153,164,10
153,164,10
153,164,10
153,164,10
153,164,10
153,164,10
153,164,10
153,164,10
153,164,10
153,164,10
153,164,10
153,165,10
153,165,10
153,165,10
153,165,10
153,165,10
153,165,10
153,165,10
153,165,10
153,165,10
153,165,10
153,165,10
153,165,10
153,165,10
153,165,10
153,165,10
153,165,10
153,166,10
153,166,10
153,166,10
153,166,10
153,166,10
153,166,10
153,166,10
153,166,10
153,160,10
153,160,10
153,160,10
153,160,10
153,160,10
153,160,10
153,160,10
153,160,10
153,150,10
153,150,10
153,150,10
153,150,10
153,150,10
153,150,10
153,150,10
153,150,10
153,150,10
153,150,10
153,150,10
153,150,10
153,150,10
153,150,10
153,150,10
153,150,10
153,150,10
153,150,10
153,150,10
153,150,10
153,150,10
153,150,10
153,150,10
153,150,10
153,150,10
153,150,10
153,150,10
153,150,10
153,150,10
153,150,10
153,150,10
153,151,10
153,151,10
153,151,10
153,151,10
153,151,10
153,151,10
153,151,10
153,151,10
153,151,10
153,151,10
153,151,10
153,151,10
153,151,10
153,151,10
153,147,10
153,147,10
153,147,10
153,147,10
153,147,10
153,147,10
153,147,10
153,147,10
153,147,10
153,147,10
153,147,10
153,147,10
153,147,10
153,147,10
153,147,10
153,147,10
153,147,10
153,147,10
153,147,10
153,147,10
153,147,10
153,147,10
153,147,10
153,147,10
153,147,10
153,147,10
153,147,10
153,147,10
153,147,10
153,147,10
153,147,10
153,147,10
153,147,10
153,147,10
153,147,10
153,147,10
153,150,10
153,150,10
153,150,10
153,150,10
153,150,10
153,150,10
153,150,10
153,150,10
153,150,10
153,150,10
153,150,10
153,150,10
153,148,10
153,148,10
153,148,10
153,148,10
153,148,10
153,148,10
153,148,10
153,148,10
153,161,10
153,161,10
153,161,10
153,161,10
153,161,10
153,161,10
153,161,10
153,161,10
153,161,10
153,161,10
153,161,10
153,161,10
153,161,10
153,161,10
153,161,10
153,161,10
153,161,10
153,161,10
153,161,10
153,161,10
153,161,10
153,161,10
153,161,10
153,161,10
153,161,10
153,161,10
153,161,10
153,161,10
153,161,10
153,161,10
153,161,10
153,161,10
153,161,10
153,161,10
153,161,10
153,161,10
153,161,10
153,161,10
153,161,10
153,161,10
153,161,10
153,161,10
153,161,10
153,161,10
153,161,10
153,161,10
153,161,10
153,161,10
153,173,10
153,173,10
153,173,10
153,173,10
153,173,10
153,173,10
153,173,10
153,173,10
153,173,10
153,173,10
153,173,10
153,173,10
153,173,10
153,173,10
153,173,10
153,173,10
153,173,10
153,173,10
153,173,10
153,173,10
153,173,10
153,173,10
153,173,10
153,173,10
153,173,10
153,173,10
153,173,10
153,173,10
153,173,10
153,173,10
153,173,10
153,173,10
153,173,10
153,173,10
153,173,10
153,173,10
153,173,10
153,173,10
153,173,10
153,173,10
153,173,10
153,173,10
153,173,10
153,173,10
153,173,10
153,173,10
153,173,10
153,173,10
153,173,10
153,154,10
153,154,10
153,154,10
153,154,10
153,154,10
153,154,10
153,154,10
153,154,10
153,154,10
153,154,10
153,154,10
153,154,10
153,154,10
153,154,10
153,154,10
153,154,10
153,154,10
153,154,10
153,154,10
153,154,10
153,154,10
153,154,10
153,154,10
153,154,10
153,154,10
153,154,10
153,154,10
153,154,10
153,154,10
153,154,10
153,154,10
153,154,10
153,154,10
153,154,10
153,154,10
153,154,10
153,154,10
153,154,10
153,154,10
153,154,10
153,154,10
153,154,10
153,154,10
153,154,10
153,158,10
153,158,10
153,158,10
153,158,10
153,158,10
153,158,10
153,158,10
153,158,10
153,158,10
153,158,10
153,158,10
153,158,10
153,158,10
153,158,10
153,158,10
153,158,10
153,158,10
153,158,10
153,158,10
153,158,10
153,158,10
153,158,10
153,158,10
153,158,10
153,158,10
153,158,10
153,158,10
153,158,10
153,158,10
153,149,10
153,149,10
153,149,10
153,149,10
153,149,10
153,149,10
153,149,10
153,149,10
153,149,10
153,149,10
153,149,10
153,149,10
153,149,10
153,149,10
153,149,10
153,149,10
153,149,10
153,149,10
153,149,10
153,149,10
153,149,10
153,149,10
153,149,10
153,149,10
153,149,10
153,149,10
153,149,10
153,149,10
153,149,10
153,149,10
153,149,10
153,149,10
153,149,10
153,149,10
153,149,10
153,149,10
153,149,10
153,167,10
153,167,10
153,167,10
153,167,10
153,167,10
153,167,10
153,167,10
153,167,10
153,167,10
153,167,10
153,167,10
153,167,10
153,167,10
153,167,10
153,167,10
153,167,10
153,167,10
153,167,10
153,167,10
153,167,10
153,167,10
153,167,10
153,167,10
153,167,10
193,173,10
193,173,10
193,173,10
193,173,10
193,173,10
193,173,10
193,194,10
193,194,10
193,194,10
193,194,10
193,194,10
193,194,10
193,194,10
193,194,10
193,194,10
193,194,10
193,194,10
193,194,10
193,194,10
193,194,10
193,194,10
193,194,10
193,194,10
193,194,10
193,194,10
193,194,10
193,194,10
193,194,10
193,194,10
193,194,10
193,205,10
193,205,10
193,205,10
193,205,10
193,205,10
193,205,10
193,205,10
193,205,10
193,205,10
193,205,10
193,205,10
193,205,10
193,205,10
193,205,10
193,205,10
193,205,10
193,195,10
193,195,10
193,195,10
193,195,10
193,195,10
193,195,10
193,195,10
193,195,10
193,195,10
193,195,10
193,195,10
193,195,10
193,195,10
193,195,10
193,195,10
193,195,10
193,195,10
193,195,10
193,195,10
193,195,10
193,195,10
193,195,10
193,195,10
193,195,10
193,189,10
193,189,10
193,189,10
193,189,10
193,189,10
193,189,10
193,189,10
193,189,10
193,189,10
193,189,10
193,189,10
193,198,10
193,198,10
193,198,10
193,198,10
193,198,10
193,198,10
193,198,10
193,198,10
193,198,10
193,198,10
193,198,10
193,198,10
193,198,10
193,198,10
193,198,10
193,198,10
193,198,10
193,198,10
193,198,10
193,198,10
193,198,10
193,198,10
193,198,10
193,198,10
193,198,10
193,198,10
193,188,10
193,188,10
193,188,10
193,188,10
193,188,10
193,188,10
193,188,10
193,188,10
193,188,10
193,188,10
193,188,10
193,188,10
193,188,10
193,188,10
193,188,10
193,188,10
193,188,10
193,188,10
193,188,10
193,188,10
193,188,10
193,188,10
193,188,10
193,188,10
193,188,10
193,188,10
193,188,10
193,188,10
193,205,10
193,205,10
193,205,10
193,205,10
193,205,10
193,205,10
193,205,10
193,205,10
193,205,10
193,205,10
193,205,10
193,205,10
193,205,10
193,205,10
193,205,10
193,205,10
193,205,10
193,205,10
193,205,10
193,205,10
193,205,10
193,205,10
193,205,10
193,205,10
193,190,10
193,190,10
193,190,10
193,190,10
193,190,10
193,190,10
193,190,10
193,190,10
193,190,10
193,190,10
193,191,10
193,191,10
193,191,10
193,191,10
193,191,10
193,191,10
193,191,10
193,191,10
193,191,10
193,191,10
193,196,10
193,196,10
193,196,10
193,196,10
193,196,10
193,196,10
193,196,10
193,196,10
193,196,10
193,207,10
193,207,10
193,207,10
193,207,10
193,207,10
193,207,10
193,207,10
193,207,10
193,207,10
193,207,10
193,207,10
193,207,10
193,207,10
193,207,10
193,207,10
193,207,10
193,207,10
193,207,10
193,199,10
193,199,10
193,199,10
193,199,10
193,199,10
193,199,10
193,199,10
193,199,10
193,199,10
193,199,10
193,199,10
193,199,10
193,199,10
193,199,10
193,199,10
193,199,10
193,199,10
193,199,10
193,197,10
193,197,10
193,197,10
193,197,10
193,197,10
193,197,10
193,197,10
193,197,10
193,197,10
193,197,10
193,197,10
193,197,10
193,197,10
193,197,10
193,162,10
193,162,10
193,162,10
193,162,10
193,162,10
193,162,10
193,162,10
193,162,10
193,191,10
193,191,10
193,191,10
193,191,10
193,191,10
193,191,10
193,191,10
193,191,10
193,191,10
193,191,10
193,191,10
193,191,10
193,191,10
193,191,10
193,191,10
193,191,10
193,191,10
193,191,10
193,191,10
193,191,10
193,192,10
193,192,10
193,192,10
193,192,10
193,192,10
193,192,10
193,192,10
193,192,10
193,192,10
193,192,10
193,192,10
193,192,10
193,192,10
193,192,10
193,192,10
193,192,10
193,192,10
193,192,10
193,192,10
193,192,10
193,192,10
193,192,10
193,192,10
193,192,10
193,192,10
193,192,10
193,192,10
193,192,10
193,192,10
193,192,10
193,192,10
193,192,10
193,192,10
193,192,10
193,192,10
193,192,10
193,192,10
193,192,10
193,192,10
193,192,10
193,192,10
193,192,10
193,192,10
193,192,10
193,192,10
193,192,10
193,192,10
193,192,10
193,192,10
193,192,10
193,192,10
193,192,10
193,192,10
193,192,10
193,192,10
193,192,10
193,193,10
193,193,10
193,193,10
193,193,10
193,193,10
193,193,10
193,193,10
193,194,10
193,194,10
193,194,10
193,194,10
193,194,10
193,194,10
193,194,10
193,194,10
193,194,10
193,194,10
193,194,10
193,194,10
193,194,10
193,194,10
193,194,10
193,194,10
193,194,10
193,194,10
193,194,10
193,194,10
193,197,10
193,197,10
193,197,10
193,197,10
193,197,10
193,197,10
193,197,10
193,197,10
193,197,10
193,197,10
193,197,10
193,197,10
193,191,10
193,191,10
193,191,10
193,191,10
193,191,10
193,191,10
193,191,10
193,191,10
193,191,10
193,191,10
193,191,10
193,191,10
193,191,10
193,191,10
193,191,10
193,191,10
193,191,10
193,191,10
193,200,10
193,200,10
193,200,10
193,200,10
193,200,10
193,200,10
193,200,10
193,200,10
193,200,10
193,200,10
193,200,10
193,200,10
193,200,10
193,200,10
193,200,10
193,200,10
193,200,10
193,200,10
193,200,10
193,200,10
193,200,10
193,200,10
193,200,10
193,200,10
193,200,10
193,200,10
193,200,10
193,200,10
193,200,10
193,200,10
193,200,10
193,200,10
193,200,10
193,200,10
193,200,10
193,200,10
193,200,10
193,200,10
193,200,10
193,200,10
193,200,10
193,200,10
193,200,10
193,200,10
193,200,10
193,200,10
193,200,10
193,200,10
193,200,10
193,200,10
193,200,10
193,200,10
193,200,10
193,200,10
193,200,10
193,178,10
193,178,10
193,178,10
193,178,10
193,178,10
193,178,10
193,178,10
193,178,10
193,178,10
193,178,10
193,178,10
193,178,10
193,178,10
193,178,10
193,178,10
193,178,10
193,178,10
193,178,10
193,178,10
193,178,10
193,178,10
193,210,10
193,210,10
193,210,10
193,210,10
193,210,10
193,210,10
193,210,10
193,210,10
193,210,10
193,210,10
193,210,10
193,210,10
193,210,10
193,210,10
193,210,10
193,210,10
193,210,10
193,210,10
193,210,10
193,185,10
193,185,10
193,185,10
193,185,10
193,185,10
193,185,10
193,185,10
193,185,10
193,185,10
193,185,10
193,185,10
193,185,10
193,185,10
193,185,10
193,185,10
193,185,10
193,185,10
193,185,10
193,185,10
193,185,10
193,185,10
193,185,10
193,185,10
193,185,10
193,185,10
193,185,10
193,185,10
193,185,10
193,185,10
193,196,10
193,196,10
193,196,10
193,196,10
193,196,10
193,196,10
193,196,10
193,196,10
193,196,10
193,196,10
193,196,10
193,196,10
193,196,10
193,196,10
193,196,10
193,196,10
193,196,10
193,196,10
193,196,10
193,196,10
193,196,10
193,201,10
193,201,10
193,201,10
193,201,10
193,201,10
193,201,10
193,201,10
193,201,10
193,201,10
193,201,10
193,201,10
193,201,10
193,201,10
193,201,10
193,201,10
193,201,10
193,201,10
193,201,10
193,201,10
193,201,10
193,201,10
193,201,10
193,194,10
193,194,10
193,194,10
193,194,10
193,194,10
193,194,10
193,194,10
193,194,10
193,192,10
193,192,10
193,192,10
193,192,10
193,192,10
193,192,10
193,192,10
193,192,10
193,192,10
193,192,10
193,192,10
193,192,10
193,192,10
193,192,10
193,192,10
193,192,10
193,192,10
193,210,10
193,210,10
193,210,10
193,210,10
193,210,10
193,210,10
193,210,10
193,210,10
193,210,10
193,210,10
193,210,10
193,204,10
193,204,10
193,204,10
193,204,10
193,204,10
193,204,10
193,204,10
193,204,10
193,188,10
193,188,10
193,188,10
193,188,10
193,188,10
193,188,10
193,188,10
193,188,10
193,188,10
193,188,10
193,188,10
193,188,10
193,188,10
193,188,10
193,188,10
193,188,10
193,188,10
193,188,10
193,188,10
193,188,10
193,188,10
193,188,10
193,188,10
193,188,10
193,190,10
193,190,10
193,190,10
193,190,10
193,190,10
193,190,10
193,190,10
193,190,10
193,190,10
193,190,10
193,190,10
193,190,10
193,190,10
193,190,10
193,190,10
193,190,10
193,190,10
193,190,10
193,190,10
193,190,10
193,190,10
193,190,10
193,190,10
193,172,10
193,172,10
193,172,10
193,172,10
193,172,10
193,172,10
193,172,10
193,172,10
193,172,10
193,172,10
193,172,10
193,172,10
193,172,10
193,172,10
193,172,10
193,172,10
193,172,10
193,172,10
193,172,10
193,172,10
193,172,10
193,172,10
193,172,10
193,172,10
193,172,10
193,172,10
193,188,10
193,188,10
193,188,10
193,188,10
193,188,10
193,188,10
193,188,10
223,224,10
223,224,10
223,224,10
223,224,10
223,224,10
223,224,10
223,224,10
223,224,10
223,224,10
223,224,10
223,224,10
223,224,10
223,224,10
223,224,10
223,224,10
223,224,10
223,224,10
223,224,10
223,224,10
223,224,10
223,224,10
223,224,10
223,224,10
223,224,10
223,224,10
223,224,10
223,224,10
223,220,10
223,220,10
223,220,10
223,220,10
223,220,10
223,220,10
223,220,10
223,220,10
223,220,10
223,220,10
223,220,10
223,220,10
223,220,10
223,220,10
223,220,10
223,220,10
223,220,10
223,220,10
223,220,10
223,220,10
223,220,10
223,220,10
223,220,10
223,220,10
223,220,10
223,220,10
223,220,10
223,220,10
223,220,10
223,220,10
223,220,10
223,220,10
223,220,10
223,220,10
223,220,10
223,220,10
223,220,10
223,220,10
223,220,10
223,220,10
223,220,10
223,232,10
223,232,10
223,232,10
223,232,10
223,232,10
223,232,10
223,232,10
223,232,10
223,232,10
223,232,10
223,232,10
223,232,10
223,232,10
223,232,10
223,232,10
223,239,10
223,239,10
223,239,10
223,239,10
223,239,10
223,239,10
223,239,10
223,239,10
223,239,10
223,239,10
223,239,10
223,239,10
223,239,10
223,239,10
223,239,10
223,239,10
223,239,10
223,239,10
223,239,10
223,239,10
223,239,10
223,239,10
223,239,10
223,239,10
223,239,10
223,239,10
223,239,10
223,239,10
223,239,10
223,239,10
223,239,10
223,239,10
223,239,10
223,239,10
223,239,10
223,239,10
223,239,10
223,239,10
223,239,10
223,239,10
223,239,10
223,239,10
223,239,10
223,239,10
223,239,10
223,239,10
223,239,10
223,239,10
223,239,10
223,210,10
223,210,10
223,210,10
223,210,10
223,210,10
223,210,10
223,210,10
223,210,10
223,210,10
223,210,10
223,210,10
223,210,10
223,210,10
223,210,10
223,210,10
223,210,10
223,210,10
223,210,10
223,210,10
223,210,10
223,210,10
223,210,10
223,210,10
223,210,10
223,210,10
223,210,10
223,210,10
223,210,10
223,210,10
223,210,10
223,210,10
223,210,10
223,210,10
223,210,10
223,229,10
223,229,10
223,229,10
223,229,10
223,229,10
223,229,10
223,229,10
223,229,10
223,229,10
223,229,10
223,229,10
223,229,10
223,248,10
223,248,10
223,248,10
223,248,10
223,248,10
223,248,10
223,248,10
223,248,10
223,248,10
223,248,10
223,248,10
223,248,10
223,248,10
223,248,10
223,248,10
223,248,10
223,248,10
223,248,10
223,248,10
223,248,10
223,248,10
223,248,10
223,248,10
223,248,10
223,248,10
223,248,10
223,248,10
223,248,10
223,248,10
223,248,10
223,248,10
223,248,10
223,230,10
223,230,10
223,230,10
223,230,10
223,230,10
223,230,10
223,230,10
223,230,10
223,230,10
223,230,10
223,230,10
223,230,10
223,230,10
223,230,10
223,230,10
223,230,10
223,230,10
223,230,10
223,230,10
223,230,10
223,230,10
223,230,10
223,230,10
223,230,10
223,230,10
223,230,10
223,230,10
223,230,10
223,230,10
223,230,10
223,230,10
223,230,10
223,230,10
223,230,10
223,230,10
223,230,10
223,230,10
223,230,10
223,230,10
223,230,10
223,230,10
223,230,10
223,230,10
223,230,10
223,235,10
223,235,10
223,235,10
223,235,10
223,235,10
223,235,10
223,235,10
223,235,10
223,235,10
223,235,10
223,224,10
223,224,10
223,224,10
223,224,10
223,224,10
223,224,10
223,224,10
223,224,10
223,224,10
223,224,10
223,224,10
223,224,10
223,224,10
223,224,10
223,224,10
223,224,10
223,239,10
223,239,10
223,239,10
223,239,10
223,239,10
223,239,10
223,239,10
223,239,10
223,221,10
223,221,10
223,221,10
223,221,10
223,221,10
223,221,10
223,221,10
223,221,10
223,221,10
223,221,10
223,221,10
223,221,10
223,221,10
223,221,10
223,221,10
223,221,10
223,221,10
223,221,10
223,221,10
223,221,10
223,221,10
223,221,10
223,221,10
223,221,10
223,221,10
223,221,10
223,221,10
223,221,10
223,221,10
223,221,10
223,221,10
223,221,10
223,221,10
223,221,10
223,221,10
223,221,10
223,221,10
223,221,10
223,221,10
223,221,10
223,221,10
223,221,10
223,221,10
223,221,10
223,221,10
223,221,10
223,221,10
223,221,10
223,221,10
223,221,10
223,221,10
223,221,10
223,221,10
223,221,10
223,221,10
223,221,10
223,221,10
223,229,10
223,229,10
223,229,10
223,229,10
223,229,10
223,229,10
223,229,10
223,229,10
223,229,10
223,229,10
223,229,10
223,228,10
223,228,10
223,228,10
223,228,10
223,228,10
223,228,10
223,228,10
223,228,10
223,228,10
223,228,10
223,228,10
223,228,10
223,228,10
223,228,10
223,228,10
223,228,10
223,228,10
223,228,10
223,228,10
223,228,10
223,228,10
223,228,10
223,228,10
223,228,10
223,228,10
223,228,10
223,228,10
223,228,10
223,228,10
223,228,10
223,228,10
223,228,10
223,228,10
223,228,10
223,228,10
223,228,10
223,228,10
223,228,10
223,228,10
223,228,10
223,228,10
223,228,10
223,228,10
223,228,10
223,228,10
223,228,10
223,228,10
223,228,10
223,228,10
223,228,10
223,228,10
223,228,10
223,228,10
223,228,10
223,228,10
223,228,10
223,228,10
223,228,10
223,228,10
223,216,10
223,216,10
223,216,10
223,216,10
223,216,10
223,216,10
223,216,10
223,216,10
223,216,10
223,216,10
223,216,10
223,216,10
223,216,10
223,216,10
223,216,10
223,216,10
223,216,10
223,216,10
223,216,10
223,216,10
223,216,10
223,216,10
223,216,10
223,216,10
223,216,10
223,229,10
223,229,10
223,229,10
223,229,10
223,229,10
223,229,10
223,229,10
223,225,10
223,225,10
223,225,10
223,225,10
223,225,10
223,225,10
223,213,10
223,213,10
223,213,10
223,213,10
223,213,10
223,213,10
223,213,10
223,213,10
223,213,10
223,213,10
223,213,10
223,213,10
223,213,10
223,213,10
223,213,10
223,213,10
223,213,10
223,213,10
223,213,10
223,213,10
223,213,10
223,213,10
223,213,10
223,213,10
223,213,10
223,212,10
223,212,10
223,212,10
223,212,10
223,212,10
223,212,10
223,212,10
223,212,10
223,212,10
223,212,10
223,212,10
223,212,10
223,212,10
223,212,10
223,212,10
223,212,10
223,212,10
223,212,10
223,212,10
223,212,10
223,212,10
223,212,10
223,212,10
223,212,10
223,212,10
223,212,10
223,212,10
223,212,10
223,225,10
223,225,10
223,225,10
223,225,10
223,225,10
223,225,10
223,225,10
223,225,10
223,225,10
223,225,10
223,225,10
223,225,10
223,225,10
223,225,10
223,225,10
223,225,10
223,225,10
223,225,10
223,225,10
223,225,10
243,234,10
243,234,10
243,234,10
243,234,10
243,234,10
243,234,10
243,234,10
243,234,10
243,234,10
243,234,10
243,234,10
243,234,10
243,234,10
243,234,10
243,234,10
243,234,10
243,234,10
243,234,10
243,234,10
243,234,10
243,234,10
243,251,10
243,251,10
243,251,10
243,251,10
243,251,10
243,251,10
243,251,10
243,251,10
243,251,10
243,251,10
243,235,10
243,235,10
243,235,10
243,235,10
243,235,10
243,235,10
243,235,10
243,235,10
243,235,10
243,251,10
243,251,10
243,251,10
243,251,10
243,251,10
243,251,10
243,251,10
243,251,10
243,241,10
243,241,10
243,241,10
243,241,10
243,241,10
243,241,10
243,241,10
243,268,10
243,268,10
243,268,10
243,268,10
243,268,10
243,268,10
243,268,10
243,268,10
243,268,10
243,268,10
243,268,10
243,268,10
243,268,10
243,239,10
243,239,10
243,239,10
243,239,10
243,239,10
243,239,10
243,239,10
243,239,10
243,239,10
243,239,10
243,239,10
243,239,10
243,239,10
243,249,10
243,249,10
243,249,10
243,249,10
243,249,10
243,249,10
243,249,10
243,249,10
243,249,10
243,249,10
243,249,10
243,249,10
243,249,10
243,249,10
243,249,10
243,249,10
243,249,10
243,249,10
243,249,10
243,249,10
243,249,10
243,249,10
243,249,10
243,249,10
243,249,10
243,249,10
243,249,10
243,249,10
243,249,10
243,249,10
243,249,10
243,249,10
243,249,10
243,249,10
243,249,10
243,249,10
243,249,10
243,249,10
243,249,10
243,249,10
243,249,10
243,249,10
243,249,10
243,249,10
243,249,10
243,249,10
243,253,10
243,253,10
243,253,10
243,253,10
243,253,10
243,253,10
243,253,10
243,253,10
243,253,10
243,253,10
243,253,10
243,253,10
243,253,10
243,253,10
243,253,10
243,253,10
243,253,10
243,253,10
243,253,10
243,253,10
243,253,10
243,253,10
243,253,10
243,239,10
243,239,10
243,239,10
243,239,10
243,239,10
243,239,10
243,239,10
243,239,10
243,239,10
243,239,10
243,239,10
243,239,10
243,239,10
243,239,10
243,239,10
243,239,10
243,239,10
243,239,10
243,258,10
243,258,10
243,258,10
243,258,10
243,258,10
243,258,10
243,258,10
243,258,10
243,258,10
243,258,10
243,258,10
243,258,10
243,258,10
243,258,10
243,258,10
243,258,10
243,258,10
243,258,10
243,258,10
243,258,10
243,237,10
243,237,10
243,237,10
243,237,10
243,237,10
243,237,10
243,237,10
243,237,10
243,237,10
243,237,10
243,237,10
243,237,10
243,237,10
243,237,10
243,237,10
243,237,10
243,237,10
243,237,10
243,237,10
243,237,10
243,237,10
243,237,10
243,251,10
243,251,10
243,251,10
243,251,10
243,251,10
243,251,10
243,251,10
243,251,10
243,251,10
243,237,10
243,237,10
243,237,10
243,237,10
243,237,10
243,237,10
243,237,10
243,237,10
243,237,10
243,237,10
243,237,10
243,237,10
243,237,10
243,237,10
243,237,10
243,237,10
243,237,10
243,237,10
243,237,10
243,237,10
243,237,10
243,237,10
243,237,10
243,237,10
243,237,10
243,238,10
243,238,10
243,238,10
243,238,10
243,238,10
243,238,10
243,238,10
243,238,10
243,238,10
243,238,10
243,238,10
243,238,10
243,238,10
243,238,10
243,238,10
243,238,10
243,238,10
243,238,10
243,238,10
243,238,10
243,238,10
243,238,10
243,238,10
243,238,10
243,238,10
243,238,10
243,238,10
243,238,10
243,238,10
243,238,10
243,238,10
243,238,10
243,238,10
243,238,10
243,238,10
243,238,10
243,238,10
243,238,10
243,238,10
243,238,10
243,238,10
243,238,10
243,238,10
243,238,10
243,238,10
243,238,10
243,238,10
243,238,10
243,238,10
243,238,10
243,238,10
243,238,10
243,238,10
243,238,10
243,238,10
243,238,10
243,238,10
243,238,10
243,238,10
243,238,10
243,238,10
243,259,10
243,259,10
243,259,10
243,259,10
243,259,10
243,259,10
243,259,10
243,259,10
243,259,10
243,259,10
243,259,10
243,259,10
243,259,10
243,259,10
243,259,10
243,259,10
243,259,10
243,259,10
243,259,10
243,259,10
243,259,10
243,259,10
243,259,10
243,259,10
243,259,10
243,259,10
243,259,10
243,259,10
243,246,10
243,246,10
243,246,10
243,246,10
243,246,10
243,246,10
243,246,10
243,246,10
243,246,10
243,246,10
243,246,10
243,246,10
243,246,10
243,246,10
243,246,10
243,246,10
243,246,10
243,246,10
243,246,10
243,246,10
243,246,10
243,246,10
243,246,10
243,246,10
243,247,10
243,247,10
243,247,10
243,247,10
243,247,10
243,247,10
243,247,10
243,247,10
243,247,10
243,247,10
243,247,10
243,247,10
243,247,10
243,247,10
243,247,10
243,247,10
243,247,10
243,247,10
243,247,10
243,247,10
243,247,10
243,249,10
243,249,10
243,249,10
243,249,10
243,249,10
243,249,10
243,249,10
243,249,10
243,249,10
243,249,10
243,249,10
243,249,10
243,249,10
243,249,10
243,249,10
243,249,10
243,249,10
243,249,10
243,249,10
243,249,10
243,249,10
243,224,10
243,224,10
243,224,10
243,224,10
243,224,10
243,224,10
243,224,10
243,224,10
243,224,10
243,224,10
243,224,10
243,224,10
243,224,10
243,224,10
243,224,10
243,224,10
243,224,10
243,224,10
243,224,10
243,224,10
243,224,10
243,245,10
243,245,10
243,245,10
243,245,10
243,245,10
243,245,10
243,245,10
243,245,10
243,245,10
243,245,10
243,245,10
243,245,10
243,218,10
243,218,10
243,218,10
243,218,10
243,218,10
243,218,10
243,218,10
243,218,10
243,245,10
243,245,10
243,245,10
243,245,10
243,245,10
243,245,10
243,245,10
243,245,10
243,245,10
243,245,10
243,245,10
243,245,10
243,245,10
243,245,10
243,245,10
243,245,10
243,245,10
243,245,10
243,245,10
243,245,10
243,245,10
243,245,10
243,245,10
243,245,10
243,245,10
243,245,10
243,245,10
243,245,10
243,253,10
243,253,10
243,253,10
243,253,10
243,253,10
243,253,10
243,253,10
243,253,10
243,253,10
243,253,10
243,253,10
243,253,10
243,253,10
243,253,10
243,253,10
243,253,10
243,253,10
243,253,10
243,253,10
243,253,10
243,253,10
243,253,10
243,253,10
243,253,10
243,253,10
243,253,10
243,253,10
243,258,10
243,258,10
243,258,10
243,258,10
243,258,10
243,258,10
243,258,10
213,211,10
213,211,10
213,211,10
213,211,10
213,211,10
213,211,10
213,211,10
213,211,10
213,211,10
213,211,10
213,211,10
213,211,10
213,211,10
213,211,10
213,211,10
213,211,10
213,211,10
213,205,10
213,205,10
213,205,10
213,205,10
213,205,10
213,205,10
213,205,10
213,205,10
213,205,10
213,205,10
213,205,10
213,222,10
213,222,10
213,222,10
213,222,10
213,222,10
213,222,10
213,222,10
213,222,10
213,222,10
213,222,10
213,222,10
213,222,10
213,222,10
213,222,10
213,222,10
213,222,10
213,222,10
213,222,10
213,222,10
213,222,10
213,222,10
213,222,10
213,222,10
213,222,10
213,222,10
213,222,10
213,222,10
213,222,10
213,222,10
213,222,10
213,222,10
213,222,10
213,222,10
213,222,10
213,222,10
213,222,10
213,222,10
213,222,10
213,222,10
213,222,10
213,222,10
213,222,10
213,208,10
213,208,10
213,208,10
213,208,10
213,208,10
213,208,10
213,208,10
213,208,10
213,208,10
213,208,10
213,208,10
213,208,10
213,208,10
213,208,10
213,208,10
213,208,10
213,208,10
213,208,10
213,208,10
213,208,10
213,208,10
213,208,10
213,208,10
213,208,10
213,208,10
213,208,10
213,208,10
213,208,10
213,208,10
213,208,10
213,208,10
213,208,10
213,208,10
213,208,10
213,208,10
213,208,10
213,208,10
213,208,10
213,208,10
213,208,10
213,208,10
213,208,10
213,208,10
213,208,10
213,208,10
213,208,10
213,208,10
213,208,10
213,208,10
213,220,10
213,220,10
213,220,10
213,220,10
213,220,10
213,220,10
213,220,10
213,227,10
213,227,10
213,227,10
213,227,10
213,227,10
213,227,10
213,227,10
213,227,10
213,227,10
213,227,10
213,227,10
213,227,10
213,227,10
213,227,10
213,227,10
213,227,10
213,227,10
213,227,10
213,227,10
213,227,10
213,227,10
213,227,10
213,227,10
213,227,10
213,227,10
213,215,10
213,215,10
213,215,10
213,215,10
213,215,10
213,215,10
213,215,10
213,215,10
213,215,10
213,215,10
213,215,10
213,215,10
213,215,10
213,215,10
213,215,10
213,215,10
213,215,10
213,215,10
213,215,10
213,215,10
213,215,10
213,215,10
213,215,10
213,215,10
213,215,10
213,215,10
213,215,10
213,215,10
213,213,10
213,213,10
213,213,10
213,213,10
213,213,10
213,213,10
213,213,10
213,213,10
213,213,10
213,213,10
213,213,10
213,213,10
213,213,10
213,213,10
213,213,10
213,213,10
213,213,10
213,213,10
213,213,10
213,213,10
213,213,10
213,213,10
213,213,10
213,213,10
213,213,10
213,213,10
213,213,10
213,213,10
213,213,10
213,213,10
213,213,10
213,213,10
213,213,10
213,213,10
213,213,10
213,213,10
213,213,10
213,217,10
213,217,10
213,217,10
213,217,10
213,217,10
213,217,10
213,217,10
213,217,10
213,217,10
213,217,10
213,217,10
213,217,10
213,220,10
213,220,10
213,220,10
213,220,10
213,220,10
213,220,10
213,220,10
213,220,10
213,220,10
213,220,10
213,220,10
213,216,10
213,216,10
213,216,10
213,216,10
213,216,10
213,216,10
213,216,10
213,216,10
213,216,10
213,216,10
213,216,10
213,216,10
213,216,10
213,216,10
213,216,10
213,216,10
213,216,10
213,216,10
213,216,10
213,216,10
213,216,10
213,216,10
213,198,10
213,198,10
213,198,10
213,198,10
213,198,10
213,198,10
213,198,10
213,198,10
213,198,10
213,198,10
213,198,10
213,198,10
213,198,10
213,198,10
213,198,10
213,198,10
213,198,10
213,198,10
213,198,10
213,223,10
213,223,10
213,223,10
213,223,10
213,223,10
213,223,10
213,223,10
213,216,10
213,216,10
213,216,10
213,216,10
213,216,10
213,216,10
213,216,10
213,216,10
213,216,10
213,216,10
213,216,10
213,216,10
213,216,10
213,216,10
213,216,10
213,216,10
213,216,10
213,216,10
213,216,10
213,216,10
213,216,10
213,216,10
213,216,10
213,216,10
213,216,10
213,216,10
213,216,10
213,216,10
213,216,10
213,216,10
213,216,10
213,216,10
213,216,10
213,216,10
213,216,10
213,216,10
213,216,10
213,216,10
213,216,10
213,216,10
213,216,10
213,216,10
213,211,10
213,211,10
213,211,10
213,211,10
213,211,10
213,211,10
213,209,10
213,209,10
213,209,10
213,209,10
213,209,10
213,209,10
213,209,10
213,209,10
213,209,10
213,209,10
213,209,10
213,209,10
213,209,10
213,209,10
213,209,10
213,209,10
213,209,10
213,209,10
213,209,10
213,209,10
213,232,10
213,232,10
213,232,10
213,232,10
213,232,10
213,232,10
213,232,10
213,232,10
213,232,10
213,232,10
213,232,10
213,232,10
213,232,10
213,232,10
213,232,10
213,232,10
213,232,10
213,232,10
213,232,10
213,232,10
213,232,10
213,232,10
213,232,10
213,232,10
213,232,10
213,232,10
213,232,10
213,232,10
213,232,10
213,232,10
213,232,10
213,232,10
213,232,10
213,232,10
213,232,10
213,232,10
213,232,10
213,232,10
213,232,10
213,232,10
213,232,10
213,232,10
213,232,10
213,232,10
213,232,10
213,232,10
213,232,10
213,232,10
213,232,10
213,232,10
213,232,10
213,221,10
213,221,10
213,221,10
213,221,10
213,221,10
213,221,10
213,221,10
213,221,10
213,221,10
213,221,10
213,221,10
213,221,10
213,221,10
213,221,10
213,205,10
213,205,10
213,205,10
213,205,10
213,205,10
213,205,10
213,205,10
213,205,10
213,205,10
213,205,10
213,205,10
213,205,10
213,205,10
213,205,10
213,205,10
213,205,10
213,205,10
213,205,10
213,205,10
213,205,10
213,205,10
213,205,10
213,205,10
213,205,10
213,205,10
213,205,10
213,205,10
213,205,10
213,221,10
213,221,10
213,221,10
213,221,10
213,221,10
213,221,10
213,221,10
213,221,10
213,221,10
213,221,10
213,221,10
213,221,10
213,221,10
213,221,10
213,221,10
213,221,10
213,221,10
213,221,10
213,221,10
213,221,10
213,221,10
213,221,10
213,221,10
213,221,10
213,221,10
213,228,10
213,228,10
213,228,10
213,228,10
213,228,10
213,228,10
213,228,10
213,228,10
213,228,10
213,228,10
213,228,10
213,228,10
213,228,10
213,228,10
213,212,10
213,212,10
213,212,10
213,212,10
213,212,10
213,212,10
213,212,10
213,212,10
213,212,10
213,212,10
213,212,10
213,212,10
213,212,10
213,212,10
213,212,10
213,212,10
213,212,10
213,212,10
213,194,10
213,194,10
213,194,10
213,194,10
213,194,10
213,194,10
213,194,10
213,194,10
213,194,10
213,194,10
213,194,10
213,194,10
213,194,10
213,194,10
213,194,10
213,194,10
213,194,10
213,194,10
213,194,10
213,226,10
213,226,10
213,226,10
213,226,10
213,226,10
213,226,10
