true_pos,obs_pos,true_var
24,35,20
24,35,20
24,35,20
24,35,20
24,35,20
24,35,20
24,35,20
24,16,20
24,16,20
24,16,20
24,16,20
24,16,20
24,16,20
24,16,20
24,16,20
24,16,20
24,16,20
24,16,20
24,16,20
24,16,20
24,16,20
24,16,20
24,16,20
24,16,20
24,16,20
24,16,20
24,16,20
24,16,20
24,16,20
24,16,20
24,16,20
24,16,20
24,343,20
24,343,20
24,343,20
24,343,20
24,343,20
24,343,20
24,343,20
24,343,20
24,343,20
24,343,20
24,343,20
24,343,20
24,36,20
24,36,20
24,36,20
24,36,20
24,36,20
24,36,20
24,36,20
24,36,20
24,36,20
24,36,20
24,36,20
24,36,20
24,36,20
24,36,20
24,36,20
24,36,20
24,36,20
24,36,20
24,36,20
24,36,20
24,36,20
24,36,20
24,36,20
24,36,20
24,36,20
24,36,20
24,36,20
24,36,20
24,36,20
24,36,20
24,36,20
24,36,20
24,36,20
24,36,20
24,36,20
24,15,20
24,15,20
24,15,20
24,15,20
24,15,20
24,15,20
24,15,20
24,15,20
24,15,20
24,15,20
24,15,20
24,15,20
24,15,20
24,15,20
24,15,20
24,15,20
24,15,20
24,15,20
24,15,20
24,15,20
24,15,20
24,15,20
24,15,20
24,15,20
24,15,20
24,15,20
24,15,20
24,15,20
24,15,20
24,15,20
24,15,20
24,62,20
24,62,20
24,62,20
24,62,20
24,62,20
24,62,20
24,62,20
24,62,20
24,62,20
24,62,20
24,62,20
24,62,20
24,62,20
24,62,20
24,62,20
24,62,20
24,43,20
24,43,20
24,43,20
24,43,20
24,43,20
24,43,20
24,7,20
24,7,20
24,7,20
24,7,20
24,7,20
24,7,20
24,7,20
24,7,20
24,7,20
24,7,20
24,7,20
24,7,20
24,7,20
24,20,20
24,20,20
24,20,20
24,20,20
24,20,20
24,20,20
24,20,20
24,20,20
24,20,20
24,20,20
24,26,20
24,26,20
24,26,20
24,26,20
24,26,20
24,26,20
24,26,20
24,26,20
24,26,20
24,26,20
24,40,20
24,40,20
24,40,20
24,40,20
24,40,20
24,40,20
24,40,20
24,40,20
24,40,20
24,40,20
24,40,20
24,40,20
24,40,20
24,40,20
24,4,20
24,4,20
24,4,20
24,4,20
24,4,20
24,4,20
24,4,20
24,4,20
24,4,20
24,4,20
24,4,20
24,4,20
24,4,20
24,4,20
24,4,20
24,4,20
24,4,20
24,4,20
24,4,20
24,4,20
24,4,20
24,4,20
24,4,20
24,4,20
24,4,20
24,4,20
24,4,20
24,4,20
24,4,20
24,4,20
24,4,20
24,4,20
24,4,20
24,4,20
24,4,20
24,4,20
24,4,20
24,4,20
24,4,20
24,4,20
24,4,20
24,4,20
24,4,20
24,4,20
24,4,20
24,4,20
24,4,20
24,4,20
24,4,20
24,4,20
24,4,20
24,4,20
24,38,20
24,38,20
24,38,20
24,38,20
24,38,20
24,38,20
24,38,20
24,38,20
24,38,20
24,38,20
24,38,20
24,38,20
24,38,20
24,38,20
24,38,20
24,38,20
24,38,20
24,38,20
24,38,20
24,38,20
24,38,20
24,38,20
24,38,20
24,38,20
24,38,20
24,38,20
24,38,20
24,38,20
24,38,20
24,38,20
24,38,20
24,38,20
24,38,20
24,14,20
24,14,20
24,14,20
24,14,20
24,14,20
24,14,20
24,14,20
24,14,20
24,14,20
24,14,20
24,14,20
24,14,20
24,14,20
24,14,20
24,14,20
24,14,20
24,14,20
24,14,20
24,14,20
24,14,20
24,49,20
24,49,20
24,49,20
24,49,20
24,49,20
24,49,20
24,49,20
24,49,20
24,49,20
24,49,20
24,332,20
24,332,20
24,332,20
24,332,20
24,332,20
24,332,20
64,38,20
64,38,20
64,38,20
64,38,20
64,38,20
64,38,20
64,38,20
64,38,20
64,38,20
64,38,20
64,38,20
64,38,20
64,38,20
64,38,20
64,38,20
64,38,20
64,38,20
64,38,20
64,38,20
64,38,20
64,38,20
64,38,20
64,38,20
64,38,20
64,38,20
64,38,20
64,38,20
64,38,20
64,38,20
64,38,20
64,38,20
64,38,20
64,38,20
64,38,20
64,38,20
64,38,20
64,38,20
64,38,20
64,86,20
64,86,20
64,86,20
64,86,20
64,86,20
64,86,20
64,86,20
64,86,20
64,86,20
64,86,20
64,86,20
64,86,20
64,86,20
64,86,20
64,58,20
64,58,20
64,58,20
64,58,20
64,58,20
64,58,20
64,58,20
64,58,20
64,58,20
64,58,20
64,58,20
64,58,20
64,58,20
64,58,20
64,58,20
64,58,20
64,58,20
64,58,20
64,58,20
64,58,20
64,58,20
64,58,20
64,58,20
64,58,20
64,58,20
64,58,20
64,58,20
64,53,20
64,53,20
64,53,20
64,53,20
64,53,20
64,53,20
64,53,20
64,53,20
64,53,20
64,53,20
64,53,20
64,53,20
64,53,20
64,53,20
64,53,20
64,53,20
64,53,20
64,53,20
64,53,20
64,53,20
64,53,20
64,53,20
64,77,20
64,77,20
64,77,20
64,77,20
64,77,20
64,77,20
64,77,20
64,77,20
64,77,20
64,77,20
64,77,20
64,63,20
64,63,20
64,63,20
64,63,20
64,63,20
64,63,20
64,63,20
64,63,20
64,63,20
64,63,20
64,63,20
64,63,20
64,63,20
64,63,20
64,63,20
64,63,20
64,63,20
64,63,20
64,63,20
64,63,20
94,105,20
94,105,20
94,105,20
94,105,20
94,105,20
94,105,20
94,105,20
94,105,20
94,105,20
94,105,20
94,105,20
94,105,20
94,105,20
94,84,20
94,84,20
94,84,20
94,84,20
94,84,20
94,84,20
94,84,20
94,84,20
94,84,20
94,84,20
94,84,20
94,84,20
94,84,20
94,84,20
94,84,20
94,84,20
94,84,20
94,84,20
94,84,20
94,84,20
94,56,20
94,56,20
94,56,20
94,56,20
94,56,20
94,56,20
94,56,20
94,56,20
94,81,20
94,81,20
94,81,20
94,81,20
94,81,20
94,81,20
94,81,20
94,81,20
94,81,20
94,81,20
94,81,20
94,81,20
94,81,20
94,81,20
94,81,20
94,81,20
94,81,20
94,81,20
94,81,20
94,81,20
94,81,20
94,81,20
94,81,20
94,84,20
94,84,20
94,84,20
94,84,20
94,84,20
94,84,20
94,84,20
94,84,20
94,84,20
94,84,20
94,84,20
94,84,20
94,84,20
94,84,20
94,84,20
94,84,20
94,84,20
94,84,20
94,84,20
94,84,20
94,84,20
94,84,20
94,84,20
94,84,20
94,84,20
94,84,20
94,84,20
94,84,20
94,84,20
94,113,20
94,113,20
94,113,20
94,113,20
94,113,20
94,113,20
94,113,20
94,113,20
94,113,20
94,113,20
94,113,20
94,113,20
94,113,20
94,113,20
94,113,20
94,111,20
94,111,20
94,111,20
94,111,20
94,111,20
94,111,20
94,111,20
94,111,20
94,111,20
94,111,20
94,111,20
94,111,20
94,111,20
94,111,20
94,111,20
94,111,20
94,111,20
94,111,20
94,111,20
94,111,20
94,111,20
94,111,20
94,86,20
94,86,20
94,86,20
94,86,20
94,86,20
94,86,20
94,86,20
94,86,20
94,86,20
94,86,20
94,86,20
94,86,20
94,86,20
94,86,20
94,86,20
94,121,20
94,121,20
94,121,20
94,121,20
94,121,20
94,121,20
94,121,20
94,121,20
94,121,20
94,121,20
94,121,20
94,121,20
94,121,20
94,72,20
94,72,20
94,72,20
94,72,20
94,72,20
94,72,20
94,72,20
94,72,20
94,72,20
94,72,20
94,72,20
94,72,20
94,72,20
94,80,20
94,80,20
94,80,20
94,80,20
94,80,20
94,80,20
94,80,20
94,80,20
94,80,20
94,80,20
94,80,20
94,80,20
94,80,20
94,80,20
94,80,20
94,80,20
94,80,20
94,80,20
94,80,20
94,124,20
94,124,20
94,124,20
94,124,20
94,124,20
94,124,20
94,124,20
94,124,20
94,124,20
94,124,20
94,124,20
94,124,20
94,124,20
94,124,20
94,124,20
94,124,20
94,83,20
94,83,20
94,83,20
94,83,20
94,83,20
94,83,20
94,107,20
94,107,20
94,107,20
94,107,20
94,107,20
94,107,20
94,107,20
94,107,20
94,107,20
94,107,20
94,107,20
94,107,20
94,107,20
94,107,20
94,107,20
94,107,20
94,107,20
94,107,20
94,107,20
94,107,20
94,107,20
94,107,20
94,107,20
94,107,20
94,107,20
94,107,20
94,107,20
94,107,20
94,107,20
94,107,20
94,107,20
134,121,20
134,121,20
134,121,20
134,121,20
134,121,20
134,121,20
134,121,20
134,121,20
134,121,20
134,121,20
134,125,20
134,125,20
134,125,20
134,125,20
134,125,20
134,125,20
134,125,20
134,125,20
134,125,20
134,125,20
134,125,20
134,125,20
134,125,20
134,125,20
134,125,20
134,125,20
134,125,20
134,125,20
134,125,20
134,125,20
134,125,20
134,125,20
134,125,20
134,125,20
134,125,20
134,125,20
134,125,20
134,125,20
134,125,20
134,125,20
134,125,20
134,125,20
134,125,20
134,125,20
134,125,20
134,125,20
134,125,20
134,125,20
134,111,20
134,111,20
134,111,20
134,111,20
134,111,20
134,111,20
134,111,20
134,111,20
134,111,20
134,111,20
134,111,20
134,120,20
134,120,20
134,120,20
134,120,20
134,120,20
134,120,20
134,120,20
134,120,20
134,120,20
134,120,20
134,120,20
134,131,20
134,131,20
134,131,20
134,131,20
134,131,20
134,131,20
134,131,20
134,131,20
134,131,20
134,131,20
134,131,20
134,131,20
134,131,20
134,131,20
134,131,20
134,131,20
134,131,20
134,131,20
134,131,20
134,131,20
134,131,20
134,131,20
134,131,20
134,131,20
134,131,20
134,131,20
134,131,20
134,131,20
134,131,20
134,131,20
134,131,20
134,131,20
134,131,20
134,131,20
134,131,20
134,131,20
134,131,20
134,131,20
134,131,20
134,131,20
134,131,20
134,131,20
134,131,20
134,131,20
134,131,20
134,131,20
134,131,20
134,131,20
134,131,20
134,131,20
134,131,20
134,131,20
134,131,20
134,131,20
134,131,20
134,131,20
134,131,20
134,131,20
134,123,20
134,123,20
134,123,20
134,123,20
134,123,20
134,123,20
134,123,20
134,123,20
134,123,20
134,123,20
134,123,20
134,123,20
134,123,20
134,123,20
134,123,20
134,123,20
134,123,20
134,123,20
134,123,20
134,123,20
134,123,20
134,186,20
134,186,20
134,186,20
134,186,20
134,186,20
134,186,20
134,186,20
134,186,20
134,186,20
134,186,20
134,186,20
134,144,20
134,144,20
134,144,20
134,144,20
134,144,20
134,144,20
134,144,20
134,144,20
134,144,20
134,144,20
134,144,20
134,144,20
134,144,20
134,144,20
134,144,20
134,144,20
134,144,20
134,144,20
134,144,20
134,144,20
134,144,20
134,144,20
134,144,20
134,144,20
134,144,20
134,142,20
134,142,20
134,142,20
134,142,20
134,142,20
134,142,20
134,142,20
134,142,20
134,142,20
134,142,20
134,142,20
134,142,20
134,142,20
134,142,20
134,142,20
134,142,20
134,142,20
134,142,20
134,142,20
134,142,20
134,116,20
134,116,20
134,116,20
134,116,20
134,116,20
134,116,20
134,114,20
134,114,20
134,114,20
134,114,20
134,114,20
134,114,20
134,114,20
134,114,20
134,114,20
134,114,20
134,114,20
134,114,20
134,114,20
134,114,20
134,114,20
134,114,20
134,114,20
134,114,20
134,114,20
134,114,20
134,114,20
134,114,20
134,114,20
134,114,20
134,114,20
134,114,20
134,114,20
134,114,20
134,153,20
134,153,20
134,153,20
134,153,20
134,153,20
134,153,20
134,153,20
134,153,20
134,153,20
134,153,20
134,153,20
134,153,20
134,153,20
134,153,20
134,153,20
134,153,20
134,153,20
134,153,20
134,153,20
134,153,20
134,153,20
134,153,20
134,153,20
134,153,20
134,148,20
134,148,20
134,148,20
134,148,20
134,148,20
134,148,20
134,148,20
134,142,20
134,142,20
134,142,20
134,142,20
134,142,20
134,142,20
114,78,20
114,78,20
114,78,20
114,78,20
114,78,20
114,78,20
114,78,20
114,78,20
114,78,20
114,78,20
114,78,20
114,78,20
114,78,20
114,78,20
114,78,20
114,78,20
114,78,20
114,78,20
114,78,20
114,78,20
114,78,20
114,78,20
114,78,20
114,78,20
114,78,20
114,78,20
114,78,20
114,78,20
114,78,20
114,97,20
114,97,20
114,97,20
114,97,20
114,97,20
114,97,20
114,97,20
114,97,20
114,97,20
114,97,20
114,97,20
114,97,20
114,126,20
114,126,20
114,126,20
114,126,20
114,126,20
114,126,20
114,126,20
114,126,20
114,126,20
114,126,20
114,126,20
114,126,20
114,126,20
114,126,20
114,126,20
114,126,20
114,126,20
114,126,20
114,126,20
114,126,20
114,126,20
114,126,20
114,126,20
114,126,20
114,126,20
114,126,20
114,126,20
114,126,20
114,126,20
114,126,20
114,126,20
114,84,20
114,84,20
114,84,20
114,84,20
114,84,20
114,84,20
114,84,20
114,84,20
114,84,20
114,84,20
114,84,20
114,84,20
114,84,20
114,84,20
114,84,20
114,84,20
114,84,20
114,84,20
114,84,20
114,84,20
114,119,20
114,119,20
114,119,20
114,119,20
114,119,20
114,119,20
114,119,20
114,119,20
114,138,20
114,138,20
114,138,20
114,138,20
114,138,20
114,138,20
114,138,20
114,138,20
114,138,20
114,127,20
114,127,20
114,127,20
114,127,20
114,127,20
114,127,20
114,127,20
114,127,20
114,127,20
114,127,20
114,127,20
114,127,20
114,127,20
114,127,20
114,93,20
114,93,20
114,93,20
114,93,20
114,93,20
114,93,20
114,93,20
114,93,20
114,93,20
114,93,20
114,93,20
114,93,20
114,93,20
114,93,20
114,93,20
114,129,20
114,129,20
114,129,20
114,129,20
114,129,20
114,129,20
114,129,20
114,129,20
114,129,20
114,129,20
114,125,20
114,125,20
114,125,20
114,125,20
114,125,20
114,125,20
114,125,20
114,125,20
114,125,20
114,125,20
114,125,20
114,125,20
114,125,20
114,125,20
114,125,20
114,125,20
114,125,20
114,125,20
114,125,20
114,125,20
114,125,20
114,125,20
114,125,20
114,125,20
114,125,20
114,125,20
114,125,20
114,125,20
114,125,20
114,125,20
114,125,20
114,125,20
114,125,20
114,125,20
114,125,20
114,125,20
114,125,20
114,125,20
114,125,20
114,125,20
114,125,20
114,125,20
114,125,20
114,125,20
114,125,20
114,125,20
114,172,20
114,172,20
114,172,20
114,172,20
114,172,20
114,172,20
114,172,20
114,120,20
114,120,20
114,120,20
114,120,20
114,120,20
114,120,20
144,154,20
144,154,20
144,154,20
144,154,20
144,154,20
144,154,20
144,154,20
144,154,20
144,154,20
144,154,20
144,154,20
144,154,20
144,154,20
144,154,20
144,154,20
144,154,20
144,143,20
144,143,20
144,143,20
144,143,20
144,143,20
144,143,20
144,143,20
144,143,20
144,143,20
144,143,20
144,143,20
144,143,20
144,143,20
144,143,20
144,143,20
144,143,20
144,143,20
144,143,20
144,143,20
144,143,20
144,143,20
144,143,20
144,143,20
144,143,20
144,143,20
144,143,20
144,143,20
144,143,20
144,143,20
144,143,20
144,143,20
144,143,20
144,143,20
144,143,20
144,143,20
144,143,20
144,143,20
144,124,20
144,124,20
144,124,20
144,124,20
144,124,20
144,124,20
144,127,20
144,127,20
144,127,20
144,127,20
144,127,20
144,127,20
144,127,20
144,127,20
144,127,20
144,127,20
144,127,20
144,127,20
144,127,20
144,127,20
144,127,20
144,127,20
144,127,20
144,127,20
144,127,20
144,127,20
144,127,20
144,127,20
144,127,20
144,127,20
144,127,20
144,127,20
144,127,20
144,127,20
144,139,20
144,139,20
144,139,20
144,139,20
144,139,20
144,139,20
144,139,20
144,139,20
144,139,20
144,139,20
144,139,20
144,139,20
144,139,20
144,139,20
144,139,20
144,139,20
144,139,20
144,139,20
144,139,20
144,139,20
144,139,20
144,129,20
144,129,20
144,129,20
144,129,20
144,129,20
144,129,20
144,129,20
144,129,20
144,129,20
144,129,20
144,129,20
144,129,20
144,129,20
144,129,20
144,129,20
144,129,20
144,129,20
144,129,20
144,129,20
144,94,20
144,94,20
144,94,20
144,94,20
144,94,20
144,94,20
144,94,20
144,94,20
144,94,20
144,94,20
144,94,20
144,94,20
144,94,20
144,94,20
144,94,20
144,94,20
144,94,20
144,94,20
144,94,20
144,94,20
144,94,20
144,94,20
144,94,20
144,94,20
144,94,20
144,94,20
144,94,20
144,134,20
144,134,20
144,134,20
144,134,20
144,134,20
144,134,20
144,134,20
144,134,20
144,134,20
144,134,20
144,134,20
144,134,20
144,134,20
144,134,20
144,177,20
144,177,20
144,177,20
144,177,20
144,177,20
144,177,20
144,177,20
144,177,20
144,155,20
144,155,20
144,155,20
144,155,20
144,155,20
144,155,20
144,155,20
144,155,20
144,155,20
124,110,20
124,110,20
124,110,20
124,110,20
124,110,20
124,110,20
124,110,20
124,95,20
124,95,20
124,95,20
124,95,20
124,95,20
124,95,20
124,95,20
124,95,20
124,95,20
124,95,20
124,95,20
124,95,20
124,118,20
124,118,20
124,118,20
124,118,20
124,118,20
124,118,20
124,118,20
124,118,20
124,118,20
124,118,20
124,116,20
124,116,20
124,116,20
124,116,20
124,116,20
124,116,20
124,116,20
124,116,20
124,116,20
124,116,20
124,116,20
124,116,20
124,116,20
124,116,20
124,116,20
124,116,20
124,116,20
124,132,20
124,132,20
124,132,20
124,132,20
124,132,20
124,132,20
124,132,20
124,132,20
124,132,20
124,132,20
124,132,20
124,132,20
124,132,20
124,132,20
124,132,20
124,132,20
124,132,20
124,132,20
124,132,20
124,132,20
124,132,20
124,132,20
124,132,20
124,132,20
124,132,20
124,132,20
124,132,20
124,132,20
124,132,20
124,132,20
124,132,20
124,132,20
124,132,20
124,132,20
124,132,20
124,132,20
124,132,20
124,132,20
124,132,20
124,132,20
124,132,20
124,132,20
124,132,20
124,132,20
124,132,20
124,132,20
124,132,20
124,132,20
124,111,20
124,111,20
124,111,20
124,111,20
124,111,20
124,111,20
124,111,20
124,111,20
124,111,20
124,111,20
124,111,20
124,111,20
124,111,20
124,111,20
124,111,20
124,111,20
124,111,20
124,111,20
124,111,20
124,111,20
124,111,20
124,111,20
124,111,20
124,111,20
124,111,20
124,111,20
124,156,20
124,156,20
124,156,20
124,156,20
124,156,20
124,156,20
124,156,20
124,156,20
124,156,20
124,156,20
124,156,20
124,156,20
124,156,20
124,156,20
124,156,20
124,156,20
124,156,20
124,156,20
124,156,20
124,156,20
124,156,20
124,156,20
124,156,20
124,156,20
124,156,20
124,156,20
124,156,20
124,156,20
124,156,20
124,156,20
124,156,20
124,156,20
124,156,20
124,156,20
124,156,20
124,156,20
124,156,20
124,156,20
124,156,20
124,156,20
124,156,20
124,156,20
124,156,20
124,156,20
124,156,20
124,156,20
124,156,20
124,156,20
124,156,20
124,156,20
124,156,20
124,156,20
124,156,20
124,156,20
124,156,20
124,156,20
124,156,20
124,156,20
124,130,20
124,130,20
124,130,20
124,130,20
124,130,20
124,130,20
124,130,20
124,130,20
124,130,20
124,130,20
124,130,20
124,130,20
124,130,20
124,130,20
124,130,20
124,140,20
124,140,20
124,140,20
124,140,20
124,140,20
124,140,20
124,140,20
124,131,20
124,131,20
124,131,20
124,131,20
124,131,20
124,131,20
104,101,20
104,101,20
104,101,20
104,101,20
104,101,20
104,101,20
104,101,20
104,101,20
104,101,20
104,101,20
104,101,20
104,101,20
104,101,20
104,101,20
104,101,20
104,101,20
104,101,20
104,101,20
104,101,20
104,101,20
104,101,20
104,101,20
104,101,20
104,101,20
104,101,20
104,101,20
104,101,20
104,101,20
104,101,20
104,101,20
104,101,20
104,101,20
104,101,20
104,101,20
104,101,20
104,101,20
104,101,20
104,101,20
104,101,20
104,101,20
104,101,20
104,101,20
104,101,20
104,101,20
104,101,20
104,101,20
104,101,20
104,101,20
104,101,20
104,101,20
104,101,20
104,101,20
104,101,20
104,101,20
104,101,20
104,80,20
104,80,20
104,80,20
104,80,20
104,80,20
104,80,20
104,80,20
104,80,20
104,80,20
104,80,20
104,80,20
104,80,20
104,80,20
104,80,20
104,80,20
104,80,20
104,80,20
104,80,20
104,80,20
104,80,20
104,80,20
104,80,20
104,80,20
104,80,20
104,80,20
104,80,20
104,140,20
104,140,20
104,140,20
104,140,20
104,140,20
104,140,20
104,140,20
104,140,20
104,140,20
104,140,20
104,140,20
104,140,20
104,140,20
104,140,20
104,140,20
104,140,20
104,140,20
104,119,20
104,119,20
104,119,20
104,119,20
104,119,20
104,119,20
104,75,20
104,75,20
104,75,20
104,75,20
104,75,20
104,75,20
104,75,20
104,75,20
104,75,20
104,75,20
104,101,20
104,101,20
104,101,20
104,101,20
104,101,20
104,101,20
104,101,20
104,101,20
104,101,20
104,101,20
104,101,20
104,101,20
104,101,20
104,101,20
104,101,20
104,101,20
104,101,20
104,101,20
104,101,20
104,101,20
104,101,20
104,101,20
104,101,20
104,101,20
104,101,20
104,101,20
104,101,20
104,101,20
104,101,20
104,101,20
104,101,20
104,101,20
104,101,20
104,101,20
104,101,20
104,101,20
104,101,20
104,101,20
104,101,20
104,101,20
104,101,20
104,101,20
104,101,20
104,109,20
104,109,20
104,109,20
104,109,20
104,109,20
104,109,20
104,109,20
104,109,20
104,109,20
104,109,20
104,109,20
104,109,20
104,92,20
104,92,20
104,92,20
104,92,20
104,92,20
104,92,20
104,92,20
104,92,20
104,92,20
104,92,20
104,92,20
104,92,20
104,92,20
104,92,20
104,92,20
104,92,20
104,92,20
104,92,20
104,158,20
104,158,20
104,158,20
104,158,20
104,158,20
104,158,20
104,102,20
104,102,20
104,102,20
104,102,20
104,102,20
104,102,20
104,102,20
104,102,20
104,102,20
104,102,20
104,102,20
104,102,20
104,102,20
104,102,20
104,102,20
104,102,20
104,102,20
104,102,20
104,102,20
104,102,20
104,102,20
104,102,20
134,115,20
134,115,20
134,115,20
134,115,20
134,115,20
134,115,20
134,115,20
134,117,20
134,117,20
134,117,20
134,117,20
134,117,20
134,117,20
134,117,20
134,117,20
134,117,20
134,117,20
134,117,20
134,117,20
134,117,20
134,117,20
134,163,20
134,163,20
134,163,20
134,163,20
134,163,20
134,163,20
134,163,20
134,163,20
134,163,20
134,163,20
134,131,20
134,131,20
134,131,20
134,131,20
134,131,20
134,131,20
134,131,20
134,123,20
134,123,20
134,123,20
134,123,20
134,123,20
134,123,20
134,123,20
134,123,20
134,123,20
134,123,20
134,113,20
134,113,20
134,113,20
134,113,20
134,113,20
134,113,20
134,113,20
134,113,20
134,113,20
134,113,20
134,113,20
134,113,20
134,113,20
134,113,20
134,113,20
134,113,20
134,113,20
134,113,20
134,113,20
134,113,20
134,113,20
134,113,20
134,113,20
134,113,20
134,113,20
134,113,20
134,113,20
134,113,20
134,113,20
134,159,20
134,159,20
134,159,20
134,159,20
134,159,20
134,159,20
134,159,20
134,159,20
134,159,20
134,159,20
134,116,20
134,116,20
134,116,20
134,116,20
134,116,20
134,116,20
134,116,20
134,116,20
134,116,20
134,116,20
134,116,20
134,116,20
134,116,20
134,116,20
134,116,20
134,116,20
134,116,20
134,116,20
134,116,20
134,116,20
134,116,20
134,116,20
134,116,20
134,116,20
134,116,20
134,116,20
134,116,20
134,116,20
134,116,20
134,116,20
134,116,20
134,116,20
134,116,20
134,116,20
134,116,20
134,116,20
134,116,20
134,116,20
134,116,20
134,116,20
134,116,20
134,116,20
134,116,20
134,116,20
134,116,20
134,116,20
134,116,20
134,116,20
134,116,20
134,116,20
134,116,20
134,116,20
134,116,20
134,116,20
134,116,20
134,116,20
134,116,20
134,116,20
134,116,20
134,105,20
134,105,20
134,105,20
134,105,20
134,105,20
134,105,20
134,105,20
134,105,20
134,105,20
134,105,20
134,105,20
134,105,20
134,105,20
134,105,20
134,105,20
134,105,20
134,105,20
134,121,20
134,121,20
134,121,20
134,121,20
134,121,20
134,121,20
134,121,20
134,110,20
134,110,20
134,110,20
134,110,20
134,110,20
134,110,20
134,110,20
134,110,20
134,110,20
134,110,20
134,110,20
134,110,20
134,110,20
134,110,20
134,110,20
134,110,20
134,110,20
134,110,20
134,110,20
114,124,20
114,124,20
114,124,20
114,124,20
114,124,20
114,124,20
114,124,20
114,124,20
114,124,20
114,124,20
114,124,20
114,124,20
114,124,20
114,124,20
114,124,20
114,124,20
114,81,20
114,81,20
114,81,20
114,81,20
114,81,20
114,81,20
114,81,20
114,166,20
114,166,20
114,166,20
114,166,20
114,166,20
114,166,20
114,166,20
114,166,20
114,166,20
114,166,20
114,166,20
114,120,20
114,120,20
114,120,20
114,120,20
114,120,20
114,120,20
114,120,20
114,120,20
114,120,20
114,120,20
114,120,20
114,120,20
114,129,20
114,129,20
114,129,20
114,129,20
114,129,20
114,129,20
114,113,20
114,113,20
114,113,20
114,113,20
114,113,20
114,113,20
114,113,20
114,113,20
114,113,20
114,113,20
114,113,20
114,113,20
114,113,20
114,113,20
114,113,20
114,113,20
114,113,20
114,113,20
114,113,20
114,113,20
114,113,20
114,113,20
114,113,20
114,113,20
114,113,20
114,113,20
114,113,20
114,113,20
114,113,20
114,113,20
114,113,20
114,113,20
114,113,20
114,113,20
114,113,20
114,113,20
114,113,20
114,113,20
114,113,20
114,113,20
114,113,20
114,113,20
114,113,20
114,136,20
114,136,20
114,136,20
114,136,20
114,136,20
114,136,20
114,136,20
114,136,20
114,136,20
114,136,20
114,136,20
114,136,20
114,136,20
114,136,20
114,136,20
114,136,20
114,119,20
114,119,20
114,119,20
114,119,20
114,119,20
114,119,20
114,119,20
114,119,20
114,119,20
114,119,20
114,143,20
114,143,20
114,143,20
114,143,20
114,143,20
114,143,20
114,143,20
114,134,20
114,134,20
114,134,20
114,134,20
114,134,20
114,134,20
114,134,20
114,134,20
114,134,20
114,134,20
114,134,20
114,134,20
114,134,20
114,134,20
114,110,20
114,110,20
114,110,20
114,110,20
114,110,20
114,110,20
114,110,20
114,110,20
114,110,20
114,110,20
114,110,20
114,110,20
114,110,20
114,110,20
114,110,20
114,110,20
114,110,20
114,110,20
114,110,20
114,110,20
114,110,20
114,110,20
114,110,20
114,110,20
114,110,20
114,110,20
114,110,20
114,110,20
114,131,20
114,131,20
114,131,20
114,131,20
114,131,20
114,131,20
114,131,20
114,131,20
114,131,20
114,131,20
114,131,20
114,131,20
114,131,20
114,131,20
114,131,20
114,131,20
114,131,20
114,131,20
114,131,20
114,131,20
114,131,20
114,131,20
114,131,20
114,131,20
114,131,20
114,131,20
114,131,20
114,131,20
114,131,20
114,106,20
114,106,20
114,106,20
114,106,20
114,106,20
114,106,20
144,170,20
144,170,20
144,170,20
144,170,20
144,170,20
144,170,20
144,170,20
144,170,20
144,170,20
144,170,20
144,170,20
144,170,20
144,170,20
144,155,20
144,155,20
144,155,20
144,155,20
144,155,20
144,155,20
144,155,20
144,155,20
144,155,20
144,161,20
144,161,20
144,161,20
144,161,20
144,161,20
144,161,20
144,161,20
144,161,20
144,161,20
144,161,20
144,161,20
144,161,20
144,161,20
144,161,20
144,161,20
144,161,20
144,161,20
144,161,20
144,161,20
144,161,20
144,161,20
144,161,20
144,161,20
144,161,20
144,161,20
144,161,20
144,161,20
144,161,20
144,134,20
144,134,20
144,134,20
144,134,20
144,134,20
144,134,20
144,134,20
144,134,20
144,158,20
144,158,20
144,158,20
144,158,20
144,158,20
144,158,20
144,158,20
144,158,20
144,158,20
144,158,20
144,158,20
144,158,20
144,158,20
144,158,20
144,158,20
144,158,20
144,158,20
144,158,20
144,158,20
144,158,20
144,158,20
144,158,20
144,158,20
144,158,20
144,158,20
144,158,20
144,158,20
144,158,20
144,158,20
144,190,20
144,190,20
144,190,20
144,190,20
144,190,20
144,190,20
144,181,20
144,181,20
144,181,20
144,181,20
144,181,20
144,181,20
144,181,20
144,181,20
144,181,20
144,181,20
144,181,20
144,181,20
144,181,20
144,181,20
144,181,20
144,181,20
144,181,20
144,181,20
144,181,20
144,181,20
144,181,20
144,181,20
144,181,20
144,181,20
144,181,20
144,181,20
144,181,20
144,181,20
144,181,20
144,181,20
144,181,20
144,181,20
144,181,20
144,181,20
144,181,20
144,181,20
144,181,20
144,181,20
144,181,20
144,181,20
144,181,20
144,139,20
144,139,20
144,139,20
144,139,20
144,139,20
144,139,20
144,139,20
144,139,20
144,139,20
144,139,20
144,139,20
144,139,20
144,139,20
144,139,20
144,139,20
144,139,20
144,139,20
144,139,20
144,139,20
144,139,20
144,139,20
144,139,20
144,139,20
144,139,20
144,139,20
144,139,20
144,139,20
144,139,20
144,139,20
144,139,20
144,139,20
144,139,20
144,139,20
144,139,20
144,139,20
144,136,20
144,136,20
144,136,20
144,136,20
144,136,20
144,136,20
144,136,20
144,136,20
144,136,20
144,136,20
144,136,20
144,136,20
144,136,20
144,136,20
144,136,20
144,136,20
144,136,20
144,136,20
144,136,20
144,136,20
144,136,20
144,136,20
144,136,20
144,136,20
144,136,20
144,136,20
144,136,20
144,136,20
144,136,20
144,136,20
144,136,20
144,136,20
144,136,20
144,136,20
144,136,20
144,136,20
144,136,20
144,136,20
144,136,20
144,136,20
144,136,20
144,136,20
144,136,20
144,136,20
144,136,20
144,136,20
144,136,20
144,136,20
144,136,20
144,136,20
144,136,20
144,136,20
144,136,20
144,136,20
144,136,20
104,83,20
104,83,20
104,83,20
104,83,20
104,83,20
104,83,20
104,83,20
104,83,20
104,83,20
104,83,20
104,83,20
104,83,20
104,83,20
104,83,20
104,83,20
104,83,20
104,83,20
104,83,20
104,83,20
104,130,20
104,130,20
104,130,20
104,130,20
104,130,20
104,130,20
104,130,20
104,130,20
104,130,20
104,130,20
104,130,20
104,130,20
104,130,20
104,130,20
104,130,20
104,130,20
104,130,20
104,130,20
104,130,20
104,130,20
104,130,20
104,130,20
104,130,20
104,130,20
104,92,20
104,92,20
104,92,20
104,92,20
104,92,20
104,92,20
104,92,20
104,92,20
104,92,20
104,92,20
104,92,20
104,92,20
104,92,20
104,92,20
104,92,20
104,92,20
104,92,20
104,92,20
104,92,20
104,92,20
104,92,20
104,92,20
104,92,20
104,92,20
104,92,20
104,92,20
104,92,20
104,92,20
104,92,20
104,92,20
104,92,20
104,92,20
104,92,20
104,92,20
104,92,20
104,92,20
104,92,20
104,92,20
104,92,20
104,92,20
104,92,20
104,92,20
104,92,20
104,92,20
104,92,20
104,92,20
104,92,20
104,92,20
104,92,20
104,92,20
104,92,20
104,92,20
104,92,20
104,92,20
104,125,20
104,125,20
104,125,20
104,125,20
104,125,20
104,125,20
104,125,20
104,125,20
104,125,20
104,125,20
104,125,20
104,125,20
104,125,20
104,125,20
104,125,20
104,125,20
104,125,20
104,125,20
104,125,20
104,125,20
104,125,20
104,105,20
104,105,20
104,105,20
104,105,20
104,105,20
104,105,20
104,105,20
104,105,20
104,105,20
104,105,20
104,105,20
104,105,20
104,105,20
104,105,20
104,105,20
104,105,20
104,91,20
104,91,20
104,91,20
104,91,20
104,91,20
104,91,20
104,91,20
104,91,20
104,91,20
104,91,20
104,91,20
104,91,20
104,91,20
104,91,20
104,91,20
74,58,20
74,58,20
74,58,20
74,58,20
74,58,20
74,58,20
74,58,20
74,58,20
74,58,20
74,58,20
74,58,20
74,58,20
74,58,20
74,58,20
74,58,20
74,58,20
74,58,20
74,58,20
74,58,20
74,58,20
74,58,20
74,58,20
74,58,20
74,58,20
74,58,20
74,58,20
74,58,20
74,58,20
74,58,20
74,58,20
74,58,20
74,58,20
74,58,20
74,58,20
74,58,20
74,58,20
74,58,20
74,58,20
74,58,20
74,58,20
74,58,20
74,58,20
74,89,20
74,89,20
74,89,20
74,89,20
74,89,20
74,89,20
74,89,20
74,89,20
74,89,20
74,89,20
74,89,20
74,89,20
74,89,20
74,89,20
74,89,20
74,89,20
74,89,20
74,89,20
74,89,20
74,89,20
74,89,20
74,89,20
74,109,20
74,109,20
74,109,20
74,109,20
74,109,20
74,109,20
74,109,20
74,109,20
74,38,20
74,38,20
74,38,20
74,38,20
74,38,20
74,38,20
74,38,20
74,38,20
74,38,20
74,38,20
74,38,20
74,38,20
74,38,20
74,38,20
74,38,20
74,38,20
74,38,20
74,38,20
74,38,20
74,65,20
74,65,20
74,65,20
74,65,20
74,65,20
74,65,20
74,65,20
74,65,20
74,65,20
74,65,20
74,65,20
74,65,20
74,65,20
74,65,20
74,65,20
74,65,20
74,54,20
74,54,20
74,54,20
74,54,20
74,54,20
74,54,20
74,54,20
74,54,20
74,54,20
74,54,20
74,54,20
74,54,20
74,54,20
74,54,20
74,54,20
74,87,20
74,87,20
74,87,20
74,87,20
74,87,20
74,87,20
74,87,20
74,87,20
74,87,20
74,87,20
74,87,20
74,87,20
74,87,20
74,87,20
74,87,20
74,87,20
74,87,20
74,87,20
74,87,20
74,87,20
74,87,20
74,87,20
74,87,20
74,87,20
74,87,20
74,87,20
74,87,20
74,87,20
74,87,20
74,87,20
74,87,20
74,87,20
74,87,20
74,87,20
74,87,20
74,87,20
94,80,20
94,80,20
94,80,20
94,80,20
94,80,20
94,80,20
94,80,20
94,80,20
94,80,20
94,80,20
94,80,20
94,80,20
94,80,20
94,80,20
94,101,20
94,101,20
94,101,20
94,101,20
94,101,20
94,101,20
94,101,20
94,101,20
94,96,20
94,96,20
94,96,20
94,96,20
94,96,20
94,96,20
94,96,20
94,96,20
94,96,20
94,96,20
94,96,20
94,96,20
94,96,20
94,96,20
94,96,20
94,96,20
94,96,20
94,96,20
94,96,20
94,96,20
94,96,20
94,96,20
94,96,20
94,96,20
94,96,20
94,96,20
94,91,20
94,91,20
94,91,20
94,91,20
94,91,20
94,91,20
94,91,20
94,91,20
94,91,20
94,91,20
94,91,20
94,91,20
94,91,20
94,91,20
94,91,20
94,91,20
94,91,20
94,91,20
94,91,20
94,91,20
94,91,20
94,91,20
94,91,20
94,91,20
94,91,20
94,91,20
94,91,20
94,91,20
94,91,20
94,91,20
94,75,20
94,75,20
94,75,20
94,75,20
94,75,20
94,75,20
94,75,20
94,75,20
94,75,20
94,75,20
94,75,20
94,75,20
94,75,20
94,75,20
94,75,20
94,75,20
94,75,20
94,75,20
94,75,20
94,75,20
94,75,20
94,75,20
94,75,20
94,75,20
94,75,20
94,75,20
94,75,20
94,75,20
94,75,20
94,75,20
94,75,20
94,75,20
94,75,20
94,75,20
94,75,20
94,75,20
94,75,20
94,75,20
94,75,20
94,75,20
94,75,20
94,75,20
94,75,20
94,75,20
94,75,20
94,75,20
94,75,20
94,75,20
94,75,20
94,75,20
94,75,20
94,75,20
94,75,20
94,75,20
94,75,20
94,75,20
94,75,20
94,75,20
94,75,20
94,75,20
94,93,20
94,93,20
94,93,20
94,93,20
94,93,20
94,93,20
94,93,20
94,93,20
94,93,20
94,93,20
94,93,20
94,93,20
94,93,20
94,93,20
94,93,20
94,93,20
94,93,20
94,93,20
94,93,20
94,93,20
94,93,20
94,93,20
94,93,20
94,93,20
94,93,20
94,93,20
94,93,20
94,87,20
94,87,20
94,87,20
94,87,20
94,87,20
94,87,20
94,87,20
94,87,20
94,87,20
94,87,20
94,84,20
94,84,20
94,84,20
94,84,20
94,84,20
94,84,20
94,84,20
94,84,20
94,84,20
94,84,20
94,84,20
94,84,20
94,84,20
94,84,20
64,58,20
64,58,20
64,58,20
64,58,20
64,58,20
64,58,20
64,58,20
64,58,20
64,58,20
64,58,20
64,58,20
64,58,20
64,58,20
64,58,20
64,58,20
64,58,20
64,58,20
64,58,20
64,58,20
64,58,20
64,58,20
64,58,20
64,58,20
64,58,20
64,58,20
64,58,20
64,58,20
64,58,20
64,58,20
64,58,20
64,58,20
64,61,20
64,61,20
64,61,20
64,61,20
64,61,20
64,61,20
64,54,20
64,54,20
64,54,20
64,54,20
64,54,20
64,54,20
64,54,20
64,54,20
64,54,20
64,54,20
64,54,20
64,54,20
64,54,20
64,54,20
64,54,20
64,54,20
64,54,20
64,54,20
64,54,20
64,54,20
64,54,20
64,54,20
64,54,20
64,54,20
64,54,20
64,54,20
64,54,20
64,54,20
64,54,20
64,54,20
64,54,20
64,58,20
64,58,20
64,58,20
64,58,20
64,58,20
64,58,20
64,58,20
64,58,20
64,58,20
64,58,20
64,58,20
64,58,20
64,58,20
64,58,20
64,58,20
64,58,20
64,58,20
64,58,20
64,58,20
64,58,20
64,58,20
64,58,20
64,58,20
64,58,20
64,58,20
64,58,20
64,58,20
64,58,20
64,58,20
64,58,20
64,58,20
64,58,20
64,58,20
64,58,20
64,58,20
64,58,20
64,58,20
64,58,20
64,58,20
64,58,20
64,51,20
64,51,20
64,51,20
64,51,20
64,51,20
64,51,20
64,51,20
64,51,20
64,51,20
64,51,20
64,51,20
64,51,20
64,51,20
64,51,20
64,51,20
64,51,20
64,51,20
64,51,20
64,51,20
64,51,20
64,51,20
64,51,20
64,51,20
64,51,20
64,51,20
64,51,20
64,51,20
64,51,20
64,51,20
64,51,20
64,51,20
64,51,20
64,51,20
64,51,20
64,51,20
64,51,20
64,51,20
64,51,20
64,51,20
64,51,20
34,53,20
34,53,20
34,53,20
34,53,20
34,53,20
34,53,20
34,13,20
34,13,20
34,13,20
34,13,20
34,13,20
34,13,20
34,6,20
34,6,20
34,6,20
34,6,20
34,6,20
34,6,20
34,6,20
34,6,20
34,6,20
34,6,20
34,6,20
34,6,20
34,6,20
34,6,20
34,6,20
34,6,20
34,6,20
34,6,20
34,6,20
34,6,20
34,6,20
34,6,20
34,6,20
34,6,20
34,6,20
34,6,20
34,6,20
34,6,20
34,6,20
34,6,20
34,6,20
34,6,20
34,6,20
34,6,20
34,6,20
34,6,20
34,16,20
34,16,20
34,16,20
34,16,20
34,16,20
34,16,20
34,16,20
34,16,20
34,16,20
34,16,20
34,16,20
34,16,20
34,16,20
34,16,20
34,16,20
34,16,20
34,16,20
34,16,20
34,16,20
34,16,20
34,16,20
34,16,20
34,16,20
34,59,20
34,59,20
34,59,20
34,59,20
34,59,20
34,59,20
34,59,20
34,59,20
34,59,20
34,59,20
34,59,20
34,48,20
34,48,20
34,48,20
34,48,20
34,48,20
34,48,20
34,48,20
34,48,20
34,48,20
34,48,20
34,48,20
34,48,20
34,48,20
34,48,20
34,48,20
34,48,20
34,48,20
34,48,20
34,48,20
34,48,20
34,48,20
34,48,20
34,48,20
34,48,20
34,48,20
34,48,20
34,48,20
34,48,20
34,48,20
34,48,20
34,48,20
34,48,20
34,31,20
34,31,20
34,31,20
34,31,20
34,31,20
34,31,20
34,31,20
34,31,20
34,31,20
34,31,20
34,31,20
34,31,20
34,31,20
34,31,20
34,31,20
34,31,20
34,31,20
34,30,20
34,30,20
34,30,20
34,30,20
34,30,20
34,30,20
34,30,20
34,30,20
34,30,20
34,30,20
34,30,20
34,30,20
34,30,20
34,55,20
34,55,20
34,55,20
34,55,20
34,55,20
34,55,20
34,55,20
34,55,20
34,55,20
34,55,20
34,55,20
34,55,20
34,55,20
34,45,20
34,45,20
34,45,20
34,45,20
34,45,20
34,45,20
34,45,20
34,45,20
34,45,20
34,45,20
34,45,20
34,45,20
34,45,20
34,45,20
34,45,20
34,45,20
34,45,20
34,45,20
34,45,20
34,45,20
34,45,20
34,45,20
34,45,20
34,45,20
34,45,20
34,45,20
34,45,20
34,45,20
34,45,20
34,45,20
34,45,20
34,45,20
34,45,20
34,45,20
34,45,20
34,45,20
34,45,20
34,45,20
34,45,20
34,45,20
34,45,20
34,45,20
34,45,20
34,45,20
34,45,20
34,45,20
34,45,20
34,45,20
34,45,20
34,45,20
34,45,20
34,45,20
34,45,20
34,45,20
34,45,20
34,45,20
34,45,20
34,45,20
34,45,20
34,52,20
34,52,20
34,52,20
34,52,20
34,52,20
34,52,20
34,52,20
34,52,20
34,88,20
34,88,20
34,88,20
34,88,20
34,88,20
34,88,20
34,88,20
34,88,20
34,88,20
34,88,20
34,88,20
34,88,20
34,88,20
34,88,20
34,88,20
354,335,20
354,335,20
354,335,20
354,335,20
354,335,20
354,335,20
354,335,20
354,335,20
354,335,20
354,335,20
354,335,20
354,335,20
354,335,20
354,335,20
354,335,20
354,335,20
354,335,20
354,335,20
354,332,20
354,332,20
354,332,20
354,332,20
354,332,20
354,332,20
354,332,20
354,332,20
354,332,20
354,332,20
354,2,20
354,2,20
354,2,20
354,2,20
354,2,20
354,2,20
354,2,20
354,2,20
354,2,20
354,2,20
354,2,20
354,2,20
354,2,20
354,2,20
354,2,20
354,2,20
354,2,20
354,2,20
354,337,20
354,337,20
354,337,20
354,337,20
354,337,20
354,337,20
354,337,20
354,337,20
354,337,20
354,337,20
354,337,20
354,337,20
354,337,20
354,337,20
354,337,20
354,337,20
354,337,20
354,337,20
354,337,20
354,337,20
354,337,20
354,337,20
354,337,20
354,337,20
354,337,20
354,337,20
354,337,20
354,337,20
354,337,20
354,337,20
354,337,20
354,337,20
354,337,20
354,337,20
354,337,20
354,337,20
354,337,20
354,337,20
354,337,20
354,337,20
354,337,20
354,337,20
354,337,20
354,337,20
354,337,20
354,337,20
354,337,20
354,337,20
354,337,20
354,337,20
354,337,20
354,358,20
354,358,20
354,358,20
354,358,20
354,358,20
354,358,20
354,358,20
354,358,20
354,346,20
354,346,20
354,346,20
354,346,20
354,346,20
354,346,20
354,346,20
354,346,20
354,346,20
354,346,20
354,346,20
354,346,20
354,346,20
354,346,20
354,346,20
354,346,20
354,346,20
354,346,20
354,346,20
354,346,20
354,346,20
354,346,20
354,346,20
354,346,20
354,346,20
354,346,20
354,346,20
354,346,20
354,346,20
354,346,20
354,346,20
354,346,20
354,346,20
354,33,20
354,33,20
354,33,20
354,33,20
354,33,20
354,33,20
354,33,20
354,33,20
354,33,20
354,33,20
354,33,20
354,33,20
354,33,20
354,33,20
354,33,20
354,33,20
354,33,20
354,33,20
354,33,20
354,33,20
354,33,20
354,33,20
354,33,20
354,33,20
354,33,20
354,35,20
354,35,20
354,35,20
354,35,20
354,35,20
354,35,20
354,35,20
354,35,20
354,35,20
354,35,20
354,35,20
354,35,20
354,35,20
354,35,20
354,35,20
354,35,20
354,35,20
354,35,20
354,35,20
354,35,20
354,35,20
354,35,20
354,35,20
354,335,20
354,335,20
354,335,20
354,335,20
354,335,20
354,335,20
354,335,20
354,335,20
354,335,20
354,335,20
354,335,20
354,335,20
354,335,20
354,335,20
354,335,20
354,335,20
354,335,20
354,335,20
354,335,20
354,335,20
354,335,20
354,335,20
354,335,20
354,335,20
354,335,20
354,335,20
354,335,20
354,357,20
354,357,20
354,357,20
354,357,20
354,357,20
354,357,20
354,357,20
354,357,20
354,357,20
354,357,20
354,357,20
354,357,20
354,357,20
354,357,20
354,317,20
354,317,20
354,317,20
354,317,20
354,317,20
354,317,20
354,317,20
354,317,20
354,317,20
354,317,20
354,317,20
354,317,20
354,317,20
354,317,20
354,317,20
354,317,20
324,357,20
324,357,20
324,357,20
324,357,20
324,357,20
324,357,20
324,357,20
324,357,20
324,357,20
324,357,20
324,357,20
324,357,20
324,357,20
324,357,20
324,357,20
324,357,20
324,357,20
324,308,20
324,308,20
324,308,20
324,308,20
324,308,20
324,308,20
324,308,20
324,308,20
324,308,20
324,308,20
324,308,20
324,308,20
324,308,20
324,308,20
324,308,20
324,308,20
324,308,20
324,308,20
324,308,20
324,308,20
324,308,20
324,308,20
324,308,20
324,308,20
324,308,20
324,308,20
324,308,20
324,310,20
324,310,20
324,310,20
324,310,20
324,310,20
324,310,20
324,310,20
324,310,20
324,310,20
324,310,20
324,310,20
324,310,20
324,310,20
324,310,20
324,310,20
324,310,20
324,300,20
324,300,20
324,300,20
324,300,20
324,300,20
324,300,20
324,300,20
324,300,20
324,300,20
324,300,20
324,300,20
324,300,20
324,300,20
324,300,20
324,300,20
324,300,20
324,300,20
324,300,20
324,300,20
324,300,20
324,300,20
324,300,20
324,300,20
324,300,20
324,300,20
324,300,20
324,300,20
324,300,20
324,300,20
324,300,20
324,300,20
324,300,20
324,300,20
324,300,20
324,300,20
324,300,20
324,300,20
324,300,20
324,3,20
324,3,20
324,3,20
324,3,20
324,3,20
324,3,20
324,325,20
324,325,20
324,325,20
324,325,20
324,325,20
324,325,20
324,325,20
324,325,20
324,325,20
324,325,20
324,325,20
324,325,20
324,325,20
324,325,20
324,325,20
324,325,20
324,325,20
324,325,20
324,325,20
324,325,20
324,325,20
324,325,20
324,325,20
324,325,20
324,325,20
324,325,20
324,325,20
324,325,20
324,325,20
324,325,20
324,325,20
324,325,20
324,325,20
324,325,20
324,325,20
324,311,20
324,311,20
324,311,20
324,311,20
324,311,20
324,311,20
324,311,20
324,311,20
324,314,20
324,314,20
324,314,20
324,314,20
324,314,20
324,314,20
324,314,20
324,314,20
324,314,20
324,314,20
324,314,20
324,314,20
324,314,20
324,314,20
324,314,20
324,314,20
324,314,20
324,314,20
324,314,20
324,314,20
324,307,20
324,307,20
324,307,20
324,307,20
324,307,20
324,307,20
324,307,20
324,307,20
324,307,20
324,307,20
324,307,20
324,307,20
324,307,20
324,307,20
324,307,20
324,307,20
324,307,20
324,307,20
324,307,20
324,307,20
324,307,20
324,307,20
324,307,20
324,307,20
324,307,20
324,307,20
324,307,20
324,307,20
324,307,20
324,307,20
324,307,20
354,343,20
354,343,20
354,343,20
354,343,20
354,343,20
354,343,20
354,343,20
354,343,20
354,343,20
354,343,20
354,343,20
354,343,20
354,343,20
354,343,20
354,343,20
354,343,20
354,343,20
354,343,20
354,343,20
354,343,20
354,343,20
354,3,20
354,3,20
354,3,20
354,3,20
354,3,20
354,3,20
354,3,20
354,3,20
354,3,20
354,3,20
354,3,20
354,3,20
354,3,20
354,3,20
354,3,20
354,3,20
354,3,20
354,3,20
354,3,20
354,3,20
354,3,20
354,3,20
354,3,20
354,3,20
354,3,20
354,3,20
354,3,20
354,3,20
354,3,20
354,3,20
354,3,20
354,3,20
354,3,20
354,3,20
354,3,20
354,3,20
354,3,20
354,3,20
354,3,20
354,3,20
354,3,20
354,3,20
354,332,20
354,332,20
354,332,20
354,332,20
354,332,20
354,332,20
354,332,20
354,332,20
354,332,20
354,332,20
354,332,20
354,332,20
354,9,20
354,9,20
354,9,20
354,9,20
354,9,20
354,9,20
354,9,20
354,9,20
354,9,20
354,9,20
354,9,20
354,9,20
354,9,20
354,9,20
354,9,20
354,9,20
354,9,20
354,9,20
354,9,20
354,9,20
354,9,20
354,9,20
354,9,20
354,9,20
354,9,20
354,9,20
354,9,20
354,9,20
354,9,20
354,9,20
354,9,20
354,326,20
354,326,20
354,326,20
354,326,20
354,326,20
354,326,20
354,326,20
354,326,20
354,326,20
354,326,20
354,326,20
354,326,20
354,326,20
354,326,20
354,326,20
354,326,20
354,326,20
354,326,20
354,326,20
354,326,20
354,326,20
354,16,20
354,16,20
354,16,20
354,16,20
354,16,20
354,16,20
354,16,20
354,16,20
354,16,20
354,16,20
354,16,20
354,16,20
354,16,20
354,18,20
354,18,20
354,18,20
354,18,20
354,18,20
354,18,20
354,18,20
354,357,20
354,357,20
354,357,20
354,357,20
354,357,20
354,357,20
354,357,20
354,357,20
354,357,20
354,357,20
354,357,20
354,357,20
354,6,20
354,6,20
354,6,20
354,6,20
354,6,20
354,6,20
354,6,20
354,6,20
354,6,20
354,6,20
354,6,20
354,6,20
354,6,20
354,6,20
354,6,20
354,6,20
354,6,20
354,6,20
354,6,20
354,6,20
354,6,20
354,6,20
354,6,20
354,6,20
354,6,20
354,345,20
354,345,20
354,345,20
354,345,20
354,345,20
354,345,20
354,345,20
354,345,20
354,345,20
354,345,20
354,345,20
354,345,20
354,345,20
354,345,20
354,345,20
354,345,20
354,345,20
354,345,20
354,345,20
354,345,20
354,345,20
354,345,20
354,345,20
354,345,20
354,345,20
354,345,20
354,345,20
354,345,20
354,345,20
354,345,20
354,345,20
354,345,20
354,345,20
354,345,20
354,345,20
354,345,20
354,12,20
354,12,20
354,12,20
354,12,20
354,12,20
354,12,20
354,12,20
354,12,20
354,12,20
354,12,20
354,12,20
354,12,20
354,12,20
354,12,20
354,12,20
354,12,20
354,12,20
354,12,20
354,12,20
14,22,20
14,22,20
14,22,20
14,22,20
14,22,20
14,22,20
14,22,20
14,22,20
14,22,20
14,22,20
14,22,20
14,22,20
14,22,20
14,22,20
14,22,20
14,22,20
14,22,20
14,22,20
14,22,20
14,22,20
14,22,20
14,14,20
14,14,20
14,14,20
14,14,20
14,14,20
14,14,20
14,14,20
14,14,20
14,14,20
14,14,20
14,14,20
14,14,20
14,14,20
14,14,20
14,14,20
14,14,20
14,14,20
14,14,20
14,14,20
14,14,20
14,14,20
14,14,20
14,14,20
14,14,20
14,14,20
14,14,20
14,14,20
14,14,20
14,14,20
14,14,20
14,14,20
14,14,20
14,14,20
14,14,20
14,14,20
14,14,20
14,14,20
14,14,20
14,14,20
14,14,20
14,14,20
14,14,20
14,14,20
14,14,20
14,14,20
14,14,20
14,14,20
14,14,20
14,14,20
14,14,20
14,14,20
14,14,20
14,14,20
14,14,20
14,14,20
14,14,20
14,14,20
14,14,20
14,14,20
14,349,20
14,349,20
14,349,20
14,349,20
14,349,20
14,349,20
14,349,20
14,349,20
14,349,20
14,349,20
14,349,20
14,349,20
14,349,20
14,349,20
14,13,20
14,13,20
14,13,20
14,13,20
14,13,20
14,13,20
14,13,20
14,13,20
14,13,20
14,13,20
14,13,20
14,13,20
14,13,20
14,5,20
14,5,20
14,5,20
14,5,20
14,5,20
14,5,20
14,5,20
14,5,20
14,5,20
14,5,20
14,5,20
14,5,20
14,5,20
14,5,20
14,5,20
14,5,20
14,5,20
14,5,20
14,5,20
14,5,20
14,5,20
14,5,20
14,5,20
14,5,20
14,5,20
14,5,20
14,5,20
14,5,20
14,5,20
14,5,20
14,5,20
14,5,20
14,5,20
14,5,20
14,5,20
14,5,20
14,5,20
14,5,20
14,5,20
14,5,20
14,5,20
14,5,20
14,5,20
14,5,20
14,5,20
14,5,20
14,5,20
14,5,20
14,5,20
14,5,20
14,5,20
14,5,20
14,5,20
14,5,20
14,5,20
14,5,20
14,5,20
14,352,20
14,352,20
14,352,20
14,352,20
14,352,20
14,352,20
14,352,20
14,352,20
14,352,20
14,352,20
14,352,20
14,352,20
14,352,20
14,352,20
14,352,20
14,352,20
14,352,20
14,352,20
14,352,20
14,352,20
14,352,20
14,352,20
14,20,20
14,20,20
14,20,20
14,20,20
14,20,20
14,20,20
14,20,20
14,20,20
14,20,20
14,20,20
14,20,20
14,20,20
14,20,20
14,20,20
14,20,20
14,20,20
14,20,20
14,20,20
14,20,20
14,20,20
14,20,20
14,20,20
14,20,20
14,20,20
334,319,20
334,319,20
334,319,20
334,319,20
334,319,20
334,319,20
334,319,20
334,319,20
334,319,20
334,319,20
334,319,20
334,319,20
334,319,20
334,319,20
334,319,20
334,319,20
334,319,20
334,319,20
334,319,20
334,319,20
334,319,20
334,319,20
334,319,20
334,319,20
334,319,20
334,319,20
334,319,20
334,319,20
334,319,20
334,319,20
334,319,20
334,319,20
334,319,20
334,319,20
334,319,20
334,319,20
334,330,20
334,330,20
334,330,20
334,330,20
334,330,20
334,330,20
334,330,20
334,330,20
334,330,20
334,330,20
334,330,20
334,330,20
334,314,20
334,314,20
334,314,20
334,314,20
334,314,20
334,314,20
334,314,20
334,314,20
334,314,20
334,314,20
334,314,20
334,314,20
334,314,20
334,328,20
334,328,20
334,328,20
334,328,20
334,328,20
334,328,20
334,328,20
334,328,20
334,328,20
334,328,20
334,328,20
334,328,20
334,328,20
334,328,20
334,328,20
334,328,20
334,328,20
334,328,20
334,328,20
334,328,20
334,328,20
334,328,20
334,328,20
334,328,20
334,328,20
334,328,20
334,328,20
334,350,20
334,350,20
334,350,20
334,350,20
334,350,20
334,350,20
334,350,20
334,350,20
334,350,20
334,350,20
334,350,20
334,350,20
334,344,20
334,344,20
334,344,20
334,344,20
334,344,20
334,344,20
334,344,20
334,344,20
334,344,20
334,344,20
334,344,20
334,344,20
334,344,20
334,344,20
334,344,20
334,344,20
334,344,20
334,344,20
334,344,20
334,344,20
334,344,20
334,344,20
334,344,20
334,344,20
334,344,20
334,344,20
334,344,20
334,344,20
334,344,20
334,344,20
304,299,20
304,299,20
304,299,20
304,299,20
304,299,20
304,299,20
304,299,20
304,313,20
304,313,20
304,313,20
304,313,20
304,313,20
304,313,20
304,313,20
304,313,20
304,313,20
304,313,20
304,313,20
304,313,20
304,290,20
304,290,20
304,290,20
304,290,20
304,290,20
304,290,20
304,290,20
304,290,20
304,290,20
304,290,20
304,290,20
304,290,20
304,290,20
304,290,20
304,290,20
304,290,20
304,290,20
304,290,20
304,290,20
304,290,20
304,290,20
304,290,20
304,290,20
304,290,20
304,290,20
304,290,20
304,290,20
304,290,20
304,290,20
304,290,20
304,290,20
304,290,20
304,290,20
304,290,20
304,290,20
304,290,20
304,290,20
304,290,20
304,290,20
304,290,20
304,290,20
304,290,20
304,290,20
304,290,20
304,290,20
304,290,20
304,290,20
304,290,20
304,290,20
304,307,20
304,307,20
304,307,20
304,307,20
304,307,20
304,307,20
304,307,20
304,307,20
304,307,20
304,307,20
304,305,20
304,305,20
304,305,20
304,305,20
304,305,20
304,305,20
304,305,20
304,305,20
304,305,20
304,305,20
304,305,20
304,305,20
304,305,20
304,305,20
304,305,20
304,305,20
304,306,20
304,306,20
304,306,20
304,306,20
304,306,20
304,306,20
304,306,20
304,306,20
304,306,20
304,306,20
304,306,20
304,306,20
304,306,20
304,306,20
304,306,20
304,306,20
304,306,20
304,306,20
304,306,20
304,306,20
304,306,20
304,306,20
304,306,20
304,306,20
304,306,20
304,306,20
304,306,20
304,306,20
304,306,20
304,306,20
304,306,20
304,306,20
304,306,20
304,306,20
304,306,20
304,306,20
304,306,20
304,306,20
304,306,20
304,306,20
304,306,20
304,306,20
304,306,20
304,306,20
304,306,20
304,306,20
304,306,20
304,306,20
304,306,20
304,306,20
284,270,20
284,270,20
284,270,20
284,270,20
284,270,20
284,270,20
284,270,20
284,270,20
284,270,20
284,270,20
284,270,20
284,270,20
284,270,20
284,270,20
284,270,20
284,344,20
284,344,20
284,344,20
284,344,20
284,344,20
284,344,20
284,344,20
284,344,20
284,344,20
284,344,20
284,344,20
284,344,20
284,344,20
284,344,20
284,344,20
284,344,20
284,344,20
284,344,20
284,344,20
284,344,20
284,344,20
284,344,20
284,344,20
284,344,20
284,344,20
284,344,20
284,344,20
284,344,20
284,344,20
284,344,20
284,344,20
284,344,20
284,344,20
284,344,20
284,344,20
284,344,20
284,344,20
284,344,20
284,344,20
284,344,20
284,344,20
284,344,20
284,344,20
284,344,20
284,344,20
284,344,20
284,344,20
284,344,20
284,344,20
284,344,20
284,344,20
284,344,20
284,344,20
284,344,20
284,344,20
284,285,20
284,285,20
284,285,20
284,285,20
284,285,20
284,285,20
284,285,20
284,285,20
284,285,20
284,285,20
284,285,20
284,285,20
284,285,20
284,285,20
284,285,20
284,285,20
284,285,20
284,285,20
284,300,20
284,300,20
284,300,20
284,300,20
284,300,20
284,300,20
284,300,20
284,300,20
284,300,20
284,300,20
284,300,20
284,300,20
284,300,20
284,300,20
284,300,20
284,300,20
284,300,20
284,300,20
284,300,20
284,300,20
284,300,20
284,300,20
284,300,20
284,300,20
284,300,20
284,300,20
284,300,20
284,300,20
284,300,20
284,300,20
284,300,20
284,300,20
284,300,20
284,300,20
284,300,20
284,300,20
284,300,20
284,300,20
284,300,20
284,300,20
284,300,20
284,300,20
284,300,20
284,300,20
284,300,20
284,300,20
284,283,20
284,283,20
284,283,20
284,283,20
284,283,20
284,283,20
284,283,20
284,283,20
284,283,20
284,283,20
284,283,20
284,283,20
284,283,20
284,283,20
284,283,20
284,283,20
284,283,20
244,250,20
244,250,20
244,250,20
244,250,20
244,250,20
244,250,20
244,250,20
244,250,20
244,250,20
244,250,20
244,250,20
244,250,20
244,250,20
244,250,20
244,250,20
244,250,20
244,250,20
244,250,20
244,250,20
244,250,20
244,250,20
244,250,20
244,250,20
244,250,20
244,250,20
244,250,20
244,226,20
244,226,20
244,226,20
244,226,20
244,226,20
244,226,20
244,226,20
244,226,20
244,226,20
244,226,20
244,226,20
244,226,20
244,226,20
244,226,20
244,226,20
244,226,20
244,226,20
244,226,20
244,226,20
244,226,20
244,226,20
244,226,20
244,226,20
244,226,20
244,226,20
244,226,20
244,226,20
244,226,20
244,226,20
244,226,20
244,226,20
244,226,20
244,226,20
244,226,20
244,226,20
244,226,20
244,226,20
244,226,20
244,226,20
244,226,20
244,226,20
244,226,20
244,226,20
244,226,20
244,226,20
244,286,20
244,286,20
244,286,20
244,286,20
244,286,20
244,286,20
244,286,20
244,286,20
244,286,20
244,286,20
244,286,20
244,286,20
244,286,20
244,286,20
244,286,20
244,252,20
244,252,20
244,252,20
244,252,20
244,252,20
244,252,20
244,252,20
244,252,20
244,252,20
244,252,20
244,252,20
244,252,20
244,252,20
244,252,20
244,252,20
244,252,20
244,252,20
244,252,20
244,252,20
244,252,20
244,252,20
244,252,20
244,252,20
244,252,20
244,252,20
244,252,20
244,252,20
244,252,20
244,252,20
244,252,20
244,252,20
244,252,20
244,252,20
244,252,20
244,252,20
244,252,20
244,252,20
244,285,20
244,285,20
244,285,20
244,285,20
244,285,20
244,285,20
244,285,20
244,285,20
244,285,20
244,285,20
244,285,20
244,285,20
244,285,20
244,285,20
244,285,20
244,285,20
244,285,20
244,285,20
244,285,20
244,285,20
244,285,20
244,285,20
244,285,20
244,285,20
244,285,20
244,285,20
244,285,20
244,285,20
244,285,20
244,285,20
244,285,20
244,285,20
244,285,20
244,285,20
244,285,20
244,285,20
244,285,20
244,285,20
244,285,20
244,285,20
244,285,20
244,285,20
244,285,20
244,285,20
244,285,20
244,285,20
244,285,20
244,285,20
244,285,20
244,285,20
214,209,20
214,209,20
214,209,20
214,209,20
214,209,20
214,209,20
214,209,20
214,209,20
214,209,20
214,209,20
214,209,20
214,209,20
214,209,20
214,209,20
214,209,20
214,209,20
214,255,20
214,255,20
214,255,20
214,255,20
214,255,20
214,255,20
214,255,20
214,255,20
214,255,20
214,255,20
214,255,20
214,255,20
214,255,20
214,255,20
214,255,20
214,255,20
214,255,20
214,255,20
214,255,20
214,255,20
214,204,20
214,204,20
214,204,20
214,204,20
214,204,20
214,204,20
214,204,20
214,204,20
214,204,20
214,204,20
214,204,20
214,204,20
214,204,20
214,204,20
214,204,20
214,204,20
214,204,20
214,204,20
214,204,20
214,204,20
214,204,20
214,204,20
214,204,20
214,204,20
214,204,20
214,204,20
214,204,20
214,204,20
214,204,20
214,204,20
214,204,20
214,204,20
214,204,20
214,204,20
214,216,20
214,216,20
214,216,20
214,216,20
214,216,20
214,216,20
214,216,20
214,216,20
214,241,20
214,241,20
214,241,20
214,241,20
214,241,20
214,241,20
214,241,20
214,241,20
214,241,20
214,241,20
214,241,20
214,241,20
214,241,20
214,241,20
214,241,20
214,241,20
214,241,20
214,241,20
214,241,20
214,241,20
214,241,20
214,241,20
214,209,20
214,209,20
214,209,20
214,209,20
214,209,20
214,209,20
214,209,20
214,209,20
214,209,20
214,251,20
214,251,20
214,251,20
214,251,20
214,251,20
214,251,20
214,251,20
214,251,20
214,251,20
214,251,20
214,206,20
214,206,20
214,206,20
214,206,20
214,206,20
214,206,20
214,206,20
214,206,20
214,206,20
214,206,20
214,206,20
214,206,20
214,206,20
214,206,20
214,206,20
214,206,20
214,206,20
214,206,20
214,206,20
214,206,20
214,206,20
214,206,20
214,206,20
214,206,20
214,206,20
214,206,20
214,206,20
214,206,20
214,206,20
214,221,20
214,221,20
214,221,20
214,221,20
214,221,20
214,221,20
214,221,20
214,221,20
214,221,20
214,221,20
214,221,20
214,221,20
214,221,20
214,221,20
214,221,20
214,221,20
214,221,20
214,221,20
214,221,20
214,221,20
214,221,20
214,221,20
214,221,20
214,221,20
214,221,20
214,221,20
214,221,20
214,221,20
214,221,20
214,221,20
214,221,20
214,159,20
214,159,20
214,159,20
214,159,20
214,159,20
214,159,20
214,159,20
214,159,20
214,159,20
214,159,20
214,159,20
214,224,20
214,224,20
214,224,20
214,224,20
214,224,20
214,224,20
214,219,20
214,219,20
214,219,20
214,219,20
214,219,20
214,219,20
214,219,20
234,232,20
234,232,20
234,232,20
234,232,20
234,232,20
234,232,20
234,232,20
234,232,20
234,232,20
234,232,20
234,232,20
234,232,20
234,232,20
234,232,20
234,232,20
234,232,20
234,232,20
234,232,20
234,231,20
234,231,20
234,231,20
234,231,20
234,231,20
234,231,20
234,231,20
234,231,20
234,231,20
234,231,20
234,231,20
234,231,20
234,231,20
234,222,20
234,222,20
234,222,20
234,222,20
234,222,20
234,222,20
234,222,20
234,222,20
234,222,20
234,222,20
234,222,20
234,222,20
234,222,20
234,204,20
234,204,20
234,204,20
234,204,20
234,204,20
234,204,20
234,204,20
234,204,20
234,204,20
234,204,20
234,204,20
234,204,20
234,204,20
234,204,20
234,204,20
234,204,20
234,234,20
234,234,20
234,234,20
234,234,20
234,234,20
234,234,20
234,234,20
234,234,20
234,234,20
234,234,20
234,234,20
234,234,20
234,234,20
234,234,20
234,234,20
234,234,20
234,234,20
234,234,20
234,234,20
234,234,20
234,234,20
234,234,20
234,234,20
234,234,20
234,234,20
234,234,20
234,234,20
234,234,20
234,234,20
234,234,20
234,234,20
234,234,20
234,234,20
234,234,20
234,234,20
234,234,20
234,234,20
234,234,20
234,234,20
234,234,20
234,234,20
234,234,20
234,234,20
234,234,20
234,234,20
234,242,20
234,242,20
234,242,20
234,242,20
234,242,20
234,242,20
234,242,20
234,242,20
234,242,20
234,242,20
234,242,20
234,242,20
234,242,20
234,242,20
234,242,20
234,242,20
234,242,20
234,242,20
234,242,20
234,242,20
234,226,20
234,226,20
234,226,20
234,226,20
234,226,20
234,226,20
234,226,20
234,226,20
234,226,20
234,277,20
234,277,20
234,277,20
234,277,20
234,277,20
234,277,20
234,277,20
234,277,20
234,277,20
234,277,20
234,277,20
234,277,20
234,277,20
234,277,20
234,277,20
234,277,20
234,277,20
234,277,20
234,277,20
234,277,20
234,277,20
234,277,20
234,277,20
234,277,20
234,277,20
234,277,20
234,277,20
234,277,20
234,277,20
234,277,20
234,277,20
234,277,20
234,277,20
234,277,20
234,277,20
234,277,20
234,277,20
234,277,20
234,277,20
234,233,20
234,233,20
234,233,20
234,233,20
234,233,20
234,233,20
234,233,20
234,233,20
234,233,20
234,233,20
234,233,20
234,233,20
234,233,20
234,233,20
234,233,20
234,233,20
234,233,20
234,233,20
234,233,20
234,233,20
234,233,20
234,233,20
234,233,20
234,233,20
234,233,20
234,233,20
234,233,20
234,233,20
234,233,20
234,233,20
234,233,20
234,233,20
234,233,20
234,233,20
234,233,20
234,233,20
234,233,20
234,233,20
234,233,20
234,233,20
234,245,20
234,245,20
234,245,20
234,245,20
234,245,20
234,245,20
234,245,20
234,245,20
234,245,20
234,245,20
234,245,20
234,236,20
234,236,20
234,236,20
234,236,20
234,236,20
234,236,20
234,236,20
234,236,20
234,236,20
234,236,20
234,243,20
234,243,20
234,243,20
234,243,20
234,243,20
234,243,20
234,243,20
234,243,20
234,243,20
234,243,20
234,243,20
234,243,20
234,243,20
234,243,20
234,243,20
234,243,20
234,243,20
234,243,20
234,243,20
234,243,20
234,243,20
234,243,20
234,243,20
234,243,20
234,243,20
234,243,20
234,243,20
234,243,20
234,243,20
234,243,20
234,243,20
234,243,20
234,243,20
234,243,20
234,243,20
234,243,20
234,243,20
234,243,20
234,243,20
234,243,20
234,243,20
264,241,20
264,241,20
264,241,20
264,241,20
264,241,20
264,241,20
264,241,20
264,241,20
264,241,20
264,241,20
264,241,20
264,241,20
264,241,20
264,241,20
264,241,20
264,241,20
264,262,20
264,262,20
264,262,20
264,262,20
264,262,20
264,262,20
264,262,20
264,262,20
264,287,20
264,287,20
264,287,20
264,287,20
264,287,20
264,287,20
264,287,20
264,287,20
264,287,20
264,287,20
264,287,20
264,287,20
264,287,20
264,287,20
264,287,20
264,287,20
264,287,20
264,287,20
264,287,20
264,287,20
264,287,20
264,287,20
264,287,20
264,287,20
264,287,20
264,287,20
264,287,20
264,287,20
264,287,20
264,287,20
264,287,20
264,287,20
264,287,20
264,287,20
264,287,20
264,287,20
264,287,20
264,287,20
264,287,20
264,287,20
264,287,20
264,287,20
264,287,20
264,242,20
264,242,20
264,242,20
264,242,20
264,242,20
264,242,20
264,252,20
264,252,20
264,252,20
264,252,20
264,252,20
264,252,20
264,252,20
264,252,20
264,252,20
264,252,20
264,252,20
264,252,20
264,252,20
264,252,20
264,252,20
264,252,20
264,252,20
264,252,20
264,252,20
264,252,20
264,252,20
264,252,20
264,252,20
264,252,20
264,252,20
264,252,20
264,252,20
264,252,20
264,252,20
264,252,20
264,252,20
264,252,20
264,252,20
264,252,20
264,252,20
264,252,20
264,252,20
264,252,20
264,252,20
264,252,20
264,252,20
264,252,20
264,252,20
264,252,20
264,252,20
264,252,20
264,252,20
264,252,20
264,252,20
264,252,20
264,252,20
264,252,20
264,252,20
264,252,20
264,252,20
264,252,20
264,252,20
264,252,20
264,252,20
264,252,20
264,252,20
264,252,20
264,252,20
264,252,20
264,252,20
264,252,20
264,252,20
264,252,20
264,252,20
264,252,20
264,238,20
264,238,20
264,238,20
264,238,20
264,238,20
264,238,20
264,238,20
264,238,20
264,238,20
264,238,20
264,286,20
264,286,20
264,286,20
264,286,20
264,286,20
264,286,20
264,286,20
264,286,20
264,286,20
304,298,20
304,298,20
304,298,20
304,298,20
304,298,20
304,298,20
304,298,20
304,298,20
304,298,20
304,298,20
304,298,20
304,298,20
304,298,20
304,298,20
304,298,20
304,298,20
304,298,20
304,298,20
304,298,20
304,298,20
304,298,20
304,298,20
304,298,20
304,298,20
304,298,20
304,298,20
304,298,20
304,298,20
304,298,20
304,298,20
304,298,20
304,298,20
304,298,20
304,298,20
304,298,20
304,298,20
304,298,20
304,298,20
304,298,20
304,315,20
304,315,20
304,315,20
304,315,20
304,315,20
304,315,20
304,315,20
304,304,20
304,304,20
304,304,20
304,304,20
304,304,20
304,304,20
304,304,20
304,304,20
304,304,20
304,304,20
304,304,20
304,304,20
304,304,20
304,304,20
304,304,20
304,304,20
304,304,20
304,304,20
304,304,20
304,304,20
304,304,20
304,304,20
304,332,20
304,332,20
304,332,20
304,332,20
304,332,20
304,332,20
304,332,20
304,332,20
304,332,20
304,332,20
304,332,20
304,332,20
304,332,20
304,332,20
304,332,20
304,332,20
304,332,20
304,332,20
304,332,20
304,332,20
304,332,20
304,332,20
304,332,20
304,332,20
304,332,20
304,332,20
304,332,20
304,332,20
304,314,20
304,314,20
304,314,20
304,314,20
304,314,20
304,314,20
304,333,20
304,333,20
304,333,20
304,333,20
304,333,20
304,333,20
304,333,20
304,333,20
304,333,20
304,333,20
304,333,20
304,333,20
304,333,20
304,333,20
304,333,20
304,333,20
304,333,20
304,333,20
304,333,20
304,316,20
304,316,20
304,316,20
304,316,20
304,316,20
304,316,20
304,316,20
304,316,20
304,316,20
304,316,20
304,316,20
304,316,20
304,316,20
304,316,20
304,316,20
304,316,20
304,316,20
304,316,20
304,316,20
304,316,20
304,316,20
304,316,20
304,316,20
304,316,20
304,316,20
304,316,20
304,316,20
304,316,20
304,316,20
304,316,20
304,316,20
304,316,20
274,270,20
274,270,20
274,270,20
274,270,20
274,270,20
274,270,20
274,270,20
274,270,20
274,270,20
274,270,20
274,270,20
274,270,20
274,270,20
274,270,20
274,270,20
274,270,20
274,270,20
274,270,20
274,270,20
274,270,20
274,270,20
274,270,20
274,270,20
274,270,20
274,270,20
274,270,20
274,270,20
274,270,20
274,270,20
274,270,20
274,270,20
274,270,20
274,270,20
274,270,20
274,270,20
274,270,20
274,270,20
274,270,20
274,270,20
274,270,20
274,270,20
274,270,20
274,270,20
274,270,20
274,307,20
274,307,20
274,307,20
274,307,20
274,307,20
274,307,20
274,301,20
274,301,20
274,301,20
274,301,20
274,301,20
274,301,20
274,301,20
274,301,20
274,301,20
274,301,20
274,301,20
274,301,20
274,301,20
274,301,20
274,301,20
274,301,20
274,301,20
274,301,20
274,301,20
274,301,20
274,301,20
274,301,20
274,301,20
274,301,20
274,281,20
274,281,20
274,281,20
274,281,20
274,281,20
274,281,20
274,281,20
274,281,20
274,281,20
274,281,20
274,281,20
274,281,20
274,288,20
274,288,20
274,288,20
274,288,20
274,288,20
274,288,20
274,288,20
274,288,20
274,288,20
274,288,20
274,288,20
274,288,20
274,288,20
274,288,20
274,249,20
274,249,20
274,249,20
274,249,20
274,249,20
274,249,20
274,269,20
274,269,20
274,269,20
274,269,20
274,269,20
274,269,20
274,269,20
274,269,20
274,269,20
274,269,20
274,269,20
274,269,20
274,269,20
274,269,20
274,269,20
274,269,20
274,269,20
274,269,20
274,269,20
274,269,20
274,269,20
274,269,20
274,240,20
274,240,20
274,240,20
274,240,20
274,240,20
274,240,20
274,240,20
274,240,20
274,240,20
274,240,20
274,240,20
274,240,20
274,240,20
274,240,20
274,240,20
274,240,20
274,240,20
274,240,20
274,240,20
274,240,20
274,240,20
274,240,20
274,240,20
274,240,20
274,240,20
274,240,20
274,240,20
274,240,20
274,240,20
274,240,20
274,240,20
274,240,20
274,253,20
274,253,20
274,253,20
274,253,20
274,253,20
274,253,20
274,253,20
274,253,20
274,253,20
274,253,20
274,253,20
274,253,20
274,253,20
274,253,20
274,253,20
274,253,20
274,253,20
274,278,20
274,278,20
274,278,20
274,278,20
274,278,20
274,278,20
274,278,20
274,278,20
274,300,20
274,300,20
274,300,20
274,300,20
274,300,20
274,300,20
274,300,20
274,300,20
274,300,20
274,300,20
274,300,20
274,300,20
274,300,20
274,300,20
274,300,20
274,300,20
274,254,20
274,254,20
274,254,20
274,254,20
274,254,20
274,254,20
274,254,20
274,254,20
274,254,20
274,254,20
274,254,20
274,254,20
274,254,20
274,254,20
274,254,20
274,254,20
274,254,20
274,258,20
274,258,20
274,258,20
274,258,20
274,258,20
274,258,20
274,258,20
274,258,20
274,258,20
274,258,20
274,258,20
274,258,20
274,258,20
274,258,20
274,258,20
274,245,20
274,245,20
274,245,20
274,245,20
274,245,20
274,245,20
274,245,20
274,245,20
274,245,20
274,245,20
244,240,20
244,240,20
244,240,20
244,240,20
244,240,20
244,240,20
244,240,20
244,240,20
244,240,20
244,240,20
244,240,20
244,240,20
244,240,20
244,240,20
244,240,20
244,240,20
244,240,20
244,240,20
244,240,20
244,240,20
244,240,20
244,240,20
244,240,20
244,240,20
244,240,20
244,240,20
244,240,20
244,240,20
244,240,20
244,240,20
244,240,20
244,240,20
244,240,20
244,240,20
244,240,20
244,240,20
244,240,20
244,240,20
244,240,20
244,240,20
244,240,20
244,240,20
244,240,20
244,240,20
244,240,20
244,240,20
244,240,20
244,240,20
244,240,20
244,240,20
244,240,20
244,240,20
244,240,20
244,240,20
244,240,20
244,240,20
244,240,20
244,228,20
244,228,20
244,228,20
244,228,20
244,228,20
244,228,20
244,228,20
244,228,20
244,228,20
244,228,20
244,228,20
244,228,20
244,228,20
244,228,20
244,228,20
244,228,20
244,228,20
244,228,20
244,228,20
244,228,20
244,228,20
244,228,20
244,228,20
244,228,20
244,267,20
244,267,20
244,267,20
244,267,20
244,267,20
244,267,20
244,267,20
244,267,20
244,267,20
244,267,20
244,267,20
244,267,20
244,267,20
244,267,20
244,267,20
244,267,20
244,267,20
244,267,20
244,267,20
244,267,20
244,267,20
244,267,20
244,267,20
244,267,20
244,267,20
244,267,20
244,267,20
244,267,20
244,233,20
244,233,20
244,233,20
244,233,20
244,233,20
244,233,20
244,233,20
244,233,20
244,233,20
244,233,20
244,233,20
244,233,20
244,233,20
244,233,20
244,233,20
244,233,20
244,283,20
244,283,20
244,283,20
244,283,20
244,283,20
244,283,20
244,283,20
244,283,20
244,283,20
244,283,20
244,283,20
244,283,20
244,283,20
244,283,20
244,283,20
244,283,20
244,228,20
244,228,20
244,228,20
244,228,20
244,228,20
244,228,20
244,228,20
244,228,20
244,211,20
244,211,20
244,211,20
244,211,20
244,211,20
244,211,20
244,211,20
244,211,20
244,211,20
244,211,20
244,211,20
244,211,20
244,211,20
244,211,20
244,211,20
244,211,20
244,211,20
244,211,20
244,211,20
244,211,20
244,211,20
244,211,20
244,211,20
244,262,20
244,262,20
244,262,20
244,262,20
244,262,20
244,262,20
244,262,20
244,262,20
244,262,20
244,262,20
244,262,20
244,262,20
244,262,20
244,262,20
244,262,20
244,262,20
244,262,20
244,262,20
244,262,20
244,262,20
244,262,20
244,262,20
244,262,20
244,262,20
244,262,20
244,262,20
244,262,20
244,262,20
244,262,20
244,262,20
244,262,20
244,262,20
244,262,20
244,212,20
244,212,20
244,212,20
244,212,20
244,212,20
244,212,20
244,212,20
244,212,20
244,212,20
244,212,20
244,212,20
244,212,20
244,212,20
244,212,20
244,212,20
244,212,20
244,212,20
244,212,20
244,212,20
244,212,20
244,212,20
244,212,20
244,212,20
244,212,20
244,212,20
244,212,20
244,239,20
244,239,20
244,239,20
244,239,20
244,239,20
244,239,20
244,239,20
244,239,20
244,239,20
244,239,20
244,239,20
244,239,20
244,239,20
244,239,20
244,239,20
244,239,20
244,239,20
244,239,20
244,239,20
244,239,20
244,239,20
244,239,20
244,239,20
244,239,20
244,239,20
244,239,20
244,239,20
264,248,20
264,248,20
264,248,20
264,248,20
264,248,20
264,248,20
264,248,20
264,248,20
264,248,20
264,248,20
264,248,20
264,248,20
264,248,20
264,248,20
264,248,20
264,248,20
264,248,20
264,248,20
264,248,20
264,248,20
264,248,20
264,248,20
264,248,20
264,248,20
264,248,20
264,248,20
264,248,20
264,248,20
264,248,20
264,248,20
264,248,20
264,248,20
264,248,20
264,248,20
264,248,20
264,248,20
264,248,20
264,248,20
264,248,20
264,248,20
264,248,20
264,248,20
264,248,20
264,248,20
264,296,20
264,296,20
264,296,20
264,296,20
264,296,20
264,296,20
264,296,20
264,296,20
264,296,20
264,296,20
264,296,20
264,296,20
264,296,20
264,296,20
264,296,20
264,296,20
264,296,20
264,296,20
264,296,20
264,296,20
264,296,20
264,296,20
264,296,20
264,296,20
264,296,20
264,296,20
264,296,20
264,296,20
264,296,20
264,296,20
264,296,20
264,296,20
264,296,20
264,296,20
264,296,20
264,296,20
264,296,20
264,296,20
264,296,20
264,296,20
264,296,20
264,296,20
264,296,20
264,296,20
264,296,20
264,296,20
264,296,20
264,296,20
264,296,20
264,296,20
264,296,20
264,296,20
264,296,20
264,277,20
264,277,20
264,277,20
264,277,20
264,277,20
264,277,20
264,277,20
264,277,20
264,277,20
264,277,20
264,277,20
264,277,20
264,277,20
264,277,20
264,277,20
264,265,20
264,265,20
264,265,20
264,265,20
264,265,20
264,265,20
264,265,20
264,265,20
264,265,20
264,265,20
264,265,20
264,265,20
264,265,20
264,265,20
264,265,20
264,265,20
264,265,20
264,239,20
264,239,20
264,239,20
264,239,20
264,239,20
264,239,20
264,239,20
264,239,20
264,239,20
264,239,20
264,239,20
264,239,20
264,239,20
264,239,20
264,239,20
264,239,20
264,239,20
264,239,20
264,239,20
264,239,20
264,239,20
264,239,20
264,239,20
264,239,20
264,239,20
264,239,20
264,239,20
264,239,20
264,239,20
264,239,20
264,239,20
264,239,20
264,239,20
264,239,20
264,239,20
264,239,20
264,239,20
264,239,20
264,239,20
264,239,20
264,239,20
264,239,20
264,239,20
264,239,20
264,239,20
264,293,20
264,293,20
264,293,20
264,293,20
264,293,20
264,293,20
264,293,20
264,293,20
264,293,20
264,293,20
264,293,20
264,293,20
264,293,20
264,293,20
264,293,20
264,293,20
264,293,20
264,293,20
264,260,20
264,260,20
264,260,20
264,260,20
264,260,20
264,260,20
264,260,20
264,260,20
264,260,20
264,260,20
264,260,20
264,260,20
264,260,20
264,260,20
264,260,20
264,260,20
264,260,20
264,260,20
264,260,20
234,219,20
234,219,20
234,219,20
234,219,20
234,219,20
234,219,20
234,219,20
234,219,20
234,219,20
234,219,20
234,219,20
234,228,20
234,228,20
234,228,20
234,228,20
234,228,20
234,228,20
234,228,20
234,228,20
234,228,20
234,228,20
234,228,20
234,228,20
234,228,20
234,228,20
234,228,20
234,228,20
234,228,20
234,228,20
234,228,20
234,228,20
234,228,20
234,228,20
234,228,20
234,228,20
234,228,20
234,228,20
234,228,20
234,228,20
234,228,20
234,228,20
234,228,20
234,228,20
234,228,20
234,228,20
234,228,20
234,228,20
234,228,20
234,228,20
234,228,20
234,228,20
234,228,20
234,228,20
234,228,20
234,228,20
234,231,20
234,231,20
234,231,20
234,231,20
234,231,20
234,231,20
234,231,20
234,231,20
234,231,20
234,231,20
234,241,20
234,241,20
234,241,20
234,241,20
234,241,20
234,241,20
234,241,20
234,241,20
234,241,20
234,213,20
234,213,20
234,213,20
234,213,20
234,213,20
234,213,20
234,213,20
234,213,20
234,213,20
234,213,20
234,213,20
234,213,20
234,213,20
234,213,20
234,213,20
234,213,20
234,213,20
234,213,20
234,213,20
234,213,20
234,213,20
234,213,20
234,213,20
234,213,20
234,213,20
234,213,20
234,214,20
234,214,20
234,214,20
234,214,20
234,214,20
234,214,20
234,214,20
234,214,20
234,214,20
234,214,20
234,214,20
234,215,20
234,215,20
234,215,20
234,215,20
234,215,20
234,215,20
234,215,20
234,215,20
234,215,20
234,215,20
234,215,20
234,215,20
234,215,20
234,215,20
234,215,20
234,215,20
234,215,20
234,215,20
234,215,20
234,215,20
234,215,20
234,215,20
234,215,20
234,215,20
234,215,20
234,215,20
234,215,20
234,215,20
234,215,20
234,215,20
234,215,20
234,215,20
234,215,20
234,215,20
234,215,20
234,215,20
234,215,20
234,215,20
234,215,20
234,215,20
234,215,20
234,215,20
234,215,20
234,215,20
234,215,20
234,215,20
234,255,20
234,255,20
234,255,20
234,255,20
234,255,20
234,255,20
234,255,20
234,255,20
234,255,20
234,255,20
234,255,20
234,255,20
234,255,20
234,255,20
234,264,20
234,264,20
234,264,20
234,264,20
234,264,20
234,264,20
234,264,20
234,264,20
234,264,20
234,264,20
234,264,20
234,264,20
234,264,20
234,264,20
234,264,20
234,264,20
234,264,20
234,264,20
234,264,20
234,264,20
234,264,20
234,264,20
234,223,20
234,223,20
234,223,20
234,223,20
234,223,20
234,223,20
234,223,20
234,223,20
234,233,20
234,233,20
234,233,20
234,233,20
234,233,20
234,233,20
234,233,20
234,233,20
234,233,20
234,233,20
234,233,20
234,233,20
234,233,20
234,233,20
234,233,20
264,249,20
264,249,20
264,249,20
264,249,20
264,249,20
264,249,20
264,249,20
264,249,20
264,249,20
264,249,20
264,249,20
264,249,20
264,249,20
264,249,20
264,249,20
264,249,20
264,249,20
264,249,20
264,249,20
264,249,20
264,249,20
264,249,20
264,249,20
264,249,20
264,249,20
264,249,20
264,249,20
264,249,20
264,249,20
264,249,20
264,295,20
264,295,20
264,295,20
264,295,20
264,295,20
264,295,20
264,295,20
264,295,20
264,295,20
264,295,20
264,295,20
264,295,20
264,295,20
264,295,20
264,295,20
264,295,20
264,295,20
264,295,20
264,295,20
264,295,20
264,295,20
264,295,20
264,295,20
264,295,20
264,295,20
264,295,20
264,295,20
264,295,20
264,295,20
264,295,20
264,295,20
264,295,20
264,295,20
264,295,20
264,295,20
264,295,20
264,295,20
264,295,20
264,295,20
264,295,20
264,295,20
264,295,20
264,295,20
264,295,20
264,295,20
264,295,20
264,295,20
264,295,20
264,295,20
264,295,20
264,295,20
264,274,20
264,274,20
264,274,20
264,274,20
264,274,20
264,274,20
264,274,20
264,274,20
264,274,20
264,274,20
264,274,20
264,274,20
264,274,20
264,274,20
264,274,20
264,274,20
264,274,20
264,274,20
264,274,20
264,274,20
264,274,20
264,274,20
264,274,20
264,274,20
264,274,20
264,274,20
264,274,20
264,274,20
264,274,20
264,274,20
264,274,20
264,274,20
264,270,20
264,270,20
264,270,20
264,270,20
264,270,20
264,270,20
264,270,20
264,270,20
264,270,20
264,270,20
264,283,20
264,283,20
264,283,20
264,283,20
264,283,20
264,283,20
264,283,20
264,283,20
264,283,20
264,283,20
264,283,20
264,283,20
264,283,20
264,283,20
264,270,20
264,270,20
264,270,20
264,270,20
264,270,20
264,270,20
264,270,20
264,270,20
264,270,20
264,270,20
264,270,20
264,270,20
264,273,20
264,273,20
264,273,20
264,273,20
264,273,20
264,273,20
264,273,20
264,273,20
264,273,20
264,273,20
264,273,20
264,273,20
264,273,20
264,273,20
264,273,20
264,273,20
264,273,20
264,273,20
264,273,20
264,273,20
264,273,20
264,273,20
264,255,20
264,255,20
264,255,20
264,255,20
264,255,20
264,255,20
264,255,20
264,255,20
264,255,20
264,255,20
264,255,20
264,255,20
264,255,20
264,231,20
264,231,20
264,231,20
264,231,20
264,231,20
264,231,20
264,231,20
264,231,20
264,231,20
264,231,20
264,231,20
264,231,20
264,231,20
264,231,20
264,231,20
264,231,20
264,274,20
264,274,20
264,274,20
264,274,20
264,274,20
264,274,20
264,274,20
264,274,20
264,274,20
264,265,20
264,265,20
264,265,20
264,265,20
264,265,20
264,265,20
264,265,20
264,265,20
264,265,20
264,265,20
264,265,20
264,265,20
264,265,20
264,265,20
284,259,20
284,259,20
284,259,20
284,259,20
284,259,20
284,259,20
284,292,20
284,292,20
284,292,20
284,292,20
284,292,20
284,292,20
284,292,20
284,292,20
284,292,20
284,292,20
284,292,20
284,292,20
284,292,20
284,292,20
284,292,20
284,292,20
284,304,20
284,304,20
284,304,20
284,304,20
284,304,20
284,304,20
284,276,20
284,276,20
284,276,20
284,276,20
284,276,20
284,276,20
284,276,20
284,276,20
284,276,20
284,276,20
284,276,20
284,276,20
284,276,20
284,276,20
284,276,20
284,276,20
284,276,20
284,276,20
284,276,20
284,276,20
284,276,20
284,276,20
284,276,20
284,276,20
284,276,20
284,276,20
284,276,20
284,276,20
284,276,20
284,276,20
284,276,20
284,276,20
284,276,20
284,276,20
284,276,20
284,276,20
284,276,20
284,276,20
284,276,20
284,276,20
284,276,20
284,289,20
284,289,20
284,289,20
284,289,20
284,289,20
284,289,20
284,289,20
284,289,20
284,289,20
284,289,20
284,289,20
284,289,20
284,289,20
284,289,20
284,289,20
284,289,20
284,289,20
284,289,20
284,289,20
284,289,20
284,289,20
284,289,20
284,289,20
284,289,20
284,289,20
284,289,20
284,289,20
284,289,20
284,289,20
284,289,20
284,289,20
284,289,20
284,289,20
284,289,20
284,289,20
284,289,20
284,289,20
284,289,20
284,289,20
284,289,20
284,289,20
284,289,20
284,289,20
284,289,20
284,289,20
284,289,20
284,289,20
284,289,20
284,305,20
284,305,20
284,305,20
284,305,20
284,305,20
284,305,20
284,305,20
284,305,20
284,305,20
284,305,20
284,305,20
284,305,20
284,305,20
284,305,20
284,305,20
284,305,20
284,305,20
284,305,20
284,305,20
284,305,20
284,305,20
284,305,20
284,305,20
284,305,20
284,305,20
284,305,20
284,305,20
284,305,20
284,305,20
284,305,20
284,305,20
284,305,20
284,305,20
284,305,20
284,305,20
284,305,20
284,305,20
284,305,20
284,305,20
284,305,20
284,305,20
284,305,20
284,305,20
284,305,20
284,279,20
284,279,20
284,279,20
284,279,20
284,279,20
284,279,20
284,279,20
284,279,20
284,279,20
284,279,20
284,279,20
284,279,20
284,279,20
284,279,20
284,279,20
284,279,20
284,279,20
284,279,20
284,279,20
284,279,20
284,279,20
284,279,20
284,304,20
284,304,20
284,304,20
284,304,20
284,304,20
284,304,20
284,304,20
284,304,20
284,304,20
284,304,20
284,304,20
284,304,20
284,304,20
254,260,20
254,260,20
254,260,20
254,260,20
254,260,20
254,260,20
254,260,20
254,274,20
254,274,20
254,274,20
254,274,20
254,274,20
254,274,20
254,274,20
254,274,20
254,274,20
254,274,20
254,274,20
254,274,20
254,274,20
254,232,20
254,232,20
254,232,20
254,232,20
254,232,20
254,232,20
254,232,20
254,232,20
254,232,20
254,232,20
254,232,20
254,231,20
254,231,20
254,231,20
254,231,20
254,231,20
254,231,20
254,231,20
254,231,20
254,231,20
254,231,20
254,231,20
254,231,20
254,231,20
254,231,20
254,231,20
254,231,20
254,231,20
254,231,20
254,231,20
254,231,20
254,231,20
254,231,20
254,231,20
254,222,20
254,222,20
254,222,20
254,222,20
254,222,20
254,222,20
254,222,20
254,222,20
254,222,20
254,222,20
254,222,20
254,222,20
254,222,20
254,222,20
254,222,20
254,222,20
254,222,20
254,222,20
254,222,20
254,222,20
254,222,20
254,222,20
254,222,20
254,222,20
254,222,20
254,230,20
254,230,20
254,230,20
254,230,20
254,230,20
254,230,20
254,230,20
254,230,20
254,230,20
254,230,20
254,230,20
254,230,20
254,230,20
254,248,20
254,248,20
254,248,20
254,248,20
254,248,20
254,248,20
254,259,20
254,259,20
254,259,20
254,259,20
254,259,20
254,259,20
254,259,20
254,259,20
254,259,20
254,259,20
254,259,20
254,259,20
254,259,20
254,259,20
254,259,20
254,259,20
254,259,20
254,259,20
254,259,20
254,290,20
254,290,20
254,290,20
254,290,20
254,290,20
254,290,20
254,290,20
254,290,20
254,290,20
254,290,20
254,290,20
254,290,20
254,290,20
254,290,20
254,290,20
254,290,20
254,290,20
254,290,20
254,290,20
254,290,20
254,282,20
254,282,20
254,282,20
254,282,20
254,282,20
254,282,20
254,267,20
254,267,20
254,267,20
254,267,20
254,267,20
254,267,20
254,267,20
254,267,20
254,267,20
254,267,20
254,267,20
254,267,20
254,267,20
254,267,20
254,267,20
254,267,20
254,267,20
254,267,20
254,267,20
254,267,20
254,267,20
254,267,20
254,267,20
254,267,20
254,267,20
254,267,20
254,267,20
254,267,20
254,267,20
254,267,20
254,267,20
254,267,20
254,267,20
254,267,20
254,267,20
254,267,20
254,267,20
254,267,20
254,267,20
254,267,20
254,240,20
254,240,20
254,240,20
254,240,20
254,240,20
254,240,20
254,240,20
254,240,20
254,240,20
254,240,20
254,240,20
254,240,20
254,240,20
254,240,20
254,240,20
254,240,20
254,240,20
254,240,20
254,240,20
254,256,20
254,256,20
254,256,20
254,256,20
254,256,20
254,256,20
254,256,20
254,256,20
254,256,20
254,256,20
254,256,20
254,256,20
254,256,20
254,256,20
254,256,20
254,256,20
254,256,20
254,256,20
254,256,20
254,256,20
254,256,20
254,256,20
254,256,20
254,256,20
254,256,20
254,256,20
254,253,20
254,253,20
254,253,20
254,253,20
254,253,20
254,253,20
254,253,20
254,253,20
284,304,20
284,304,20
284,304,20
284,304,20
284,304,20
284,304,20
284,304,20
284,304,20
284,292,20
284,292,20
284,292,20
284,292,20
284,292,20
284,292,20
284,292,20
284,292,20
284,292,20
284,292,20
284,292,20
284,292,20
284,292,20
284,277,20
284,277,20
284,277,20
284,277,20
284,277,20
284,277,20
284,277,20
284,277,20
284,277,20
284,277,20
284,277,20
284,277,20
284,277,20
284,277,20
284,277,20
284,277,20
284,277,20
284,277,20
284,277,20
284,277,20
284,277,20
284,277,20
284,277,20
284,277,20
284,277,20
284,277,20
284,277,20
284,277,20
284,277,20
284,277,20
284,277,20
284,277,20
284,277,20
284,277,20
284,277,20
284,277,20
284,303,20
284,303,20
284,303,20
284,303,20
284,303,20
284,303,20
284,303,20
284,303,20
284,303,20
284,303,20
284,303,20
284,303,20
284,303,20
284,303,20
284,303,20
284,303,20
284,303,20
284,303,20
284,303,20
284,303,20
284,267,20
284,267,20
284,267,20
284,267,20
284,267,20
284,267,20
284,267,20
284,267,20
284,267,20
284,267,20
284,271,20
284,271,20
284,271,20
284,271,20
284,271,20
284,271,20
284,271,20
284,271,20
284,271,20
284,271,20
284,271,20
284,271,20
284,271,20
284,271,20
284,271,20
284,271,20
284,312,20
284,312,20
284,312,20
284,312,20
284,312,20
284,312,20
284,312,20
284,312,20
284,312,20
284,312,20
284,312,20
284,312,20
284,312,20
284,312,20
284,312,20
284,312,20
284,312,20
284,312,20
284,312,20
284,312,20
284,312,20
284,312,20
284,312,20
284,312,20
284,312,20
284,312,20
284,312,20
284,312,20
284,312,20
284,312,20
284,312,20
284,312,20
284,312,20
284,312,20
284,312,20
284,312,20
284,312,20
284,312,20
284,312,20
284,312,20
284,312,20
284,312,20
284,312,20
284,287,20
284,287,20
284,287,20
284,287,20
284,287,20
284,287,20
284,287,20
284,287,20
284,287,20
284,287,20
284,287,20
284,287,20
284,287,20
284,292,20
284,292,20
284,292,20
284,292,20
284,292,20
284,292,20
284,292,20
284,292,20
284,292,20
284,292,20
284,292,20
284,292,20
284,292,20
284,292,20
284,292,20
284,292,20
284,292,20
284,292,20
284,292,20
284,292,20
284,292,20
284,292,20
284,292,20
284,292,20
284,292,20
284,292,20
284,292,20
284,292,20
284,292,20
284,292,20
284,292,20
284,292,20
284,292,20
284,292,20
284,292,20
284,292,20
284,299,20
284,299,20
284,299,20
284,299,20
284,299,20
284,299,20
284,299,20
284,299,20
284,299,20
284,299,20
284,299,20
284,299,20
284,299,20
284,299,20
284,299,20
284,299,20
284,299,20
284,299,20
284,299,20
284,299,20
284,299,20
284,299,20
284,299,20
284,299,20
284,299,20
284,299,20
284,299,20
284,299,20
284,299,20
284,299,20
284,299,20
284,299,20
284,299,20
284,299,20
284,299,20
284,299,20
284,299,20
284,299,20
284,299,20
284,297,20
284,297,20
284,297,20
284,297,20
284,297,20
284,297,20
284,304,20
284,304,20
284,304,20
284,304,20
284,304,20
284,304,20
284,304,20
284,304,20
284,304,20
284,304,20
284,304,20
324,297,20
324,297,20
324,297,20
324,297,20
324,297,20
324,297,20
324,297,20
324,297,20
324,297,20
324,297,20
324,297,20
324,297,20
324,297,20
324,297,20
324,297,20
324,297,20
324,297,20
324,297,20
324,297,20
324,297,20
324,297,20
324,297,20
324,297,20
324,297,20
324,297,20
324,297,20
324,297,20
324,297,20
324,297,20
324,297,20
324,297,20
324,297,20
324,297,20
324,297,20
324,297,20
324,344,20
324,344,20
324,344,20
324,344,20
324,344,20
324,344,20
324,344,20
324,344,20
324,344,20
324,351,20
324,351,20
324,351,20
324,351,20
324,351,20
324,351,20
324,351,20
324,351,20
324,351,20
324,351,20
324,351,20
324,351,20
324,351,20
324,351,20
324,351,20
324,351,20
324,351,20
324,351,20
324,349,20
324,349,20
324,349,20
324,349,20
324,349,20
324,349,20
324,322,20
324,322,20
324,322,20
324,322,20
324,322,20
324,322,20
324,322,20
324,322,20
324,322,20
324,322,20
324,322,20
324,322,20
324,322,20
324,322,20
324,348,20
324,348,20
324,348,20
324,348,20
324,348,20
324,348,20
324,348,20
324,348,20
324,348,20
324,348,20
324,348,20
324,348,20
324,348,20
324,348,20
324,348,20
324,348,20
324,348,20
324,348,20
324,348,20
324,348,20
324,348,20
324,348,20
324,348,20
324,348,20
324,348,20
324,348,20
324,348,20
324,348,20
324,309,20
324,309,20
324,309,20
324,309,20
324,309,20
324,309,20
324,309,20
324,309,20
324,309,20
324,309,20
324,309,20
324,309,20
324,309,20
324,309,20
324,309,20
324,309,20
324,309,20
324,309,20
324,309,20
324,309,20
324,309,20
324,309,20
324,309,20
324,309,20
324,309,20
324,309,20
324,309,20
324,309,20
324,309,20
324,309,20
324,309,20
324,309,20
324,309,20
324,309,20
324,309,20
324,309,20
324,309,20
324,336,20
324,336,20
324,336,20
324,336,20
324,336,20
324,336,20
324,336,20
324,336,20
324,310,20
324,310,20
324,310,20
324,310,20
324,310,20
324,310,20
324,310,20
324,310,20
324,310,20
324,310,20
324,310,20
324,310,20
324,310,20
324,310,20
324,306,20
324,306,20
324,306,20
324,306,20
324,306,20
324,306,20
324,326,20
324,326,20
324,326,20
324,326,20
324,326,20
324,326,20
324,326,20
324,326,20
324,326,20
324,326,20
324,355,20
324,355,20
324,355,20
324,355,20
324,355,20
324,355,20
324,355,20
324,355,20
324,5,20
324,5,20
324,5,20
324,5,20
324,5,20
324,5,20
324,5,20
324,5,20
324,332,20
324,332,20
324,332,20
324,332,20
324,332,20
324,332,20
324,332,20
324,332,20
324,332,20
324,332,20
324,332,20
324,332,20
324,332,20
324,332,20
324,332,20
324,332,20
324,332,20
324,332,20
324,332,20
324,332,20
324,332,20
324,332,20
324,332,20
324,332,20
324,332,20
324,332,20
324,332,20
324,332,20
324,332,20
324,332,20
324,332,20
324,332,20
324,332,20
324,332,20
324,332,20
324,332,20
324,332,20
324,332,20
324,332,20
324,332,20
324,332,20
324,332,20
324,332,20
324,290,20
324,290,20
324,290,20
324,290,20
324,290,20
324,290,20
324,290,20
324,290,20
324,290,20
324,290,20
324,290,20
324,290,20
324,290,20
324,290,20
324,290,20
324,290,20
324,290,20
324,290,20
324,290,20
324,290,20
324,290,20
324,290,20
324,290,20
324,290,20
324,290,20
324,290,20
324,290,20
324,290,20
324,290,20
324,290,20
324,290,20
324,318,20
324,318,20
324,318,20
324,318,20
324,318,20
324,318,20
324,318,20
324,318,20
324,296,20
324,296,20
324,296,20
324,296,20
324,296,20
324,296,20
324,296,20
344,326,20
344,326,20
344,326,20
344,326,20
344,326,20
344,326,20
344,326,20
344,326,20
344,326,20
344,326,20
344,326,20
344,326,20
344,326,20
344,326,20
344,326,20
344,326,20
344,326,20
344,326,20
344,326,20
344,326,20
344,326,20
344,326,20
344,326,20
344,326,20
344,326,20
344,326,20
344,326,20
344,326,20
344,326,20
344,326,20
344,326,20
344,326,20
344,326,20
344,348,20
344,348,20
344,348,20
344,348,20
344,348,20
344,348,20
344,348,20
344,348,20
344,348,20
344,348,20
344,348,20
344,348,20
344,348,20
344,348,20
344,348,20
344,348,20
344,348,20
344,348,20
344,348,20
344,348,20
344,348,20
344,348,20
344,348,20
344,348,20
344,348,20
344,348,20
344,348,20
344,348,20
344,348,20
344,348,20
344,348,20
344,348,20
344,348,20
344,348,20
344,348,20
344,348,20
344,348,20
344,348,20
344,348,20
344,348,20
344,348,20
344,348,20
344,348,20
344,309,20
344,309,20
344,309,20
344,309,20
344,309,20
344,309,20
344,309,20
344,309,20
344,309,20
344,316,20
344,316,20
344,316,20
344,316,20
344,316,20
344,316,20
344,316,20
344,316,20
344,316,20
344,316,20
344,316,20
344,316,20
344,316,20
344,316,20
344,316,20
344,316,20
344,316,20
344,316,20
344,316,20
344,316,20
344,316,20
344,316,20
344,316,20
344,316,20
344,316,20
344,316,20
344,316,20
344,316,20
344,316,20
344,316,20
344,316,20
344,316,20
344,316,20
344,316,20
344,316,20
344,316,20
344,358,20
344,358,20
344,358,20
344,358,20
344,358,20
344,358,20
344,358,20
344,358,20
344,358,20
344,358,20
344,358,20
344,358,20
344,358,20
344,358,20
344,358,20
344,358,20
344,358,20
344,358,20
344,358,20
344,358,20
344,353,20
344,353,20
344,353,20
344,353,20
344,353,20
344,353,20
344,353,20
4,36,20
4,36,20
4,36,20
4,36,20
4,36,20
4,36,20
4,36,20
4,36,20
4,36,20
4,36,20
4,36,20
4,36,20
4,36,20
4,36,20
4,36,20
4,36,20
4,36,20
4,36,20
4,36,20
4,36,20
4,36,20
4,36,20
4,36,20
4,36,20
4,36,20
4,324,20
4,324,20
4,324,20
4,324,20
4,324,20
4,324,20
4,324,20
4,1,20
4,1,20
4,1,20
4,1,20
4,1,20
4,1,20
4,1,20
4,1,20
4,1,20
4,1,20
4,1,20
4,1,20
4,1,20
4,1,20
4,1,20
4,1,20
4,1,20
4,1,20
4,1,20
4,1,20
4,1,20
4,1,20
4,1,20
4,1,20
4,1,20
4,1,20
4,1,20
4,1,20
4,1,20
4,1,20
4,1,20
4,1,20
4,1,20
4,1,20
4,1,20
4,358,20
4,358,20
4,358,20
4,358,20
4,358,20
4,358,20
4,358,20
4,358,20
4,358,20
4,358,20
4,358,20
4,358,20
4,358,20
4,358,20
4,358,20
4,358,20
4,358,20
4,358,20
4,358,20
4,358,20
4,358,20
4,358,20
4,358,20
4,358,20
4,358,20
4,358,20
4,1,20
4,1,20
4,1,20
4,1,20
4,1,20
4,1,20
4,1,20
4,1,20
4,1,20
4,1,20
4,1,20
4,1,20
4,1,20
4,1,20
4,1,20
4,1,20
4,1,20
4,1,20
4,1,20
4,1,20
4,1,20
4,1,20
4,1,20
4,344,20
4,344,20
4,344,20
4,344,20
4,344,20
4,344,20
4,344,20
4,344,20
4,344,20
4,344,20
4,344,20
4,344,20
4,344,20
4,344,20
4,344,20
4,323,20
4,323,20
4,323,20
4,323,20
4,323,20
4,323,20
4,323,20
4,323,20
4,323,20
4,323,20
4,323,20
4,323,20
4,323,20
4,323,20
4,323,20
4,323,20
4,323,20
4,323,20
4,323,20
4,323,20
4,323,20
4,323,20
4,323,20
4,323,20
4,323,20
4,323,20
4,323,20
4,323,20
4,323,20
4,323,20
4,323,20
4,323,20
34,47,20
34,47,20
34,47,20
34,47,20
34,47,20
34,47,20
34,47,20
34,47,20
34,47,20
34,58,20
34,58,20
34,58,20
34,58,20
34,58,20
34,58,20
34,58,20
34,58,20
34,58,20
34,58,20
34,58,20
34,58,20
34,58,20
34,58,20
34,58,20
34,58,20
34,58,20
34,58,20
34,58,20
34,58,20
34,58,20
34,58,20
34,58,20
34,58,20
34,58,20
34,58,20
34,58,20
34,58,20
34,58,20
34,58,20
34,58,20
34,58,20
34,58,20
34,58,20
34,58,20
34,58,20
34,58,20
34,58,20
34,356,20
34,356,20
34,356,20
34,356,20
34,356,20
34,356,20
34,356,20
34,356,20
34,356,20
34,356,20
34,356,20
34,356,20
34,356,20
34,356,20
34,356,20
34,356,20
34,356,20
34,356,20
34,356,20
34,356,20
34,356,20
34,356,20
34,356,20
34,356,20
34,28,20
34,28,20
34,28,20
34,28,20
34,28,20
34,28,20
34,28,20
34,28,20
34,28,20
34,28,20
34,28,20
34,28,20
34,28,20
34,28,20
34,28,20
34,28,20
34,56,20
34,56,20
34,56,20
34,56,20
34,56,20
34,56,20
34,56,20
34,56,20
34,56,20
34,56,20
34,37,20
34,37,20
34,37,20
34,37,20
34,37,20
34,37,20
34,37,20
34,37,20
34,37,20
34,37,20
34,37,20
34,37,20
34,37,20
34,24,20
34,24,20
34,24,20
34,24,20
34,24,20
34,24,20
34,24,20
34,24,20
34,24,20
34,24,20
34,24,20
34,24,20
34,24,20
34,24,20
34,24,20
34,24,20
34,24,20
34,24,20
34,24,20
34,24,20
34,24,20
34,24,20
34,24,20
34,24,20
34,24,20
34,24,20
34,24,20
34,24,20
34,24,20
34,24,20
34,24,20
34,24,20
34,24,20
34,24,20
34,24,20
34,24,20
34,24,20
34,24,20
34,24,20
34,24,20
34,24,20
34,24,20
34,24,20
34,24,20
34,24,20
34,24,20
34,24,20
34,24,20
34,24,20
34,24,20
34,24,20
34,24,20
34,24,20
34,24,20
34,24,20
34,24,20
34,24,20
34,24,20
34,24,20
34,24,20
34,30,20
34,30,20
34,30,20
34,30,20
34,30,20
34,30,20
34,30,20
34,30,20
34,30,20
34,30,20
34,30,20
34,30,20
34,30,20
34,30,20
34,30,20
34,30,20
34,30,20
34,30,20
34,30,20
34,30,20
34,30,20
34,30,20
34,30,20
54,68,20
54,68,20
54,68,20
54,68,20
54,68,20
54,68,20
54,68,20
54,68,20
54,68,20
54,68,20
54,68,20
54,68,20
54,68,20
54,68,20
54,68,20
54,68,20
54,68,20
54,68,20
54,68,20
54,68,20
54,68,20
54,68,20
54,68,20
54,68,20
54,81,20
54,81,20
54,81,20
54,81,20
54,81,20
54,81,20
54,81,20
54,81,20
54,81,20
54,81,20
54,81,20
54,81,20
54,81,20
54,81,20
54,81,20
54,81,20
54,81,20
54,81,20
54,81,20
54,81,20
54,81,20
54,81,20
54,81,20
54,81,20
54,75,20
54,75,20
54,75,20
54,75,20
54,75,20
54,75,20
54,75,20
54,75,20
54,75,20
54,75,20
54,75,20
54,75,20
54,75,20
54,75,20
54,75,20
54,17,20
54,17,20
54,17,20
54,17,20
54,17,20
54,17,20
54,17,20
54,17,20
54,17,20
54,17,20
54,17,20
54,17,20
54,17,20
54,17,20
54,17,20
54,17,20
54,69,20
54,69,20
54,69,20
54,69,20
54,69,20
54,69,20
54,69,20
54,69,20
54,69,20
54,69,20
54,69,20
54,69,20
54,69,20
54,69,20
54,69,20
54,69,20
54,69,20
54,69,20
54,51,20
54,51,20
54,51,20
54,51,20
54,51,20
54,51,20
54,51,20
54,51,20
54,51,20
54,51,20
54,83,20
54,83,20
54,83,20
54,83,20
54,83,20
54,83,20
54,83,20
54,83,20
54,83,20
54,83,20
54,83,20
54,83,20
54,65,20
54,65,20
54,65,20
54,65,20
54,65,20
54,65,20
54,65,20
54,65,20
54,65,20
54,65,20
54,65,20
54,65,20
54,65,20
54,65,20
54,65,20
54,65,20
54,65,20
54,35,20
54,35,20
54,35,20
54,35,20
54,35,20
54,35,20
54,35,20
54,35,20
54,35,20
54,46,20
54,46,20
54,46,20
54,46,20
54,46,20
54,46,20
54,46,20
54,46,20
54,46,20
54,46,20
54,46,20
54,46,20
54,46,20
54,46,20
54,46,20
54,46,20
54,19,20
54,19,20
54,19,20
54,19,20
54,19,20
54,19,20
54,19,20
54,19,20
54,19,20
54,19,20
54,19,20
54,19,20
54,19,20
54,19,20
54,19,20
54,32,20
54,32,20
54,32,20
54,32,20
54,32,20
54,32,20
54,32,20
54,32,20
54,32,20
54,69,20
54,69,20
54,69,20
54,69,20
54,69,20
54,69,20
54,69,20
54,69,20
54,69,20
54,69,20
54,69,20
54,69,20
54,69,20
54,69,20
54,69,20
54,69,20
54,69,20
54,69,20
54,69,20
54,69,20
54,69,20
54,69,20
54,69,20
54,69,20
54,69,20
54,69,20
54,69,20
54,69,20
54,69,20
54,69,20
54,69,20
54,69,20
54,69,20
54,69,20
54,69,20
54,69,20
54,69,20
54,69,20
54,69,20
54,56,20
54,56,20
54,56,20
54,56,20
54,56,20
54,56,20
54,56,20
54,56,20
54,56,20
54,56,20
54,56,20
54,56,20
54,56,20
54,56,20
54,56,20
54,56,20
54,56,20
54,56,20
54,56,20
54,56,20
54,56,20
54,56,20
54,56,20
54,56,20
84,66,20
84,66,20
84,66,20
84,66,20
84,66,20
84,66,20
84,66,20
84,66,20
84,66,20
84,66,20
84,66,20
84,66,20
84,66,20
84,66,20
84,66,20
84,66,20
84,66,20
84,76,20
84,76,20
84,76,20
84,76,20
84,76,20
84,76,20
84,76,20
84,76,20
84,76,20
84,76,20
84,76,20
84,76,20
84,76,20
84,76,20
84,76,20
84,76,20
84,76,20
84,73,20
84,73,20
84,73,20
84,73,20
84,73,20
84,73,20
84,73,20
84,73,20
84,73,20
84,73,20
84,73,20
84,73,20
84,73,20
84,73,20
84,88,20
84,88,20
84,88,20
84,88,20
84,88,20
84,88,20
84,88,20
84,88,20
84,88,20
84,88,20
84,88,20
84,88,20
84,88,20
84,88,20
84,88,20
84,88,20
84,88,20
84,88,20
84,88,20
84,88,20
84,88,20
84,88,20
84,88,20
84,88,20
84,88,20
84,88,20
84,88,20
84,88,20
84,88,20
84,88,20
84,88,20
84,88,20
84,88,20
84,88,20
84,88,20
84,88,20
84,88,20
84,88,20
84,88,20
84,88,20
84,88,20
84,88,20
84,88,20
84,88,20
84,88,20
84,88,20
84,88,20
84,119,20
84,119,20
84,119,20
84,119,20
84,119,20
84,119,20
84,119,20
84,119,20
84,119,20
84,119,20
84,119,20
84,119,20
84,119,20
84,119,20
84,119,20
84,119,20
84,119,20
84,119,20
84,119,20
84,119,20
84,119,20
84,124,20
84,124,20
84,124,20
84,124,20
84,124,20
84,124,20
84,124,20
84,124,20
84,124,20
84,124,20
84,124,20
84,124,20
84,124,20
84,124,20
84,124,20
84,124,20
84,80,20
84,80,20
84,80,20
84,80,20
84,80,20
84,80,20
84,80,20
84,80,20
84,80,20
84,80,20
84,80,20
84,80,20
84,80,20
84,80,20
84,80,20
84,80,20
84,80,20
84,80,20
84,80,20
84,80,20
84,80,20
84,80,20
84,80,20
84,80,20
84,80,20
84,80,20
84,104,20
84,104,20
84,104,20
84,104,20
84,104,20
84,104,20
84,104,20
84,104,20
84,104,20
84,104,20
84,104,20
84,105,20
84,105,20
84,105,20
84,105,20
84,105,20
84,105,20
84,105,20
84,105,20
84,105,20
84,105,20
84,105,20
84,105,20
84,105,20
84,105,20
64,67,20
64,67,20
64,67,20
64,67,20
64,67,20
64,67,20
64,67,20
64,67,20
64,67,20
64,67,20
64,67,20
64,67,20
64,67,20
64,67,20
64,67,20
64,67,20
64,67,20
64,67,20
64,67,20
64,67,20
64,67,20
64,67,20
64,67,20
64,67,20
64,67,20
64,67,20
64,67,20
64,67,20
64,67,20
64,67,20
64,67,20
64,67,20
64,67,20
64,67,20
64,67,20
64,67,20
64,67,20
64,67,20
64,67,20
64,67,20
64,67,20
64,67,20
64,67,20
64,67,20
64,67,20
64,67,20
64,67,20
64,67,20
64,67,20
64,70,20
64,70,20
64,70,20
64,70,20
64,70,20
64,70,20
64,70,20
64,70,20
64,70,20
64,70,20
64,70,20
64,70,20
64,70,20
64,70,20
64,70,20
64,70,20
64,70,20
64,70,20
64,70,20
64,70,20
64,70,20
64,70,20
64,70,20
64,70,20
64,70,20
64,70,20
64,70,20
64,70,20
64,70,20
64,70,20
64,70,20
64,93,20
64,93,20
64,93,20
64,93,20
64,93,20
64,93,20
64,93,20
64,60,20
64,60,20
64,60,20
64,60,20
64,60,20
64,60,20
64,60,20
64,60,20
64,60,20
64,60,20
64,60,20
64,60,20
64,60,20
64,60,20
64,65,20
64,65,20
64,65,20
64,65,20
64,65,20
64,65,20
64,65,20
64,65,20
64,65,20
64,62,20
64,62,20
64,62,20
64,62,20
64,62,20
64,62,20
64,62,20
64,62,20
64,62,20
64,62,20
64,62,20
64,62,20
64,62,20
64,62,20
64,62,20
64,62,20
64,62,20
64,114,20
64,114,20
64,114,20
64,114,20
64,114,20
64,114,20
64,114,20
64,114,20
64,114,20
64,114,20
64,114,20
64,114,20
64,114,20
64,114,20
64,114,20
64,114,20
64,114,20
64,114,20
64,114,20
64,114,20
94,82,20
94,82,20
94,82,20
94,82,20
94,82,20
94,82,20
94,82,20
94,82,20
94,128,20
94,128,20
94,128,20
94,128,20
94,128,20
94,128,20
94,128,20
94,128,20
94,128,20
94,128,20
94,128,20
94,128,20
94,128,20
94,128,20
94,128,20
94,128,20
94,128,20
94,128,20
94,128,20
94,128,20
94,128,20
94,128,20
94,128,20
94,128,20
94,128,20
94,128,20
94,128,20
94,128,20
94,128,20
94,128,20
94,128,20
94,128,20
94,128,20
94,128,20
94,128,20
94,128,20
94,128,20
94,128,20
94,128,20
94,128,20
94,128,20
94,106,20
94,106,20
94,106,20
94,106,20
94,106,20
94,106,20
94,106,20
94,106,20
94,114,20
94,114,20
94,114,20
94,114,20
94,114,20
94,114,20
94,114,20
94,114,20
94,114,20
94,114,20
94,114,20
94,114,20
94,114,20
94,114,20
94,114,20
94,114,20
94,114,20
94,114,20
94,114,20
94,114,20
94,114,20
94,114,20
94,114,20
94,114,20
94,114,20
94,114,20
94,59,20
94,59,20
94,59,20
94,59,20
94,59,20
94,59,20
94,59,20
94,59,20
94,59,20
94,59,20
94,86,20
94,86,20
94,86,20
94,86,20
94,86,20
94,86,20
94,86,20
94,83,20
94,83,20
94,83,20
94,83,20
94,83,20
94,83,20
94,83,20
94,83,20
94,83,20
94,83,20
94,83,20
94,83,20
94,83,20
94,83,20
94,83,20
94,88,20
94,88,20
94,88,20
94,88,20
94,88,20
94,88,20
94,88,20
94,88,20
94,88,20
94,88,20
94,88,20
94,99,20
94,99,20
94,99,20
94,99,20
94,99,20
94,99,20
94,99,20
94,99,20
94,99,20
74,47,20
74,47,20
74,47,20
74,47,20
74,47,20
74,47,20
74,47,20
74,47,20
74,47,20
74,47,20
74,47,20
74,47,20
74,47,20
74,65,20
74,65,20
74,65,20
74,65,20
74,65,20
74,65,20
74,65,20
74,65,20
74,65,20
74,65,20
74,65,20
74,65,20
74,65,20
74,90,20
74,90,20
74,90,20
74,90,20
74,90,20
74,90,20
74,90,20
74,90,20
74,90,20
74,90,20
74,90,20
74,90,20
74,90,20
74,90,20
74,90,20
74,66,20
74,66,20
74,66,20
74,66,20
74,66,20
74,66,20
74,66,20
74,66,20
74,66,20
74,66,20
74,66,20
74,66,20
74,66,20
74,66,20
74,66,20
74,66,20
74,66,20
74,66,20
74,66,20
74,66,20
74,66,20
74,66,20
74,66,20
74,66,20
74,66,20
74,66,20
74,66,20
74,66,20
74,66,20
74,66,20
74,66,20
74,66,20
74,66,20
74,66,20
74,66,20
74,66,20
74,66,20
74,66,20
74,66,20
74,66,20
74,66,20
74,66,20
74,66,20
74,66,20
74,66,20
74,66,20
74,66,20
74,66,20
74,66,20
74,66,20
74,66,20
74,66,20
74,66,20
74,109,20
74,109,20
74,109,20
74,109,20
74,109,20
74,109,20
74,109,20
74,109,20
74,78,20
74,78,20
74,78,20
74,78,20
74,78,20
74,78,20
74,78,20
74,78,20
74,78,20
74,78,20
74,78,20
74,78,20
74,76,20
74,76,20
74,76,20
74,76,20
74,76,20
74,76,20
74,76,20
74,76,20
74,76,20
74,76,20
74,76,20
74,76,20
74,76,20
74,76,20
74,76,20
74,76,20
74,76,20
74,76,20
74,76,20
74,76,20
74,76,20
74,76,20
74,76,20
74,76,20
74,76,20
74,76,20
74,76,20
74,76,20
74,76,20
74,76,20
74,76,20
74,76,20
74,76,20
74,76,20
74,76,20
74,76,20
74,76,20
74,76,20
74,76,20
74,76,20
74,76,20
74,76,20
74,76,20
74,76,20
74,76,20
74,76,20
74,76,20
74,76,20
74,76,20
74,76,20
74,76,20
74,69,20
74,69,20
74,69,20
74,69,20
74,69,20
74,69,20
74,69,20
74,69,20
74,69,20
74,69,20
74,69,20
74,69,20
74,69,20
74,64,20
74,64,20
74,64,20
74,64,20
74,64,20
74,64,20
74,64,20
74,64,20
74,64,20
74,64,20
74,64,20
74,64,20
74,64,20
74,64,20
74,64,20
74,22,20
74,22,20
74,22,20
74,22,20
74,22,20
74,22,20
74,22,20
74,22,20
74,22,20
74,22,20
74,22,20
74,22,20
74,22,20
74,22,20
74,22,20
74,22,20
74,22,20
74,22,20
74,22,20
74,22,20
74,22,20
74,22,20
74,22,20
74,22,20
74,22,20
74,22,20
74,22,20
74,22,20
74,22,20
74,22,20
74,22,20
74,22,20
74,22,20
74,22,20
74,22,20
74,72,20
74,72,20
74,72,20
74,72,20
74,72,20
74,72,20
74,72,20
74,72,20
74,72,20
74,72,20
74,72,20
74,72,20
74,72,20
74,72,20
74,72,20
74,72,20
74,72,20
74,72,20
74,72,20
74,72,20
74,72,20
74,72,20
74,72,20
74,72,20
74,72,20
74,72,20
74,72,20
74,72,20
74,72,20
74,72,20
74,72,20
74,72,20
74,72,20
74,72,20
74,72,20
74,72,20
74,72,20
74,72,20
74,72,20
74,72,20
74,72,20
74,72,20
74,72,20
74,72,20
74,72,20
74,72,20
74,72,20
74,72,20
74,72,20
74,72,20
74,72,20
74,72,20
74,72,20
74,72,20
74,72,20
74,72,20
74,72,20
74,65,20
74,65,20
74,65,20
74,65,20
74,65,20
74,65,20
74,65,20
74,65,20
74,65,20
74,65,20
74,65,20
74,65,20
74,65,20
74,65,20
74,65,20
74,65,20
74,65,20
74,53,20
74,53,20
74,53,20
74,53,20
74,53,20
74,53,20
74,53,20
74,53,20
74,53,20
74,53,20
104,109,20
104,109,20
104,109,20
104,109,20
104,109,20
104,109,20
104,109,20
104,127,20
104,127,20
104,127,20
104,127,20
104,127,20
104,127,20
104,127,20
104,127,20
104,127,20
104,127,20
104,127,20
104,127,20
104,127,20
104,127,20
104,127,20
104,127,20
104,127,20
104,127,20
104,127,20
104,127,20
104,127,20
104,127,20
104,127,20
104,127,20
104,127,20
104,127,20
104,127,20
104,127,20
104,127,20
104,127,20
104,89,20
104,89,20
104,89,20
104,89,20
104,89,20
104,89,20
104,89,20
104,89,20
104,89,20
104,89,20
104,89,20
104,89,20
104,89,20
104,89,20
104,89,20
104,122,20
104,122,20
104,122,20
104,122,20
104,122,20
104,122,20
104,122,20
104,122,20
104,122,20
104,122,20
104,122,20
104,122,20
104,122,20
104,122,20
104,122,20
104,111,20
104,111,20
104,111,20
104,111,20
104,111,20
104,111,20
104,111,20
104,111,20
104,111,20
104,111,20
104,111,20
104,91,20
104,91,20
104,91,20
104,91,20
104,91,20
104,91,20
104,91,20
104,91,20
104,91,20
104,91,20
104,91,20
104,91,20
104,91,20
104,91,20
104,91,20
104,91,20
104,91,20
104,91,20
104,91,20
104,91,20
104,91,20
104,91,20
104,91,20
104,91,20
104,91,20
104,91,20
104,91,20
104,91,20
104,91,20
104,91,20
104,91,20
104,91,20
104,91,20
104,91,20
104,91,20
104,91,20
104,91,20
104,91,20
104,91,20
104,91,20
104,91,20
104,91,20
104,91,20
104,91,20
104,91,20
104,91,20
104,74,20
104,74,20
104,74,20
104,74,20
104,74,20
104,74,20
104,74,20
104,74,20
104,133,20
104,133,20
104,133,20
104,133,20
104,133,20
104,133,20
104,133,20
104,133,20
104,133,20
104,133,20
104,133,20
104,133,20
104,133,20
104,133,20
104,133,20
104,133,20
104,133,20
104,133,20
104,133,20
104,133,20
104,133,20
104,133,20
104,133,20
104,133,20
104,133,20
104,133,20
104,133,20
104,133,20
104,106,20
104,106,20
104,106,20
104,106,20
104,106,20
104,106,20
104,106,20
104,106,20
104,106,20
104,106,20
104,106,20
104,106,20
104,106,20
104,110,20
104,110,20
104,110,20
104,110,20
104,110,20
104,110,20
104,110,20
104,110,20
104,110,20
104,110,20
104,110,20
104,107,20
104,107,20
104,107,20
104,107,20
104,107,20
104,107,20
104,107,20
104,107,20
104,107,20
104,107,20
104,107,20
104,107,20
104,99,20
104,99,20
104,99,20
104,99,20
104,99,20
104,99,20
104,99,20
104,99,20
104,99,20
104,99,20
104,99,20
104,99,20
104,99,20
104,99,20
104,99,20
104,99,20
104,99,20
104,99,20
104,99,20
104,99,20
104,99,20
104,99,20
104,99,20
104,99,20
104,99,20
104,99,20
104,99,20
104,99,20
104,102,20
104,102,20
104,102,20
104,102,20
104,102,20
104,102,20
104,102,20
104,77,20
104,77,20
104,77,20
104,77,20
104,77,20
104,77,20
104,77,20
104,77,20
104,77,20
104,77,20
104,77,20
104,77,20
104,77,20
104,77,20
104,77,20
104,77,20
104,77,20
104,112,20
104,112,20
104,112,20
104,112,20
104,112,20
104,112,20
104,112,20
104,112,20
104,112,20
104,112,20
104,112,20
104,112,20
104,112,20
104,112,20
104,112,20
104,112,20
104,112,20
104,112,20
104,112,20
104,116,20
104,116,20
104,116,20
104,116,20
104,116,20
104,116,20
104,116,20
104,116,20
104,116,20
104,116,20
104,116,20
104,116,20
104,116,20
104,116,20
104,116,20
104,116,20
104,116,20
104,116,20
104,116,20
64,49,20
64,49,20
64,49,20
64,49,20
64,49,20
64,49,20
64,49,20
64,49,20
64,49,20
64,49,20
64,49,20
64,49,20
64,49,20
64,49,20
64,49,20
64,49,20
64,49,20
64,49,20
64,70,20
64,70,20
64,70,20
64,70,20
64,70,20
64,70,20
64,70,20
64,70,20
64,70,20
64,70,20
64,70,20
64,70,20
64,70,20
64,70,20
64,70,20
64,59,20
64,59,20
64,59,20
64,59,20
64,59,20
64,59,20
64,59,20
64,59,20
64,59,20
64,59,20
64,59,20
64,104,20
64,104,20
64,104,20
64,104,20
64,104,20
64,104,20
64,104,20
64,104,20
64,104,20
64,104,20
64,104,20
64,104,20
64,104,20
64,104,20
64,104,20
64,104,20
64,104,20
64,104,20
64,104,20
64,104,20
64,104,20
64,104,20
64,104,20
64,104,20
64,104,20
64,104,20
64,104,20
64,104,20
64,104,20
64,104,20
64,104,20
64,104,20
64,104,20
64,104,20
64,104,20
64,104,20
64,104,20
64,104,20
64,104,20
64,104,20
64,104,20
64,104,20
64,104,20
64,104,20
64,104,20
64,104,20
64,104,20
64,104,20
64,104,20
64,104,20
64,104,20
64,104,20
64,104,20
64,104,20
64,104,20
64,104,20
64,104,20
64,37,20
64,37,20
64,37,20
64,37,20
64,37,20
64,37,20
64,37,20
64,37,20
64,37,20
64,37,20
64,37,20
64,37,20
64,37,20
64,37,20
64,37,20
64,37,20
64,37,20
64,37,20
64,37,20
64,37,20
64,69,20
64,69,20
64,69,20
64,69,20
64,69,20
64,69,20
64,67,20
64,67,20
64,67,20
64,67,20
64,67,20
64,67,20
64,67,20
64,87,20
64,87,20
64,87,20
64,87,20
64,87,20
64,87,20
64,87,20
64,87,20
64,87,20
64,87,20
64,87,20
64,87,20
64,87,20
64,87,20
64,87,20
64,87,20
64,87,20
64,87,20
64,87,20
64,87,20
64,87,20
64,87,20
64,87,20
64,87,20
64,87,20
64,60,20
64,60,20
64,60,20
64,60,20
64,60,20
64,60,20
64,60,20
64,60,20
64,60,20
64,60,20
64,60,20
64,60,20
64,60,20
64,94,20
64,94,20
64,94,20
64,94,20
64,94,20
64,94,20
64,94,20
64,94,20
64,94,20
64,94,20
64,94,20
64,94,20
64,94,20
84,89,20
84,89,20
84,89,20
84,89,20
84,89,20
84,89,20
84,89,20
84,89,20
84,89,20
84,89,20
84,89,20
84,89,20
84,89,20
84,89,20
84,89,20
84,89,20
84,89,20
84,89,20
84,89,20
84,89,20
84,89,20
84,89,20
84,89,20
84,89,20
84,89,20
84,89,20
84,89,20
84,89,20
84,89,20
84,89,20
84,89,20
84,89,20
84,89,20
84,89,20
84,89,20
84,89,20
84,89,20
84,89,20
84,89,20
84,89,20
84,89,20
84,89,20
84,89,20
84,86,20
84,86,20
84,86,20
84,86,20
84,86,20
84,86,20
84,86,20
84,86,20
84,86,20
84,86,20
84,86,20
84,86,20
84,86,20
84,86,20
84,86,20
84,86,20
84,86,20
84,86,20
84,86,20
84,86,20
84,86,20
84,86,20
84,86,20
84,86,20
84,86,20
84,86,20
84,86,20
84,86,20
84,86,20
84,86,20
84,86,20
84,86,20
84,86,20
84,86,20
84,86,20
84,86,20
84,86,20
84,86,20
84,86,20
84,86,20
84,86,20
84,86,20
84,86,20
84,86,20
84,86,20
84,86,20
84,86,20
84,86,20
84,86,20
84,86,20
84,86,20
84,86,20
84,90,20
84,90,20
84,90,20
84,90,20
84,90,20
84,90,20
84,119,20
84,119,20
84,119,20
84,119,20
84,119,20
84,119,20
84,119,20
84,119,20
84,119,20
84,119,20
84,119,20
84,119,20
84,119,20
84,119,20
84,119,20
84,119,20
84,119,20
84,119,20
84,119,20
84,119,20
84,119,20
84,119,20
84,105,20
84,105,20
84,105,20
84,105,20
84,105,20
84,105,20
84,105,20
84,105,20
84,105,20
84,105,20
84,105,20
84,105,20
64,71,20
64,71,20
64,71,20
64,71,20
64,71,20
64,71,20
64,71,20
64,71,20
64,71,20
64,71,20
64,71,20
64,71,20
64,71,20
64,71,20
64,71,20
64,71,20
64,71,20
64,59,20
64,59,20
64,59,20
64,59,20
64,59,20
64,59,20
64,59,20
64,59,20
64,59,20
64,59,20
64,59,20
64,58,20
64,58,20
64,58,20
64,58,20
64,58,20
64,58,20
64,58,20
64,58,20
64,58,20
64,58,20
64,58,20
64,58,20
64,58,20
64,58,20
64,58,20
64,58,20
64,58,20
64,58,20
64,58,20
64,66,20
64,66,20
64,66,20
64,66,20
64,66,20
64,66,20
64,66,20
64,66,20
64,66,20
64,66,20
64,57,20
64,57,20
64,57,20
64,57,20
64,57,20
64,57,20
64,57,20
64,57,20
64,57,20
64,57,20
64,57,20
64,57,20
64,57,20
64,57,20
64,73,20
64,73,20
64,73,20
64,73,20
64,73,20
64,73,20
64,73,20
64,73,20
64,81,20
64,81,20
64,81,20
64,81,20
64,81,20
64,81,20
64,81,20
64,60,20
64,60,20
64,60,20
64,60,20
64,60,20
64,60,20
64,60,20
64,60,20
64,60,20
64,60,20
64,60,20
64,60,20
64,60,20
64,60,20
64,60,20
64,60,20
64,60,20
64,60,20
64,60,20
64,60,20
64,60,20
64,60,20
64,60,20
64,60,20
64,60,20
64,60,20
64,60,20
64,45,20
64,45,20
64,45,20
64,45,20
64,45,20
64,45,20
64,45,20
64,45,20
64,45,20
64,45,20
64,102,20
64,102,20
64,102,20
64,102,20
64,102,20
64,102,20
64,102,20
64,102,20
64,102,20
64,102,20
64,102,20
64,32,20
64,32,20
64,32,20
64,32,20
64,32,20
64,32,20
64,32,20
64,32,20
64,32,20
64,32,20
64,32,20
64,32,20
64,32,20
64,32,20
64,32,20
64,32,20
64,32,20
64,32,20
64,32,20
64,32,20
64,32,20
64,32,20
64,32,20
64,32,20
64,32,20
64,68,20
64,68,20
64,68,20
64,68,20
64,68,20
64,68,20
64,68,20
64,68,20
64,68,20
64,68,20
64,68,20
64,68,20
64,68,20
64,68,20
64,68,20
64,68,20
64,49,20
64,49,20
64,49,20
64,49,20
64,49,20
64,49,20
64,49,20
64,49,20
64,49,20
64,91,20
64,91,20
64,91,20
64,91,20
64,91,20
64,91,20
64,91,20
64,91,20
64,91,20
64,91,20
64,91,20
64,91,20
64,91,20
64,91,20
64,91,20
64,91,20
64,91,20
64,91,20
64,91,20
64,91,20
64,91,20
64,91,20
64,91,20
64,91,20
64,91,20
64,91,20
64,91,20
64,91,20
64,91,20
64,91,20
64,91,20
64,91,20
64,91,20
64,91,20
64,91,20
64,91,20
64,91,20
64,91,20
64,91,20
64,91,20
64,91,20
64,91,20
64,91,20
64,91,20
64,91,20
64,91,20
64,91,20
64,91,20
64,66,20
64,66,20
64,66,20
64,66,20
64,66,20
64,66,20
64,66,20
64,66,20
64,66,20
64,66,20
64,66,20
64,66,20
64,66,20
64,66,20
64,66,20
64,66,20
44,66,20
44,66,20
44,66,20
44,66,20
44,66,20
44,66,20
44,66,20
44,66,20
44,66,20
44,66,20
44,66,20
44,66,20
44,66,20
44,66,20
44,66,20
44,66,20
44,66,20
44,66,20
44,66,20
44,66,20
44,66,20
44,66,20
44,66,20
44,66,20
44,66,20
44,66,20
44,66,20
44,66,20
44,66,20
44,75,20
44,75,20
44,75,20
44,75,20
44,75,20
44,75,20
44,75,20
44,75,20
44,75,20
44,75,20
44,75,20
44,75,20
44,75,20
44,75,20
44,75,20
44,75,20
44,75,20
44,75,20
44,75,20
44,75,20
44,75,20
44,45,20
44,45,20
44,45,20
44,45,20
44,45,20
44,45,20
44,45,20
44,45,20
44,45,20
44,45,20
44,45,20
44,45,20
44,45,20
44,45,20
44,45,20
44,45,20
44,45,20
44,45,20
44,55,20
44,55,20
44,55,20
44,55,20
44,55,20
44,55,20
44,55,20
44,55,20
44,55,20
44,55,20
44,55,20
44,26,20
44,26,20
44,26,20
44,26,20
44,26,20
44,26,20
44,26,20
44,26,20
44,26,20
44,26,20
44,26,20
44,26,20
44,26,20
44,26,20
44,26,20
44,26,20
44,26,20
44,26,20
44,60,20
44,60,20
44,60,20
44,60,20
44,60,20
44,60,20
44,41,20
44,41,20
44,41,20
44,41,20
44,41,20
44,41,20
44,41,20
44,41,20
44,41,20
44,41,20
44,41,20
44,41,20
44,41,20
44,41,20
44,41,20
44,41,20
44,41,20
44,41,20
44,41,20
44,41,20
44,79,20
44,79,20
44,79,20
44,79,20
44,79,20
44,79,20
44,79,20
44,79,20
44,79,20
44,79,20
44,79,20
44,79,20
44,79,20
44,79,20
44,79,20
44,79,20
44,79,20
44,79,20
44,79,20
44,79,20
44,79,20
44,79,20
44,79,20
44,79,20
44,61,20
44,61,20
44,61,20
44,61,20
44,61,20
44,61,20
44,61,20
44,61,20
44,350,20
44,350,20
44,350,20
44,350,20
44,350,20
44,350,20
44,350,20
44,350,20
44,350,20
44,350,20
44,350,20
44,350,20
44,52,20
44,52,20
44,52,20
44,52,20
44,52,20
44,52,20
44,52,20
44,52,20
44,52,20
44,52,20
44,52,20
44,32,20
44,32,20
44,32,20
44,32,20
44,32,20
44,32,20
44,32,20
44,32,20
44,28,20
44,28,20
44,28,20
44,28,20
44,28,20
44,28,20
44,28,20
44,28,20
44,28,20
44,355,20
44,355,20
44,355,20
44,355,20
44,355,20
44,355,20
44,355,20
4,4,20
4,4,20
4,4,20
4,4,20
4,4,20
4,4,20
4,4,20
4,4,20
4,4,20
4,4,20
4,4,20
4,4,20
4,4,20
4,4,20
4,4,20
4,4,20
4,4,20
4,4,20
4,4,20
4,4,20
4,4,20
4,4,20
4,4,20
4,4,20
4,4,20
4,4,20
4,4,20
4,4,20
4,4,20
4,4,20
4,4,20
4,4,20
4,4,20
4,4,20
4,4,20
4,4,20
4,4,20
4,4,20
4,4,20
4,4,20
4,4,20
4,4,20
4,4,20
4,4,20
4,4,20
4,18,20
4,18,20
4,18,20
4,18,20
4,18,20
4,18,20
4,18,20
4,18,20
4,18,20
4,18,20
4,358,20
4,358,20
4,358,20
4,358,20
4,358,20
4,358,20
4,358,20
4,358,20
4,358,20
4,358,20
4,358,20
4,358,20
4,358,20
4,358,20
4,358,20
4,358,20
4,358,20
4,4,20
4,4,20
4,4,20
4,4,20
4,4,20
4,4,20
4,4,20
4,4,20
4,4,20
4,4,20
4,4,20
4,4,20
4,4,20
4,4,20
4,4,20
4,4,20
4,4,20
4,4,20
4,4,20
4,4,20
4,4,20
4,4,20
4,4,20
4,4,20
4,4,20
4,4,20
4,4,20
4,4,20
4,4,20
4,4,20
4,4,20
4,4,20
4,4,20
4,358,20
4,358,20
4,358,20
4,358,20
4,358,20
4,358,20
4,358,20
4,358,20
4,358,20
4,358,20
4,358,20
4,358,20
4,358,20
4,358,20
4,358,20
4,358,20
4,358,20
4,358,20
4,358,20
4,358,20
4,358,20
4,358,20
4,358,20
4,358,20
4,358,20
4,358,20
4,358,20
4,358,20
4,358,20
4,358,20
4,358,20
4,358,20
4,358,20
4,358,20
4,358,20
4,358,20
4,358,20
4,358,20
4,358,20
4,358,20
4,358,20
4,358,20
4,358,20
4,358,20
4,358,20
4,358,20
4,358,20
4,358,20
4,358,20
4,358,20
4,4,20
4,4,20
4,4,20
4,4,20
4,4,20
4,4,20
4,4,20
4,4,20
4,4,20
4,4,20
4,4,20
4,4,20
4,4,20
4,4,20
4,4,20
4,321,20
4,321,20
4,321,20
4,321,20
4,321,20
4,321,20
4,321,20
4,321,20
4,321,20
4,321,20
4,321,20
4,321,20
4,321,20
4,321,20
4,321,20
4,321,20
4,321,20
4,321,20
334,324,20
334,324,20
334,324,20
334,324,20
334,324,20
334,324,20
334,324,20
334,324,20
334,324,20
334,324,20
334,324,20
334,324,20
334,324,20
334,324,20
334,324,20
334,324,20
334,324,20
334,324,20
334,324,20
334,324,20
334,324,20
334,324,20
334,324,20
334,324,20
334,324,20
334,324,20
334,324,20
334,324,20
334,324,20
334,324,20
334,324,20
334,324,20
334,324,20
334,324,20
334,324,20
334,324,20
334,324,20
334,324,20
334,324,20
334,324,20
334,324,20
334,324,20
334,324,20
334,324,20
334,324,20
334,324,20
334,324,20
334,324,20
334,324,20
334,10,20
334,10,20
334,10,20
334,10,20
334,10,20
334,10,20
334,10,20
334,10,20
334,10,20
334,323,20
334,323,20
334,323,20
334,323,20
334,323,20
334,323,20
334,323,20
334,323,20
334,323,20
334,323,20
334,323,20
334,323,20
334,323,20
334,323,20
334,323,20
334,338,20
334,338,20
334,338,20
334,338,20
334,338,20
334,338,20
334,338,20
334,338,20
334,338,20
334,338,20
334,338,20
334,338,20
334,338,20
334,338,20
334,338,20
334,338,20
334,338,20
334,338,20
334,338,20
334,338,20
334,302,20
334,302,20
334,302,20
334,302,20
334,302,20
334,302,20
334,302,20
334,302,20
334,302,20
334,302,20
334,302,20
334,302,20
334,302,20
334,302,20
334,302,20
334,302,20
334,302,20
334,302,20
334,302,20
334,302,20
334,302,20
334,302,20
334,302,20
334,302,20
334,302,20
334,302,20
334,302,20
334,302,20
334,302,20
334,302,20
334,302,20
334,302,20
334,302,20
334,302,20
334,302,20
334,302,20
334,302,20
334,302,20
334,302,20
334,302,20
334,302,20
334,326,20
334,326,20
334,326,20
334,326,20
334,326,20
334,326,20
334,326,20
334,326,20
334,326,20
334,326,20
334,326,20
334,326,20
334,326,20
334,326,20
334,326,20
334,326,20
334,326,20
334,326,20
334,326,20
334,326,20
334,326,20
334,326,20
334,326,20
334,326,20
334,326,20
334,326,20
334,326,20
334,326,20
334,326,20
334,327,20
334,327,20
334,327,20
334,327,20
334,327,20
334,327,20
334,327,20
334,327,20
334,327,20
334,327,20
334,327,20
334,327,20
334,327,20
334,327,20
334,327,20
334,327,20
334,327,20
334,327,20
334,327,20
334,327,20
334,327,20
334,327,20
334,327,20
334,327,20
334,327,20
334,327,20
334,327,20
334,327,20
334,327,20
334,343,20
334,343,20
334,343,20
334,343,20
334,343,20
334,343,20
334,343,20
334,343,20
334,343,20
334,343,20
334,309,20
334,309,20
334,309,20
334,309,20
334,309,20
334,309,20
334,309,20
334,309,20
334,309,20
334,309,20
334,309,20
304,345,20
304,345,20
304,345,20
304,345,20
304,345,20
304,345,20
304,345,20
304,345,20
304,345,20
304,345,20
304,310,20
304,310,20
304,310,20
304,310,20
304,310,20
304,310,20
304,310,20
304,310,20
304,310,20
304,310,20
304,310,20
304,310,20
304,310,20
304,310,20
304,310,20
304,310,20
304,310,20
304,310,20
304,310,20
304,292,20
304,292,20
304,292,20
304,292,20
304,292,20
304,292,20
304,292,20
304,292,20
304,329,20
304,329,20
304,329,20
304,329,20
304,329,20
304,329,20
304,329,20
304,329,20
304,329,20
304,329,20
304,329,20
304,329,20
304,329,20
304,329,20
304,329,20
304,329,20
304,329,20
304,329,20
304,329,20
304,330,20
304,330,20
304,330,20
304,330,20
304,330,20
304,330,20
304,330,20
304,330,20
304,330,20
304,330,20
304,330,20
304,330,20
304,330,20
304,330,20
304,330,20
304,330,20
304,286,20
304,286,20
304,286,20
304,286,20
304,286,20
304,286,20
304,286,20
304,286,20
304,286,20
304,306,20
304,306,20
304,306,20
304,306,20
304,306,20
304,306,20
304,306,20
304,306,20
304,306,20
304,306,20
304,306,20
304,306,20
304,306,20
304,306,20
304,306,20
304,306,20
304,306,20
304,306,20
304,306,20
304,306,20
304,306,20
304,306,20
304,306,20
304,306,20
304,306,20
304,306,20
304,306,20
304,289,20
304,289,20
304,289,20
304,289,20
304,289,20
304,289,20
304,285,20
304,285,20
304,285,20
304,285,20
304,285,20
304,285,20
304,285,20
304,285,20
304,285,20
304,285,20
304,285,20
304,285,20
304,285,20
304,285,20
304,285,20
304,285,20
304,285,20
304,285,20
304,285,20
304,285,20
304,285,20
304,285,20
304,285,20
304,285,20
304,285,20
304,285,20
304,285,20
304,285,20
304,285,20
304,285,20
