true_pos,obs_pos,true_var
312,311,10
312,311,10
312,311,10
312,311,10
312,311,10
312,311,10
312,311,10
312,311,10
312,311,10
312,311,10
312,311,10
312,311,10
312,311,10
312,311,10
312,311,10
312,311,10
312,311,10
312,326,10
312,326,10
312,326,10
312,326,10
312,326,10
312,326,10
312,326,10
312,326,10
312,326,10
312,326,10
312,326,10
312,326,10
312,326,10
312,326,10
312,326,10
312,326,10
312,326,10
312,326,10
312,326,10
312,326,10
312,326,10
312,326,10
312,326,10
312,326,10
312,326,10
312,326,10
312,326,10
312,326,10
312,326,10
312,326,10
312,326,10
312,326,10
312,324,10
312,324,10
312,324,10
312,324,10
312,324,10
312,324,10
312,324,10
312,324,10
312,324,10
312,324,10
312,324,10
312,324,10
312,324,10
312,324,10
312,324,10
312,324,10
312,324,10
312,324,10
312,324,10
312,324,10
312,324,10
312,324,10
312,324,10
312,324,10
312,324,10
312,324,10
312,324,10
312,324,10
312,324,10
312,324,10
312,324,10
312,324,10
312,324,10
312,324,10
312,324,10
312,324,10
312,324,10
312,324,10
312,324,10
312,324,10
312,324,10
312,310,10
312,310,10
312,310,10
312,310,10
312,310,10
312,310,10
312,310,10
312,310,10
312,310,10
312,310,10
312,310,10
312,310,10
312,310,10
312,310,10
312,310,10
312,310,10
312,310,10
312,310,10
312,310,10
312,310,10
312,310,10
312,310,10
312,310,10
312,297,10
312,297,10
312,297,10
312,297,10
312,297,10
312,297,10
312,297,10
312,297,10
312,308,10
312,308,10
312,308,10
312,308,10
312,308,10
312,308,10
312,308,10
312,308,10
312,308,10
312,308,10
312,308,10
312,308,10
312,308,10
312,308,10
312,308,10
312,308,10
312,308,10
312,308,10
312,308,10
312,308,10
312,308,10
312,308,10
312,308,10
312,308,10
312,308,10
312,308,10
312,308,10
312,286,10
312,286,10
312,286,10
312,286,10
312,286,10
312,286,10
312,286,10
312,286,10
312,286,10
312,286,10
312,286,10
312,286,10
312,286,10
312,286,10
312,286,10
312,321,10
312,321,10
312,321,10
312,321,10
312,321,10
312,321,10
312,321,10
312,321,10
312,312,10
312,312,10
312,312,10
312,312,10
312,312,10
312,312,10
312,312,10
312,312,10
312,312,10
312,312,10
312,312,10
312,312,10
312,312,10
312,314,10
312,314,10
312,314,10
312,314,10
312,314,10
312,314,10
312,314,10
312,314,10
312,314,10
312,320,10
312,320,10
312,320,10
312,320,10
312,320,10
312,320,10
312,320,10
312,320,10
312,320,10
312,320,10
312,320,10
312,320,10
312,320,10
312,320,10
312,320,10
312,320,10
312,320,10
312,320,10
312,320,10
312,320,10
312,320,10
312,320,10
312,308,10
312,308,10
312,308,10
312,308,10
312,308,10
312,308,10
312,308,10
312,308,10
312,308,10
312,308,10
312,308,10
312,308,10
312,304,10
312,304,10
312,304,10
312,304,10
312,304,10
312,304,10
312,304,10
312,304,10
312,304,10
312,304,10
312,304,10
312,325,10
312,325,10
312,325,10
312,325,10
312,325,10
312,325,10
312,325,10
312,325,10
312,325,10
312,325,10
312,325,10
312,325,10
312,325,10
312,325,10
312,325,10
312,325,10
312,325,10
312,325,10
312,325,10
312,325,10
312,325,10
312,325,10
312,325,10
312,313,10
312,313,10
312,313,10
312,313,10
312,313,10
312,313,10
312,313,10
312,313,10
312,313,10
312,313,10
312,313,10
312,313,10
312,313,10
312,313,10
312,313,10
312,313,10
312,313,10
312,313,10
312,313,10
312,313,10
312,313,10
312,313,10
312,313,10
312,313,10
312,326,10
312,326,10
312,326,10
312,326,10
312,326,10
312,326,10
312,310,10
312,310,10
312,310,10
312,310,10
312,310,10
312,310,10
312,310,10
312,310,10
312,310,10
312,310,10
312,310,10
312,310,10
312,310,10
312,310,10
312,310,10
312,310,10
312,310,10
312,310,10
312,310,10
312,310,10
312,310,10
312,310,10
312,319,10
312,319,10
312,319,10
312,319,10
312,319,10
312,319,10
312,319,10
312,319,10
312,319,10
312,319,10
312,319,10
312,319,10
312,319,10
312,319,10
312,319,10
312,319,10
312,319,10
312,319,10
312,319,10
312,319,10
312,319,10
312,319,10
312,319,10
312,319,10
312,319,10
312,319,10
312,319,10
312,319,10
312,319,10
312,319,10
312,319,10
312,319,10
312,319,10
312,319,10
312,319,10
312,319,10
312,319,10
312,319,10
312,319,10
312,319,10
312,319,10
312,319,10
312,319,10
312,319,10
312,319,10
312,319,10
312,319,10
312,319,10
312,319,10
312,319,10
312,319,10
312,319,10
312,319,10
312,319,10
312,319,10
312,319,10
312,319,10
312,319,10
312,319,10
312,311,10
312,311,10
312,311,10
312,311,10
312,311,10
312,311,10
312,311,10
312,311,10
312,311,10
312,311,10
312,311,10
312,311,10
312,311,10
312,311,10
312,311,10
312,311,10
312,324,10
312,324,10
312,324,10
312,324,10
312,324,10
312,324,10
312,324,10
312,324,10
312,324,10
312,324,10
312,324,10
312,324,10
312,324,10
312,324,10
312,324,10
312,324,10
312,324,10
312,324,10
312,324,10
312,324,10
312,306,10
312,306,10
312,306,10
312,306,10
312,306,10
312,306,10
312,306,10
312,306,10
312,306,10
312,306,10
312,306,10
312,306,10
312,306,10
312,306,10
312,306,10
312,306,10
312,306,10
312,306,10
312,306,10
312,306,10
312,306,10
312,306,10
312,306,10
312,306,10
312,306,10
312,306,10
312,306,10
312,318,10
312,318,10
312,318,10
312,318,10
312,318,10
312,318,10
312,318,10
312,318,10
312,318,10
312,318,10
312,318,10
312,318,10
312,318,10
312,318,10
312,318,10
312,318,10
312,318,10
312,318,10
312,318,10
312,318,10
312,318,10
312,318,10
312,318,10
312,318,10
312,318,10
312,318,10
312,318,10
312,318,10
312,318,10
312,318,10
312,318,10
312,318,10
312,318,10
312,313,10
312,313,10
312,313,10
312,313,10
312,313,10
312,313,10
312,313,10
312,313,10
312,313,10
312,313,10
312,313,10
312,313,10
312,313,10
312,313,10
312,313,10
312,313,10
312,313,10
312,313,10
312,313,10
312,313,10
312,302,10
312,302,10
312,302,10
312,302,10
312,302,10
312,302,10
312,302,10
312,302,10
312,302,10
312,302,10
312,311,10
312,311,10
312,311,10
312,311,10
312,311,10
312,311,10
312,311,10
312,311,10
312,311,10
312,311,10
312,311,10
312,311,10
312,311,10
312,311,10
312,311,10
312,311,10
312,311,10
312,311,10
312,311,10
312,311,10
312,311,10
312,311,10
312,311,10
312,311,10
312,311,10
312,311,10
312,308,10
312,308,10
312,308,10
312,308,10
312,308,10
312,308,10
312,308,10
312,308,10
312,308,10
312,308,10
312,308,10
312,308,10
312,308,10
312,308,10
312,308,10
312,308,10
312,308,10
312,308,10
312,308,10
312,308,10
312,318,10
312,318,10
312,318,10
312,318,10
312,318,10
312,318,10
312,318,10
312,318,10
312,318,10
312,318,10
312,318,10
312,318,10
312,318,10
312,318,10
312,318,10
312,318,10
312,318,10
312,318,10
312,318,10
312,318,10
312,318,10
312,318,10
312,318,10
312,318,10
312,318,10
312,318,10
312,318,10
312,318,10
312,318,10
312,318,10
312,318,10
312,318,10
312,318,10
312,318,10
312,318,10
312,312,10
312,312,10
312,312,10
312,312,10
312,312,10
312,312,10
312,312,10
312,312,10
312,312,10
312,312,10
312,312,10
312,312,10
312,312,10
312,312,10
312,312,10
312,312,10
312,312,10
312,312,10
312,312,10
312,312,10
312,312,10
312,312,10
312,312,10
312,312,10
312,312,10
312,312,10
312,301,10
312,301,10
312,301,10
312,301,10
312,301,10
312,301,10
312,301,10
312,301,10
312,301,10
312,301,10
312,301,10
312,301,10
312,301,10
312,301,10
312,301,10
312,301,10
312,301,10
312,301,10
312,301,10
312,301,10
312,328,10
312,328,10
312,328,10
312,328,10
312,328,10
312,328,10
312,328,10
312,328,10
312,328,10
312,328,10
312,328,10
312,328,10
312,328,10
312,328,10
312,328,10
312,328,10
312,328,10
312,328,10
312,314,10
312,314,10
312,314,10
312,314,10
312,314,10
312,314,10
312,314,10
312,314,10
312,314,10
312,314,10
312,314,10
312,314,10
312,313,10
312,313,10
312,313,10
312,313,10
312,313,10
312,313,10
312,313,10
312,313,10
312,313,10
312,313,10
312,313,10
312,313,10
312,313,10
312,296,10
312,296,10
312,296,10
312,296,10
312,296,10
312,296,10
312,296,10
312,296,10
312,296,10
312,296,10
312,296,10
312,296,10
312,296,10
312,313,10
312,313,10
312,313,10
312,313,10
312,313,10
312,313,10
312,313,10
312,313,10
312,313,10
312,313,10
312,313,10
312,313,10
312,313,10
312,313,10
312,313,10
312,313,10
312,313,10
312,313,10
312,313,10
312,313,10
312,313,10
312,313,10
312,313,10
312,313,10
312,313,10
312,313,10
312,313,10
312,313,10
312,313,10
312,291,10
312,291,10
312,291,10
312,291,10
312,291,10
312,291,10
312,291,10
312,291,10
312,291,10
312,291,10
312,291,10
312,291,10
312,291,10
312,291,10
312,291,10
312,291,10
312,291,10
312,291,10
312,291,10
312,291,10
312,291,10
312,291,10
312,291,10
312,291,10
312,301,10
312,301,10
312,301,10
312,301,10
312,301,10
312,301,10
312,301,10
312,301,10
312,301,10
312,301,10
312,301,10
312,301,10
312,301,10
312,301,10
312,301,10
312,301,10
312,301,10
312,301,10
312,287,10
312,287,10
312,287,10
312,287,10
312,287,10
312,287,10
312,287,10
312,287,10
312,287,10
312,287,10
332,331,10
332,331,10
332,331,10
332,331,10
332,331,10
332,331,10
332,335,10
332,335,10
332,335,10
332,335,10
332,335,10
332,335,10
332,335,10
332,335,10
332,335,10
332,335,10
332,335,10
332,335,10
332,335,10
332,335,10
332,335,10
332,335,10
332,335,10
332,335,10
332,335,10
332,335,10
332,335,10
332,335,10
332,335,10
332,335,10
332,335,10
332,335,10
332,335,10
332,314,10
332,314,10
332,314,10
332,314,10
332,314,10
332,314,10
332,314,10
332,314,10
332,314,10
332,314,10
332,314,10
332,314,10
332,314,10
332,314,10
332,314,10
332,314,10
332,314,10
332,314,10
332,314,10
332,314,10
332,314,10
332,314,10
332,314,10
332,314,10
332,314,10
332,314,10
332,314,10
332,314,10
332,314,10
332,314,10
332,314,10
332,314,10
332,314,10
332,314,10
332,314,10
332,314,10
332,314,10
332,314,10
332,314,10
332,314,10
332,314,10
332,314,10
332,314,10
332,314,10
332,314,10
332,314,10
332,314,10
332,314,10
332,314,10
332,314,10
332,338,10
332,338,10
332,338,10
332,338,10
332,338,10
332,338,10
332,328,10
332,328,10
332,328,10
332,328,10
332,328,10
332,328,10
332,328,10
332,328,10
332,328,10
332,328,10
332,328,10
332,328,10
332,328,10
332,328,10
332,328,10
332,328,10
332,328,10
332,328,10
332,328,10
332,328,10
332,328,10
332,328,10
332,328,10
332,328,10
332,328,10
332,328,10
332,328,10
332,328,10
332,328,10
332,328,10
332,328,10
332,328,10
332,328,10
332,328,10
332,328,10
332,328,10
332,328,10
332,328,10
332,328,10
332,328,10
332,328,10
332,328,10
332,328,10
332,328,10
332,328,10
332,328,10
332,343,10
332,343,10
332,343,10
332,343,10
332,343,10
332,343,10
332,343,10
332,343,10
332,343,10
332,343,10
332,343,10
332,343,10
332,343,10
332,343,10
332,343,10
332,343,10
332,343,10
332,343,10
332,343,10
332,343,10
332,343,10
332,343,10
332,343,10
332,343,10
332,343,10
332,343,10
332,343,10
332,343,10
332,343,10
332,343,10
332,343,10
332,343,10
332,343,10
332,343,10
332,343,10
332,343,10
332,343,10
332,343,10
332,338,10
332,338,10
332,338,10
332,338,10
332,338,10
332,338,10
332,338,10
332,338,10
332,338,10
332,338,10
332,338,10
332,338,10
332,338,10
332,338,10
332,338,10
332,338,10
332,338,10
332,338,10
332,338,10
332,338,10
332,338,10
332,338,10
332,338,10
332,338,10
332,338,10
332,328,10
332,328,10
332,328,10
332,328,10
332,328,10
332,328,10
332,328,10
332,328,10
332,328,10
332,328,10
332,328,10
332,328,10
332,328,10
332,328,10
332,328,10
332,328,10
332,328,10
332,328,10
332,328,10
332,328,10
332,328,10
332,328,10
332,328,10
332,328,10
332,328,10
332,328,10
332,328,10
332,328,10
332,328,10
332,328,10
332,328,10
332,328,10
332,328,10
332,328,10
332,328,10
332,328,10
332,328,10
332,328,10
332,342,10
332,342,10
332,342,10
332,342,10
332,342,10
332,342,10
332,342,10
332,342,10
332,342,10
332,342,10
332,342,10
332,342,10
332,342,10
332,342,10
332,342,10
332,342,10
332,342,10
332,342,10
332,342,10
332,342,10
332,342,10
332,342,10
332,342,10
332,342,10
332,342,10
332,342,10
332,342,10
332,342,10
332,342,10
332,342,10
332,342,10
332,342,10
332,342,10
332,342,10
332,320,10
332,320,10
332,320,10
332,320,10
332,320,10
332,320,10
332,320,10
332,320,10
332,320,10
332,320,10
332,320,10
332,320,10
332,320,10
332,320,10
332,320,10
332,320,10
332,320,10
332,320,10
332,320,10
332,325,10
332,325,10
332,325,10
332,325,10
332,325,10
332,325,10
332,325,10
332,325,10
332,325,10
332,325,10
332,325,10
332,325,10
332,325,10
332,325,10
332,325,10
332,325,10
332,325,10
332,340,10
332,340,10
332,340,10
332,340,10
332,340,10
332,340,10
332,340,10
332,340,10
332,340,10
332,340,10
332,340,10
332,340,10
332,340,10
332,340,10
332,340,10
332,340,10
332,340,10
332,340,10
332,340,10
332,340,10
332,340,10
332,340,10
332,340,10
332,340,10
332,340,10
332,340,10
332,340,10
332,340,10
332,340,10
332,340,10
332,340,10
332,340,10
332,340,10
332,340,10
332,340,10
332,340,10
332,340,10
332,340,10
332,340,10
332,340,10
332,340,10
332,340,10
332,340,10
332,340,10
332,331,10
332,331,10
332,331,10
332,331,10
332,331,10
332,331,10
332,331,10
332,344,10
332,344,10
332,344,10
332,344,10
332,344,10
332,344,10
332,344,10
332,344,10
332,348,10
332,348,10
332,348,10
332,348,10
332,348,10
332,348,10
332,348,10
332,348,10
332,348,10
332,348,10
332,348,10
332,348,10
332,348,10
332,348,10
332,348,10
332,348,10
332,348,10
332,348,10
332,348,10
332,348,10
332,348,10
332,348,10
332,348,10
332,348,10
332,348,10
332,348,10
332,348,10
332,348,10
332,331,10
332,331,10
332,331,10
332,331,10
332,331,10
332,331,10
332,331,10
332,331,10
332,331,10
332,338,10
332,338,10
332,338,10
332,338,10
332,338,10
332,338,10
332,338,10
332,338,10
332,338,10
332,338,10
332,338,10
332,338,10
332,338,10
332,338,10
332,338,10
332,338,10
332,338,10
332,338,10
332,338,10
332,335,10
332,335,10
332,335,10
332,335,10
332,335,10
332,335,10
332,335,10
332,335,10
332,335,10
332,335,10
332,335,10
332,335,10
332,335,10
332,335,10
332,335,10
332,335,10
332,335,10
332,335,10
332,335,10
332,335,10
332,335,10
332,335,10
332,335,10
332,335,10
332,335,10
332,335,10
332,335,10
332,335,10
332,322,10
332,322,10
332,322,10
332,322,10
332,322,10
332,322,10
332,322,10
332,322,10
332,322,10
332,322,10
332,322,10
332,322,10
332,322,10
332,322,10
332,322,10
332,322,10
332,322,10
332,322,10
332,322,10
332,322,10
332,322,10
332,322,10
332,322,10
332,322,10
332,322,10
332,322,10
332,322,10
332,322,10
332,322,10
332,322,10
332,322,10
332,322,10
332,322,10
332,322,10
332,321,10
332,321,10
332,321,10
332,321,10
332,321,10
332,321,10
332,321,10
332,321,10
332,321,10
332,321,10
332,321,10
332,321,10
332,321,10
332,321,10
332,321,10
332,321,10
332,321,10
332,321,10
332,321,10
332,321,10
332,321,10
332,321,10
332,321,10
332,321,10
332,321,10
332,321,10
332,321,10
332,321,10
332,321,10
332,321,10
332,321,10
332,321,10
332,321,10
332,321,10
332,321,10
332,321,10
332,318,10
332,318,10
332,318,10
332,318,10
332,318,10
332,318,10
332,318,10
332,318,10
332,318,10
332,318,10
332,318,10
332,318,10
332,333,10
332,333,10
332,333,10
332,333,10
332,333,10
332,333,10
332,333,10
332,333,10
332,333,10
332,333,10
332,333,10
332,333,10
332,333,10
332,333,10
332,333,10
332,333,10
332,333,10
332,333,10
332,333,10
332,333,10
332,333,10
332,333,10
332,333,10
332,333,10
332,333,10
332,333,10
332,340,10
332,340,10
332,340,10
332,340,10
332,340,10
332,340,10
332,340,10
332,340,10
332,340,10
332,340,10
332,340,10
332,333,10
332,333,10
332,333,10
332,333,10
332,333,10
332,333,10
332,333,10
332,333,10
332,333,10
332,333,10
332,333,10
332,333,10
332,333,10
332,333,10
332,333,10
332,333,10
332,333,10
332,333,10
332,333,10
332,325,10
332,325,10
332,325,10
332,325,10
332,325,10
332,325,10
332,325,10
332,325,10
332,325,10
332,337,10
332,337,10
332,337,10
332,337,10
332,337,10
332,337,10
332,337,10
332,337,10
332,337,10
332,337,10
332,337,10
332,337,10
332,337,10
332,338,10
332,338,10
332,338,10
332,338,10
332,338,10
332,338,10
332,338,10
332,338,10
332,338,10
332,338,10
332,338,10
332,338,10
332,338,10
332,338,10
332,337,10
332,337,10
332,337,10
332,337,10
332,337,10
332,337,10
332,337,10
332,337,10
332,337,10
332,337,10
332,337,10
332,337,10
332,337,10
332,337,10
332,337,10
332,337,10
332,337,10
332,337,10
332,337,10
332,337,10
332,337,10
332,337,10
332,337,10
332,337,10
332,337,10
332,337,10
332,337,10
332,337,10
332,337,10
332,337,10
332,342,10
332,342,10
332,342,10
332,342,10
332,342,10
332,342,10
332,342,10
332,342,10
332,342,10
332,342,10
332,342,10
332,342,10
332,342,10
332,342,10
332,342,10
332,328,10
332,328,10
332,328,10
332,328,10
332,328,10
332,328,10
332,328,10
332,328,10
332,328,10
332,328,10
332,328,10
332,328,10
332,328,10
332,328,10
332,328,10
332,328,10
332,328,10
332,328,10
332,328,10
332,328,10
332,328,10
332,328,10
332,328,10
332,328,10
332,328,10
332,328,10
332,328,10
332,328,10
332,328,10
332,328,10
332,328,10
332,328,10
332,328,10
332,328,10
332,328,10
332,330,10
332,330,10
332,330,10
332,330,10
332,330,10
332,330,10
332,330,10
332,330,10
332,330,10
332,330,10
332,330,10
332,330,10
332,330,10
332,330,10
332,330,10
332,330,10
332,330,10
332,330,10
332,330,10
332,330,10
332,330,10
332,330,10
332,330,10
332,330,10
332,330,10
332,330,10
332,330,10
332,330,10
332,330,10
332,330,10
332,330,10
332,330,10
332,330,10
332,330,10
332,330,10
332,330,10
332,330,10
332,330,10
332,330,10
332,330,10
332,330,10
332,330,10
332,330,10
332,330,10
332,330,10
332,330,10
332,330,10
332,330,10
332,330,10
332,330,10
332,330,10
332,330,10
332,330,10
332,330,10
332,330,10
332,330,10
332,330,10
332,330,10
332,330,10
332,318,10
332,318,10
332,318,10
332,318,10
332,318,10
332,318,10
332,318,10
332,318,10
332,318,10
332,318,10
332,318,10
332,318,10
332,318,10
332,318,10
332,318,10
332,318,10
332,318,10
332,318,10
332,318,10
332,318,10
332,318,10
332,318,10
332,318,10
332,318,10
332,318,10
332,318,10
332,318,10
332,318,10
332,318,10
332,318,10
332,318,10
332,318,10
332,334,10
332,334,10
332,334,10
332,334,10
332,334,10
332,334,10
332,334,10
332,334,10
332,334,10
332,334,10
332,334,10
332,334,10
332,334,10
332,334,10
332,334,10
332,334,10
332,334,10
332,334,10
332,334,10
332,334,10
332,334,10
332,334,10
332,334,10
332,334,10
332,334,10
332,334,10
332,334,10
332,334,10
332,334,10
332,339,10
332,339,10
332,339,10
332,339,10
332,339,10
332,339,10
332,339,10
332,339,10
332,339,10
332,339,10
332,339,10
332,339,10
332,339,10
332,339,10
332,339,10
332,339,10
332,339,10
332,339,10
332,339,10
332,339,10
332,339,10
332,339,10
332,339,10
332,339,10
332,344,10
332,344,10
332,344,10
332,344,10
332,344,10
332,344,10
332,344,10
332,344,10
332,344,10
332,344,10
332,344,10
332,344,10
332,344,10
332,344,10
332,344,10
332,344,10
332,344,10
332,344,10
332,344,10
332,344,10
332,344,10
332,344,10
332,344,10
332,344,10
332,344,10
332,344,10
332,344,10
332,344,10
332,344,10
332,344,10
332,344,10
332,344,10
332,326,10
332,326,10
332,326,10
332,326,10
332,326,10
332,326,10
332,326,10
332,326,10
332,326,10
292,289,10
292,289,10
292,289,10
292,289,10
292,289,10
292,289,10
292,289,10
292,289,10
292,289,10
292,289,10
292,291,10
292,291,10
292,291,10
292,291,10
292,291,10
292,291,10
292,291,10
292,291,10
292,291,10
292,287,10
292,287,10
292,287,10
292,287,10
292,287,10
292,287,10
292,287,10
292,287,10
292,287,10
292,287,10
292,287,10
292,287,10
292,287,10
292,287,10
292,287,10
292,297,10
292,297,10
292,297,10
292,297,10
292,297,10
292,297,10
292,297,10
292,297,10
292,297,10
292,297,10
292,297,10
292,297,10
292,297,10
292,297,10
292,297,10
292,297,10
292,297,10
292,297,10
292,297,10
292,297,10
292,297,10
292,297,10
292,297,10
292,297,10
292,297,10
292,297,10
292,282,10
292,282,10
292,282,10
292,282,10
292,282,10
292,282,10
292,282,10
292,285,10
292,285,10
292,285,10
292,285,10
292,285,10
292,285,10
292,285,10
292,285,10
292,285,10
292,285,10
292,285,10
292,285,10
292,285,10
292,285,10
292,293,10
292,293,10
292,293,10
292,293,10
292,293,10
292,293,10
292,293,10
292,293,10
292,293,10
292,293,10
292,293,10
292,293,10
292,293,10
292,293,10
292,293,10
292,293,10
292,293,10
292,293,10
292,293,10
292,293,10
292,293,10
292,293,10
292,293,10
292,293,10
292,293,10
292,293,10
292,293,10
292,293,10
292,293,10
292,293,10
292,293,10
292,293,10
292,293,10
292,293,10
292,293,10
292,293,10
292,293,10
292,293,10
292,293,10
292,293,10
292,293,10
292,293,10
292,293,10
292,293,10
292,293,10
292,293,10
292,293,10
292,293,10
292,293,10
292,270,10
292,270,10
292,270,10
292,270,10
292,270,10
292,270,10
292,270,10
292,270,10
292,270,10
292,270,10
292,270,10
292,270,10
292,270,10
292,270,10
292,270,10
292,270,10
292,270,10
292,270,10
292,270,10
292,270,10
292,270,10
292,270,10
292,270,10
292,270,10
292,270,10
292,270,10
292,270,10
292,270,10
292,270,10
292,270,10
292,270,10
292,270,10
292,270,10
292,270,10
292,270,10
292,270,10
292,270,10
292,270,10
292,270,10
292,270,10
292,270,10
292,270,10
292,270,10
292,270,10
292,270,10
292,270,10
292,270,10
292,270,10
292,270,10
292,270,10
292,270,10
292,270,10
292,270,10
292,303,10
292,303,10
292,303,10
292,303,10
292,303,10
292,303,10
292,303,10
292,303,10
292,303,10
292,303,10
292,303,10
292,281,10
292,281,10
292,281,10
292,281,10
292,281,10
292,281,10
292,281,10
292,281,10
292,281,10
292,281,10
292,281,10
292,281,10
292,281,10
292,281,10
292,281,10
292,295,10
292,295,10
292,295,10
292,295,10
292,295,10
292,295,10
292,295,10
292,295,10
292,295,10
292,295,10
292,295,10
292,295,10
292,295,10
292,295,10
292,295,10
292,295,10
292,295,10
292,295,10
292,295,10
292,295,10
292,295,10
292,295,10
292,295,10
292,295,10
292,295,10
292,295,10
292,295,10
292,295,10
292,295,10
292,295,10
292,295,10
292,295,10
292,295,10
292,295,10
292,293,10
292,293,10
292,293,10
292,293,10
292,293,10
292,293,10
292,293,10
292,285,10
292,285,10
292,285,10
292,285,10
292,285,10
292,285,10
292,285,10
292,285,10
292,285,10
292,285,10
292,285,10
292,284,10
292,284,10
292,284,10
292,284,10
292,284,10
292,284,10
292,284,10
292,284,10
292,284,10
292,284,10
292,284,10
292,284,10
292,284,10
292,284,10
292,284,10
292,284,10
292,284,10
292,284,10
292,284,10
292,284,10
292,284,10
292,284,10
292,284,10
292,284,10
292,284,10
292,284,10
292,284,10
292,294,10
292,294,10
292,294,10
292,294,10
292,294,10
292,294,10
292,294,10
292,294,10
292,294,10
292,294,10
292,294,10
292,294,10
292,294,10
292,294,10
292,294,10
292,294,10
292,294,10
292,294,10
292,294,10
292,294,10
292,294,10
292,294,10
292,294,10
292,271,10
292,271,10
292,271,10
292,271,10
292,271,10
292,271,10
292,271,10
292,271,10
292,271,10
292,292,10
292,292,10
292,292,10
292,292,10
292,292,10
292,292,10
292,292,10
292,292,10
292,292,10
292,292,10
292,292,10
292,292,10
292,292,10
292,305,10
292,305,10
292,305,10
292,305,10
292,305,10
292,305,10
292,302,10
292,302,10
292,302,10
292,302,10
292,302,10
292,302,10
292,302,10
292,302,10
292,302,10
292,302,10
292,302,10
292,302,10
292,302,10
292,305,10
292,305,10
292,305,10
292,305,10
292,305,10
292,305,10
292,305,10
292,305,10
292,305,10
292,305,10
292,305,10
292,305,10
292,305,10
292,305,10
292,305,10
292,305,10
292,305,10
292,305,10
292,305,10
292,305,10
292,305,10
292,305,10
292,305,10
292,305,10
292,280,10
292,280,10
292,280,10
292,280,10
292,280,10
292,280,10
292,280,10
292,280,10
292,280,10
292,280,10
292,280,10
292,302,10
292,302,10
292,302,10
292,302,10
292,302,10
292,302,10
292,302,10
292,302,10
292,302,10
292,302,10
292,302,10
292,302,10
292,302,10
292,287,10
292,287,10
292,287,10
292,287,10
292,287,10
292,287,10
292,287,10
292,287,10
292,287,10
292,287,10
292,287,10
292,287,10
292,287,10
292,292,10
292,292,10
292,292,10
292,292,10
292,292,10
292,292,10
292,292,10
292,292,10
292,292,10
292,287,10
292,287,10
292,287,10
292,287,10
292,287,10
292,287,10
292,287,10
292,287,10
292,287,10
292,287,10
292,287,10
292,287,10
292,287,10
292,287,10
292,287,10
292,287,10
292,287,10
292,287,10
292,287,10
292,287,10
292,287,10
292,287,10
292,287,10
292,287,10
292,287,10
292,287,10
292,287,10
292,287,10
292,287,10
292,287,10
292,287,10
292,287,10
292,287,10
292,287,10
292,287,10
292,291,10
292,291,10
292,291,10
292,291,10
292,291,10
292,291,10
292,291,10
292,291,10
292,295,10
292,295,10
292,295,10
292,295,10
292,295,10
292,295,10
292,295,10
292,295,10
292,295,10
292,295,10
292,295,10
292,295,10
292,295,10
292,295,10
292,295,10
292,295,10
292,295,10
292,295,10
292,295,10
292,295,10
292,295,10
292,295,10
292,295,10
292,295,10
292,295,10
292,295,10
292,301,10
292,301,10
292,301,10
292,301,10
292,301,10
292,301,10
292,301,10
292,301,10
292,301,10
292,301,10
292,301,10
292,301,10
292,301,10
292,301,10
292,301,10
292,301,10
292,301,10
292,301,10
292,301,10
292,301,10
292,301,10
292,301,10
292,301,10
292,301,10
292,301,10
292,301,10
292,301,10
292,301,10
292,301,10
292,301,10
292,301,10
292,301,10
292,301,10
292,301,10
292,301,10
292,301,10
292,301,10
292,301,10
292,301,10
292,301,10
292,301,10
292,301,10
292,301,10
292,301,10
292,301,10
292,301,10
292,296,10
292,296,10
292,296,10
292,296,10
292,296,10
292,296,10
292,296,10
292,296,10
292,296,10
292,296,10
292,296,10
292,296,10
292,296,10
292,296,10
292,296,10
292,296,10
292,296,10
292,296,10
292,296,10
292,296,10
292,300,10
292,300,10
292,300,10
292,300,10
292,300,10
292,300,10
292,300,10
292,300,10
292,300,10
292,300,10
292,300,10
292,300,10
292,300,10
292,293,10
292,293,10
292,293,10
292,293,10
292,293,10
292,293,10
292,293,10
292,293,10
292,293,10
292,293,10
292,293,10
292,293,10
292,293,10
292,293,10
292,293,10
292,293,10
292,295,10
292,295,10
292,295,10
292,295,10
292,295,10
292,295,10
292,295,10
292,295,10
292,289,10
292,289,10
292,289,10
292,289,10
292,289,10
292,289,10
292,289,10
292,289,10
292,289,10
292,289,10
292,289,10
292,289,10
292,289,10
292,289,10
292,289,10
292,289,10
292,289,10
292,289,10
292,289,10
292,289,10
292,289,10
292,289,10
292,289,10
292,289,10
292,289,10
292,289,10
292,289,10
292,289,10
292,289,10
292,289,10
292,289,10
292,289,10
292,289,10
292,289,10
292,289,10
292,289,10
292,289,10
292,289,10
292,289,10
292,289,10
292,289,10
292,289,10
292,289,10
292,301,10
292,301,10
292,301,10
292,301,10
292,301,10
292,301,10
292,301,10
292,301,10
292,301,10
292,301,10
292,301,10
292,301,10
292,301,10
292,301,10
292,303,10
292,303,10
292,303,10
292,303,10
292,303,10
292,303,10
292,303,10
292,303,10
292,303,10
292,303,10
272,277,10
272,277,10
272,277,10
272,277,10
272,277,10
272,277,10
272,277,10
272,277,10
272,277,10
272,277,10
272,277,10
272,279,10
272,279,10
272,279,10
272,279,10
272,279,10
272,279,10
272,279,10
272,279,10
272,269,10
272,269,10
272,269,10
272,269,10
272,269,10
272,269,10
272,269,10
272,269,10
272,269,10
272,269,10
272,269,10
272,269,10
272,269,10
272,269,10
272,269,10
272,269,10
272,269,10
272,269,10
272,269,10
272,269,10
272,269,10
272,269,10
272,269,10
272,269,10
272,269,10
272,269,10
272,269,10
272,269,10
272,269,10
272,269,10
272,269,10
272,269,10
272,269,10
272,269,10
272,269,10
272,269,10
272,269,10
272,269,10
272,269,10
272,269,10
272,269,10
272,269,10
272,269,10
272,269,10
272,269,10
272,269,10
272,269,10
272,269,10
272,269,10
272,269,10
272,269,10
272,269,10
272,269,10
272,269,10
272,269,10
272,269,10
272,274,10
272,274,10
272,274,10
272,274,10
272,274,10
272,274,10
272,272,10
272,272,10
272,272,10
272,272,10
272,272,10
272,272,10
272,272,10
272,272,10
272,272,10
272,272,10
272,272,10
272,272,10
272,272,10
272,272,10
272,272,10
272,272,10
272,272,10
272,272,10
272,272,10
272,272,10
272,272,10
272,272,10
272,272,10
272,272,10
272,272,10
272,272,10
272,272,10
272,272,10
272,272,10
272,272,10
272,272,10
272,272,10
272,272,10
272,272,10
272,272,10
272,272,10
272,272,10
272,272,10
272,272,10
272,272,10
272,275,10
272,275,10
272,275,10
272,275,10
272,275,10
272,275,10
272,275,10
272,275,10
272,275,10
272,275,10
272,275,10
272,272,10
272,272,10
272,272,10
272,272,10
272,272,10
272,272,10
272,272,10
272,272,10
272,272,10
272,272,10
272,272,10
272,272,10
272,272,10
272,272,10
272,272,10
272,272,10
272,272,10
272,272,10
272,272,10
272,272,10
272,268,10
272,268,10
272,268,10
272,268,10
272,268,10
272,268,10
272,268,10
272,268,10
272,268,10
272,268,10
272,268,10
272,268,10
272,268,10
272,268,10
272,268,10
272,268,10
272,268,10
272,268,10
272,268,10
272,268,10
272,268,10
272,268,10
272,268,10
272,268,10
272,249,10
272,249,10
272,249,10
272,249,10
272,249,10
272,249,10
272,249,10
272,270,10
272,270,10
272,270,10
272,270,10
272,270,10
272,270,10
272,270,10
272,270,10
272,270,10
272,270,10
272,270,10
272,270,10
272,270,10
272,270,10
272,290,10
272,290,10
272,290,10
272,290,10
272,290,10
272,290,10
272,290,10
272,290,10
272,290,10
272,290,10
272,290,10
272,290,10
272,290,10
272,290,10
272,290,10
272,290,10
272,290,10
272,290,10
272,290,10
272,290,10
272,290,10
272,290,10
272,290,10
272,290,10
272,290,10
272,290,10
272,290,10
272,290,10
272,290,10
272,290,10
272,290,10
272,290,10
272,290,10
272,290,10
272,290,10
272,290,10
272,282,10
272,282,10
272,282,10
272,282,10
272,282,10
272,282,10
272,282,10
272,282,10
272,282,10
272,282,10
272,282,10
272,282,10
272,282,10
272,282,10
272,282,10
272,282,10
272,282,10
272,282,10
272,282,10
272,282,10
272,282,10
272,282,10
272,282,10
272,268,10
272,268,10
272,268,10
272,268,10
272,268,10
272,268,10
272,266,10
272,266,10
272,266,10
272,266,10
272,266,10
272,266,10
272,266,10
272,266,10
272,266,10
272,266,10
272,266,10
272,266,10
272,266,10
272,266,10
272,266,10
272,266,10
272,266,10
272,266,10
272,266,10
272,266,10
272,266,10
272,258,10
272,258,10
272,258,10
272,258,10
272,258,10
272,258,10
272,258,10
272,258,10
272,258,10
272,258,10
272,258,10
272,258,10
272,258,10
272,258,10
272,255,10
272,255,10
272,255,10
272,255,10
272,255,10
272,255,10
272,255,10
272,255,10
272,255,10
272,255,10
272,255,10
272,255,10
272,255,10
272,255,10
272,255,10
272,255,10
272,255,10
272,255,10
272,255,10
272,264,10
272,264,10
272,264,10
272,264,10
272,264,10
272,264,10
272,264,10
272,264,10
272,264,10
272,264,10
272,264,10
272,264,10
272,264,10
272,264,10
272,264,10
272,264,10
272,264,10
272,264,10
272,264,10
272,264,10
272,264,10
272,264,10
272,264,10
272,264,10
272,264,10
272,264,10
272,264,10
272,264,10
272,264,10
272,264,10
272,264,10
272,264,10
272,264,10
272,264,10
272,264,10
272,264,10
272,264,10
272,264,10
272,264,10
272,264,10
272,264,10
272,264,10
272,264,10
272,264,10
272,264,10
272,264,10
272,265,10
272,265,10
272,265,10
272,265,10
272,265,10
272,265,10
272,265,10
272,265,10
272,265,10
272,265,10
272,265,10
272,265,10
272,265,10
272,265,10
272,265,10
272,265,10
272,265,10
272,281,10
272,281,10
272,281,10
272,281,10
272,281,10
272,281,10
272,281,10
272,281,10
272,281,10
272,281,10
272,281,10
272,281,10
272,281,10
272,281,10
272,281,10
272,281,10
272,281,10
272,281,10
272,281,10
272,281,10
272,276,10
272,276,10
272,276,10
272,276,10
272,276,10
272,276,10
272,276,10
272,276,10
272,276,10
272,276,10
272,276,10
272,276,10
272,276,10
272,276,10
272,276,10
272,276,10
272,246,10
272,246,10
272,246,10
272,246,10
272,246,10
272,246,10
272,246,10
272,246,10
272,246,10
272,261,10
272,261,10
272,261,10
272,261,10
272,261,10
272,261,10
272,261,10
272,261,10
272,261,10
272,269,10
272,269,10
272,269,10
272,269,10
272,269,10
272,269,10
272,269,10
272,266,10
272,266,10
272,266,10
272,266,10
272,266,10
272,266,10
272,263,10
272,263,10
272,263,10
272,263,10
272,263,10
272,263,10
272,263,10
272,263,10
272,263,10
272,263,10
272,263,10
272,263,10
272,263,10
272,263,10
272,263,10
272,263,10
272,263,10
272,263,10
272,263,10
272,263,10
272,263,10
272,263,10
272,263,10
272,263,10
272,263,10
272,263,10
272,263,10
272,263,10
272,263,10
272,263,10
272,269,10
272,269,10
272,269,10
272,269,10
272,269,10
272,269,10
272,269,10
272,269,10
272,269,10
272,269,10
272,269,10
272,269,10
272,269,10
272,269,10
272,266,10
272,266,10
272,266,10
272,266,10
272,266,10
272,266,10
272,266,10
272,266,10
272,266,10
272,266,10
272,266,10
272,266,10
272,266,10
272,266,10
272,266,10
272,266,10
272,266,10
272,266,10
272,266,10
272,266,10
272,266,10
272,266,10
272,262,10
272,262,10
272,262,10
272,262,10
272,262,10
272,262,10
272,262,10
272,262,10
272,262,10
272,262,10
272,262,10
272,262,10
272,262,10
272,262,10
272,262,10
272,262,10
272,262,10
272,262,10
272,262,10
272,262,10
272,262,10
272,262,10
272,262,10
272,262,10
272,262,10
272,262,10
272,279,10
272,279,10
272,279,10
272,279,10
272,279,10
272,279,10
272,279,10
272,279,10
272,279,10
272,279,10
272,279,10
272,279,10
272,279,10
272,279,10
272,279,10
272,279,10
272,279,10
272,280,10
272,280,10
272,280,10
272,280,10
272,280,10
272,280,10
272,280,10
272,269,10
272,269,10
272,269,10
272,269,10
272,269,10
272,269,10
272,269,10
272,269,10
272,269,10
272,269,10
272,275,10
272,275,10
272,275,10
272,275,10
272,275,10
272,275,10
272,275,10
272,275,10
252,240,10
252,240,10
252,240,10
252,240,10
252,240,10
252,240,10
252,240,10
252,240,10
252,240,10
252,240,10
252,240,10
252,240,10
252,240,10
252,240,10
252,240,10
252,240,10
252,240,10
252,240,10
252,250,10
252,250,10
252,250,10
252,250,10
252,250,10
252,250,10
252,250,10
252,250,10
252,250,10
252,250,10
252,250,10
252,250,10
252,250,10
252,250,10
252,250,10
252,250,10
252,250,10
252,258,10
252,258,10
252,258,10
252,258,10
252,258,10
252,258,10
252,258,10
252,258,10
252,258,10
252,258,10
252,258,10
252,258,10
252,258,10
252,258,10
252,258,10
252,258,10
252,258,10
252,258,10
252,258,10
252,258,10
252,258,10
252,258,10
252,258,10
252,258,10
252,258,10
252,258,10
252,258,10
252,258,10
252,258,10
252,258,10
252,263,10
252,263,10
252,263,10
252,263,10
252,263,10
252,263,10
252,263,10
252,263,10
252,263,10
252,263,10
252,263,10
252,263,10
252,263,10
252,256,10
252,256,10
252,256,10
252,256,10
252,256,10
252,256,10
252,256,10
252,256,10
252,256,10
252,256,10
252,256,10
252,242,10
252,242,10
252,242,10
252,242,10
252,242,10
252,242,10
252,242,10
252,242,10
252,242,10
252,242,10
252,242,10
252,242,10
252,242,10
252,242,10
252,242,10
252,242,10
252,242,10
252,242,10
252,242,10
252,242,10
252,242,10
252,242,10
252,242,10
252,242,10
252,242,10
252,242,10
252,242,10
252,242,10
252,242,10
252,242,10
252,242,10
252,242,10
252,242,10
252,242,10
252,242,10
252,242,10
252,242,10
252,242,10
252,242,10
252,242,10
252,242,10
252,242,10
252,242,10
252,242,10
252,242,10
252,242,10
252,242,10
252,242,10
252,242,10
252,242,10
252,242,10
252,242,10
252,242,10
252,242,10
252,242,10
252,242,10
252,244,10
252,244,10
252,244,10
252,244,10
252,244,10
252,244,10
252,244,10
252,244,10
252,244,10
252,244,10
252,244,10
252,248,10
252,248,10
252,248,10
252,248,10
252,248,10
252,248,10
252,248,10
252,248,10
252,248,10
252,248,10
252,248,10
252,248,10
252,248,10
252,248,10
252,248,10
252,248,10
252,258,10
252,258,10
252,258,10
252,258,10
252,258,10
252,258,10
252,258,10
252,258,10
252,251,10
252,251,10
252,251,10
252,251,10
252,251,10
252,251,10
252,251,10
252,251,10
252,251,10
252,251,10
252,251,10
252,251,10
252,251,10
252,251,10
252,251,10
252,251,10
252,251,10
252,256,10
252,256,10
252,256,10
252,256,10
252,256,10
252,256,10
252,256,10
252,256,10
252,256,10
252,256,10
252,246,10
252,246,10
252,246,10
252,246,10
252,246,10
252,246,10
252,246,10
252,246,10
252,246,10
252,246,10
252,246,10
252,246,10
252,246,10
252,246,10
252,246,10
252,246,10
252,246,10
252,246,10
252,246,10
252,246,10
252,246,10
252,246,10
252,246,10
252,246,10
252,246,10
252,246,10
252,246,10
252,246,10
252,246,10
252,246,10
252,246,10
252,246,10
252,246,10
252,246,10
252,246,10
252,246,10
252,246,10
252,246,10
252,246,10
252,261,10
252,261,10
252,261,10
252,261,10
252,261,10
252,261,10
252,261,10
252,261,10
252,261,10
252,261,10
252,261,10
252,246,10
252,246,10
252,246,10
252,246,10
252,246,10
252,246,10
252,246,10
252,257,10
252,257,10
252,257,10
252,257,10
252,257,10
252,257,10
252,257,10
252,257,10
252,257,10
252,257,10
252,257,10
252,261,10
252,261,10
252,261,10
252,261,10
252,261,10
252,261,10
252,261,10
252,261,10
252,261,10
252,261,10
252,261,10
252,261,10
252,261,10
252,261,10
252,250,10
252,250,10
252,250,10
252,250,10
252,250,10
252,250,10
252,250,10
252,250,10
252,250,10
252,250,10
252,250,10
252,250,10
252,250,10
252,250,10
252,250,10
252,250,10
252,250,10
252,250,10
252,250,10
252,250,10
252,250,10
252,250,10
252,250,10
252,250,10
252,250,10
252,250,10
252,259,10
252,259,10
252,259,10
252,259,10
252,259,10
252,259,10
252,259,10
252,259,10
252,259,10
252,259,10
252,259,10
252,259,10
252,259,10
252,259,10
252,259,10
252,259,10
252,259,10
252,259,10
252,259,10
252,259,10
252,259,10
252,259,10
252,259,10
252,259,10
252,259,10
252,259,10
252,259,10
252,259,10
252,259,10
252,252,10
252,252,10
252,252,10
252,252,10
252,252,10
252,252,10
252,252,10
252,252,10
252,252,10
252,252,10
252,252,10
252,252,10
252,252,10
252,252,10
252,252,10
252,252,10
252,252,10
252,252,10
252,252,10
252,252,10
252,252,10
252,252,10
252,252,10
252,252,10
252,261,10
252,261,10
252,261,10
252,261,10
252,261,10
252,261,10
252,261,10
252,261,10
252,261,10
252,261,10
252,261,10
252,261,10
252,261,10
252,261,10
252,261,10
252,261,10
252,261,10
252,261,10
252,261,10
252,261,10
252,261,10
252,261,10
252,261,10
252,261,10
252,261,10
252,261,10
252,261,10
252,261,10
252,261,10
252,261,10
252,261,10
252,261,10
252,254,10
252,254,10
252,254,10
252,254,10
252,254,10
252,254,10
252,254,10
252,254,10
252,254,10
252,254,10
252,254,10
252,254,10
252,254,10
252,254,10
252,254,10
252,254,10
252,254,10
252,254,10
252,254,10
252,254,10
252,254,10
252,254,10
252,254,10
252,254,10
252,254,10
252,254,10
252,254,10
252,255,10
252,255,10
252,255,10
252,255,10
252,255,10
252,255,10
252,255,10
252,257,10
252,257,10
252,257,10
252,257,10
252,257,10
252,257,10
252,257,10
252,257,10
252,257,10
252,251,10
252,251,10
252,251,10
252,251,10
252,251,10
252,251,10
252,251,10
252,251,10
252,251,10
252,251,10
252,251,10
252,251,10
252,251,10
252,251,10
252,251,10
252,251,10
252,251,10
252,251,10
252,251,10
252,251,10
252,251,10
252,251,10
252,251,10
252,251,10
252,251,10
252,251,10
252,251,10
252,242,10
252,242,10
252,242,10
252,242,10
252,242,10
252,242,10
252,242,10
252,242,10
252,242,10
252,242,10
252,242,10
252,242,10
252,242,10
252,242,10
252,242,10
252,242,10
252,242,10
252,242,10
252,242,10
252,242,10
252,242,10
252,242,10
252,242,10
252,242,10
252,239,10
252,239,10
252,239,10
252,239,10
252,239,10
252,239,10
252,239,10
252,239,10
252,239,10
252,239,10
252,239,10
252,239,10
252,239,10
252,239,10
252,239,10
252,239,10
252,239,10
252,239,10
252,239,10
252,239,10
252,239,10
252,239,10
252,239,10
252,239,10
252,239,10
252,239,10
252,239,10
252,239,10
252,239,10
252,239,10
252,239,10
252,239,10
252,239,10
252,239,10
252,239,10
252,239,10
252,239,10
252,259,10
252,259,10
252,259,10
252,259,10
252,259,10
252,259,10
252,259,10
252,259,10
252,259,10
252,259,10
252,259,10
252,259,10
252,259,10
252,259,10
252,259,10
252,259,10
252,259,10
252,259,10
252,259,10
252,259,10
252,238,10
252,238,10
252,238,10
252,238,10
252,238,10
252,238,10
252,238,10
252,238,10
252,238,10
252,238,10
252,238,10
252,238,10
252,238,10
252,238,10
252,238,10
252,238,10
252,238,10
252,238,10
252,238,10
252,238,10
252,238,10
252,238,10
252,238,10
252,238,10
252,238,10
252,238,10
252,238,10
252,238,10
252,238,10
252,238,10
252,238,10
252,238,10
252,238,10
252,238,10
252,238,10
252,238,10
252,238,10
252,256,10
252,256,10
252,256,10
252,256,10
252,256,10
252,256,10
252,256,10
252,256,10
252,256,10
252,256,10
252,256,10
252,256,10
252,256,10
252,256,10
252,256,10
252,256,10
252,256,10
252,256,10
252,256,10
252,256,10
252,256,10
252,256,10
252,256,10
252,256,10
252,256,10
252,256,10
252,261,10
252,261,10
252,261,10
252,261,10
252,261,10
252,261,10
252,261,10
252,261,10
252,261,10
252,261,10
252,261,10
252,261,10
252,254,10
252,254,10
252,254,10
252,254,10
252,254,10
252,254,10
252,254,10
252,254,10
252,254,10
252,254,10
252,254,10
252,254,10
252,254,10
252,254,10
252,254,10
252,254,10
252,254,10
252,254,10
252,254,10
252,254,10
252,254,10
252,254,10
252,254,10
252,254,10
252,254,10
252,254,10
252,254,10
252,254,10
212,213,10
212,213,10
212,213,10
212,213,10
212,213,10
212,213,10
212,213,10
212,213,10
212,213,10
212,213,10
212,213,10
212,213,10
212,213,10
212,213,10
212,213,10
212,213,10
212,213,10
212,213,10
212,213,10
212,213,10
212,213,10
212,213,10
212,213,10
212,213,10
212,213,10
212,213,10
212,213,10
212,213,10
212,213,10
212,213,10
212,213,10
212,213,10
212,213,10
212,213,10
212,213,10
212,213,10
212,213,10
212,213,10
212,213,10
212,213,10
212,213,10
212,213,10
212,213,10
212,213,10
212,213,10
212,213,10
212,213,10
212,213,10
212,213,10
212,213,10
212,213,10
212,213,10
212,213,10
212,232,10
212,232,10
212,232,10
212,232,10
212,232,10
212,232,10
212,232,10
212,232,10
212,232,10
212,232,10
212,232,10
212,232,10
212,232,10
212,232,10
212,232,10
212,232,10
212,232,10
212,232,10
212,232,10
212,232,10
212,232,10
212,232,10
212,232,10
212,232,10
212,227,10
212,227,10
212,227,10
212,227,10
212,227,10
212,227,10
212,227,10
212,227,10
212,227,10
212,227,10
212,227,10
212,227,10
212,227,10
212,227,10
212,227,10
212,227,10
212,227,10
212,227,10
212,227,10
212,227,10
212,227,10
212,227,10
212,227,10
212,227,10
212,227,10
212,227,10
212,227,10
212,227,10
212,213,10
212,213,10
212,213,10
212,213,10
212,213,10
212,213,10
212,213,10
212,213,10
212,213,10
212,213,10
212,213,10
212,213,10
212,213,10
212,213,10
212,213,10
212,213,10
212,213,10
212,213,10
212,213,10
212,213,10
212,221,10
212,221,10
212,221,10
212,221,10
212,221,10
212,221,10
212,221,10
212,221,10
212,221,10
212,221,10
212,221,10
212,221,10
212,221,10
212,221,10
212,221,10
212,214,10
212,214,10
212,214,10
212,214,10
212,214,10
212,214,10
212,214,10
212,214,10
212,214,10
212,214,10
212,214,10
212,214,10
212,214,10
212,214,10
212,214,10
212,214,10
212,214,10
212,214,10
212,214,10
212,214,10
212,214,10
212,214,10
212,214,10
212,214,10
212,214,10
212,214,10
212,214,10
212,214,10
212,214,10
212,214,10
212,204,10
212,204,10
212,204,10
212,204,10
212,204,10
212,204,10
212,204,10
212,204,10
212,204,10
212,204,10
212,204,10
212,204,10
212,204,10
212,204,10
212,204,10
212,204,10
212,204,10
212,204,10
212,204,10
212,204,10
212,204,10
212,204,10
212,204,10
212,204,10
212,204,10
212,204,10
212,204,10
212,204,10
212,204,10
212,204,10
212,204,10
212,204,10
212,204,10
212,204,10
212,204,10
212,204,10
212,204,10
212,204,10
212,204,10
212,211,10
212,211,10
212,211,10
212,211,10
212,211,10
212,211,10
212,211,10
212,211,10
212,211,10
212,211,10
212,211,10
212,211,10
212,211,10
212,211,10
212,211,10
212,211,10
212,211,10
212,211,10
212,211,10
212,211,10
212,211,10
212,207,10
212,207,10
212,207,10
212,207,10
212,207,10
212,207,10
212,207,10
212,207,10
212,207,10
212,207,10
212,207,10
212,207,10
212,207,10
212,207,10
212,207,10
212,207,10
212,207,10
212,207,10
212,207,10
212,207,10
212,207,10
212,197,10
212,197,10
212,197,10
212,197,10
212,197,10
212,197,10
212,197,10
212,197,10
212,197,10
212,197,10
212,197,10
212,197,10
212,197,10
212,197,10
212,197,10
212,197,10
212,197,10
212,197,10
212,197,10
212,214,10
212,214,10
212,214,10
212,214,10
212,214,10
212,214,10
212,214,10
212,214,10
212,214,10
212,214,10
212,214,10
212,214,10
212,214,10
212,214,10
212,214,10
212,214,10
212,214,10
212,214,10
212,214,10
212,214,10
212,214,10
212,214,10
212,214,10
212,214,10
212,214,10
212,214,10
212,214,10
212,214,10
212,214,10
212,214,10
212,214,10
212,214,10
212,214,10
212,214,10
212,214,10
212,214,10
212,214,10
212,214,10
212,214,10
212,214,10
212,214,10
212,214,10
212,214,10
212,214,10
212,214,10
212,214,10
212,214,10
212,214,10
212,214,10
212,214,10
212,214,10
212,214,10
212,214,10
212,214,10
212,208,10
212,208,10
212,208,10
212,208,10
212,208,10
212,208,10
212,208,10
212,208,10
212,208,10
212,208,10
212,208,10
212,208,10
212,208,10
212,208,10
212,208,10
212,208,10
212,208,10
212,208,10
212,208,10
212,208,10
212,208,10
212,208,10
212,208,10
212,208,10
212,208,10
212,208,10
212,208,10
212,208,10
212,208,10
212,208,10
212,229,10
212,229,10
212,229,10
212,229,10
212,229,10
212,229,10
212,229,10
212,223,10
212,223,10
212,223,10
212,223,10
212,223,10
212,223,10
212,223,10
212,223,10
212,223,10
212,223,10
212,223,10
212,223,10
212,223,10
212,223,10
212,223,10
212,223,10
212,223,10
212,223,10
212,223,10
212,223,10
212,223,10
212,223,10
212,223,10
212,206,10
212,206,10
212,206,10
212,206,10
212,206,10
212,206,10
212,206,10
212,206,10
212,194,10
212,194,10
212,194,10
212,194,10
212,194,10
212,194,10
212,206,10
212,206,10
212,206,10
212,206,10
212,206,10
212,206,10
212,206,10
212,206,10
212,206,10
212,206,10
212,206,10
212,206,10
212,206,10
212,206,10
212,206,10
212,206,10
212,206,10
212,206,10
212,206,10
212,206,10
212,206,10
212,206,10
212,206,10
212,206,10
212,206,10
212,206,10
212,206,10
212,206,10
212,206,10
212,206,10
212,206,10
212,206,10
212,206,10
212,206,10
212,206,10
212,206,10
212,206,10
212,206,10
212,206,10
212,206,10
212,206,10
212,206,10
212,206,10
212,206,10
212,206,10
212,206,10
212,206,10
212,206,10
212,206,10
212,206,10
212,206,10
212,206,10
212,206,10
212,211,10
212,211,10
212,211,10
212,211,10
212,211,10
212,211,10
212,211,10
212,211,10
212,211,10
212,211,10
212,211,10
212,211,10
212,211,10
212,211,10
212,211,10
212,211,10
212,211,10
212,211,10
212,211,10
212,211,10
212,211,10
212,211,10
212,211,10
212,211,10
212,211,10
212,211,10
212,211,10
212,211,10
212,211,10
212,211,10
212,211,10
212,211,10
212,211,10
212,211,10
212,211,10
212,211,10
212,227,10
212,227,10
212,227,10
212,227,10
212,227,10
212,227,10
212,227,10
212,227,10
212,227,10
212,227,10
212,227,10
212,227,10
212,227,10
212,227,10
212,227,10
212,227,10
212,227,10
212,220,10
212,220,10
212,220,10
212,220,10
212,220,10
212,220,10
212,220,10
212,220,10
212,220,10
212,220,10
212,220,10
212,220,10
212,220,10
212,220,10
212,220,10
212,220,10
212,220,10
212,220,10
212,220,10
212,220,10
212,220,10
212,210,10
212,210,10
212,210,10
212,210,10
212,210,10
212,210,10
212,210,10
212,210,10
212,210,10
212,210,10
212,210,10
212,210,10
212,210,10
212,210,10
212,210,10
212,210,10
212,210,10
212,210,10
212,210,10
212,192,10
212,192,10
212,192,10
212,192,10
212,192,10
212,192,10
212,192,10
212,192,10
212,192,10
212,192,10
212,192,10
212,192,10
212,192,10
212,192,10
212,192,10
212,219,10
212,219,10
212,219,10
212,219,10
212,219,10
212,219,10
212,219,10
212,219,10
212,219,10
212,219,10
212,219,10
212,219,10
212,219,10
212,219,10
212,219,10
212,219,10
212,207,10
212,207,10
212,207,10
212,207,10
212,207,10
212,207,10
212,207,10
212,207,10
212,207,10
212,207,10
212,207,10
212,207,10
212,207,10
212,207,10
212,207,10
212,207,10
212,207,10
212,207,10
212,207,10
212,230,10
212,230,10
212,230,10
212,230,10
212,230,10
212,230,10
212,230,10
212,230,10
212,230,10
212,230,10
212,230,10
212,230,10
212,230,10
212,230,10
212,230,10
212,230,10
212,230,10
212,230,10
212,230,10
212,230,10
212,230,10
212,230,10
212,230,10
212,230,10
212,230,10
212,230,10
212,230,10
212,230,10
212,230,10
212,230,10
212,230,10
212,230,10
212,230,10
212,230,10
212,230,10
212,230,10
212,230,10
212,230,10
212,230,10
172,162,10
172,162,10
172,162,10
172,162,10
172,162,10
172,162,10
172,162,10
172,162,10
172,162,10
172,162,10
172,162,10
172,162,10
172,162,10
172,162,10
172,162,10
172,162,10
172,162,10
172,162,10
172,162,10
172,162,10
172,162,10
172,162,10
172,162,10
172,162,10
172,162,10
172,162,10
172,162,10
172,162,10
172,162,10
172,162,10
172,162,10
172,162,10
172,162,10
172,162,10
172,162,10
172,162,10
172,180,10
172,180,10
172,180,10
172,180,10
172,180,10
172,180,10
172,180,10
172,180,10
172,180,10
172,180,10
172,180,10
172,180,10
172,180,10
172,180,10
172,180,10
172,180,10
172,180,10
172,180,10
172,173,10
172,173,10
172,173,10
172,173,10
172,173,10
172,173,10
172,173,10
172,173,10
172,173,10
172,173,10
172,173,10
172,173,10
172,173,10
172,173,10
172,173,10
172,173,10
172,173,10
172,173,10
172,173,10
172,173,10
172,173,10
172,173,10
172,173,10
172,173,10
172,173,10
172,173,10
172,173,10
172,173,10
172,170,10
172,170,10
172,170,10
172,170,10
172,170,10
172,170,10
172,170,10
172,161,10
172,161,10
172,161,10
172,161,10
172,161,10
172,161,10
172,161,10
172,161,10
172,161,10
172,161,10
172,161,10
172,161,10
172,161,10
172,161,10
172,161,10
172,161,10
172,173,10
172,173,10
172,173,10
172,173,10
172,173,10
172,173,10
172,196,10
172,196,10
172,196,10
172,196,10
172,196,10
172,196,10
172,196,10
172,196,10
172,196,10
172,196,10
172,167,10
172,167,10
172,167,10
172,167,10
172,167,10
172,167,10
172,167,10
172,167,10
172,167,10
172,167,10
172,194,10
172,194,10
172,194,10
172,194,10
172,194,10
172,194,10
172,194,10
172,194,10
172,194,10
172,194,10
172,194,10
172,194,10
172,194,10
172,170,10
172,170,10
172,170,10
172,170,10
172,170,10
172,170,10
172,170,10
172,170,10
172,170,10
172,170,10
172,170,10
172,170,10
172,170,10
172,166,10
172,166,10
172,166,10
172,166,10
172,166,10
172,166,10
172,166,10
172,166,10
172,166,10
172,166,10
172,166,10
172,166,10
172,166,10
172,166,10
172,166,10
172,166,10
172,166,10
172,166,10
172,166,10
172,166,10
172,166,10
172,166,10
172,166,10
172,166,10
172,166,10
172,166,10
172,166,10
172,166,10
172,166,10
172,166,10
172,166,10
172,166,10
172,166,10
172,166,10
172,166,10
172,166,10
172,166,10
172,187,10
172,187,10
172,187,10
172,187,10
172,187,10
172,187,10
172,187,10
172,187,10
172,187,10
172,187,10
172,187,10
172,187,10
172,187,10
172,187,10
172,187,10
172,170,10
172,170,10
172,170,10
172,170,10
172,170,10
172,170,10
172,170,10
172,170,10
172,170,10
172,170,10
172,170,10
172,170,10
172,170,10
172,170,10
172,170,10
172,170,10
172,170,10
172,170,10
172,170,10
172,170,10
172,170,10
172,170,10
172,170,10
172,170,10
172,170,10
172,170,10
172,170,10
172,170,10
172,170,10
172,170,10
172,170,10
172,170,10
172,170,10
172,170,10
172,170,10
172,170,10
172,170,10
172,170,10
172,170,10
172,170,10
172,170,10
172,170,10
172,170,10
172,170,10
172,170,10
172,170,10
172,170,10
172,170,10
172,170,10
172,170,10
172,170,10
172,170,10
172,170,10
172,170,10
172,170,10
172,170,10
172,170,10
172,170,10
172,170,10
172,170,10
172,171,10
172,171,10
172,171,10
172,171,10
172,171,10
172,171,10
172,171,10
172,171,10
172,171,10
172,171,10
172,171,10
172,171,10
172,171,10
172,171,10
172,171,10
172,171,10
172,171,10
172,171,10
172,171,10
172,171,10
172,171,10
172,171,10
172,171,10
172,171,10
172,171,10
172,171,10
172,171,10
172,171,10
172,171,10
172,171,10
172,155,10
172,155,10
172,155,10
172,155,10
172,155,10
172,155,10
172,155,10
172,155,10
172,155,10
172,155,10
172,155,10
172,155,10
172,155,10
172,155,10
172,155,10
172,155,10
172,155,10
172,155,10
172,155,10
172,155,10
172,155,10
172,155,10
172,155,10
172,155,10
172,155,10
172,155,10
172,155,10
172,155,10
172,155,10
172,155,10
172,155,10
172,155,10
172,155,10
172,155,10
172,155,10
172,155,10
172,155,10
172,155,10
172,155,10
172,171,10
172,171,10
172,171,10
172,171,10
172,171,10
172,171,10
172,171,10
172,171,10
172,171,10
172,171,10
172,171,10
172,171,10
172,171,10
172,171,10
172,171,10
172,171,10
172,164,10
172,164,10
172,164,10
172,164,10
172,164,10
172,164,10
172,164,10
172,164,10
172,164,10
172,164,10
172,164,10
172,164,10
172,164,10
172,164,10
172,164,10
172,164,10
172,164,10
172,164,10
172,164,10
172,164,10
172,164,10
172,164,10
172,164,10
172,164,10
172,164,10
172,164,10
172,164,10
172,164,10
172,164,10
172,164,10
172,164,10
172,164,10
172,164,10
172,164,10
172,164,10
172,164,10
172,164,10
172,164,10
172,164,10
172,164,10
172,164,10
172,164,10
172,164,10
172,164,10
172,164,10
172,164,10
172,164,10
172,164,10
172,164,10
172,164,10
172,171,10
172,171,10
172,171,10
172,171,10
172,171,10
172,171,10
172,171,10
172,171,10
172,171,10
172,171,10
172,171,10
172,171,10
172,171,10
172,171,10
172,176,10
172,176,10
172,176,10
172,176,10
172,176,10
172,176,10
172,160,10
172,160,10
172,160,10
172,160,10
172,160,10
172,160,10
172,160,10
172,160,10
172,160,10
172,160,10
172,160,10
172,160,10
172,160,10
172,174,10
172,174,10
172,174,10
172,174,10
172,174,10
172,174,10
172,174,10
172,174,10
172,174,10
172,174,10
172,174,10
172,174,10
172,174,10
172,174,10
172,174,10
172,174,10
172,174,10
172,174,10
172,174,10
172,174,10
172,174,10
172,174,10
172,174,10
172,174,10
172,174,10
172,174,10
172,174,10
172,174,10
172,174,10
172,174,10
172,174,10
172,174,10
172,174,10
172,174,10
172,164,10
172,164,10
172,164,10
172,164,10
172,164,10
172,164,10
172,164,10
172,164,10
172,164,10
172,164,10
172,164,10
172,177,10
172,177,10
172,177,10
172,177,10
172,177,10
172,177,10
172,177,10
172,166,10
172,166,10
172,166,10
172,166,10
172,166,10
172,166,10
172,166,10
172,166,10
172,166,10
172,166,10
172,166,10
172,166,10
172,166,10
172,166,10
172,166,10
172,166,10
172,166,10
172,166,10
172,166,10
172,166,10
172,166,10
172,166,10
172,183,10
172,183,10
172,183,10
172,183,10
172,183,10
172,183,10
172,183,10
172,183,10
152,145,10
152,145,10
152,145,10
152,145,10
152,145,10
152,145,10
152,145,10
152,145,10
152,145,10
152,145,10
152,145,10
152,145,10
152,145,10
152,145,10
152,145,10
152,145,10
152,145,10
152,145,10
152,145,10
152,145,10
152,145,10
152,145,10
152,145,10
152,145,10
152,145,10
152,145,10
152,145,10
152,145,10
152,145,10
152,145,10
152,145,10
152,145,10
152,145,10
152,145,10
152,145,10
152,145,10
152,145,10
152,145,10
152,145,10
152,145,10
152,145,10
152,145,10
152,145,10
152,145,10
152,145,10
152,145,10
152,145,10
152,145,10
152,145,10
152,145,10
152,145,10
152,145,10
152,145,10
152,145,10
152,145,10
152,145,10
152,145,10
152,155,10
152,155,10
152,155,10
152,155,10
152,155,10
152,155,10
152,155,10
152,155,10
152,155,10
152,155,10
152,155,10
152,155,10
152,155,10
152,155,10
152,155,10
152,155,10
152,155,10
152,155,10
152,155,10
152,155,10
152,155,10
152,155,10
152,155,10
152,155,10
152,155,10
152,155,10
152,166,10
152,166,10
152,166,10
152,166,10
152,166,10
152,166,10
152,166,10
152,166,10
152,166,10
152,166,10
152,166,10
152,166,10
152,166,10
152,166,10
152,159,10
152,159,10
152,159,10
152,159,10
152,159,10
152,159,10
152,159,10
152,129,10
152,129,10
152,129,10
152,129,10
152,129,10
152,129,10
152,129,10
152,143,10
152,143,10
152,143,10
152,143,10
152,143,10
152,143,10
152,143,10
152,143,10
152,143,10
152,143,10
152,154,10
152,154,10
152,154,10
152,154,10
152,154,10
152,154,10
152,154,10
152,154,10
152,154,10
152,154,10
152,154,10
152,154,10
152,154,10
152,154,10
152,154,10
152,154,10
152,154,10
152,154,10
152,154,10
152,154,10
152,154,10
152,154,10
152,154,10
152,154,10
152,154,10
152,154,10
152,154,10
152,154,10
152,154,10
152,154,10
152,154,10
152,154,10
152,154,10
152,154,10
152,154,10
152,154,10
152,154,10
152,154,10
152,154,10
152,154,10
152,154,10
152,154,10
152,154,10
152,154,10
152,154,10
152,154,10
152,154,10
152,154,10
152,154,10
152,154,10
152,154,10
152,154,10
152,154,10
152,154,10
152,154,10
152,154,10
152,154,10
152,154,10
152,154,10
152,154,10
152,154,10
152,154,10
152,154,10
152,154,10
152,154,10
152,154,10
152,154,10
152,154,10
152,154,10
152,154,10
152,154,10
152,154,10
152,154,10
152,154,10
152,154,10
152,154,10
152,154,10
152,154,10
152,154,10
152,154,10
152,154,10
152,154,10
152,154,10
152,154,10
152,154,10
152,154,10
152,154,10
152,154,10
152,154,10
152,154,10
152,154,10
152,154,10
152,154,10
152,154,10
152,151,10
152,151,10
152,151,10
152,151,10
152,151,10
152,151,10
152,151,10
152,151,10
152,151,10
152,151,10
152,151,10
152,154,10
152,154,10
152,154,10
152,154,10
152,154,10
152,154,10
152,154,10
152,154,10
152,154,10
152,154,10
152,154,10
152,154,10
152,154,10
152,154,10
152,154,10
152,154,10
152,154,10
152,154,10
152,154,10
152,154,10
152,154,10
152,154,10
152,154,10
152,154,10
152,154,10
152,154,10
152,154,10
152,154,10
152,154,10
152,154,10
152,154,10
152,154,10
152,154,10
152,154,10
152,154,10
152,154,10
152,154,10
152,154,10
152,154,10
152,154,10
152,154,10
152,154,10
152,154,10
152,154,10
152,154,10
152,154,10
152,154,10
152,154,10
152,154,10
152,154,10
152,154,10
152,154,10
152,153,10
152,153,10
152,153,10
152,153,10
152,153,10
152,153,10
152,153,10
152,153,10
152,153,10
152,153,10
152,153,10
152,153,10
152,153,10
152,153,10
152,153,10
152,153,10
152,153,10
152,153,10
152,153,10
152,153,10
152,153,10
152,153,10
152,153,10
152,153,10
152,153,10
152,153,10
152,153,10
152,153,10
152,153,10
152,153,10
152,153,10
152,153,10
152,153,10
152,153,10
152,153,10
152,153,10
152,153,10
152,138,10
152,138,10
152,138,10
152,138,10
152,138,10
152,138,10
152,138,10
152,138,10
152,138,10
152,138,10
152,138,10
152,138,10
152,138,10
152,138,10
152,150,10
152,150,10
152,150,10
152,150,10
152,150,10
152,150,10
152,150,10
152,150,10
152,150,10
152,150,10
152,150,10
152,161,10
152,161,10
152,161,10
152,161,10
152,161,10
152,161,10
152,161,10
152,161,10
152,161,10
152,161,10
152,161,10
152,161,10
152,161,10
152,161,10
152,161,10
152,161,10
152,161,10
152,161,10
152,161,10
152,161,10
152,161,10
152,161,10
152,161,10
152,161,10
152,161,10
152,161,10
152,161,10
152,161,10
152,161,10
152,161,10
152,161,10
152,161,10
152,161,10
152,161,10
152,161,10
152,161,10
152,161,10
152,161,10
152,161,10
152,143,10
152,143,10
152,143,10
152,143,10
152,143,10
152,143,10
152,143,10
152,143,10
152,143,10
152,143,10
152,143,10
152,143,10
152,143,10
152,143,10
152,143,10
152,143,10
152,143,10
152,143,10
152,143,10
152,155,10
152,155,10
152,155,10
152,155,10
152,155,10
152,155,10
152,155,10
152,155,10
152,154,10
152,154,10
152,154,10
152,154,10
152,154,10
152,154,10
152,154,10
152,154,10
152,161,10
152,161,10
152,161,10
152,161,10
152,161,10
152,161,10
152,161,10
152,161,10
152,161,10
152,161,10
152,161,10
152,161,10
152,141,10
152,141,10
152,141,10
152,141,10
152,141,10
152,141,10
152,141,10
152,141,10
152,141,10
152,141,10
152,141,10
152,141,10
152,141,10
152,141,10
152,141,10
152,141,10
152,141,10
152,141,10
152,141,10
152,141,10
152,141,10
152,141,10
152,141,10
152,141,10
152,141,10
152,141,10
152,141,10
152,141,10
152,141,10
152,141,10
152,141,10
152,141,10
152,141,10
152,141,10
152,154,10
152,154,10
152,154,10
152,154,10
152,154,10
152,154,10
152,154,10
152,154,10
152,154,10
152,154,10
152,154,10
152,154,10
152,154,10
152,154,10
152,154,10
152,148,10
152,148,10
152,148,10
152,148,10
152,148,10
152,148,10
152,148,10
152,148,10
152,148,10
152,148,10
152,148,10
152,148,10
152,148,10
152,148,10
152,148,10
152,148,10
152,148,10
152,148,10
152,148,10
152,141,10
152,141,10
152,141,10
152,141,10
152,141,10
152,141,10
152,141,10
152,141,10
152,141,10
152,141,10
152,141,10
152,141,10
152,141,10
152,141,10
152,141,10
152,141,10
152,141,10
152,141,10
152,141,10
152,141,10
152,151,10
152,151,10
152,151,10
152,151,10
152,151,10
152,151,10
152,151,10
152,151,10
152,151,10
152,151,10
152,151,10
152,145,10
152,145,10
152,145,10
152,145,10
152,145,10
152,145,10
152,145,10
152,145,10
152,145,10
152,145,10
152,145,10
152,145,10
152,156,10
152,156,10
152,156,10
152,156,10
152,156,10
152,156,10
152,156,10
152,156,10
152,156,10
152,156,10
152,156,10
152,156,10
152,156,10
152,156,10
152,156,10
152,156,10
152,156,10
152,156,10
152,156,10
152,156,10
152,156,10
152,156,10
152,156,10
152,156,10
152,156,10
152,156,10
152,156,10
152,156,10
152,156,10
152,156,10
152,156,10
152,156,10
152,152,10
152,152,10
152,152,10
152,152,10
152,152,10
152,152,10
152,152,10
152,152,10
152,152,10
152,152,10
152,152,10
152,152,10
152,152,10
152,152,10
152,152,10
152,152,10
152,160,10
152,160,10
152,160,10
152,160,10
152,160,10
152,160,10
152,160,10
152,160,10
152,160,10
152,160,10
152,160,10
152,160,10
152,160,10
152,160,10
152,160,10
152,140,10
152,140,10
152,140,10
152,140,10
152,140,10
152,140,10
152,140,10
152,140,10
152,140,10
152,140,10
152,140,10
152,140,10
152,140,10
152,140,10
152,140,10
152,140,10
152,140,10
152,140,10
152,140,10
152,140,10
152,164,10
152,164,10
152,164,10
152,164,10
152,164,10
152,164,10
152,164,10
152,164,10
152,164,10
152,164,10
152,164,10
152,164,10
152,164,10
152,164,10
152,164,10
152,164,10
152,164,10
152,164,10
152,164,10
152,164,10
152,164,10
152,164,10
152,164,10
152,164,10
152,164,10
152,164,10
152,164,10
152,164,10
152,164,10
152,164,10
152,164,10
152,164,10
152,164,10
152,164,10
152,164,10
152,164,10
152,164,10
152,164,10
152,164,10
152,164,10
152,164,10
152,151,10
152,151,10
152,151,10
152,151,10
152,151,10
152,151,10
152,151,10
152,151,10
152,151,10
152,151,10
152,151,10
152,151,10
152,151,10
152,151,10
152,151,10
152,151,10
152,151,10
152,151,10
152,151,10
152,151,10
152,151,10
152,151,10
152,151,10
152,151,10
152,151,10
152,151,10
152,151,10
152,158,10
152,158,10
152,158,10
152,158,10
152,158,10
152,158,10
152,158,10
122,125,10
122,125,10
122,125,10
122,125,10
122,125,10
122,125,10
122,125,10
122,125,10
122,125,10
122,125,10
122,125,10
122,125,10
122,125,10
122,125,10
122,125,10
122,108,10
122,108,10
122,108,10
122,108,10
122,108,10
122,108,10
122,108,10
122,108,10
122,108,10
122,108,10
122,108,10
122,108,10
122,108,10
122,108,10
122,108,10
122,108,10
122,108,10
122,108,10
122,136,10
122,136,10
122,136,10
122,136,10
122,136,10
122,136,10
122,136,10
122,136,10
122,136,10
122,136,10
122,136,10
122,136,10
122,136,10
122,136,10
122,120,10
122,120,10
122,120,10
122,120,10
122,120,10
122,120,10
122,120,10
122,120,10
122,120,10
122,120,10
122,120,10
122,120,10
122,120,10
122,120,10
122,120,10
122,120,10
122,120,10
122,120,10
122,120,10
122,120,10
122,120,10
122,120,10
122,120,10
122,120,10
122,120,10
122,120,10
122,120,10
122,117,10
122,117,10
122,117,10
122,117,10
122,117,10
122,117,10
122,117,10
122,117,10
122,117,10
122,138,10
122,138,10
122,138,10
122,138,10
122,138,10
122,138,10
122,138,10
122,138,10
122,138,10
122,138,10
122,138,10
122,138,10
122,138,10
122,138,10
122,138,10
122,138,10
122,138,10
122,138,10
122,138,10
122,138,10
122,138,10
122,138,10
122,138,10
122,138,10
122,138,10
122,138,10
122,138,10
122,138,10
122,138,10
122,138,10
122,138,10
122,138,10
122,138,10
122,138,10
122,138,10
122,138,10
122,143,10
122,143,10
122,143,10
122,143,10
122,143,10
122,143,10
122,143,10
122,143,10
122,143,10
122,143,10
122,143,10
122,127,10
122,127,10
122,127,10
122,127,10
122,127,10
122,127,10
122,127,10
122,127,10
122,127,10
122,127,10
122,127,10
122,123,10
122,123,10
122,123,10
122,123,10
122,123,10
122,123,10
122,123,10
122,123,10
122,123,10
122,123,10
122,123,10
122,123,10
122,123,10
122,123,10
122,123,10
122,134,10
122,134,10
122,134,10
122,134,10
122,134,10
122,134,10
122,134,10
122,134,10
122,134,10
122,134,10
122,134,10
122,134,10
122,134,10
122,134,10
122,134,10
122,134,10
122,134,10
122,134,10
122,134,10
122,134,10
122,134,10
122,134,10
122,134,10
122,134,10
122,134,10
122,134,10
122,134,10
122,134,10
122,134,10
122,134,10
122,134,10
122,134,10
122,134,10
122,134,10
122,149,10
122,149,10
122,149,10
122,149,10
122,149,10
122,149,10
122,149,10
122,149,10
122,149,10
122,149,10
122,149,10
122,149,10
122,149,10
122,149,10
122,149,10
122,149,10
122,149,10
122,149,10
122,149,10
122,149,10
122,149,10
122,149,10
122,149,10
122,149,10
122,149,10
122,100,10
122,100,10
122,100,10
122,100,10
122,100,10
122,100,10
122,100,10
122,100,10
122,100,10
122,100,10
122,100,10
122,100,10
122,100,10
122,100,10
122,100,10
122,100,10
122,100,10
122,100,10
122,100,10
122,131,10
122,131,10
122,131,10
122,131,10
122,131,10
122,131,10
122,131,10
122,115,10
122,115,10
122,115,10
122,115,10
122,115,10
122,115,10
122,115,10
122,115,10
122,115,10
122,115,10
122,115,10
122,115,10
122,115,10
122,115,10
122,115,10
122,110,10
122,110,10
122,110,10
122,110,10
122,110,10
122,110,10
122,110,10
122,110,10
122,110,10
122,110,10
122,110,10
122,110,10
122,110,10
122,110,10
122,110,10
122,110,10
122,110,10
122,110,10
122,110,10
122,118,10
122,118,10
122,118,10
122,118,10
122,118,10
122,118,10
122,118,10
122,118,10
122,118,10
122,118,10
122,118,10
122,118,10
122,118,10
122,118,10
122,118,10
122,118,10
122,118,10
122,118,10
122,118,10
122,118,10
122,118,10
122,118,10
122,118,10
122,118,10
122,118,10
122,118,10
122,118,10
122,118,10
122,118,10
122,118,10
122,118,10
122,118,10
122,118,10
122,118,10
122,118,10
122,118,10
122,118,10
122,118,10
122,118,10
122,109,10
122,109,10
122,109,10
122,109,10
122,109,10
122,109,10
122,109,10
122,109,10
122,109,10
122,109,10
122,109,10
122,109,10
122,109,10
122,109,10
122,109,10
122,109,10
122,109,10
122,109,10
122,109,10
122,109,10
122,109,10
122,109,10
122,109,10
122,109,10
122,109,10
122,109,10
122,109,10
122,109,10
122,109,10
122,109,10
122,109,10
122,109,10
122,109,10
122,109,10
122,109,10
122,109,10
122,109,10
122,109,10
122,109,10
122,109,10
122,109,10
122,109,10
122,109,10
122,109,10
122,109,10
122,109,10
122,109,10
122,109,10
122,109,10
122,109,10
122,109,10
122,128,10
122,128,10
122,128,10
122,128,10
122,128,10
122,128,10
122,128,10
122,128,10
122,128,10
122,128,10
122,128,10
122,128,10
122,128,10
122,128,10
122,128,10
122,128,10
122,128,10
122,128,10
122,128,10
122,128,10
122,128,10
122,128,10
122,128,10
122,128,10
122,128,10
122,128,10
122,128,10
122,128,10
122,128,10
122,128,10
122,128,10
122,128,10
122,128,10
122,128,10
122,128,10
122,128,10
122,125,10
122,125,10
122,125,10
122,125,10
122,125,10
122,125,10
122,125,10
122,140,10
122,140,10
122,140,10
122,140,10
122,140,10
122,140,10
122,140,10
122,140,10
122,140,10
122,140,10
122,140,10
122,140,10
122,140,10
122,140,10
122,140,10
122,140,10
122,140,10
122,140,10
122,140,10
122,114,10
122,114,10
122,114,10
122,114,10
122,114,10
122,114,10
122,114,10
122,114,10
122,114,10
122,114,10
122,114,10
122,114,10
122,114,10
122,114,10
122,114,10
122,114,10
122,114,10
122,114,10
122,114,10
122,114,10
122,114,10
122,114,10
122,114,10
122,114,10
122,114,10
122,114,10
122,114,10
122,114,10
122,114,10
122,118,10
122,118,10
122,118,10
122,118,10
122,118,10
122,118,10
122,118,10
122,118,10
122,118,10
122,118,10
122,118,10
122,118,10
122,134,10
122,134,10
122,134,10
122,134,10
122,134,10
122,134,10
122,134,10
122,134,10
122,134,10
122,134,10
122,134,10
122,127,10
122,127,10
122,127,10
122,127,10
122,127,10
122,127,10
122,127,10
122,127,10
122,105,10
122,105,10
122,105,10
122,105,10
122,105,10
122,105,10
122,105,10
122,105,10
122,105,10
122,105,10
122,105,10
122,105,10
122,105,10
122,105,10
122,105,10
122,105,10
122,105,10
122,105,10
122,105,10
122,105,10
122,105,10
122,105,10
122,105,10
122,105,10
122,105,10
122,105,10
122,105,10
122,105,10
122,105,10
122,105,10
122,105,10
122,105,10
122,105,10
122,105,10
122,105,10
122,105,10
122,105,10
122,105,10
122,105,10
122,105,10
122,105,10
122,105,10
122,105,10
122,105,10
122,105,10
122,127,10
122,127,10
122,127,10
122,127,10
122,127,10
122,127,10
122,127,10
122,127,10
122,127,10
122,127,10
122,127,10
122,127,10
122,127,10
122,127,10
122,127,10
122,127,10
122,127,10
122,127,10
122,127,10
122,127,10
122,127,10
122,127,10
122,127,10
122,127,10
122,127,10
122,127,10
122,127,10
122,127,10
122,127,10
122,127,10
122,127,10
122,127,10
122,127,10
122,127,10
122,127,10
122,127,10
122,127,10
122,127,10
122,127,10
122,127,10
122,127,10
122,127,10
122,127,10
122,127,10
122,127,10
122,127,10
122,127,10
122,127,10
122,127,10
122,127,10
122,127,10
122,127,10
122,127,10
122,118,10
122,118,10
122,118,10
122,118,10
122,118,10
122,118,10
122,118,10
122,118,10
122,118,10
122,118,10
122,118,10
122,118,10
122,118,10
122,118,10
122,118,10
122,126,10
122,126,10
122,126,10
122,126,10
122,126,10
122,126,10
122,126,10
122,126,10
122,126,10
122,126,10
122,126,10
122,126,10
122,126,10
122,126,10
122,126,10
122,126,10
122,126,10
122,126,10
102,99,10
102,99,10
102,99,10
102,99,10
102,99,10
102,99,10
102,114,10
102,114,10
102,114,10
102,114,10
102,114,10
102,114,10
102,114,10
102,114,10
102,114,10
102,114,10
102,114,10
102,114,10
102,105,10
102,105,10
102,105,10
102,105,10
102,105,10
102,105,10
102,105,10
102,105,10
102,105,10
102,105,10
102,96,10
102,96,10
102,96,10
102,96,10
102,96,10
102,96,10
102,96,10
102,96,10
102,96,10
102,96,10
102,96,10
102,96,10
102,96,10
102,96,10
102,96,10
102,96,10
102,96,10
102,96,10
102,96,10
102,96,10
102,96,10
102,96,10
102,96,10
102,96,10
102,96,10
102,96,10
102,96,10
102,96,10
102,96,10
102,96,10
102,96,10
102,96,10
102,96,10
102,96,10
102,94,10
102,94,10
102,94,10
102,94,10
102,94,10
102,94,10
102,94,10
102,94,10
102,94,10
102,94,10
102,94,10
102,94,10
102,94,10
102,94,10
102,94,10
102,94,10
102,94,10
102,94,10
102,94,10
102,94,10
102,94,10
102,94,10
102,94,10
102,94,10
102,94,10
102,94,10
102,94,10
102,94,10
102,94,10
102,94,10
102,94,10
102,94,10
102,94,10
102,94,10
102,94,10
102,94,10
102,94,10
102,94,10
102,94,10
102,94,10
102,94,10
102,94,10
102,94,10
102,94,10
102,94,10
102,94,10
102,94,10
102,94,10
102,94,10
102,118,10
102,118,10
102,118,10
102,118,10
102,118,10
102,118,10
102,118,10
102,118,10
102,118,10
102,118,10
102,118,10
102,118,10
102,118,10
102,118,10
102,118,10
102,118,10
102,118,10
102,118,10
102,118,10
102,118,10
102,118,10
102,118,10
102,118,10
102,118,10
102,118,10
102,118,10
102,118,10
102,118,10
102,99,10
102,99,10
102,99,10
102,99,10
102,99,10
102,99,10
102,99,10
102,99,10
102,99,10
102,99,10
102,99,10
102,99,10
102,99,10
102,99,10
102,99,10
102,99,10
102,99,10
102,99,10
102,99,10
102,99,10
102,99,10
102,99,10
102,99,10
102,99,10
102,99,10
102,99,10
102,99,10
102,99,10
102,99,10
102,99,10
102,99,10
102,99,10
102,99,10
102,99,10
102,99,10
102,99,10
102,99,10
102,99,10
102,99,10
102,99,10
102,99,10
102,100,10
102,100,10
102,100,10
102,100,10
102,100,10
102,100,10
102,100,10
102,100,10
102,100,10
102,100,10
102,100,10
102,100,10
102,100,10
102,100,10
102,100,10
102,100,10
102,94,10
102,94,10
102,94,10
102,94,10
102,94,10
102,94,10
102,94,10
102,94,10
102,94,10
102,94,10
102,94,10
102,94,10
102,94,10
102,94,10
102,94,10
102,94,10
102,94,10
102,94,10
102,94,10
102,94,10
102,94,10
102,94,10
102,94,10
102,94,10
102,94,10
102,94,10
102,94,10
102,94,10
102,94,10
102,94,10
102,94,10
102,94,10
102,94,10
102,94,10
102,94,10
102,94,10
102,94,10
102,94,10
102,94,10
102,94,10
102,94,10
102,94,10
102,94,10
102,94,10
102,94,10
102,94,10
102,94,10
102,94,10
102,94,10
102,94,10
102,94,10
102,94,10
102,94,10
102,94,10
102,94,10
102,90,10
102,90,10
102,90,10
102,90,10
102,90,10
102,90,10
102,90,10
102,90,10
102,90,10
102,90,10
102,90,10
102,90,10
102,90,10
102,90,10
102,99,10
102,99,10
102,99,10
102,99,10
102,99,10
102,99,10
102,99,10
102,99,10
102,99,10
102,99,10
102,99,10
102,99,10
102,99,10
102,99,10
102,99,10
102,99,10
102,99,10
102,99,10
102,99,10
102,99,10
102,99,10
102,99,10
102,99,10
102,100,10
102,100,10
102,100,10
102,100,10
102,100,10
102,100,10
102,100,10
102,100,10
102,100,10
102,100,10
102,100,10
102,100,10
102,100,10
102,100,10
102,100,10
102,100,10
102,100,10
102,100,10
102,109,10
102,109,10
102,109,10
102,109,10
102,109,10
102,109,10
102,109,10
102,109,10
102,109,10
102,109,10
102,109,10
102,109,10
102,109,10
102,109,10
102,103,10
102,103,10
102,103,10
102,103,10
102,103,10
102,103,10
102,103,10
102,103,10
102,103,10
102,103,10
102,103,10
102,103,10
102,103,10
102,103,10
102,103,10
102,103,10
102,103,10
102,103,10
102,103,10
102,103,10
102,103,10
102,103,10
102,103,10
102,103,10
102,99,10
102,99,10
102,99,10
102,99,10
102,99,10
102,99,10
102,99,10
102,99,10
102,99,10
102,99,10
102,99,10
102,99,10
102,99,10
102,99,10
102,99,10
102,99,10
102,99,10
102,99,10
102,99,10
102,99,10
102,99,10
102,99,10
102,99,10
102,99,10
102,99,10
102,99,10
102,99,10
102,99,10
102,99,10
102,99,10
102,99,10
102,99,10
102,99,10
102,99,10
102,99,10
102,99,10
102,99,10
102,99,10
102,99,10
102,99,10
102,99,10
102,99,10
102,99,10
102,99,10
102,99,10
102,99,10
102,99,10
102,99,10
102,99,10
102,99,10
102,99,10
102,105,10
102,105,10
102,105,10
102,105,10
102,105,10
102,105,10
102,105,10
102,105,10
102,105,10
102,105,10
102,105,10
102,105,10
102,105,10
102,105,10
102,105,10
102,105,10
102,105,10
102,105,10
102,105,10
102,105,10
102,105,10
102,105,10
102,96,10
102,96,10
102,96,10
102,96,10
102,96,10
102,96,10
102,96,10
102,96,10
102,96,10
102,96,10
102,96,10
102,96,10
102,96,10
102,96,10
102,96,10
102,96,10
102,96,10
102,96,10
102,96,10
102,96,10
102,96,10
102,96,10
102,96,10
102,96,10
102,96,10
102,96,10
102,96,10
102,96,10
102,96,10
102,96,10
102,96,10
102,96,10
102,96,10
102,96,10
102,96,10
102,96,10
102,96,10
102,96,10
102,96,10
102,96,10
102,96,10
102,96,10
102,96,10
102,110,10
102,110,10
102,110,10
102,110,10
102,110,10
102,110,10
102,110,10
102,110,10
102,110,10
102,90,10
102,90,10
102,90,10
102,90,10
102,90,10
102,90,10
102,90,10
102,90,10
102,90,10
102,90,10
102,90,10
102,90,10
102,90,10
102,90,10
102,120,10
102,120,10
102,120,10
102,120,10
102,120,10
102,120,10
102,120,10
102,120,10
102,120,10
102,120,10
102,120,10
102,92,10
102,92,10
102,92,10
102,92,10
102,92,10
102,92,10
102,92,10
102,92,10
102,92,10
102,92,10
102,92,10
102,92,10
102,92,10
102,92,10
102,92,10
102,92,10
102,92,10
102,92,10
102,92,10
102,92,10
102,92,10
102,92,10
102,92,10
102,92,10
102,92,10
102,92,10
102,92,10
102,92,10
102,92,10
102,92,10
102,92,10
102,92,10
102,92,10
102,92,10
102,92,10
102,92,10
102,92,10
102,92,10
102,92,10
102,92,10
102,92,10
102,92,10
102,83,10
102,83,10
102,83,10
102,83,10
102,83,10
102,83,10
102,83,10
102,83,10
102,83,10
102,83,10
102,83,10
102,83,10
102,83,10
102,88,10
102,88,10
102,88,10
102,88,10
102,88,10
102,88,10
102,88,10
102,88,10
102,88,10
102,88,10
102,88,10
102,88,10
102,88,10
102,88,10
102,88,10
102,88,10
102,88,10
102,88,10
102,88,10
102,107,10
102,107,10
102,107,10
102,107,10
102,107,10
102,107,10
102,107,10
102,107,10
102,107,10
102,107,10
102,107,10
102,107,10
102,107,10
102,107,10
102,109,10
102,109,10
102,109,10
102,109,10
102,109,10
102,109,10
102,109,10
102,109,10
102,109,10
102,109,10
102,109,10
102,96,10
102,96,10
102,96,10
102,96,10
102,96,10
102,96,10
102,96,10
102,96,10
102,96,10
102,96,10
102,96,10
102,96,10
102,96,10
102,96,10
102,96,10
102,96,10
102,96,10
102,96,10
102,96,10
102,96,10
102,96,10
102,96,10
102,96,10
102,96,10
102,96,10
102,96,10
102,96,10
102,96,10
102,96,10
102,96,10
102,96,10
102,111,10
102,111,10
102,111,10
102,111,10
102,111,10
102,111,10
102,111,10
102,111,10
102,111,10
102,111,10
102,111,10
102,111,10
102,111,10
102,111,10
102,111,10
102,111,10
102,111,10
102,111,10
102,111,10
132,133,10
132,133,10
132,133,10
132,133,10
132,133,10
132,133,10
132,133,10
132,133,10
132,133,10
132,133,10
132,133,10
132,133,10
132,133,10
132,133,10
132,133,10
132,133,10
132,133,10
132,133,10
132,133,10
132,133,10
132,139,10
132,139,10
132,139,10
132,139,10
132,139,10
132,139,10
132,139,10
132,139,10
132,139,10
132,139,10
132,139,10
132,139,10
132,139,10
132,139,10
132,139,10
132,139,10
132,139,10
132,139,10
132,139,10
132,139,10
132,139,10
132,139,10
132,139,10
132,139,10
132,139,10
132,139,10
132,139,10
132,139,10
132,139,10
132,139,10
132,111,10
132,111,10
132,111,10
132,111,10
132,111,10
132,111,10
132,111,10
132,111,10
132,111,10
132,111,10
132,111,10
132,111,10
132,111,10
132,116,10
132,116,10
132,116,10
132,116,10
132,116,10
132,116,10
132,116,10
132,116,10
132,116,10
132,116,10
132,126,10
132,126,10
132,126,10
132,126,10
132,126,10
132,126,10
132,126,10
132,126,10
132,126,10
132,126,10
132,126,10
132,126,10
132,126,10
132,126,10
132,126,10
132,126,10
132,126,10
132,126,10
132,126,10
132,126,10
132,126,10
132,126,10
132,126,10
132,126,10
132,126,10
132,126,10
132,126,10
132,126,10
132,126,10
132,126,10
132,126,10
132,126,10
132,126,10
132,126,10
132,126,10
132,126,10
132,126,10
132,126,10
132,126,10
132,126,10
132,129,10
132,129,10
132,129,10
132,129,10
132,129,10
132,129,10
132,129,10
132,129,10
132,129,10
132,129,10
132,129,10
132,129,10
132,129,10
132,129,10
132,120,10
132,120,10
132,120,10
132,120,10
132,120,10
132,120,10
132,120,10
132,120,10
132,120,10
132,116,10
132,116,10
132,116,10
132,116,10
132,116,10
132,116,10
132,116,10
132,116,10
132,116,10
132,116,10
132,116,10
132,116,10
132,116,10
132,116,10
132,116,10
132,116,10
132,116,10
132,116,10
132,116,10
132,116,10
132,116,10
132,116,10
132,116,10
132,116,10
132,116,10
132,116,10
132,116,10
132,116,10
132,116,10
132,116,10
132,116,10
132,116,10
132,116,10
132,116,10
132,116,10
132,116,10
132,123,10
132,123,10
132,123,10
132,123,10
132,123,10
132,123,10
132,123,10
132,123,10
132,123,10
132,123,10
132,123,10
132,123,10
132,123,10
132,123,10
132,123,10
132,123,10
132,123,10
132,123,10
132,123,10
132,123,10
132,123,10
132,123,10
132,123,10
132,123,10
132,123,10
132,123,10
132,123,10
132,123,10
132,123,10
132,123,10
132,123,10
132,123,10
132,123,10
132,123,10
132,123,10
132,123,10
132,123,10
132,123,10
132,123,10
132,135,10
132,135,10
132,135,10
132,135,10
132,135,10
132,135,10
132,135,10
132,135,10
132,135,10
132,135,10
132,135,10
132,135,10
132,135,10
132,135,10
132,135,10
132,133,10
132,133,10
132,133,10
132,133,10
132,133,10
132,133,10
132,133,10
132,133,10
132,133,10
132,133,10
132,133,10
132,133,10
132,133,10
132,133,10
132,133,10
132,133,10
132,133,10
132,133,10
132,133,10
132,133,10
132,133,10
132,133,10
132,133,10
132,133,10
132,133,10
132,133,10
132,133,10
132,133,10
132,126,10
132,126,10
132,126,10
132,126,10
132,126,10
132,126,10
132,126,10
132,139,10
132,139,10
132,139,10
132,139,10
132,139,10
132,139,10
132,139,10
132,139,10
132,139,10
132,139,10
132,139,10
132,139,10
132,139,10
132,139,10
132,139,10
132,139,10
132,139,10
132,139,10
132,139,10
132,139,10
132,139,10
132,139,10
132,139,10
132,139,10
132,139,10
132,139,10
132,139,10
132,129,10
132,129,10
132,129,10
132,129,10
132,129,10
132,129,10
132,129,10
132,129,10
132,129,10
132,129,10
132,129,10
132,129,10
132,128,10
132,128,10
132,128,10
132,128,10
132,128,10
132,128,10
132,128,10
132,128,10
132,128,10
132,128,10
132,128,10
132,131,10
132,131,10
132,131,10
132,131,10
132,131,10
132,131,10
132,131,10
132,131,10
132,131,10
132,131,10
132,131,10
132,131,10
132,131,10
132,131,10
132,131,10
132,131,10
132,131,10
132,131,10
132,131,10
132,131,10
132,131,10
132,131,10
132,124,10
132,124,10
132,124,10
132,124,10
132,124,10
132,124,10
132,124,10
132,124,10
132,119,10
132,119,10
132,119,10
132,119,10
132,119,10
132,119,10
132,119,10
132,119,10
132,119,10
132,119,10
132,119,10
132,119,10
132,119,10
132,119,10
132,119,10
132,119,10
132,119,10
132,119,10
132,119,10
132,119,10
132,119,10
132,119,10
132,119,10
132,119,10
132,149,10
132,149,10
132,149,10
132,149,10
132,149,10
132,149,10
132,149,10
132,149,10
132,149,10
132,149,10
132,149,10
132,149,10
132,149,10
132,149,10
132,149,10
132,149,10
132,149,10
132,149,10
132,149,10
132,149,10
132,149,10
132,149,10
132,149,10
132,149,10
132,149,10
132,149,10
132,149,10
132,149,10
132,149,10
132,149,10
132,149,10
132,149,10
132,149,10
132,149,10
132,149,10
132,149,10
132,149,10
132,149,10
132,149,10
132,149,10
132,149,10
132,133,10
132,133,10
132,133,10
132,133,10
132,133,10
132,133,10
132,133,10
132,133,10
132,133,10
132,133,10
132,133,10
132,133,10
132,133,10
132,133,10
132,133,10
132,133,10
132,133,10
132,133,10
132,133,10
132,133,10
132,133,10
132,116,10
132,116,10
132,116,10
132,116,10
132,116,10
132,116,10
132,116,10
132,116,10
132,116,10
132,116,10
132,116,10
132,116,10
132,116,10
132,116,10
132,126,10
132,126,10
132,126,10
132,126,10
132,126,10
132,126,10
132,126,10
132,126,10
132,126,10
132,126,10
132,126,10
132,126,10
132,126,10
132,126,10
132,126,10
132,126,10
132,126,10
132,126,10
132,126,10
132,126,10
132,126,10
132,126,10
132,126,10
132,126,10
132,126,10
132,126,10
132,126,10
132,126,10
132,126,10
132,126,10
132,126,10
132,126,10
132,126,10
132,126,10
132,126,10
132,126,10
132,126,10
132,126,10
132,126,10
132,126,10
132,126,10
132,126,10
132,126,10
132,126,10
132,126,10
132,126,10
132,126,10
132,126,10
132,126,10
132,126,10
132,126,10
132,126,10
132,126,10
132,126,10
132,126,10
132,126,10
132,134,10
132,134,10
132,134,10
132,134,10
132,134,10
132,134,10
132,134,10
132,134,10
132,134,10
132,134,10
132,134,10
132,134,10
132,134,10
132,134,10
132,134,10
132,134,10
132,134,10
132,134,10
132,134,10
132,134,10
132,134,10
132,134,10
132,134,10
132,134,10
132,134,10
92,97,10
92,97,10
92,97,10
92,97,10
92,97,10
92,97,10
92,97,10
92,97,10
92,97,10
92,97,10
92,97,10
92,97,10
92,97,10
92,97,10
92,97,10
92,97,10
92,97,10
92,97,10
92,97,10
92,102,10
92,102,10
92,102,10
92,102,10
92,102,10
92,102,10
92,102,10
92,102,10
92,102,10
92,102,10
92,102,10
92,102,10
92,102,10
92,102,10
92,102,10
92,102,10
92,102,10
92,102,10
92,102,10
92,102,10
92,102,10
92,102,10
92,102,10
92,102,10
92,102,10
92,102,10
92,102,10
92,102,10
92,102,10
92,102,10
92,102,10
92,102,10
92,102,10
92,102,10
92,102,10
92,102,10
92,102,10
92,102,10
92,102,10
92,102,10
92,102,10
92,102,10
92,102,10
92,102,10
92,102,10
92,102,10
92,102,10
92,102,10
92,102,10
92,102,10
92,102,10
92,102,10
92,102,10
92,102,10
92,102,10
92,102,10
92,102,10
92,83,10
92,83,10
92,83,10
92,83,10
92,83,10
92,83,10
92,83,10
92,83,10
92,83,10
92,83,10
92,83,10
92,83,10
92,83,10
92,83,10
92,83,10
92,83,10
92,83,10
92,83,10
92,83,10
92,83,10
92,83,10
92,83,10
92,83,10
92,83,10
92,83,10
92,83,10
92,83,10
92,83,10
92,83,10
92,83,10
92,83,10
92,83,10
92,83,10
92,83,10
92,83,10
92,83,10
92,83,10
92,83,10
92,83,10
92,83,10
92,83,10
92,99,10
92,99,10
92,99,10
92,99,10
92,99,10
92,99,10
92,99,10
92,99,10
92,99,10
92,99,10
92,99,10
92,99,10
92,99,10
92,99,10
92,99,10
92,99,10
92,99,10
92,99,10
92,99,10
92,99,10
92,99,10
92,99,10
92,99,10
92,99,10
92,88,10
92,88,10
92,88,10
92,88,10
92,88,10
92,88,10
92,88,10
92,88,10
92,88,10
92,88,10
92,88,10
92,88,10
92,95,10
92,95,10
92,95,10
92,95,10
92,95,10
92,95,10
92,95,10
92,95,10
92,95,10
92,83,10
92,83,10
92,83,10
92,83,10
92,83,10
92,83,10
92,83,10
92,83,10
92,83,10
92,83,10
92,83,10
92,83,10
92,83,10
92,83,10
92,83,10
92,91,10
92,91,10
92,91,10
92,91,10
92,91,10
92,91,10
92,91,10
92,91,10
92,91,10
92,91,10
92,91,10
92,91,10
92,91,10
92,91,10
92,91,10
92,91,10
92,91,10
92,91,10
92,91,10
92,91,10
92,91,10
92,91,10
92,91,10
92,91,10
92,91,10
92,91,10
92,91,10
92,91,10
92,91,10
92,91,10
92,91,10
92,91,10
92,91,10
92,91,10
92,91,10
92,89,10
92,89,10
92,89,10
92,89,10
92,89,10
92,89,10
92,89,10
92,89,10
92,89,10
92,89,10
92,89,10
92,89,10
92,89,10
92,89,10
92,89,10
92,89,10
92,89,10
92,89,10
92,89,10
92,89,10
92,89,10
92,88,10
92,88,10
92,88,10
92,88,10
92,88,10
92,88,10
92,88,10
92,88,10
92,88,10
92,88,10
92,88,10
92,88,10
92,88,10
92,88,10
92,88,10
92,88,10
92,88,10
92,88,10
92,88,10
92,88,10
92,88,10
92,88,10
92,88,10
92,88,10
92,88,10
92,88,10
92,88,10
92,88,10
92,88,10
92,88,10
92,88,10
92,88,10
92,88,10
92,89,10
92,89,10
92,89,10
92,89,10
92,89,10
92,89,10
92,101,10
92,101,10
92,101,10
92,101,10
92,101,10
92,101,10
92,101,10
92,101,10
92,101,10
92,87,10
92,87,10
92,87,10
92,87,10
92,87,10
92,87,10
92,87,10
92,87,10
92,87,10
92,87,10
92,87,10
92,87,10
92,87,10
92,87,10
92,87,10
92,87,10
92,91,10
92,91,10
92,91,10
92,91,10
92,91,10
92,91,10
92,91,10
92,91,10
92,91,10
92,91,10
92,75,10
92,75,10
92,75,10
92,75,10
92,75,10
92,75,10
92,75,10
92,75,10
92,75,10
92,75,10
92,75,10
92,75,10
92,75,10
92,75,10
92,75,10
92,75,10
92,75,10
92,75,10
92,75,10
92,75,10
92,75,10
92,75,10
92,75,10
92,75,10
92,75,10
92,75,10
92,75,10
92,75,10
92,75,10
92,75,10
92,75,10
92,75,10
92,75,10
92,75,10
92,75,10
92,75,10
92,75,10
92,75,10
92,75,10
92,75,10
92,75,10
92,75,10
92,75,10
92,75,10
92,75,10
92,75,10
92,75,10
92,75,10
92,75,10
92,75,10
92,107,10
92,107,10
92,107,10
92,107,10
92,107,10
92,107,10
92,107,10
92,107,10
92,107,10
92,107,10
92,107,10
92,107,10
92,107,10
92,107,10
92,107,10
92,107,10
92,107,10
92,107,10
92,107,10
92,107,10
92,107,10
92,107,10
92,107,10
92,107,10
92,107,10
92,107,10
92,107,10
92,107,10
92,107,10
92,107,10
92,107,10
92,107,10
92,107,10
92,107,10
92,107,10
92,107,10
92,107,10
92,107,10
92,107,10
92,107,10
92,107,10
92,107,10
92,107,10
92,80,10
92,80,10
92,80,10
92,80,10
92,80,10
92,80,10
92,80,10
92,80,10
92,80,10
92,80,10
92,80,10
92,80,10
92,80,10
92,78,10
92,78,10
92,78,10
92,78,10
92,78,10
92,78,10
92,78,10
92,78,10
92,78,10
92,78,10
92,78,10
92,78,10
92,78,10
92,78,10
92,78,10
92,78,10
92,78,10
92,78,10
92,78,10
92,78,10
92,78,10
92,78,10
92,78,10
92,78,10
92,78,10
92,78,10
92,78,10
92,78,10
92,78,10
92,78,10
92,78,10
92,78,10
92,78,10
92,78,10
92,78,10
92,78,10
92,78,10
92,78,10
92,78,10
92,78,10
92,78,10
92,78,10
92,78,10
92,78,10
92,78,10
92,78,10
92,78,10
92,78,10
92,78,10
92,78,10
92,78,10
92,78,10
92,88,10
92,88,10
92,88,10
92,88,10
92,88,10
92,88,10
92,88,10
92,88,10
92,88,10
92,88,10
92,88,10
92,88,10
92,88,10
92,88,10
92,88,10
92,88,10
92,88,10
92,88,10
92,88,10
122,113,10
122,113,10
122,113,10
122,113,10
122,113,10
122,113,10
122,113,10
122,113,10
122,113,10
122,113,10
122,113,10
122,134,10
122,134,10
122,134,10
122,134,10
122,134,10
122,134,10
122,134,10
122,134,10
122,134,10
122,111,10
122,111,10
122,111,10
122,111,10
122,111,10
122,111,10
122,111,10
122,111,10
122,111,10
122,111,10
122,121,10
122,121,10
122,121,10
122,121,10
122,121,10
122,121,10
122,121,10
122,121,10
122,121,10
122,121,10
122,121,10
122,121,10
122,121,10
122,121,10
122,121,10
122,121,10
122,121,10
122,121,10
122,121,10
122,121,10
122,121,10
122,121,10
122,121,10
122,121,10
122,121,10
122,121,10
122,116,10
122,116,10
122,116,10
122,116,10
122,116,10
122,116,10
122,116,10
122,116,10
122,116,10
122,116,10
122,116,10
122,116,10
122,116,10
122,116,10
122,116,10
122,116,10
122,116,10
122,116,10
122,116,10
122,116,10
122,116,10
122,116,10
122,116,10
122,116,10
122,116,10
122,116,10
122,116,10
122,116,10
122,116,10
122,116,10
122,116,10
122,116,10
122,116,10
122,116,10
122,116,10
122,115,10
122,115,10
122,115,10
122,115,10
122,115,10
122,115,10
122,115,10
122,115,10
122,115,10
122,115,10
122,115,10
122,115,10
122,115,10
122,115,10
122,115,10
122,115,10
122,115,10
122,115,10
122,115,10
122,115,10
122,115,10
122,115,10
122,115,10
122,115,10
122,115,10
122,115,10
122,115,10
122,115,10
122,115,10
122,115,10
122,118,10
122,118,10
122,118,10
122,118,10
122,118,10
122,118,10
122,118,10
122,118,10
122,118,10
122,118,10
122,118,10
122,118,10
122,118,10
122,118,10
122,118,10
122,110,10
122,110,10
122,110,10
122,110,10
122,110,10
122,110,10
122,110,10
122,110,10
122,110,10
122,110,10
122,110,10
122,110,10
122,110,10
122,110,10
122,110,10
122,101,10
122,101,10
122,101,10
122,101,10
122,101,10
122,101,10
122,101,10
122,101,10
122,101,10
122,101,10
122,101,10
122,101,10
122,101,10
122,101,10
122,101,10
122,101,10
122,101,10
122,101,10
122,101,10
122,101,10
122,101,10
122,101,10
122,101,10
122,136,10
122,136,10
122,136,10
122,136,10
122,136,10
122,136,10
122,136,10
122,136,10
122,136,10
122,136,10
122,136,10
122,136,10
122,136,10
122,136,10
122,136,10
122,136,10
122,136,10
122,136,10
122,136,10
122,136,10
122,136,10
122,118,10
122,118,10
122,118,10
122,118,10
122,118,10
122,118,10
122,118,10
122,118,10
122,126,10
122,126,10
122,126,10
122,126,10
122,126,10
122,126,10
122,126,10
122,126,10
122,126,10
122,126,10
122,118,10
122,118,10
122,118,10
122,118,10
122,118,10
122,118,10
122,118,10
122,118,10
122,118,10
122,118,10
122,118,10
122,118,10
122,118,10
122,118,10
122,118,10
122,118,10
122,118,10
122,118,10
122,118,10
122,118,10
122,118,10
122,118,10
122,111,10
122,111,10
122,111,10
122,111,10
122,111,10
122,111,10
122,123,10
122,123,10
122,123,10
122,123,10
122,123,10
122,123,10
122,123,10
122,123,10
122,128,10
122,128,10
122,128,10
122,128,10
122,128,10
122,128,10
122,128,10
122,128,10
122,128,10
122,128,10
122,119,10
122,119,10
122,119,10
122,119,10
122,119,10
122,119,10
122,119,10
122,119,10
122,119,10
122,119,10
122,119,10
122,119,10
122,119,10
122,119,10
122,119,10
122,119,10
122,119,10
122,119,10
122,122,10
122,122,10
122,122,10
122,122,10
122,122,10
122,122,10
122,122,10
122,122,10
122,122,10
122,122,10
122,122,10
122,122,10
122,122,10
122,122,10
122,122,10
122,122,10
122,122,10
122,122,10
122,122,10
122,132,10
122,132,10
122,132,10
122,132,10
122,132,10
122,132,10
122,132,10
122,132,10
122,132,10
122,132,10
122,132,10
122,132,10
122,132,10
122,132,10
122,132,10
122,132,10
122,132,10
122,132,10
122,132,10
122,132,10
122,132,10
122,132,10
122,132,10
122,132,10
122,132,10
122,132,10
122,132,10
122,132,10
122,132,10
122,132,10
122,132,10
122,132,10
122,132,10
122,132,10
122,132,10
122,136,10
122,136,10
122,136,10
122,136,10
122,136,10
122,136,10
122,121,10
122,121,10
122,121,10
122,121,10
122,121,10
122,121,10
122,121,10
122,121,10
122,121,10
122,121,10
122,121,10
122,121,10
122,121,10
122,121,10
122,121,10
122,121,10
122,124,10
122,124,10
122,124,10
122,124,10
122,124,10
122,124,10
122,124,10
122,124,10
122,124,10
122,124,10
122,124,10
122,124,10
122,124,10
122,124,10
122,124,10
122,124,10
122,124,10
122,124,10
122,124,10
122,124,10
122,124,10
122,124,10
122,124,10
122,124,10
122,124,10
122,124,10
122,124,10
122,124,10
122,124,10
122,124,10
122,124,10
122,124,10
122,124,10
122,124,10
122,124,10
122,124,10
122,124,10
122,124,10
122,124,10
122,124,10
122,124,10
122,124,10
122,124,10
122,124,10
122,135,10
122,135,10
122,135,10
122,135,10
122,135,10
122,135,10
122,135,10
122,135,10
122,135,10
122,135,10
122,135,10
122,135,10
122,135,10
122,135,10
122,135,10
122,135,10
122,135,10
122,135,10
122,135,10
122,135,10
122,135,10
122,135,10
122,135,10
122,135,10
122,135,10
122,135,10
122,135,10
122,135,10
122,135,10
122,135,10
122,135,10
122,135,10
122,135,10
122,135,10
122,135,10
122,116,10
122,116,10
122,116,10
122,116,10
122,116,10
122,116,10
122,116,10
122,116,10
122,116,10
122,116,10
122,116,10
122,116,10
122,116,10
122,116,10
122,116,10
122,116,10
122,116,10
122,131,10
122,131,10
122,131,10
122,131,10
122,131,10
122,131,10
122,131,10
122,131,10
122,131,10
122,131,10
122,131,10
122,131,10
122,131,10
122,131,10
122,131,10
122,131,10
122,131,10
122,131,10
122,131,10
122,131,10
122,131,10
122,131,10
122,131,10
122,131,10
122,131,10
122,131,10
122,131,10
122,131,10
122,131,10
122,113,10
122,113,10
122,113,10
122,113,10
122,113,10
122,113,10
122,113,10
122,113,10
122,113,10
122,113,10
122,134,10
122,134,10
122,134,10
122,134,10
122,134,10
122,134,10
122,134,10
122,134,10
122,134,10
122,134,10
122,134,10
122,121,10
122,121,10
122,121,10
122,121,10
122,121,10
122,121,10
122,121,10
122,121,10
122,121,10
122,121,10
122,121,10
122,121,10
122,121,10
122,121,10
122,121,10
122,121,10
122,117,10
122,117,10
122,117,10
122,117,10
122,117,10
122,117,10
122,117,10
122,117,10
122,117,10
122,117,10
122,117,10
122,117,10
122,117,10
122,117,10
122,117,10
122,117,10
122,117,10
122,117,10
122,117,10
122,117,10
122,117,10
122,117,10
122,117,10
122,117,10
122,138,10
122,138,10
122,138,10
122,138,10
122,138,10
122,138,10
122,138,10
122,138,10
122,138,10
122,138,10
122,138,10
122,138,10
122,138,10
122,138,10
122,138,10
122,138,10
122,138,10
122,138,10
122,138,10
122,138,10
122,138,10
122,138,10
122,138,10
122,138,10
122,138,10
122,138,10
122,138,10
122,138,10
122,138,10
122,121,10
122,121,10
122,121,10
122,121,10
122,121,10
122,121,10
122,121,10
122,121,10
122,121,10
122,121,10
122,131,10
122,131,10
122,131,10
122,131,10
122,131,10
122,131,10
122,131,10
122,131,10
122,131,10
122,131,10
122,131,10
122,131,10
122,131,10
122,131,10
122,131,10
122,130,10
122,130,10
122,130,10
122,130,10
122,130,10
122,130,10
122,130,10
142,137,10
142,137,10
142,137,10
142,137,10
142,137,10
142,137,10
142,137,10
142,146,10
142,146,10
142,146,10
142,146,10
142,146,10
142,146,10
142,146,10
142,146,10
142,146,10
142,146,10
142,146,10
142,146,10
142,146,10
142,146,10
142,146,10
142,146,10
142,146,10
142,146,10
142,146,10
142,146,10
142,146,10
142,146,10
142,146,10
142,146,10
142,146,10
142,146,10
142,146,10
142,146,10
142,146,10
142,146,10
142,146,10
142,146,10
142,146,10
142,146,10
142,146,10
142,146,10
142,146,10
142,146,10
142,146,10
142,146,10
142,146,10
142,146,10
142,146,10
142,146,10
142,146,10
142,146,10
142,146,10
142,146,10
142,146,10
142,146,10
142,146,10
142,151,10
142,151,10
142,151,10
142,151,10
142,151,10
142,151,10
142,151,10
142,151,10
142,151,10
142,151,10
142,151,10
142,151,10
142,151,10
142,131,10
142,131,10
142,131,10
142,131,10
142,131,10
142,131,10
142,131,10
142,131,10
142,131,10
142,131,10
142,131,10
142,131,10
142,131,10
142,131,10
142,131,10
142,131,10
142,131,10
142,131,10
142,131,10
142,131,10
142,131,10
142,131,10
142,131,10
142,131,10
142,131,10
142,131,10
142,131,10
142,131,10
142,131,10
142,131,10
142,131,10
142,131,10
142,131,10
142,131,10
142,131,10
142,131,10
142,131,10
142,131,10
142,131,10
142,131,10
142,131,10
142,131,10
142,131,10
142,131,10
142,131,10
142,131,10
142,131,10
142,131,10
142,131,10
142,154,10
142,154,10
142,154,10
142,154,10
142,154,10
142,154,10
142,154,10
142,154,10
142,154,10
142,154,10
142,136,10
142,136,10
142,136,10
142,136,10
142,136,10
142,136,10
142,136,10
142,136,10
142,136,10
142,136,10
142,136,10
142,136,10
142,136,10
142,136,10
142,136,10
142,136,10
142,136,10
142,136,10
142,136,10
142,136,10
142,136,10
142,136,10
142,136,10
142,136,10
142,136,10
142,136,10
142,136,10
142,136,10
142,136,10
142,136,10
142,136,10
142,136,10
142,136,10
142,136,10
142,136,10
142,136,10
142,136,10
142,136,10
142,136,10
142,136,10
142,136,10
142,136,10
142,136,10
142,136,10
142,136,10
142,136,10
142,136,10
142,136,10
142,136,10
142,115,10
142,115,10
142,115,10
142,115,10
142,115,10
142,115,10
142,115,10
142,115,10
142,115,10
142,115,10
142,115,10
142,115,10
142,140,10
142,140,10
142,140,10
142,140,10
142,140,10
142,140,10
142,140,10
142,140,10
142,140,10
142,140,10
142,140,10
142,140,10
142,140,10
142,140,10
142,140,10
142,140,10
142,140,10
142,140,10
142,140,10
142,140,10
142,140,10
142,140,10
142,140,10
142,140,10
142,140,10
142,140,10
142,140,10
142,140,10
142,140,10
142,140,10
142,140,10
142,140,10
142,140,10
142,140,10
142,140,10
142,140,10
142,140,10
142,140,10
142,140,10
142,140,10
142,140,10
142,140,10
142,140,10
142,140,10
142,140,10
142,140,10
142,140,10
142,140,10
142,140,10
142,140,10
142,140,10
142,140,10
142,140,10
142,140,10
142,140,10
142,140,10
142,140,10
142,140,10
142,164,10
142,164,10
142,164,10
142,164,10
142,164,10
142,164,10
142,139,10
142,139,10
142,139,10
142,139,10
142,139,10
142,139,10
142,139,10
142,139,10
142,139,10
142,139,10
142,139,10
142,139,10
142,139,10
142,139,10
142,139,10
142,139,10
142,139,10
142,139,10
142,139,10
142,139,10
142,139,10
142,139,10
142,139,10
142,139,10
142,139,10
142,139,10
142,139,10
142,139,10
142,139,10
142,146,10
142,146,10
142,146,10
142,146,10
142,146,10
142,146,10
142,146,10
142,142,10
142,142,10
142,142,10
142,142,10
142,142,10
142,142,10
142,142,10
142,142,10
142,142,10
142,142,10
142,142,10
142,142,10
142,142,10
142,142,10
142,142,10
142,139,10
142,139,10
142,139,10
142,139,10
142,139,10
142,139,10
142,139,10
142,139,10
142,139,10
142,139,10
142,139,10
142,139,10
142,139,10
142,139,10
142,139,10
142,139,10
142,139,10
142,139,10
142,139,10
142,139,10
142,139,10
142,139,10
142,139,10
142,139,10
142,139,10
142,139,10
142,127,10
142,127,10
142,127,10
142,127,10
142,127,10
142,127,10
142,127,10
142,127,10
142,127,10
142,127,10
142,146,10
142,146,10
142,146,10
142,146,10
142,146,10
142,146,10
142,146,10
142,146,10
142,146,10
142,146,10
142,146,10
142,146,10
142,146,10
142,146,10
142,146,10
142,143,10
142,143,10
142,143,10
142,143,10
142,143,10
142,143,10
142,143,10
142,143,10
142,143,10
142,143,10
142,143,10
142,143,10
142,143,10
142,143,10
142,143,10
142,155,10
142,155,10
142,155,10
142,155,10
142,155,10
142,155,10
142,155,10
142,155,10
142,155,10
142,155,10
142,155,10
142,155,10
142,155,10
142,155,10
142,155,10
142,155,10
142,155,10
142,155,10
142,155,10
142,155,10
142,155,10
142,155,10
142,155,10
142,155,10
142,155,10
142,155,10
142,155,10
142,155,10
142,155,10
142,155,10
142,155,10
142,155,10
142,155,10
142,133,10
142,133,10
142,133,10
142,133,10
142,133,10
142,133,10
142,133,10
142,133,10
142,133,10
142,133,10
142,133,10
142,133,10
142,133,10
142,133,10
142,133,10
142,133,10
142,133,10
142,143,10
142,143,10
142,143,10
142,143,10
142,143,10
142,143,10
142,143,10
142,143,10
142,143,10
142,143,10
142,143,10
142,143,10
142,143,10
142,143,10
142,143,10
142,143,10
142,143,10
142,143,10
142,143,10
142,143,10
142,143,10
142,143,10
142,143,10
142,156,10
142,156,10
142,156,10
142,156,10
142,156,10
142,156,10
142,156,10
142,156,10
142,156,10
142,156,10
142,156,10
142,156,10
142,156,10
142,135,10
142,135,10
142,135,10
142,135,10
142,135,10
142,135,10
142,135,10
142,135,10
142,135,10
142,135,10
142,135,10
142,135,10
142,135,10
142,135,10
142,135,10
142,135,10
142,135,10
142,135,10
142,135,10
142,135,10
142,135,10
142,135,10
142,144,10
142,144,10
142,144,10
142,144,10
142,144,10
142,144,10
142,144,10
142,144,10
142,144,10
142,144,10
142,144,10
142,144,10
142,144,10
142,144,10
142,144,10
142,144,10
142,144,10
142,144,10
142,144,10
142,144,10
142,144,10
142,144,10
142,144,10
142,144,10
142,144,10
142,144,10
142,144,10
142,139,10
142,139,10
142,139,10
142,139,10
142,139,10
142,139,10
142,139,10
142,159,10
142,159,10
142,159,10
142,159,10
142,159,10
142,159,10
142,159,10
142,159,10
142,159,10
142,159,10
142,159,10
142,159,10
142,159,10
142,159,10
142,159,10
142,159,10
142,159,10
142,159,10
142,159,10
142,159,10
142,159,10
142,159,10
142,159,10
142,159,10
142,159,10
142,159,10
142,153,10
142,153,10
142,153,10
142,153,10
142,153,10
142,153,10
142,153,10
142,153,10
142,153,10
142,153,10
142,153,10
142,153,10
142,153,10
142,153,10
142,153,10
142,153,10
142,153,10
142,153,10
142,153,10
142,153,10
142,153,10
172,166,10
172,166,10
172,166,10
172,166,10
172,166,10
172,166,10
172,166,10
172,166,10
172,166,10
172,166,10
172,180,10
172,180,10
172,180,10
172,180,10
172,180,10
172,180,10
172,180,10
172,180,10
172,180,10
172,180,10
172,180,10
172,180,10
172,180,10
172,180,10
172,180,10
172,180,10
172,180,10
172,180,10
172,180,10
172,180,10
172,180,10
172,180,10
172,180,10
172,180,10
172,180,10
172,180,10
172,180,10
172,180,10
172,180,10
172,180,10
172,180,10
172,180,10
172,180,10
172,180,10
172,180,10
172,180,10
172,180,10
172,180,10
172,180,10
172,180,10
172,180,10
172,180,10
172,180,10
172,180,10
172,180,10
172,180,10
172,180,10
172,186,10
172,186,10
172,186,10
172,186,10
172,186,10
172,186,10
172,186,10
172,186,10
172,186,10
172,186,10
172,186,10
172,186,10
172,186,10
172,186,10
172,186,10
172,186,10
172,186,10
172,186,10
172,186,10
172,186,10
172,186,10
172,186,10
172,186,10
172,186,10
172,186,10
172,186,10
172,186,10
172,148,10
172,148,10
172,148,10
172,148,10
172,148,10
172,148,10
172,148,10
172,148,10
172,148,10
172,148,10
172,148,10
172,148,10
172,148,10
172,148,10
172,148,10
172,148,10
172,148,10
172,148,10
172,148,10
172,148,10
172,148,10
172,174,10
172,174,10
172,174,10
172,174,10
172,174,10
172,174,10
172,174,10
172,174,10
172,174,10
172,174,10
172,174,10
172,174,10
172,174,10
172,174,10
172,174,10
172,171,10
172,171,10
172,171,10
172,171,10
172,171,10
172,171,10
172,176,10
172,176,10
172,176,10
172,176,10
172,176,10
172,176,10
172,183,10
172,183,10
172,183,10
172,183,10
172,183,10
172,183,10
172,172,10
172,172,10
172,172,10
172,172,10
172,172,10
172,172,10
172,172,10
172,172,10
172,172,10
172,172,10
172,172,10
172,172,10
172,172,10
172,172,10
172,172,10
172,187,10
172,187,10
172,187,10
172,187,10
172,187,10
172,187,10
172,187,10
172,187,10
172,187,10
172,187,10
172,187,10
172,179,10
172,179,10
172,179,10
172,179,10
172,179,10
172,179,10
172,179,10
172,179,10
172,179,10
172,179,10
172,179,10
172,179,10
172,179,10
172,179,10
172,179,10
172,179,10
172,179,10
172,179,10
172,179,10
172,179,10
172,179,10
172,179,10
172,179,10
172,179,10
172,179,10
172,159,10
172,159,10
172,159,10
172,159,10
172,159,10
172,159,10
172,159,10
172,159,10
172,159,10
172,159,10
172,159,10
172,159,10
172,159,10
172,159,10
172,159,10
172,159,10
172,174,10
172,174,10
172,174,10
172,174,10
172,174,10
172,174,10
172,174,10
172,174,10
172,177,10
172,177,10
172,177,10
172,177,10
172,177,10
172,177,10
172,177,10
172,177,10
172,177,10
172,177,10
172,177,10
172,177,10
172,177,10
172,144,10
172,144,10
172,144,10
172,144,10
172,144,10
172,144,10
172,144,10
172,144,10
172,144,10
172,144,10
172,144,10
172,144,10
172,144,10
172,144,10
172,144,10
172,144,10
172,144,10
172,144,10
172,144,10
172,144,10
172,144,10
172,144,10
172,144,10
172,144,10
172,144,10
172,144,10
172,144,10
172,144,10
172,144,10
172,144,10
172,144,10
172,144,10
172,144,10
172,144,10
172,144,10
172,144,10
172,144,10
172,144,10
172,144,10
172,144,10
172,144,10
172,144,10
172,144,10
172,153,10
172,153,10
172,153,10
172,153,10
172,153,10
172,153,10
172,153,10
172,153,10
172,153,10
172,153,10
172,153,10
172,153,10
172,153,10
172,153,10
172,153,10
172,153,10
172,153,10
172,153,10
172,153,10
172,153,10
172,153,10
172,153,10
172,153,10
172,153,10
172,153,10
172,153,10
172,153,10
172,153,10
172,177,10
172,177,10
172,177,10
172,177,10
172,177,10
172,177,10
172,177,10
172,177,10
172,177,10
172,178,10
172,178,10
172,178,10
172,178,10
172,178,10
172,178,10
172,178,10
172,178,10
172,178,10
172,178,10
172,178,10
172,178,10
172,178,10
172,178,10
172,181,10
172,181,10
172,181,10
172,181,10
172,181,10
172,181,10
172,171,10
172,171,10
172,171,10
172,171,10
172,171,10
172,171,10
172,171,10
172,171,10
172,186,10
172,186,10
172,186,10
172,186,10
172,186,10
172,186,10
172,169,10
172,169,10
172,169,10
172,169,10
172,169,10
172,169,10
172,169,10
172,169,10
172,169,10
172,169,10
172,169,10
172,169,10
172,169,10
172,169,10
172,169,10
172,172,10
172,172,10
172,172,10
172,172,10
172,172,10
172,172,10
172,172,10
172,172,10
172,172,10
172,172,10
172,172,10
172,172,10
172,172,10
172,172,10
172,172,10
172,172,10
172,172,10
172,172,10
172,172,10
172,172,10
172,172,10
172,172,10
172,172,10
172,172,10
172,172,10
172,172,10
172,172,10
172,172,10
172,172,10
172,172,10
172,172,10
172,172,10
172,172,10
172,172,10
172,172,10
172,172,10
172,172,10
172,172,10
172,172,10
172,172,10
172,172,10
172,172,10
172,172,10
172,172,10
172,172,10
172,172,10
172,172,10
172,172,10
172,172,10
172,172,10
172,170,10
172,170,10
172,170,10
172,170,10
172,170,10
172,170,10
172,170,10
172,170,10
172,170,10
172,170,10
172,170,10
172,170,10
172,170,10
172,170,10
172,170,10
172,170,10
172,170,10
172,170,10
172,170,10
172,170,10
172,170,10
172,164,10
172,164,10
172,164,10
172,164,10
172,164,10
172,164,10
172,164,10
172,164,10
172,164,10
172,164,10
172,164,10
172,164,10
172,164,10
172,164,10
172,164,10
172,164,10
172,164,10
172,164,10
172,164,10
172,164,10
172,164,10
172,164,10
172,164,10
172,172,10
172,172,10
172,172,10
172,172,10
172,172,10
172,172,10
172,172,10
172,172,10
172,172,10
172,172,10
172,172,10
172,172,10
172,172,10
172,172,10
172,172,10
172,172,10
172,172,10
172,172,10
172,172,10
172,172,10
172,172,10
172,172,10
172,172,10
172,172,10
172,172,10
172,172,10
172,172,10
172,172,10
172,172,10
172,172,10
172,173,10
172,173,10
172,173,10
172,173,10
172,173,10
172,173,10
172,173,10
172,173,10
172,173,10
172,174,10
172,174,10
172,174,10
172,174,10
172,174,10
172,174,10
172,174,10
172,174,10
172,174,10
172,174,10
172,174,10
172,174,10
172,174,10
172,176,10
172,176,10
172,176,10
172,176,10
172,176,10
172,176,10
172,184,10
172,184,10
172,184,10
172,184,10
172,184,10
172,184,10
172,169,10
172,169,10
172,169,10
172,169,10
172,169,10
172,169,10
172,169,10
172,169,10
172,169,10
172,169,10
172,169,10
172,169,10
172,169,10
172,169,10
172,169,10
172,173,10
172,173,10
172,173,10
172,173,10
172,173,10
172,173,10
172,173,10
172,173,10
172,173,10
172,173,10
172,173,10
172,173,10
172,173,10
172,173,10
172,173,10
172,173,10
172,173,10
172,173,10
172,173,10
172,173,10
172,173,10
172,187,10
172,187,10
172,187,10
172,187,10
172,187,10
172,187,10
172,187,10
172,187,10
172,187,10
172,187,10
172,187,10
172,156,10
172,156,10
172,156,10
172,156,10
172,156,10
172,156,10
192,195,10
192,195,10
192,195,10
192,195,10
192,195,10
192,195,10
192,195,10
192,195,10
192,195,10
192,195,10
192,195,10
192,195,10
192,195,10
192,195,10
192,195,10
192,195,10
192,195,10
192,195,10
192,195,10
192,195,10
192,195,10
192,195,10
192,195,10
192,195,10
192,195,10
192,199,10
192,199,10
192,199,10
192,199,10
192,199,10
192,199,10
192,199,10
192,199,10
192,199,10
192,199,10
192,199,10
192,199,10
192,199,10
192,199,10
192,199,10
192,199,10
192,207,10
192,207,10
192,207,10
192,207,10
192,207,10
192,207,10
192,207,10
192,207,10
192,207,10
192,207,10
192,207,10
192,207,10
192,207,10
192,207,10
192,207,10
192,207,10
192,207,10
192,207,10
192,207,10
192,207,10
192,207,10
192,207,10
192,207,10
192,207,10
192,207,10
192,207,10
192,207,10
192,197,10
192,197,10
192,197,10
192,197,10
192,197,10
192,197,10
192,197,10
192,197,10
192,197,10
192,197,10
192,197,10
192,197,10
192,197,10
192,197,10
192,195,10
192,195,10
192,195,10
192,195,10
192,195,10
192,195,10
192,195,10
192,195,10
192,195,10
192,195,10
192,195,10
192,195,10
192,195,10
192,195,10
192,190,10
192,190,10
192,190,10
192,190,10
192,190,10
192,190,10
192,190,10
192,190,10
192,190,10
192,190,10
192,190,10
192,190,10
192,190,10
192,190,10
192,190,10
192,190,10
192,190,10
192,190,10
192,190,10
192,190,10
192,190,10
192,193,10
192,193,10
192,193,10
192,193,10
192,193,10
192,193,10
192,193,10
192,195,10
192,195,10
192,195,10
192,195,10
192,195,10
192,195,10
192,195,10
192,195,10
192,195,10
192,195,10
192,195,10
192,195,10
192,195,10
192,195,10
192,195,10
192,195,10
192,195,10
192,195,10
192,195,10
192,191,10
192,191,10
192,191,10
192,191,10
192,191,10
192,191,10
192,195,10
192,195,10
192,195,10
192,195,10
192,195,10
192,195,10
192,195,10
192,195,10
192,195,10
192,195,10
192,195,10
192,195,10
192,195,10
192,195,10
192,195,10
192,195,10
192,195,10
192,195,10
192,195,10
192,195,10
192,195,10
192,195,10
192,195,10
192,195,10
192,195,10
192,195,10
192,195,10
192,195,10
192,205,10
192,205,10
192,205,10
192,205,10
192,205,10
192,205,10
192,205,10
192,205,10
192,203,10
192,203,10
192,203,10
192,203,10
192,203,10
192,203,10
192,203,10
192,203,10
192,203,10
192,203,10
192,203,10
192,203,10
192,203,10
192,203,10
192,203,10
192,203,10
192,203,10
192,203,10
192,203,10
192,203,10
192,203,10
192,203,10
192,203,10
192,203,10
192,203,10
192,203,10
192,203,10
192,203,10
192,203,10
192,203,10
192,204,10
192,204,10
192,204,10
192,204,10
192,204,10
192,204,10
192,201,10
192,201,10
192,201,10
192,201,10
192,201,10
192,201,10
192,201,10
192,201,10
192,201,10
192,189,10
192,189,10
192,189,10
192,189,10
192,189,10
192,189,10
192,189,10
192,189,10
192,189,10
192,189,10
192,189,10
192,189,10
192,189,10
192,189,10
192,189,10
192,189,10
192,189,10
192,189,10
192,189,10
192,189,10
192,189,10
192,189,10
192,189,10
192,189,10
192,189,10
192,181,10
192,181,10
192,181,10
192,181,10
192,181,10
192,181,10
192,181,10
192,181,10
192,181,10
192,181,10
192,181,10
192,181,10
192,181,10
192,181,10
192,191,10
192,191,10
192,191,10
192,191,10
192,191,10
192,191,10
192,191,10
192,191,10
192,197,10
192,197,10
192,197,10
192,197,10
192,197,10
192,197,10
192,197,10
192,197,10
192,197,10
192,197,10
192,197,10
192,197,10
192,197,10
192,197,10
192,197,10
192,197,10
192,197,10
192,197,10
192,197,10
192,197,10
192,197,10
192,197,10
192,197,10
192,197,10
192,212,10
192,212,10
192,212,10
192,212,10
192,212,10
192,212,10
192,212,10
192,212,10
192,212,10
192,212,10
192,212,10
192,212,10
192,212,10
192,212,10
192,212,10
192,212,10
192,212,10
192,212,10
192,212,10
192,212,10
192,212,10
192,198,10
192,198,10
192,198,10
192,198,10
192,198,10
192,198,10
192,198,10
192,198,10
192,198,10
192,198,10
192,198,10
192,199,10
192,199,10
192,199,10
192,199,10
192,199,10
192,199,10
192,199,10
192,199,10
192,199,10
192,199,10
192,199,10
192,199,10
192,199,10
192,199,10
192,199,10
192,199,10
192,199,10
192,201,10
192,201,10
192,201,10
192,201,10
192,201,10
192,201,10
192,201,10
192,201,10
192,201,10
192,201,10
192,191,10
192,191,10
192,191,10
192,191,10
192,191,10
192,191,10
192,191,10
192,191,10
192,191,10
192,195,10
192,195,10
192,195,10
192,195,10
192,195,10
192,195,10
192,207,10
192,207,10
192,207,10
192,207,10
192,207,10
192,207,10
192,207,10
192,207,10
192,207,10
192,207,10
192,207,10
192,207,10
192,207,10
192,207,10
192,207,10
192,207,10
192,207,10
192,207,10
192,207,10
192,207,10
192,207,10
192,207,10
192,207,10
192,207,10
192,207,10
192,207,10
192,207,10
192,207,10
192,207,10
192,207,10
192,207,10
192,207,10
192,178,10
192,178,10
192,178,10
192,178,10
192,178,10
192,178,10
192,178,10
192,178,10
192,178,10
192,178,10
192,178,10
192,178,10
192,178,10
192,178,10
192,178,10
192,178,10
192,178,10
192,178,10
192,178,10
192,178,10
192,178,10
192,178,10
192,178,10
192,178,10
192,178,10
192,178,10
192,178,10
192,178,10
192,178,10
192,187,10
192,187,10
192,187,10
192,187,10
192,187,10
192,187,10
192,187,10
192,187,10
192,187,10
192,187,10
192,187,10
192,187,10
192,187,10
192,187,10
192,187,10
192,187,10
192,187,10
192,187,10
192,187,10
192,187,10
192,187,10
192,187,10
192,187,10
192,187,10
192,187,10
192,187,10
192,187,10
192,187,10
192,187,10
192,187,10
192,187,10
192,187,10
192,187,10
192,187,10
192,187,10
192,187,10
192,187,10
192,187,10
192,187,10
192,187,10
192,187,10
192,187,10
192,187,10
192,187,10
192,171,10
192,171,10
192,171,10
192,171,10
192,171,10
192,171,10
192,171,10
192,184,10
192,184,10
192,184,10
192,184,10
192,184,10
192,184,10
192,184,10
192,188,10
192,188,10
192,188,10
192,188,10
192,188,10
192,188,10
192,188,10
192,188,10
192,188,10
192,188,10
192,188,10
192,188,10
192,188,10
192,188,10
192,184,10
192,184,10
192,184,10
192,184,10
192,184,10
192,184,10
192,184,10
192,184,10
192,184,10
192,184,10
192,184,10
192,184,10
192,184,10
192,184,10
192,184,10
192,184,10
192,184,10
192,184,10
192,184,10
192,184,10
192,184,10
192,184,10
192,184,10
192,184,10
192,184,10
192,184,10
192,184,10
192,184,10
192,184,10
192,184,10
192,184,10
192,184,10
192,184,10
192,184,10
192,184,10
192,184,10
192,184,10
192,189,10
192,189,10
192,189,10
192,189,10
192,189,10
192,189,10
192,189,10
192,189,10
192,189,10
192,189,10
192,189,10
192,189,10
192,189,10
192,189,10
192,189,10
192,189,10
192,189,10
192,189,10
192,189,10
192,189,10
192,189,10
192,189,10
192,189,10
192,189,10
192,189,10
192,199,10
192,199,10
192,199,10
192,199,10
192,199,10
192,199,10
192,199,10
192,199,10
192,199,10
192,199,10
192,199,10
192,199,10
192,199,10
192,199,10
192,199,10
192,199,10
192,199,10
192,199,10
192,199,10
192,199,10
192,199,10
192,199,10
192,199,10
192,199,10
192,199,10
192,199,10
192,199,10
192,199,10
192,199,10
192,199,10
192,199,10
192,199,10
192,199,10
192,199,10
192,199,10
192,199,10
192,199,10
192,199,10
192,199,10
192,199,10
192,199,10
192,199,10
192,199,10
192,199,10
192,199,10
192,199,10
192,199,10
192,199,10
192,199,10
192,199,10
192,199,10
192,199,10
192,199,10
192,199,10
192,199,10
192,199,10
192,199,10
192,199,10
192,199,10
192,199,10
192,199,10
192,199,10
192,191,10
192,191,10
192,191,10
192,191,10
192,191,10
192,191,10
192,191,10
192,191,10
192,191,10
192,191,10
192,191,10
192,191,10
192,191,10
192,191,10
192,191,10
192,191,10
192,191,10
192,191,10
192,191,10
192,191,10
192,191,10
192,191,10
192,191,10
192,191,10
192,191,10
192,191,10
192,191,10
192,191,10
192,191,10
192,191,10
192,191,10
192,191,10
192,191,10
192,191,10
192,193,10
192,193,10
192,193,10
192,193,10
192,193,10
192,193,10
192,193,10
192,193,10
192,193,10
192,193,10
192,193,10
192,193,10
192,193,10
192,193,10
192,193,10
192,193,10
192,193,10
192,193,10
192,193,10
192,193,10
192,193,10
192,193,10
192,193,10
192,193,10
192,193,10
192,193,10
192,193,10
192,193,10
192,193,10
192,193,10
192,193,10
192,193,10
192,193,10
192,193,10
192,193,10
192,193,10
192,193,10
192,193,10
192,193,10
192,193,10
192,193,10
192,193,10
192,193,10
192,193,10
192,193,10
192,193,10
212,215,10
212,215,10
212,215,10
212,215,10
212,215,10
212,215,10
212,215,10
212,218,10
212,218,10
212,218,10
212,218,10
212,218,10
212,218,10
212,218,10
212,218,10
212,218,10
212,218,10
212,218,10
212,220,10
212,220,10
212,220,10
212,220,10
212,220,10
212,220,10
212,220,10
212,220,10
212,220,10
212,220,10
212,220,10
212,220,10
212,220,10
212,220,10
212,220,10
212,220,10
212,220,10
212,220,10
212,220,10
212,218,10
212,218,10
212,218,10
212,218,10
212,218,10
212,218,10
212,218,10
212,218,10
212,218,10
212,218,10
212,218,10
212,218,10
212,218,10
212,218,10
212,218,10
212,218,10
212,218,10
212,218,10
212,218,10
212,207,10
212,207,10
212,207,10
212,207,10
212,207,10
212,207,10
212,207,10
212,207,10
212,207,10
212,207,10
212,207,10
212,207,10
212,207,10
212,207,10
212,207,10
212,207,10
212,207,10
212,207,10
212,207,10
212,207,10
212,207,10
212,207,10
212,207,10
212,207,10
212,207,10
212,207,10
212,207,10
212,207,10
212,207,10
212,207,10
212,207,10
212,207,10
212,207,10
212,207,10
212,207,10
212,207,10
212,207,10
212,207,10
212,207,10
212,207,10
212,207,10
212,207,10
212,207,10
212,207,10
212,207,10
212,207,10
212,207,10
212,207,10
212,207,10
212,207,10
212,207,10
212,207,10
212,207,10
212,207,10
212,207,10
212,207,10
212,207,10
212,207,10
212,207,10
212,207,10
212,207,10
212,207,10
212,207,10
212,207,10
212,207,10
212,207,10
212,207,10
212,207,10
212,213,10
212,213,10
212,213,10
212,213,10
212,213,10
212,213,10
212,213,10
212,213,10
212,213,10
212,213,10
212,213,10
212,213,10
212,213,10
212,213,10
212,213,10
212,213,10
212,213,10
212,213,10
212,213,10
212,213,10
212,213,10
212,213,10
212,213,10
212,213,10
212,213,10
212,213,10
212,213,10
212,213,10
212,213,10
212,213,10
212,213,10
212,213,10
212,213,10
212,213,10
212,213,10
212,212,10
212,212,10
212,212,10
212,212,10
212,212,10
212,212,10
212,212,10
212,212,10
212,212,10
212,212,10
212,212,10
212,212,10
212,212,10
212,212,10
212,212,10
212,212,10
212,212,10
212,212,10
212,212,10
212,209,10
212,209,10
212,209,10
212,209,10
212,209,10
212,209,10
212,209,10
212,209,10
212,209,10
212,209,10
212,209,10
212,209,10
212,209,10
212,209,10
212,209,10
212,209,10
212,209,10
212,209,10
212,209,10
212,209,10
212,209,10
212,209,10
212,209,10
212,210,10
212,210,10
212,210,10
212,210,10
212,210,10
212,210,10
212,210,10
212,224,10
212,224,10
212,224,10
212,224,10
212,224,10
212,224,10
212,224,10
212,224,10
212,224,10
212,224,10
212,220,10
212,220,10
212,220,10
212,220,10
212,220,10
212,220,10
212,220,10
212,220,10
212,220,10
212,220,10
212,220,10
212,220,10
212,220,10
212,220,10
212,220,10
212,220,10
212,220,10
212,220,10
212,220,10
212,220,10
212,220,10
212,220,10
212,220,10
212,220,10
212,220,10
212,220,10
212,209,10
212,209,10
212,209,10
212,209,10
212,209,10
212,209,10
212,209,10
212,209,10
212,209,10
212,209,10
212,209,10
212,209,10
212,234,10
212,234,10
212,234,10
212,234,10
212,234,10
212,234,10
212,234,10
212,234,10
212,234,10
212,234,10
212,234,10
212,234,10
212,234,10
212,234,10
212,234,10
212,234,10
212,234,10
212,234,10
212,234,10
212,234,10
212,234,10
212,234,10
212,234,10
212,234,10
212,234,10
212,234,10
212,234,10
212,234,10
212,234,10
212,234,10
212,234,10
212,234,10
212,234,10
212,234,10
212,234,10
212,234,10
212,234,10
212,234,10
212,234,10
212,234,10
212,234,10
212,234,10
212,234,10
212,234,10
212,234,10
212,234,10
212,220,10
212,220,10
212,220,10
212,220,10
212,220,10
212,220,10
212,220,10
212,220,10
212,220,10
212,220,10
212,220,10
212,220,10
212,220,10
212,220,10
212,220,10
212,220,10
212,220,10
212,220,10
212,220,10
212,220,10
212,220,10
212,220,10
212,220,10
212,220,10
212,220,10
212,220,10
212,220,10
212,220,10
212,220,10
212,220,10
212,220,10
212,220,10
212,220,10
212,220,10
212,220,10
212,220,10
212,218,10
212,218,10
212,218,10
212,218,10
212,218,10
212,218,10
212,218,10
212,218,10
212,218,10
212,218,10
212,218,10
212,218,10
212,218,10
212,218,10
212,218,10
212,218,10
212,218,10
212,218,10
212,218,10
212,218,10
212,218,10
212,218,10
212,218,10
212,218,10
212,218,10
212,218,10
212,218,10
212,220,10
212,220,10
212,220,10
212,220,10
212,220,10
212,220,10
212,220,10
212,220,10
212,220,10
212,220,10
212,220,10
212,220,10
212,220,10
212,220,10
212,220,10
212,220,10
212,220,10
212,220,10
212,220,10
212,220,10
212,220,10
212,220,10
212,220,10
212,220,10
212,220,10
212,220,10
212,220,10
212,220,10
212,220,10
212,220,10
212,220,10
212,220,10
212,220,10
212,220,10
212,220,10
212,220,10
212,220,10
212,220,10
212,220,10
212,220,10
212,220,10
212,227,10
212,227,10
212,227,10
212,227,10
212,227,10
212,227,10
212,227,10
212,227,10
212,227,10
212,227,10
212,227,10
212,227,10
212,227,10
212,227,10
212,227,10
212,227,10
212,227,10
212,227,10
212,214,10
212,214,10
212,214,10
212,214,10
212,214,10
212,214,10
212,214,10
212,214,10
212,214,10
212,214,10
212,214,10
212,214,10
212,214,10
212,214,10
212,214,10
212,214,10
212,214,10
212,214,10
212,214,10
212,214,10
212,214,10
212,214,10
212,210,10
212,210,10
212,210,10
212,210,10
212,210,10
212,210,10
212,210,10
212,210,10
212,210,10
212,210,10
212,210,10
212,210,10
212,210,10
212,210,10
212,210,10
212,210,10
212,210,10
212,210,10
212,210,10
212,210,10
212,210,10
212,210,10
212,210,10
212,210,10
212,210,10
212,210,10
212,210,10
212,210,10
212,210,10
212,213,10
212,213,10
212,213,10
212,213,10
212,213,10
212,213,10
212,213,10
212,213,10
212,213,10
212,213,10
212,213,10
212,213,10
212,213,10
212,213,10
212,213,10
212,213,10
212,213,10
212,213,10
212,213,10
212,213,10
212,214,10
212,214,10
212,214,10
212,214,10
212,214,10
212,214,10
212,214,10
212,214,10
212,214,10
212,214,10
212,214,10
212,194,10
212,194,10
212,194,10
212,194,10
212,194,10
212,194,10
212,231,10
212,231,10
212,231,10
212,231,10
212,231,10
212,231,10
212,231,10
212,231,10
212,231,10
212,231,10
212,231,10
212,231,10
212,231,10
212,231,10
212,231,10
212,231,10
212,231,10
212,205,10
212,205,10
212,205,10
212,205,10
212,205,10
212,205,10
212,205,10
212,205,10
212,205,10
212,205,10
212,217,10
212,217,10
212,217,10
212,217,10
212,217,10
212,217,10
212,217,10
212,217,10
212,217,10
212,217,10
212,217,10
212,217,10
212,217,10
212,217,10
212,217,10
212,217,10
212,217,10
212,217,10
212,217,10
212,217,10
212,217,10
212,217,10
212,217,10
212,217,10
212,217,10
212,217,10
212,215,10
212,215,10
212,215,10
212,215,10
212,215,10
212,215,10
212,215,10
212,215,10
212,215,10
212,215,10
212,215,10
242,264,10
242,264,10
242,264,10
242,264,10
242,264,10
242,264,10
242,247,10
242,247,10
242,247,10
242,247,10
242,247,10
242,247,10
242,247,10
242,247,10
242,247,10
242,250,10
242,250,10
242,250,10
242,250,10
242,250,10
242,250,10
242,250,10
242,250,10
242,250,10
242,250,10
242,250,10
242,250,10
242,232,10
242,232,10
242,232,10
242,232,10
242,232,10
242,232,10
242,232,10
242,232,10
242,232,10
242,232,10
242,232,10
242,232,10
242,232,10
242,232,10
242,232,10
242,232,10
242,232,10
242,232,10
242,232,10
242,232,10
242,232,10
242,232,10
242,232,10
242,232,10
242,232,10
242,232,10
242,232,10
242,232,10
242,232,10
242,232,10
242,232,10
242,232,10
242,232,10
242,232,10
242,232,10
242,232,10
242,232,10
242,247,10
242,247,10
242,247,10
242,247,10
242,247,10
242,247,10
242,247,10
242,247,10
242,247,10
242,247,10
242,247,10
242,247,10
242,247,10
242,247,10
242,247,10
242,247,10
242,247,10
242,247,10
242,247,10
242,247,10
242,247,10
242,247,10
242,247,10
242,235,10
242,235,10
242,235,10
242,235,10
242,235,10
242,235,10
242,235,10
242,235,10
242,235,10
242,235,10
242,235,10
242,235,10
242,235,10
242,235,10
242,235,10
242,235,10
242,235,10
242,235,10
242,235,10
242,235,10
242,235,10
242,235,10
242,235,10
242,235,10
242,235,10
242,235,10
242,235,10
242,235,10
242,235,10
242,235,10
242,235,10
242,235,10
242,235,10
242,235,10
242,235,10
242,235,10
242,235,10
242,235,10
242,235,10
