true_pos,obs_pos,true_var
332,331,20
332,331,20
332,331,20
332,331,20
332,331,20
332,331,20
332,331,20
332,331,20
332,331,20
332,331,20
332,331,20
332,331,20
332,331,20
332,331,20
332,331,20
332,331,20
332,331,20
332,331,20
332,331,20
332,331,20
332,331,20
332,331,20
332,331,20
332,331,20
332,331,20
332,314,20
332,314,20
332,314,20
332,314,20
332,314,20
332,314,20
332,314,20
332,314,20
332,314,20
332,314,20
332,314,20
332,314,20
332,314,20
332,314,20
332,313,20
332,313,20
332,313,20
332,313,20
332,313,20
332,313,20
332,313,20
332,313,20
332,313,20
332,313,20
332,313,20
332,313,20
332,313,20
332,313,20
332,313,20
332,313,20
332,313,20
332,313,20
332,305,20
332,305,20
332,305,20
332,305,20
332,305,20
332,305,20
332,305,20
332,305,20
332,305,20
332,305,20
332,305,20
332,305,20
332,305,20
332,305,20
332,305,20
332,305,20
332,305,20
332,305,20
332,305,20
332,305,20
332,305,20
332,305,20
332,305,20
332,305,20
332,305,20
332,305,20
332,305,20
332,305,20
332,305,20
332,305,20
332,305,20
332,305,20
332,305,20
332,305,20
332,305,20
332,305,20
332,305,20
332,305,20
332,305,20
332,305,20
332,305,20
332,305,20
332,305,20
332,305,20
332,305,20
332,305,20
332,305,20
332,305,20
332,305,20
332,305,20
332,290,20
332,290,20
332,290,20
332,290,20
332,290,20
332,290,20
332,290,20
332,290,20
332,290,20
332,290,20
332,290,20
332,290,20
332,290,20
332,290,20
332,290,20
332,290,20
332,290,20
332,290,20
332,290,20
332,290,20
332,290,20
332,290,20
332,342,20
332,342,20
332,342,20
332,342,20
332,342,20
332,342,20
332,342,20
332,342,20
332,342,20
332,342,20
332,342,20
332,342,20
332,342,20
332,342,20
332,342,20
332,342,20
332,342,20
332,342,20
332,342,20
332,342,20
332,342,20
332,342,20
332,342,20
332,342,20
332,342,20
332,342,20
332,342,20
332,342,20
332,342,20
332,342,20
332,359,20
332,359,20
332,359,20
332,359,20
332,359,20
332,359,20
332,359,20
332,359,20
332,359,20
332,359,20
332,359,20
332,359,20
332,359,20
332,359,20
332,359,20
332,359,20
332,359,20
332,359,20
332,359,20
332,359,20
332,321,20
332,321,20
332,321,20
332,321,20
332,321,20
332,321,20
332,321,20
332,321,20
332,321,20
332,321,20
332,315,20
332,315,20
332,315,20
332,315,20
332,315,20
332,315,20
332,315,20
332,315,20
332,315,20
332,315,20
332,315,20
302,328,20
302,328,20
302,328,20
302,328,20
302,328,20
302,328,20
302,328,20
302,328,20
302,328,20
302,328,20
302,328,20
302,328,20
302,328,20
302,328,20
302,328,20
302,328,20
302,328,20
302,328,20
302,328,20
302,328,20
302,328,20
302,328,20
302,328,20
302,328,20
302,328,20
302,328,20
302,328,20
302,328,20
302,328,20
302,328,20
302,328,20
302,328,20
302,328,20
302,328,20
302,328,20
302,328,20
302,328,20
302,328,20
302,328,20
302,294,20
302,294,20
302,294,20
302,294,20
302,294,20
302,294,20
302,294,20
302,294,20
302,294,20
302,294,20
302,294,20
302,294,20
302,294,20
302,294,20
302,294,20
302,294,20
302,294,20
302,294,20
302,274,20
302,274,20
302,274,20
302,274,20
302,274,20
302,274,20
302,274,20
302,274,20
302,274,20
302,274,20
302,274,20
302,274,20
302,274,20
302,274,20
302,274,20
302,274,20
302,274,20
302,274,20
302,274,20
302,274,20
302,274,20
302,274,20
302,274,20
302,274,20
302,274,20
302,274,20
302,274,20
302,274,20
302,274,20
302,274,20
302,274,20
302,309,20
302,309,20
302,309,20
302,309,20
302,309,20
302,309,20
302,309,20
302,309,20
302,309,20
302,309,20
302,309,20
302,309,20
302,309,20
302,309,20
302,294,20
302,294,20
302,294,20
302,294,20
302,294,20
302,294,20
302,294,20
302,296,20
302,296,20
302,296,20
302,296,20
302,296,20
302,296,20
302,296,20
302,296,20
302,296,20
302,296,20
302,296,20
302,296,20
302,296,20
302,296,20
302,296,20
302,296,20
302,296,20
302,296,20
302,296,20
302,296,20
322,298,20
322,298,20
322,298,20
322,298,20
322,298,20
322,298,20
322,298,20
322,298,20
322,298,20
322,298,20
322,298,20
322,298,20
322,298,20
322,298,20
322,298,20
322,298,20
322,317,20
322,317,20
322,317,20
322,317,20
322,317,20
322,317,20
322,317,20
322,317,20
322,317,20
322,317,20
322,300,20
322,300,20
322,300,20
322,300,20
322,300,20
322,300,20
322,300,20
322,300,20
322,300,20
322,300,20
322,300,20
322,300,20
322,300,20
322,24,20
322,24,20
322,24,20
322,24,20
322,24,20
322,24,20
322,24,20
322,24,20
322,24,20
322,24,20
322,24,20
322,24,20
322,24,20
322,24,20
322,24,20
322,24,20
322,24,20
322,24,20
322,334,20
322,334,20
322,334,20
322,334,20
322,334,20
322,334,20
322,334,20
322,334,20
322,334,20
322,302,20
322,302,20
322,302,20
322,302,20
322,302,20
322,302,20
322,302,20
322,302,20
322,330,20
322,330,20
322,330,20
322,330,20
322,330,20
322,330,20
322,330,20
322,330,20
322,330,20
322,348,20
322,348,20
322,348,20
322,348,20
322,348,20
322,348,20
322,348,20
322,348,20
322,348,20
322,348,20
322,348,20
322,348,20
322,348,20
322,348,20
322,348,20
322,348,20
322,348,20
322,348,20
322,348,20
322,348,20
322,348,20
322,348,20
322,348,20
322,348,20
322,348,20
322,348,20
322,348,20
322,334,20
322,334,20
322,334,20
322,334,20
322,334,20
322,334,20
322,334,20
322,334,20
322,334,20
322,334,20
322,334,20
322,334,20
322,334,20
322,334,20
322,334,20
322,334,20
322,334,20
322,334,20
322,334,20
322,334,20
322,334,20
322,323,20
322,323,20
322,323,20
322,323,20
322,323,20
322,323,20
322,323,20
322,323,20
322,323,20
322,323,20
322,323,20
322,323,20
322,323,20
322,323,20
322,323,20
322,323,20
322,323,20
322,323,20
322,323,20
322,323,20
322,323,20
322,323,20
322,323,20
322,323,20
322,323,20
322,323,20
322,323,20
322,312,20
322,312,20
322,312,20
322,312,20
322,312,20
322,312,20
322,312,20
322,312,20
322,312,20
322,312,20
322,312,20
322,312,20
322,312,20
322,312,20
322,312,20
322,312,20
322,312,20
322,312,20
322,312,20
322,312,20
322,312,20
322,312,20
322,312,20
322,312,20
322,312,20
322,312,20
322,312,20
322,312,20
322,312,20
322,312,20
322,312,20
322,312,20
322,312,20
322,312,20
322,335,20
322,335,20
322,335,20
322,335,20
322,335,20
322,335,20
322,335,20
322,335,20
322,335,20
322,335,20
322,335,20
322,335,20
322,335,20
322,335,20
322,345,20
322,345,20
322,345,20
322,345,20
322,345,20
322,345,20
322,345,20
322,345,20
322,345,20
322,345,20
322,345,20
322,345,20
322,345,20
322,345,20
322,345,20
322,345,20
322,345,20
322,345,20
322,345,20
322,345,20
322,345,20
322,345,20
322,345,20
322,345,20
322,345,20
322,345,20
322,345,20
322,345,20
322,345,20
322,345,20
322,345,20
322,345,20
322,345,20
322,345,20
282,299,20
282,299,20
282,299,20
282,299,20
282,299,20
282,299,20
282,299,20
282,299,20
282,270,20
282,270,20
282,270,20
282,270,20
282,270,20
282,270,20
282,270,20
282,270,20
282,270,20
282,270,20
282,270,20
282,256,20
282,256,20
282,256,20
282,256,20
282,256,20
282,256,20
282,256,20
282,256,20
282,256,20
282,256,20
282,256,20
282,256,20
282,237,20
282,237,20
282,237,20
282,237,20
282,237,20
282,237,20
282,237,20
282,237,20
282,237,20
282,237,20
282,237,20
282,237,20
282,237,20
282,237,20
282,237,20
282,237,20
282,237,20
282,237,20
282,237,20
282,237,20
282,237,20
282,237,20
282,237,20
282,237,20
282,237,20
282,237,20
282,237,20
282,237,20
282,237,20
282,237,20
282,294,20
282,294,20
282,294,20
282,294,20
282,294,20
282,294,20
282,294,20
282,294,20
282,294,20
282,294,20
282,294,20
282,294,20
282,294,20
282,294,20
282,294,20
282,294,20
282,294,20
282,273,20
282,273,20
282,273,20
282,273,20
282,273,20
282,273,20
282,273,20
282,273,20
282,273,20
282,273,20
282,273,20
282,273,20
282,273,20
282,273,20
282,273,20
282,273,20
282,273,20
282,273,20
282,273,20
282,273,20
282,273,20
282,273,20
282,273,20
282,273,20
282,273,20
282,273,20
282,273,20
282,273,20
282,273,20
282,273,20
282,273,20
282,288,20
282,288,20
282,288,20
282,288,20
282,288,20
282,288,20
282,288,20
282,288,20
282,288,20
282,288,20
282,288,20
282,288,20
282,288,20
282,288,20
282,288,20
282,288,20
282,288,20
282,288,20
282,288,20
282,288,20
282,288,20
282,288,20
282,288,20
282,288,20
282,288,20
282,288,20
282,288,20
282,311,20
282,311,20
282,311,20
282,311,20
282,311,20
282,311,20
282,311,20
282,311,20
282,311,20
282,311,20
282,311,20
282,311,20
282,311,20
282,311,20
322,295,20
322,295,20
322,295,20
322,295,20
322,295,20
322,295,20
322,295,20
322,295,20
322,295,20
322,295,20
322,295,20
322,295,20
322,295,20
322,295,20
322,295,20
322,295,20
322,295,20
322,295,20
322,338,20
322,338,20
322,338,20
322,338,20
322,338,20
322,338,20
322,338,20
322,338,20
322,338,20
322,338,20
322,338,20
322,338,20
322,338,20
322,338,20
322,338,20
322,338,20
322,338,20
322,338,20
322,338,20
322,338,20
322,338,20
322,338,20
322,338,20
322,338,20
322,338,20
322,338,20
322,338,20
322,338,20
322,338,20
322,338,20
322,338,20
322,338,20
322,338,20
322,338,20
322,338,20
322,338,20
322,338,20
322,338,20
322,338,20
322,338,20
322,338,20
322,312,20
322,312,20
322,312,20
322,312,20
322,312,20
322,312,20
322,312,20
322,312,20
322,312,20
322,312,20
322,312,20
322,329,20
322,329,20
322,329,20
322,329,20
322,329,20
322,329,20
322,329,20
322,288,20
322,288,20
322,288,20
322,288,20
322,288,20
322,288,20
322,288,20
322,288,20
322,288,20
322,288,20
322,288,20
322,288,20
322,345,20
322,345,20
322,345,20
322,345,20
322,345,20
322,345,20
322,345,20
322,345,20
322,345,20
322,345,20
322,345,20
322,345,20
322,345,20
322,345,20
322,345,20
322,345,20
322,345,20
322,345,20
322,345,20
322,345,20
322,345,20
322,345,20
322,307,20
322,307,20
322,307,20
322,307,20
322,307,20
322,307,20
322,307,20
322,307,20
322,307,20
322,307,20
322,307,20
322,307,20
322,307,20
322,307,20
322,307,20
322,307,20
322,307,20
322,307,20
322,307,20
322,307,20
322,307,20
322,307,20
322,307,20
322,307,20
322,307,20
322,307,20
322,307,20
322,307,20
322,307,20
322,307,20
322,307,20
322,307,20
322,298,20
322,298,20
322,298,20
322,298,20
322,298,20
322,298,20
322,298,20
322,298,20
322,298,20
322,298,20
322,298,20
322,298,20
322,298,20
322,298,20
322,298,20
322,298,20
322,298,20
322,298,20
322,298,20
322,298,20
322,298,20
322,298,20
322,298,20
322,298,20
322,298,20
322,298,20
322,298,20
322,298,20
322,298,20
322,298,20
322,298,20
322,298,20
322,298,20
322,298,20
322,298,20
322,298,20
322,298,20
322,298,20
322,298,20
322,298,20
322,298,20
322,298,20
322,298,20
322,298,20
322,298,20
322,298,20
352,3,20
352,3,20
352,3,20
352,3,20
352,3,20
352,3,20
352,3,20
352,3,20
352,3,20
352,3,20
352,3,20
352,3,20
352,3,20
352,3,20
352,3,20
352,3,20
352,3,20
352,3,20
352,3,20
352,3,20
352,3,20
352,3,20
352,3,20
352,3,20
352,3,20
352,3,20
352,3,20
352,3,20
352,3,20
352,3,20
352,3,20
352,3,20
352,3,20
352,3,20
352,3,20
352,3,20
352,3,20
352,3,20
352,3,20
352,3,20
352,3,20
352,3,20
352,358,20
352,358,20
352,358,20
352,358,20
352,358,20
352,358,20
352,358,20
352,358,20
352,358,20
352,358,20
352,358,20
352,358,20
352,358,20
352,358,20
352,358,20
352,358,20
352,358,20
352,358,20
352,358,20
352,358,20
352,358,20
352,358,20
352,358,20
352,358,20
352,358,20
352,358,20
352,358,20
352,16,20
352,16,20
352,16,20
352,16,20
352,16,20
352,16,20
352,16,20
352,16,20
352,16,20
352,16,20
352,16,20
352,16,20
352,16,20
352,16,20
352,16,20
352,338,20
352,338,20
352,338,20
352,338,20
352,338,20
352,338,20
352,338,20
352,338,20
352,338,20
352,338,20
352,338,20
352,338,20
352,336,20
352,336,20
352,336,20
352,336,20
352,336,20
352,336,20
352,336,20
352,336,20
352,336,20
352,336,20
352,336,20
352,336,20
352,336,20
352,336,20
352,336,20
352,336,20
352,336,20
352,336,20
352,336,20
352,336,20
352,336,20
352,336,20
352,336,20
352,336,20
352,336,20
352,336,20
352,336,20
352,336,20
352,336,20
352,336,20
352,336,20
352,336,20
352,336,20
352,336,20
352,336,20
352,336,20
352,336,20
352,336,20
352,336,20
352,336,20
352,7,20
352,7,20
352,7,20
352,7,20
352,7,20
352,7,20
352,332,20
352,332,20
352,332,20
352,332,20
352,332,20
352,332,20
352,332,20
352,332,20
352,332,20
352,332,20
352,332,20
352,343,20
352,343,20
352,343,20
352,343,20
352,343,20
352,343,20
352,338,20
352,338,20
352,338,20
352,338,20
352,338,20
352,338,20
352,338,20
352,338,20
352,338,20
352,338,20
352,338,20
352,338,20
352,338,20
352,338,20
352,338,20
352,338,20
352,338,20
352,338,20
352,338,20
352,338,20
352,338,20
352,338,20
352,338,20
352,338,20
352,338,20
352,338,20
352,338,20
352,338,20
352,338,20
352,338,20
352,338,20
352,338,20
352,338,20
332,273,20
332,273,20
332,273,20
332,273,20
332,273,20
332,273,20
332,273,20
332,273,20
332,273,20
332,273,20
332,273,20
332,273,20
332,273,20
332,273,20
332,273,20
332,351,20
332,351,20
332,351,20
332,351,20
332,351,20
332,351,20
332,351,20
332,325,20
332,325,20
332,325,20
332,325,20
332,325,20
332,325,20
332,325,20
332,325,20
332,325,20
332,325,20
332,325,20
332,325,20
332,325,20
332,325,20
332,325,20
332,325,20
332,325,20
332,325,20
332,325,20
332,325,20
332,325,20
332,325,20
332,325,20
332,325,20
332,325,20
332,325,20
332,325,20
332,325,20
332,325,20
332,325,20
332,325,20
332,325,20
332,325,20
332,325,20
332,325,20
332,325,20
332,325,20
332,325,20
332,325,20
332,325,20
332,325,20
332,325,20
332,325,20
332,325,20
332,325,20
332,325,20
332,325,20
332,325,20
332,325,20
332,325,20
332,325,20
332,325,20
332,325,20
332,325,20
332,325,20
332,325,20
332,325,20
332,325,20
332,325,20
332,314,20
332,314,20
332,314,20
332,314,20
332,314,20
332,314,20
332,314,20
332,314,20
332,314,20
332,314,20
332,314,20
332,314,20
332,314,20
332,314,20
332,314,20
332,314,20
332,314,20
332,283,20
332,283,20
332,283,20
332,283,20
332,283,20
332,283,20
332,283,20
332,283,20
332,283,20
332,283,20
332,283,20
332,283,20
332,283,20
332,283,20
332,283,20
332,283,20
332,283,20
332,283,20
332,283,20
332,283,20
332,283,20
332,283,20
332,283,20
332,328,20
332,328,20
332,328,20
332,328,20
332,328,20
332,328,20
332,328,20
12,352,20
12,352,20
12,352,20
12,352,20
12,352,20
12,352,20
12,352,20
12,352,20
12,352,20
12,341,20
12,341,20
12,341,20
12,341,20
12,341,20
12,341,20
12,341,20
12,341,20
12,341,20
12,341,20
12,341,20
12,341,20
12,341,20
12,341,20
12,341,20
12,341,20
12,341,20
12,341,20
12,341,20
12,341,20
12,341,20
12,341,20
12,341,20
12,341,20
12,341,20
12,341,20
12,341,20
12,341,20
12,341,20
12,341,20
12,341,20
12,341,20
12,341,20
12,341,20
12,341,20
12,341,20
12,341,20
12,341,20
12,341,20
12,341,20
12,341,20
12,341,20
12,341,20
12,341,20
12,341,20
12,341,20
12,341,20
12,341,20
12,341,20
12,341,20
12,341,20
12,341,20
12,341,20
12,341,20
12,341,20
12,341,20
12,341,20
12,341,20
12,341,20
12,341,20
12,358,20
12,358,20
12,358,20
12,358,20
12,358,20
12,358,20
12,358,20
12,13,20
12,13,20
12,13,20
12,13,20
12,13,20
12,13,20
12,13,20
12,349,20
12,349,20
12,349,20
12,349,20
12,349,20
12,349,20
12,349,20
12,349,20
12,349,20
12,349,20
12,349,20
12,349,20
12,349,20
12,349,20
12,349,20
12,349,20
12,358,20
12,358,20
12,358,20
12,358,20
12,358,20
12,358,20
12,358,20
12,358,20
12,358,20
12,358,20
12,358,20
12,358,20
12,358,20
12,358,20
12,358,20
12,358,20
12,358,20
12,358,20
12,358,20
12,358,20
12,358,20
12,27,20
12,27,20
12,27,20
12,27,20
12,27,20
12,27,20
12,27,20
12,27,20
12,27,20
12,27,20
12,27,20
12,27,20
12,27,20
12,27,20
12,27,20
12,27,20
12,27,20
12,27,20
12,27,20
12,27,20
12,27,20
12,27,20
12,27,20
12,27,20
12,27,20
12,27,20
12,27,20
12,27,20
12,27,20
12,27,20
12,27,20
12,27,20
12,27,20
12,27,20
12,27,20
12,27,20
12,27,20
12,27,20
12,27,20
12,27,20
12,27,20
12,343,20
12,343,20
12,343,20
12,343,20
12,343,20
12,343,20
12,343,20
12,343,20
12,343,20
12,343,20
12,343,20
12,343,20
12,343,20
12,343,20
12,343,20
12,343,20
12,343,20
12,343,20
12,343,20
12,343,20
12,343,20
12,343,20
12,343,20
12,343,20
12,343,20
12,343,20
12,343,20
12,359,20
12,359,20
12,359,20
12,359,20
12,359,20
12,359,20
12,359,20
12,359,20
12,359,20
12,359,20
12,359,20
12,359,20
12,359,20
12,359,20
12,359,20
12,359,20
12,359,20
12,359,20
12,359,20
12,359,20
12,359,20
12,359,20
12,359,20
12,359,20
12,359,20
12,359,20
12,359,20
12,359,20
12,359,20
12,359,20
12,359,20
12,359,20
12,359,20
12,359,20
12,359,20
12,359,20
12,359,20
12,359,20
12,359,20
12,359,20
12,359,20
12,359,20
12,359,20
12,359,20
12,359,20
12,359,20
12,359,20
12,359,20
12,359,20
12,359,20
12,359,20
12,359,20
12,359,20
12,359,20
12,359,20
12,359,20
12,359,20
12,359,20
12,359,20
12,359,20
12,345,20
12,345,20
12,345,20
12,345,20
12,345,20
12,345,20
12,345,20
12,20,20
12,20,20
12,20,20
12,20,20
12,20,20
12,20,20
12,20,20
12,20,20
12,20,20
12,20,20
12,20,20
12,20,20
12,20,20
12,20,20
12,20,20
12,20,20
12,20,20
12,20,20
12,20,20
12,20,20
12,20,20
12,20,20
12,20,20
12,20,20
12,20,20
12,20,20
12,20,20
12,20,20
12,20,20
42,20,20
42,20,20
42,20,20
42,20,20
42,20,20
42,20,20
42,20,20
42,22,20
42,22,20
42,22,20
42,22,20
42,22,20
42,22,20
42,38,20
42,38,20
42,38,20
42,38,20
42,38,20
42,38,20
42,38,20
42,38,20
42,38,20
42,38,20
42,38,20
42,38,20
42,38,20
42,38,20
42,38,20
42,38,20
42,38,20
42,38,20
42,38,20
42,38,20
42,38,20
42,38,20
42,38,20
42,38,20
42,38,20
42,38,20
42,38,20
42,38,20
42,38,20
42,38,20
42,38,20
42,38,20
42,38,20
42,38,20
42,38,20
42,38,20
42,38,20
42,54,20
42,54,20
42,54,20
42,54,20
42,54,20
42,54,20
42,54,20
42,32,20
42,32,20
42,32,20
42,32,20
42,32,20
42,32,20
42,32,20
42,32,20
42,32,20
42,32,20
42,32,20
42,32,20
42,32,20
42,32,20
42,32,20
42,32,20
42,32,20
42,32,20
42,32,20
42,32,20
42,32,20
42,32,20
42,32,20
42,32,20
42,32,20
42,32,20
42,32,20
42,32,20
42,32,20
42,32,20
42,32,20
42,32,20
42,32,20
42,32,20
42,32,20
42,32,20
42,47,20
42,47,20
42,47,20
42,47,20
42,47,20
42,47,20
42,47,20
42,47,20
42,47,20
42,47,20
42,83,20
42,83,20
42,83,20
42,83,20
42,83,20
42,83,20
42,83,20
42,83,20
42,83,20
42,83,20
42,83,20
42,83,20
42,83,20
42,83,20
42,83,20
42,83,20
42,83,20
42,83,20
42,83,20
42,83,20
42,83,20
42,83,20
42,83,20
42,83,20
42,83,20
42,83,20
42,83,20
42,83,20
42,83,20
42,83,20
42,83,20
42,83,20
42,83,20
42,83,20
42,83,20
42,83,20
42,83,20
42,83,20
42,83,20
42,83,20
42,83,20
42,83,20
42,83,20
42,83,20
42,83,20
42,83,20
42,83,20
42,83,20
42,83,20
42,83,20
42,83,20
42,83,20
42,83,20
42,83,20
42,83,20
42,13,20
42,13,20
42,13,20
42,13,20
42,13,20
42,13,20
42,13,20
42,13,20
42,13,20
42,13,20
42,13,20
42,13,20
42,13,20
42,13,20
42,13,20
42,13,20
42,13,20
42,13,20
42,13,20
42,13,20
42,13,20
42,46,20
42,46,20
42,46,20
42,46,20
42,46,20
42,46,20
42,46,20
42,46,20
42,46,20
42,46,20
42,46,20
42,46,20
42,46,20
42,46,20
42,46,20
42,46,20
42,70,20
42,70,20
42,70,20
42,70,20
42,70,20
42,70,20
42,70,20
42,70,20
42,70,20
42,70,20
42,70,20
42,70,20
42,70,20
42,70,20
42,70,20
42,70,20
42,70,20
42,70,20
42,10,20
42,10,20
42,10,20
42,10,20
42,10,20
42,10,20
42,10,20
42,10,20
42,10,20
42,10,20
42,10,20
42,10,20
42,10,20
42,10,20
42,10,20
42,10,20
42,10,20
42,10,20
42,10,20
42,10,20
42,10,20
42,10,20
42,10,20
42,10,20
42,10,20
42,10,20
42,10,20
42,10,20
42,10,20
2,342,20
2,342,20
2,342,20
2,342,20
2,342,20
2,342,20
2,342,20
2,342,20
2,342,20
2,342,20
2,342,20
2,342,20
2,342,20
2,342,20
2,342,20
2,342,20
2,342,20
2,342,20
2,342,20
2,342,20
2,342,20
2,342,20
2,342,20
2,342,20
2,342,20
2,342,20
2,342,20
2,342,20
2,342,20
2,348,20
2,348,20
2,348,20
2,348,20
2,348,20
2,348,20
2,348,20
2,348,20
2,348,20
2,26,20
2,26,20
2,26,20
2,26,20
2,26,20
2,26,20
2,19,20
2,19,20
2,19,20
2,19,20
2,19,20
2,19,20
2,19,20
2,19,20
2,19,20
2,15,20
2,15,20
2,15,20
2,15,20
2,15,20
2,15,20
2,15,20
2,15,20
2,15,20
2,353,20
2,353,20
2,353,20
2,353,20
2,353,20
2,353,20
2,353,20
2,353,20
2,353,20
2,353,20
2,353,20
2,353,20
2,353,20
2,353,20
2,353,20
2,353,20
2,353,20
2,353,20
2,353,20
2,353,20
2,353,20
2,353,20
2,357,20
2,357,20
2,357,20
2,357,20
2,357,20
2,357,20
2,357,20
2,357,20
2,357,20
2,357,20
2,357,20
2,357,20
2,357,20
2,357,20
2,357,20
2,357,20
2,357,20
2,357,20
2,357,20
2,357,20
2,357,20
2,357,20
2,357,20
2,357,20
2,357,20
2,357,20
2,357,20
2,357,20
2,357,20
2,351,20
2,351,20
2,351,20
2,351,20
2,351,20
2,351,20
2,351,20
2,351,20
2,351,20
2,351,20
2,351,20
2,351,20
2,351,20
2,351,20
2,351,20
2,351,20
2,351,20
2,351,20
2,351,20
2,351,20
2,351,20
2,351,20
2,351,20
2,351,20
2,351,20
2,351,20
2,351,20
2,351,20
2,351,20
2,351,20
2,351,20
2,351,20
2,351,20
2,351,20
2,351,20
2,351,20
2,351,20
2,351,20
2,351,20
2,351,20
2,351,20
2,351,20
2,331,20
2,331,20
2,331,20
2,331,20
2,331,20
2,331,20
2,331,20
2,331,20
2,331,20
2,313,20
2,313,20
2,313,20
2,313,20
2,313,20
2,313,20
2,313,20
2,313,20
2,313,20
2,313,20
2,313,20
2,313,20
2,313,20
2,313,20
2,313,20
2,313,20
2,313,20
2,313,20
2,313,20
2,3,20
2,3,20
2,3,20
2,3,20
2,3,20
2,3,20
2,3,20
2,3,20
2,3,20
2,3,20
2,3,20
2,3,20
2,3,20
2,3,20
2,3,20
2,3,20
2,3,20
2,3,20
2,3,20
2,3,20
2,3,20
2,3,20
2,3,20
2,3,20
2,3,20
2,3,20
2,346,20
2,346,20
2,346,20
2,346,20
2,346,20
2,346,20
2,346,20
2,346,20
2,346,20
2,346,20
2,346,20
2,346,20
2,346,20
2,346,20
2,346,20
2,346,20
2,346,20
2,346,20
2,346,20
2,346,20
2,346,20
2,356,20
2,356,20
2,356,20
2,356,20
2,356,20
2,356,20
2,356,20
2,356,20
2,356,20
2,354,20
2,354,20
2,354,20
2,354,20
2,354,20
2,354,20
2,354,20
2,354,20
2,354,20
2,354,20
2,354,20
2,354,20
2,354,20
2,19,20
2,19,20
2,19,20
2,19,20
2,19,20
2,19,20
2,19,20
2,19,20
2,19,20
2,19,20
2,19,20
2,4,20
2,4,20
2,4,20
2,4,20
2,4,20
2,4,20
2,4,20
2,4,20
2,4,20
2,4,20
2,325,20
2,325,20
2,325,20
2,325,20
2,325,20
2,325,20
2,349,20
2,349,20
2,349,20
2,349,20
2,349,20
2,349,20
2,349,20
2,349,20
2,349,20
2,349,20
2,349,20
2,349,20
2,9,20
2,9,20
2,9,20
2,9,20
2,9,20
2,9,20
2,9,20
2,9,20
2,9,20
2,9,20
2,9,20
2,9,20
2,9,20
2,9,20
2,9,20
2,9,20
2,350,20
2,350,20
2,350,20
2,350,20
2,350,20
2,350,20
2,350,20
2,350,20
2,350,20
2,350,20
2,350,20
2,350,20
2,350,20
2,350,20
42,44,20
42,44,20
42,44,20
42,44,20
42,44,20
42,44,20
42,44,20
42,44,20
42,44,20
42,44,20
42,44,20
42,44,20
42,44,20
42,44,20
42,44,20
42,44,20
42,44,20
42,44,20
42,44,20
42,44,20
42,44,20
42,44,20
42,44,20
42,44,20
42,44,20
42,44,20
42,44,20
42,44,20
42,44,20
42,44,20
42,44,20
42,44,20
42,44,20
42,44,20
42,44,20
42,44,20
42,44,20
42,44,20
42,44,20
42,44,20
42,44,20
42,44,20
42,44,20
42,44,20
42,44,20
42,44,20
42,44,20
42,44,20
42,19,20
42,19,20
42,19,20
42,19,20
42,19,20
42,19,20
42,19,20
42,48,20
42,48,20
42,48,20
42,48,20
42,48,20
42,48,20
42,48,20
42,48,20
42,48,20
42,48,20
42,48,20
42,48,20
42,48,20
42,48,20
42,48,20
42,48,20
42,48,20
42,9,20
42,9,20
42,9,20
42,9,20
42,9,20
42,9,20
42,9,20
42,9,20
42,9,20
42,9,20
42,9,20
42,9,20
42,9,20
42,9,20
42,9,20
42,9,20
42,9,20
42,9,20
42,9,20
42,9,20
42,9,20
42,9,20
42,9,20
42,9,20
42,9,20
42,9,20
42,9,20
42,9,20
42,9,20
42,9,20
42,9,20
42,9,20
42,9,20
42,9,20
42,44,20
42,44,20
42,44,20
42,44,20
42,44,20
42,44,20
42,44,20
42,44,20
42,44,20
42,44,20
42,44,20
42,44,20
42,44,20
42,44,20
42,44,20
42,44,20
42,44,20
42,44,20
42,57,20
42,57,20
42,57,20
42,57,20
42,57,20
42,57,20
42,57,20
42,57,20
42,57,20
42,57,20
42,57,20
42,51,20
42,51,20
42,51,20
42,51,20
42,51,20
42,51,20
42,51,20
42,51,20
42,51,20
42,51,20
42,51,20
42,51,20
42,51,20
42,51,20
42,51,20
42,51,20
42,51,20
2,348,20
2,348,20
2,348,20
2,348,20
2,348,20
2,348,20
2,348,20
2,348,20
2,348,20
2,348,20
2,348,20
2,348,20
2,348,20
2,348,20
2,348,20
2,348,20
2,348,20
2,348,20
2,358,20
2,358,20
2,358,20
2,358,20
2,358,20
2,358,20
2,358,20
2,31,20
2,31,20
2,31,20
2,31,20
2,31,20
2,31,20
2,31,20
2,31,20
2,31,20
2,31,20
2,31,20
2,31,20
2,31,20
2,31,20
2,31,20
2,31,20
2,31,20
2,31,20
2,31,20
2,31,20
2,31,20
2,31,20
2,31,20
2,31,20
2,31,20
2,31,20
2,31,20
2,31,20
2,1,20
2,1,20
2,1,20
2,1,20
2,1,20
2,1,20
2,1,20
2,1,20
2,1,20
2,1,20
2,1,20
2,1,20
2,1,20
2,1,20
2,1,20
2,1,20
2,1,20
2,1,20
2,1,20
2,1,20
2,1,20
2,1,20
2,1,20
2,1,20
2,1,20
2,340,20
2,340,20
2,340,20
2,340,20
2,340,20
2,340,20
2,340,20
2,340,20
2,340,20
2,340,20
2,340,20
2,340,20
2,20,20
2,20,20
2,20,20
2,20,20
2,20,20
2,20,20
2,20,20
2,20,20
2,20,20
2,20,20
2,20,20
2,20,20
2,20,20
2,20,20
2,20,20
2,20,20
2,20,20
2,20,20
2,20,20
2,20,20
2,20,20
2,20,20
2,20,20
2,20,20
2,20,20
2,20,20
2,20,20
2,20,20
2,20,20
2,20,20
2,20,20
2,20,20
2,20,20
2,20,20
2,20,20
2,20,20
2,20,20
2,20,20
2,20,20
2,20,20
2,20,20
2,20,20
2,11,20
2,11,20
2,11,20
2,11,20
2,11,20
2,11,20
2,11,20
2,11,20
2,11,20
2,9,20
2,9,20
2,9,20
2,9,20
2,9,20
2,9,20
2,9,20
2,8,20
2,8,20
2,8,20
2,8,20
2,8,20
2,8,20
2,8,20
2,8,20
2,8,20
2,8,20
2,8,20
2,8,20
2,8,20
2,8,20
2,8,20
2,8,20
2,8,20
2,354,20
2,354,20
2,354,20
2,354,20
2,354,20
2,354,20
2,354,20
2,354,20
2,354,20
2,354,20
2,354,20
2,354,20
2,354,20
2,354,20
2,354,20
2,354,20
2,354,20
2,354,20
2,354,20
2,348,20
2,348,20
2,348,20
2,348,20
2,348,20
2,348,20
2,348,20
2,17,20
2,17,20
2,17,20
2,17,20
2,17,20
2,17,20
2,17,20
2,17,20
2,17,20
2,17,20
2,17,20
2,17,20
2,17,20
2,17,20
2,17,20
2,17,20
2,17,20
2,17,20
2,17,20
2,17,20
2,17,20
2,17,20
2,17,20
2,17,20
2,17,20
2,17,20
2,17,20
2,17,20
2,17,20
2,17,20
2,17,20
2,17,20
2,17,20
2,17,20
2,357,20
2,357,20
2,357,20
2,357,20
2,357,20
2,357,20
2,357,20
2,357,20
2,357,20
2,357,20
2,357,20
2,357,20
2,4,20
2,4,20
2,4,20
2,4,20
2,4,20
2,4,20
2,4,20
2,4,20
2,4,20
2,4,20
2,4,20
2,4,20
2,4,20
2,4,20
2,4,20
2,4,20
2,4,20
2,4,20
2,4,20
2,4,20
2,4,20
2,4,20
2,4,20
2,27,20
2,27,20
2,27,20
2,27,20
2,27,20
2,27,20
2,27,20
2,27,20
2,14,20
2,14,20
2,14,20
2,14,20
2,14,20
2,14,20
2,14,20
2,14,20
2,14,20
2,14,20
2,14,20
2,14,20
2,14,20
2,14,20
2,14,20
2,14,20
2,14,20
2,14,20
2,14,20
2,14,20
2,14,20
2,14,20
2,14,20
2,14,20
2,14,20
2,334,20
2,334,20
2,334,20
2,334,20
2,334,20
2,334,20
2,334,20
2,334,20
2,334,20
2,334,20
2,334,20
2,334,20
2,334,20
2,334,20
2,357,20
2,357,20
2,357,20
2,357,20
2,357,20
2,357,20
2,357,20
2,357,20
2,357,20
2,357,20
2,357,20
2,357,20
2,357,20
2,357,20
2,357,20
2,357,20
2,357,20
2,357,20
2,357,20
342,336,20
342,336,20
342,336,20
342,336,20
342,336,20
342,336,20
342,336,20
342,336,20
342,336,20
342,336,20
342,336,20
342,336,20
342,336,20
342,336,20
342,336,20
342,336,20
342,336,20
342,336,20
342,336,20
342,336,20
342,336,20
342,336,20
342,2,20
342,2,20
342,2,20
342,2,20
342,2,20
342,2,20
342,2,20
342,2,20
342,2,20
342,7,20
342,7,20
342,7,20
342,7,20
342,7,20
342,7,20
342,7,20
342,7,20
342,7,20
342,355,20
342,355,20
342,355,20
342,355,20
342,355,20
342,355,20
342,355,20
342,355,20
342,355,20
342,355,20
342,355,20
342,355,20
342,355,20
342,355,20
342,355,20
342,355,20
342,355,20
342,355,20
342,355,20
342,355,20
342,355,20
342,355,20
342,355,20
342,355,20
342,355,20
342,355,20
342,355,20
342,355,20
342,355,20
342,335,20
342,335,20
342,335,20
342,335,20
342,335,20
342,335,20
342,335,20
342,335,20
342,335,20
342,335,20
342,335,20
342,335,20
342,335,20
342,335,20
342,335,20
342,335,20
342,335,20
342,335,20
342,344,20
342,344,20
342,344,20
342,344,20
342,344,20
342,344,20
342,344,20
342,344,20
342,340,20
342,340,20
342,340,20
342,340,20
342,340,20
342,340,20
342,340,20
342,345,20
342,345,20
342,345,20
342,345,20
342,345,20
342,345,20
342,345,20
342,345,20
342,345,20
342,345,20
342,345,20
342,345,20
342,345,20
342,345,20
342,345,20
342,345,20
342,345,20
342,345,20
342,345,20
342,345,20
342,345,20
342,345,20
342,345,20
342,345,20
342,345,20
12,19,20
12,19,20
12,19,20
12,19,20
12,19,20
12,19,20
12,19,20
12,19,20
12,19,20
12,19,20
12,19,20
12,19,20
12,19,20
12,19,20
12,19,20
12,19,20
12,19,20
12,19,20
12,19,20
12,19,20
12,19,20
12,19,20
12,19,20
12,19,20
12,19,20
12,19,20
12,19,20
12,19,20
12,19,20
12,19,20
12,19,20
12,19,20
12,19,20
12,19,20
12,19,20
12,19,20
12,19,20
12,19,20
12,19,20
12,19,20
12,19,20
12,19,20
12,19,20
12,26,20
12,26,20
12,26,20
12,26,20
12,26,20
12,26,20
12,26,20
12,26,20
12,26,20
12,26,20
12,26,20
12,26,20
12,26,20
12,26,20
12,26,20
12,26,20
12,26,20
12,26,20
12,26,20
12,26,20
12,26,20
12,26,20
12,26,20
12,26,20
12,26,20
12,26,20
12,26,20
12,26,20
12,26,20
12,26,20
12,26,20
12,357,20
12,357,20
12,357,20
12,357,20
12,357,20
12,357,20
12,357,20
12,37,20
12,37,20
12,37,20
12,37,20
12,37,20
12,37,20
12,37,20
12,37,20
12,37,20
12,37,20
12,37,20
12,37,20
12,37,20
12,17,20
12,17,20
12,17,20
12,17,20
12,17,20
12,17,20
12,17,20
12,17,20
12,17,20
12,17,20
12,18,20
12,18,20
12,18,20
12,18,20
12,18,20
12,18,20
12,18,20
12,18,20
12,18,20
12,18,20
12,18,20
12,18,20
12,18,20
12,18,20
12,18,20
12,18,20
12,18,20
12,18,20
12,18,20
12,18,20
12,18,20
12,18,20
12,18,20
12,18,20
12,21,20
12,21,20
12,21,20
12,21,20
12,21,20
12,21,20
12,21,20
12,21,20
12,21,20
12,21,20
12,21,20
12,21,20
12,21,20
12,21,20
12,21,20
12,21,20
12,21,20
12,335,20
12,335,20
12,335,20
12,335,20
12,335,20
12,335,20
12,335,20
12,335,20
12,335,20
12,335,20
12,335,20
12,335,20
12,335,20
12,352,20
12,352,20
12,352,20
12,352,20
12,352,20
12,352,20
12,352,20
12,352,20
12,352,20
12,352,20
12,352,20
12,352,20
12,352,20
12,352,20
12,352,20
12,352,20
342,12,20
342,12,20
342,12,20
342,12,20
342,12,20
342,12,20
342,12,20
342,12,20
342,12,20
342,12,20
342,12,20
342,12,20
342,12,20
342,12,20
342,12,20
342,12,20
342,12,20
342,12,20
342,12,20
342,12,20
342,12,20
342,12,20
342,12,20
342,12,20
342,12,20
342,12,20
342,12,20
342,12,20
342,12,20
342,12,20
342,12,20
342,351,20
342,351,20
342,351,20
342,351,20
342,351,20
342,351,20
342,351,20
342,351,20
342,351,20
342,359,20
342,359,20
342,359,20
342,359,20
342,359,20
342,359,20
342,359,20
342,359,20
342,359,20
342,338,20
342,338,20
342,338,20
342,338,20
342,338,20
342,338,20
342,338,20
342,338,20
342,338,20
342,338,20
342,338,20
342,338,20
342,338,20
342,338,20
342,338,20
342,338,20
342,338,20
342,338,20
342,338,20
342,338,20
342,338,20
342,338,20
342,338,20
342,338,20
342,338,20
342,338,20
342,338,20
342,338,20
342,338,20
342,338,20
342,338,20
342,338,20
342,338,20
342,338,20
342,338,20
342,0,20
342,0,20
342,0,20
342,0,20
342,0,20
342,0,20
342,339,20
342,339,20
342,339,20
342,339,20
342,339,20
342,339,20
342,339,20
342,339,20
342,339,20
342,339,20
342,339,20
342,339,20
342,339,20
342,339,20
342,339,20
342,339,20
342,339,20
342,339,20
342,339,20
342,339,20
342,339,20
342,339,20
342,339,20
342,339,20
342,339,20
342,339,20
342,339,20
342,339,20
342,299,20
342,299,20
342,299,20
342,299,20
342,299,20
342,299,20
342,299,20
342,299,20
342,299,20
342,299,20
342,299,20
342,299,20
342,299,20
342,299,20
342,299,20
342,299,20
342,299,20
342,299,20
342,350,20
342,350,20
342,350,20
342,350,20
342,350,20
342,350,20
342,350,20
342,350,20
342,350,20
342,350,20
342,350,20
342,350,20
342,350,20
342,350,20
342,350,20
342,350,20
342,350,20
342,350,20
342,350,20
342,337,20
342,337,20
342,337,20
342,337,20
342,337,20
342,337,20
342,337,20
342,333,20
342,333,20
342,333,20
342,333,20
342,333,20
342,333,20
342,333,20
342,333,20
342,333,20
342,333,20
342,333,20
342,359,20
342,359,20
342,359,20
342,359,20
342,359,20
342,359,20
342,359,20
342,359,20
342,286,20
342,286,20
342,286,20
342,286,20
342,286,20
342,286,20
342,286,20
342,286,20
342,286,20
342,286,20
342,286,20
342,7,20
342,7,20
342,7,20
342,7,20
342,7,20
342,7,20
342,7,20
342,7,20
342,7,20
342,7,20
342,7,20
342,330,20
342,330,20
342,330,20
342,330,20
342,330,20
342,330,20
342,330,20
342,330,20
342,330,20
342,330,20
342,330,20
342,330,20
342,330,20
342,330,20
342,330,20
342,330,20
342,330,20
342,330,20
312,311,20
312,311,20
312,311,20
312,311,20
312,311,20
312,311,20
312,311,20
312,311,20
312,311,20
312,311,20
312,311,20
312,311,20
312,311,20
312,311,20
312,311,20
312,311,20
312,311,20
312,311,20
312,311,20
312,311,20
312,311,20
312,311,20
312,311,20
312,311,20
312,311,20
312,311,20
312,311,20
312,311,20
312,311,20
312,311,20
312,311,20
312,311,20
312,311,20
312,311,20
312,311,20
312,311,20
312,301,20
312,301,20
312,301,20
312,301,20
312,301,20
312,301,20
312,301,20
312,301,20
312,301,20
312,301,20
312,301,20
312,301,20
312,301,20
312,301,20
312,301,20
312,301,20
312,301,20
312,301,20
312,301,20
312,301,20
312,301,20
312,301,20
312,301,20
312,301,20
312,301,20
312,301,20
312,301,20
312,301,20
312,301,20
312,301,20
312,301,20
312,301,20
312,324,20
312,324,20
312,324,20
312,324,20
312,324,20
312,324,20
312,324,20
312,324,20
312,324,20
312,324,20
312,324,20
312,324,20
312,324,20
312,324,20
312,324,20
312,324,20
312,324,20
312,324,20
312,324,20
312,324,20
312,324,20
312,330,20
312,330,20
312,330,20
312,330,20
312,330,20
312,330,20
312,330,20
312,330,20
312,330,20
312,349,20
312,349,20
312,349,20
312,349,20
312,349,20
312,349,20
312,349,20
312,349,20
312,349,20
312,322,20
312,322,20
312,322,20
312,322,20
312,322,20
312,322,20
312,322,20
312,322,20
312,339,20
312,339,20
312,339,20
312,339,20
312,339,20
312,339,20
312,339,20
312,339,20
312,339,20
312,339,20
312,339,20
312,339,20
312,339,20
312,339,20
312,339,20
312,339,20
312,339,20
312,339,20
312,339,20
312,339,20
312,339,20
312,339,20
312,339,20
312,339,20
312,339,20
312,339,20
312,339,20
312,339,20
312,339,20
312,339,20
312,339,20
312,339,20
312,339,20
312,339,20
312,339,20
312,339,20
312,339,20
312,339,20
312,339,20
312,339,20
312,284,20
312,284,20
312,284,20
312,284,20
312,284,20
312,284,20
312,284,20
312,284,20
312,284,20
312,284,20
312,284,20
312,284,20
312,284,20
312,284,20
312,284,20
312,284,20
312,284,20
312,284,20
312,284,20
312,284,20
312,284,20
312,284,20
312,284,20
312,284,20
312,284,20
312,284,20
312,284,20
312,284,20
312,284,20
312,284,20
312,284,20
312,284,20
312,284,20
312,284,20
312,284,20
312,284,20
312,284,20
312,284,20
312,319,20
312,319,20
312,319,20
312,319,20
312,319,20
312,319,20
312,319,20
312,319,20
312,319,20
312,308,20
312,308,20
312,308,20
312,308,20
312,308,20
312,308,20
312,308,20
312,308,20
312,308,20
312,308,20
312,308,20
312,308,20
312,308,20
312,308,20
312,308,20
312,308,20
312,308,20
312,308,20
312,308,20
312,308,20
312,308,20
312,308,20
312,308,20
312,308,20
312,308,20
312,308,20
312,308,20
312,308,20
312,296,20
312,296,20
312,296,20
312,296,20
312,296,20
312,296,20
312,296,20
312,296,20
312,325,20
312,325,20
312,325,20
312,325,20
312,325,20
312,325,20
312,325,20
312,325,20
312,325,20
312,325,20
312,325,20
312,325,20
312,325,20
312,325,20
312,325,20
312,325,20
312,325,20
312,325,20
282,307,20
282,307,20
282,307,20
282,307,20
282,307,20
282,307,20
282,307,20
282,277,20
282,277,20
282,277,20
282,277,20
282,277,20
282,277,20
282,298,20
282,298,20
282,298,20
282,298,20
282,298,20
282,298,20
282,298,20
282,298,20
282,298,20
282,298,20
282,298,20
282,298,20
282,298,20
282,298,20
282,298,20
282,298,20
282,298,20
282,298,20
282,298,20
282,298,20
282,298,20
282,298,20
282,298,20
282,298,20
282,298,20
282,298,20
282,298,20
282,298,20
282,298,20
282,298,20
282,298,20
282,298,20
282,298,20
282,298,20
282,298,20
282,298,20
282,298,20
282,298,20
282,298,20
282,298,20
282,293,20
282,293,20
282,293,20
282,293,20
282,293,20
282,293,20
282,293,20
282,263,20
282,263,20
282,263,20
282,263,20
282,263,20
282,263,20
282,263,20
282,263,20
282,263,20
282,263,20
282,263,20
282,263,20
282,263,20
282,263,20
282,263,20
282,263,20
282,263,20
282,263,20
282,263,20
282,263,20
282,263,20
282,263,20
282,263,20
282,263,20
282,263,20
282,263,20
282,263,20
282,263,20
282,263,20
282,263,20
282,263,20
282,263,20
282,263,20
282,263,20
282,263,20
282,263,20
282,263,20
282,263,20
282,263,20
282,263,20
282,263,20
282,263,20
282,263,20
282,263,20
282,263,20
282,263,20
282,263,20
282,263,20
282,263,20
282,263,20
282,263,20
282,263,20
282,263,20
282,263,20
282,263,20
282,263,20
282,263,20
282,263,20
282,260,20
282,260,20
282,260,20
282,260,20
282,260,20
282,260,20
282,260,20
282,260,20
282,255,20
282,255,20
282,255,20
282,255,20
282,255,20
282,255,20
282,265,20
282,265,20
282,265,20
282,265,20
282,265,20
282,265,20
282,265,20
282,265,20
282,288,20
282,288,20
282,288,20
282,288,20
282,288,20
282,288,20
282,288,20
282,288,20
282,288,20
282,288,20
282,288,20
282,288,20
282,288,20
282,288,20
282,288,20
282,288,20
282,288,20
282,288,20
282,288,20
282,288,20
282,288,20
282,288,20
282,288,20
282,288,20
282,288,20
282,288,20
282,288,20
282,288,20
282,288,20
282,288,20
282,288,20
282,288,20
282,288,20
282,288,20
282,288,20
282,288,20
282,288,20
282,267,20
282,267,20
282,267,20
282,267,20
282,267,20
282,267,20
282,267,20
282,267,20
282,267,20
282,267,20
282,267,20
282,267,20
282,267,20
282,267,20
282,298,20
282,298,20
282,298,20
282,298,20
282,298,20
282,298,20
282,298,20
282,298,20
282,298,20
282,298,20
282,298,20
282,298,20
282,298,20
282,300,20
282,300,20
282,300,20
282,300,20
282,300,20
282,300,20
282,300,20
282,300,20
282,300,20
282,300,20
282,300,20
282,300,20
282,300,20
282,300,20
282,300,20
282,300,20
282,300,20
282,300,20
282,300,20
282,300,20
282,300,20
282,313,20
282,313,20
282,313,20
282,313,20
282,313,20
282,313,20
282,313,20
282,313,20
282,313,20
282,313,20
282,313,20
282,313,20
282,313,20
282,313,20
282,313,20
282,313,20
282,313,20
282,313,20
282,313,20
282,313,20
282,313,20
282,313,20
282,313,20
282,313,20
282,313,20
282,310,20
282,310,20
282,310,20
282,310,20
282,310,20
282,310,20
282,310,20
282,310,20
282,310,20
282,310,20
282,310,20
282,310,20
282,310,20
282,310,20
282,310,20
282,310,20
282,282,20
282,282,20
282,282,20
282,282,20
282,282,20
282,282,20
282,282,20
282,282,20
282,282,20
282,282,20
282,282,20
282,282,20
282,282,20
282,306,20
282,306,20
282,306,20
282,306,20
282,306,20
282,306,20
252,227,20
252,227,20
252,227,20
252,227,20
252,227,20
252,227,20
252,227,20
252,227,20
252,227,20
252,227,20
252,227,20
252,227,20
252,227,20
252,227,20
252,227,20
252,227,20
252,227,20
252,227,20
252,227,20
252,227,20
252,227,20
252,227,20
252,227,20
252,278,20
252,278,20
252,278,20
252,278,20
252,278,20
252,278,20
252,237,20
252,237,20
252,237,20
252,237,20
252,237,20
252,237,20
252,237,20
252,237,20
252,237,20
252,237,20
252,237,20
252,237,20
252,237,20
252,237,20
252,236,20
252,236,20
252,236,20
252,236,20
252,236,20
252,236,20
252,236,20
252,236,20
252,236,20
252,236,20
252,236,20
252,236,20
252,236,20
252,236,20
252,236,20
252,236,20
252,236,20
252,236,20
252,236,20
252,236,20
252,236,20
252,236,20
252,236,20
252,236,20
252,236,20
252,236,20
252,236,20
252,236,20
252,236,20
252,236,20
252,236,20
252,236,20
252,236,20
252,236,20
252,293,20
252,293,20
252,293,20
252,293,20
252,293,20
252,293,20
252,293,20
252,293,20
252,293,20
252,293,20
252,293,20
252,293,20
252,293,20
252,293,20
252,293,20
252,293,20
252,293,20
252,293,20
252,293,20
252,293,20
252,293,20
252,293,20
252,293,20
252,293,20
252,293,20
252,293,20
252,293,20
252,293,20
252,293,20
252,293,20
252,293,20
252,293,20
252,293,20
252,293,20
252,293,20
252,293,20
252,293,20
252,293,20
252,293,20
252,293,20
252,293,20
252,293,20
252,293,20
252,293,20
252,270,20
252,270,20
252,270,20
252,270,20
252,270,20
252,270,20
222,225,20
222,225,20
222,225,20
222,225,20
222,225,20
222,225,20
222,225,20
222,225,20
222,225,20
222,225,20
222,225,20
222,225,20
222,225,20
222,225,20
222,225,20
222,225,20
222,225,20
222,225,20
222,225,20
222,225,20
222,225,20
222,225,20
222,225,20
222,225,20
222,225,20
222,225,20
222,225,20
222,225,20
222,225,20
222,225,20
222,196,20
222,196,20
222,196,20
222,196,20
222,196,20
222,196,20
222,196,20
222,196,20
222,226,20
222,226,20
222,226,20
222,226,20
222,226,20
222,226,20
222,226,20
222,226,20
222,226,20
222,226,20
222,228,20
222,228,20
222,228,20
222,228,20
222,228,20
222,228,20
222,228,20
222,228,20
222,228,20
222,228,20
222,228,20
222,228,20
222,206,20
222,206,20
222,206,20
222,206,20
222,206,20
222,206,20
222,206,20
222,206,20
222,206,20
222,206,20
222,205,20
222,205,20
222,205,20
222,205,20
222,205,20
222,205,20
222,205,20
222,205,20
222,205,20
222,205,20
222,205,20
222,205,20
222,205,20
222,213,20
222,213,20
222,213,20
222,213,20
222,213,20
222,213,20
222,203,20
222,203,20
222,203,20
222,203,20
222,203,20
222,203,20
222,203,20
222,203,20
222,203,20
222,203,20
222,203,20
222,203,20
222,203,20
222,203,20
222,203,20
222,203,20
222,203,20
222,203,20
222,203,20
222,203,20
222,203,20
222,203,20
222,203,20
222,203,20
222,203,20
222,203,20
222,218,20
222,218,20
222,218,20
222,218,20
222,218,20
222,218,20
222,218,20
222,218,20
222,218,20
222,218,20
222,218,20
222,218,20
222,218,20
222,218,20
222,218,20
222,218,20
222,218,20
222,218,20
222,218,20
222,226,20
222,226,20
222,226,20
222,226,20
222,226,20
222,226,20
222,226,20
222,231,20
222,231,20
222,231,20
222,231,20
222,231,20
222,231,20
222,231,20
222,231,20
222,231,20
222,231,20
222,231,20
222,231,20
222,231,20
222,231,20
222,231,20
222,231,20
222,231,20
222,231,20
222,231,20
222,231,20
222,231,20
222,231,20
222,231,20
222,231,20
222,231,20
222,231,20
222,231,20
222,231,20
222,231,20
222,231,20
222,231,20
222,231,20
222,231,20
222,231,20
222,243,20
222,243,20
222,243,20
222,243,20
222,243,20
222,243,20
222,243,20
222,243,20
222,243,20
222,243,20
222,243,20
222,243,20
222,235,20
222,235,20
222,235,20
222,235,20
222,235,20
222,235,20
222,235,20
222,235,20
222,235,20
222,235,20
222,235,20
222,235,20
222,235,20
222,235,20
222,235,20
222,235,20
222,235,20
222,235,20
222,235,20
222,235,20
222,235,20
222,235,20
222,235,20
222,235,20
222,235,20
222,235,20
222,235,20
222,235,20
222,235,20
222,235,20
222,235,20
192,228,20
192,228,20
192,228,20
192,228,20
192,228,20
192,228,20
192,228,20
192,228,20
192,228,20
192,228,20
192,228,20
192,228,20
192,228,20
192,228,20
192,228,20
192,228,20
192,228,20
192,228,20
192,228,20
192,228,20
192,228,20
192,228,20
192,228,20
192,228,20
192,228,20
192,228,20
192,228,20
192,228,20
192,228,20
192,228,20
192,228,20
192,228,20
192,228,20
192,228,20
192,164,20
192,164,20
192,164,20
192,164,20
192,164,20
192,164,20
192,164,20
192,164,20
192,164,20
192,164,20
192,164,20
192,183,20
192,183,20
192,183,20
192,183,20
192,183,20
192,183,20
192,183,20
192,183,20
192,183,20
192,183,20
192,183,20
192,183,20
192,183,20
192,183,20
192,183,20
192,183,20
192,183,20
192,183,20
192,183,20
192,183,20
192,183,20
192,183,20
192,183,20
192,183,20
192,183,20
192,183,20
192,183,20
192,183,20
192,183,20
192,183,20
192,144,20
192,144,20
192,144,20
192,144,20
192,144,20
192,144,20
192,227,20
192,227,20
192,227,20
192,227,20
192,227,20
192,227,20
192,227,20
192,227,20
192,227,20
192,227,20
192,227,20
192,227,20
192,227,20
192,227,20
192,227,20
192,227,20
192,227,20
192,227,20
192,227,20
192,227,20
192,227,20
192,227,20
192,227,20
192,227,20
192,166,20
192,166,20
192,166,20
192,166,20
192,166,20
192,166,20
192,166,20
192,166,20
192,166,20
192,166,20
192,166,20
192,166,20
192,166,20
192,166,20
192,166,20
192,166,20
192,166,20
192,166,20
192,166,20
192,166,20
192,166,20
192,166,20
192,162,20
192,162,20
192,162,20
192,162,20
192,162,20
192,162,20
192,162,20
192,162,20
192,162,20
192,162,20
192,162,20
192,162,20
192,162,20
192,162,20
192,162,20
192,162,20
192,202,20
192,202,20
192,202,20
192,202,20
192,202,20
192,202,20
192,202,20
192,202,20
192,202,20
192,202,20
192,202,20
192,202,20
192,202,20
192,202,20
192,202,20
192,182,20
192,182,20
192,182,20
192,182,20
192,182,20
192,182,20
192,182,20
192,182,20
192,182,20
192,182,20
192,182,20
192,182,20
192,182,20
192,182,20
192,182,20
192,182,20
192,182,20
192,182,20
192,182,20
192,182,20
192,182,20
192,182,20
192,182,20
192,182,20
192,182,20
192,182,20
192,182,20
192,182,20
192,182,20
192,215,20
192,215,20
192,215,20
192,215,20
192,215,20
192,215,20
192,215,20
192,215,20
192,215,20
192,215,20
192,215,20
192,215,20
192,215,20
192,215,20
192,215,20
192,215,20
212,147,20
212,147,20
212,147,20
212,147,20
212,147,20
212,147,20
212,147,20
212,147,20
212,147,20
212,147,20
212,147,20
212,147,20
212,147,20
212,147,20
212,210,20
212,210,20
212,210,20
212,210,20
212,210,20
212,210,20
212,210,20
212,210,20
212,210,20
212,210,20
212,210,20
212,210,20
212,210,20
212,210,20
212,210,20
212,210,20
212,210,20
212,210,20
212,210,20
212,210,20
212,210,20
212,210,20
212,210,20
212,210,20
212,210,20
212,210,20
212,210,20
212,210,20
212,210,20
212,210,20
212,210,20
212,210,20
212,210,20
212,210,20
212,210,20
212,210,20
212,210,20
212,210,20
212,210,20
212,210,20
212,248,20
212,248,20
212,248,20
212,248,20
212,248,20
212,248,20
212,248,20
212,248,20
212,248,20
212,231,20
212,231,20
212,231,20
212,231,20
212,231,20
212,231,20
212,231,20
212,231,20
212,231,20
212,231,20
212,231,20
212,231,20
212,231,20
212,231,20
212,231,20
212,231,20
212,231,20
212,231,20
212,231,20
212,231,20
212,231,20
212,231,20
212,191,20
212,191,20
212,191,20
212,191,20
212,191,20
212,191,20
212,191,20
212,191,20
212,191,20
212,191,20
212,191,20
212,191,20
212,191,20
212,191,20
212,191,20
212,191,20
212,191,20
212,191,20
212,191,20
212,191,20
212,191,20
212,191,20
212,191,20
212,191,20
212,211,20
212,211,20
212,211,20
212,211,20
212,211,20
212,211,20
212,211,20
212,211,20
212,211,20
212,211,20
212,211,20
212,211,20
212,211,20
212,211,20
212,211,20
212,211,20
212,211,20
212,211,20
212,211,20
212,211,20
212,211,20
212,211,20
212,211,20
212,211,20
212,211,20
212,211,20
212,211,20
212,193,20
212,193,20
212,193,20
212,193,20
212,193,20
212,193,20
212,193,20
212,193,20
212,193,20
212,193,20
212,193,20
212,193,20
212,193,20
212,193,20
212,193,20
212,193,20
212,193,20
212,193,20
212,193,20
212,193,20
212,193,20
212,193,20
212,193,20
212,193,20
212,193,20
212,193,20
212,193,20
212,193,20
212,193,20
212,193,20
212,239,20
212,239,20
212,239,20
212,239,20
212,239,20
212,239,20
212,239,20
212,239,20
212,239,20
212,239,20
212,239,20
212,239,20
212,239,20
212,239,20
212,239,20
212,239,20
212,239,20
212,239,20
212,239,20
212,239,20
212,239,20
212,239,20
212,239,20
212,239,20
212,239,20
212,239,20
212,214,20
212,214,20
212,214,20
212,214,20
212,214,20
212,214,20
212,214,20
212,214,20
212,214,20
212,214,20
212,214,20
212,214,20
212,214,20
212,214,20
212,214,20
212,214,20
212,214,20
212,214,20
212,214,20
212,214,20
212,214,20
212,214,20
212,214,20
212,214,20
212,214,20
212,214,20
212,214,20
212,214,20
212,214,20
212,214,20
212,214,20
212,214,20
212,214,20
212,214,20
212,214,20
212,214,20
212,214,20
212,214,20
212,214,20
212,214,20
212,214,20
212,200,20
212,200,20
212,200,20
212,200,20
212,200,20
212,200,20
212,200,20
212,200,20
212,200,20
212,200,20
212,200,20
212,200,20
212,200,20
212,200,20
212,200,20
212,200,20
212,200,20
212,200,20
212,200,20
212,200,20
212,200,20
212,200,20
212,200,20
212,200,20
212,200,20
212,200,20
212,200,20
212,199,20
212,199,20
212,199,20
212,199,20
212,199,20
212,199,20
212,199,20
212,199,20
212,199,20
212,199,20
212,199,20
212,199,20
212,199,20
212,199,20
212,199,20
212,199,20
212,199,20
212,199,20
212,199,20
212,199,20
212,199,20
212,199,20
212,199,20
192,208,20
192,208,20
192,208,20
192,208,20
192,208,20
192,208,20
192,208,20
192,208,20
192,208,20
192,208,20
192,208,20
192,208,20
192,201,20
192,201,20
192,201,20
192,201,20
192,201,20
192,201,20
192,201,20
192,201,20
192,201,20
192,183,20
192,183,20
192,183,20
192,183,20
192,183,20
192,183,20
192,183,20
192,186,20
192,186,20
192,186,20
192,186,20
192,186,20
192,186,20
192,186,20
192,186,20
192,186,20
192,186,20
192,186,20
192,186,20
192,186,20
192,186,20
192,186,20
192,186,20
192,186,20
192,186,20
192,186,20
192,186,20
192,186,20
192,186,20
192,186,20
192,186,20
192,186,20
192,185,20
192,185,20
192,185,20
192,185,20
192,185,20
192,185,20
192,185,20
192,185,20
192,185,20
192,185,20
192,185,20
192,185,20
192,185,20
192,185,20
192,193,20
192,193,20
192,193,20
192,193,20
192,193,20
192,193,20
192,193,20
192,193,20
192,193,20
192,193,20
192,193,20
192,193,20
192,196,20
192,196,20
192,196,20
192,196,20
192,196,20
192,196,20
192,196,20
192,196,20
192,196,20
192,196,20
192,196,20
192,196,20
192,196,20
192,196,20
192,196,20
192,196,20
192,196,20
192,196,20
192,196,20
192,196,20
192,167,20
192,167,20
192,167,20
192,167,20
192,167,20
192,167,20
192,167,20
192,167,20
192,167,20
192,167,20
192,167,20
192,167,20
192,167,20
192,167,20
192,167,20
192,167,20
192,167,20
192,167,20
192,167,20
192,167,20
192,167,20
192,167,20
192,167,20
192,167,20
192,167,20
192,167,20
192,167,20
192,167,20
192,187,20
192,187,20
192,187,20
192,187,20
192,187,20
192,187,20
192,187,20
192,187,20
192,187,20
192,187,20
192,187,20
192,187,20
192,187,20
192,187,20
192,187,20
192,187,20
192,187,20
192,187,20
192,187,20
192,187,20
192,187,20
192,187,20
192,187,20
192,187,20
192,187,20
192,187,20
192,187,20
192,187,20
192,187,20
192,187,20
192,187,20
192,187,20
192,187,20
192,187,20
192,187,20
192,168,20
192,168,20
192,168,20
192,168,20
192,168,20
192,168,20
192,168,20
192,168,20
192,168,20
192,168,20
192,168,20
192,168,20
192,168,20
192,168,20
192,168,20
192,168,20
192,168,20
192,168,20
192,168,20
192,177,20
192,177,20
192,177,20
192,177,20
192,177,20
192,177,20
192,177,20
192,237,20
192,237,20
192,237,20
192,237,20
192,237,20
192,237,20
192,237,20
192,237,20
192,237,20
192,226,20
192,226,20
192,226,20
192,226,20
192,226,20
192,226,20
192,226,20
192,226,20
192,226,20
192,226,20
192,226,20
192,226,20
192,226,20
192,226,20
192,226,20
192,226,20
192,226,20
192,226,20
192,226,20
192,226,20
192,226,20
192,226,20
192,226,20
192,226,20
192,226,20
192,226,20
192,226,20
222,228,20
222,228,20
222,228,20
222,228,20
222,228,20
222,228,20
222,228,20
222,228,20
222,228,20
222,228,20
222,228,20
222,228,20
222,228,20
222,228,20
222,235,20
222,235,20
222,235,20
222,235,20
222,235,20
222,235,20
222,235,20
222,235,20
222,235,20
222,235,20
222,235,20
222,235,20
222,235,20
222,235,20
222,235,20
222,235,20
222,235,20
222,235,20
222,235,20
222,235,20
222,235,20
222,235,20
222,235,20
222,235,20
222,235,20
222,235,20
222,235,20
222,227,20
222,227,20
222,227,20
222,227,20
222,227,20
222,227,20
222,227,20
222,227,20
222,227,20
222,227,20
222,227,20
222,227,20
222,227,20
222,222,20
222,222,20
222,222,20
222,222,20
222,222,20
222,222,20
222,222,20
222,222,20
222,222,20
222,222,20
222,222,20
222,222,20
222,222,20
222,222,20
222,222,20
222,222,20
222,222,20
222,222,20
222,222,20
222,222,20
222,222,20
222,222,20
222,222,20
222,222,20
222,222,20
222,222,20
222,222,20
222,222,20
222,222,20
222,222,20
222,222,20
222,222,20
222,222,20
222,222,20
222,222,20
222,222,20
222,222,20
222,222,20
222,222,20
222,222,20
222,222,20
222,222,20
222,222,20
222,233,20
222,233,20
222,233,20
222,233,20
222,233,20
222,233,20
222,233,20
222,233,20
222,233,20
222,233,20
222,209,20
222,209,20
222,209,20
222,209,20
222,209,20
222,209,20
222,209,20
222,209,20
222,203,20
222,203,20
222,203,20
222,203,20
222,203,20
222,203,20
222,203,20
222,203,20
222,203,20
222,203,20
222,203,20
222,203,20
222,203,20
222,203,20
222,203,20
222,203,20
222,203,20
222,203,20
222,203,20
222,203,20
222,203,20
222,236,20
222,236,20
222,236,20
222,236,20
222,236,20
222,236,20
222,236,20
222,236,20
222,236,20
222,236,20
222,236,20
222,236,20
222,236,20
222,236,20
222,236,20
222,236,20
222,236,20
222,236,20
222,236,20
222,236,20
222,236,20
222,236,20
222,236,20
222,236,20
222,236,20
222,236,20
222,236,20
222,236,20
222,236,20
222,236,20
222,236,20
222,236,20
222,236,20
222,236,20
222,236,20
222,236,20
222,236,20
222,236,20
222,236,20
222,236,20
222,236,20
222,236,20
222,236,20
222,236,20
222,236,20
222,236,20
222,236,20
222,236,20
222,236,20
222,236,20
222,236,20
222,236,20
222,236,20
222,236,20
222,236,20
222,198,20
222,198,20
222,198,20
222,198,20
222,198,20
222,198,20
222,198,20
222,198,20
222,198,20
222,198,20
222,198,20
222,198,20
222,198,20
222,198,20
222,198,20
222,198,20
222,198,20
222,198,20
222,198,20
222,198,20
222,198,20
222,198,20
222,221,20
222,221,20
222,221,20
222,221,20
222,221,20
222,221,20
222,221,20
222,221,20
222,221,20
222,221,20
222,221,20
222,221,20
222,221,20
222,221,20
222,221,20
222,221,20
222,221,20
222,221,20
222,221,20
222,221,20
222,221,20
222,221,20
222,221,20
222,221,20
252,274,20
252,274,20
252,274,20
252,274,20
252,274,20
252,274,20
252,274,20
252,255,20
252,255,20
252,255,20
252,255,20
252,255,20
252,255,20
252,248,20
252,248,20
252,248,20
252,248,20
252,248,20
252,248,20
252,248,20
252,248,20
252,248,20
252,248,20
252,248,20
252,248,20
252,248,20
252,248,20
252,248,20
252,248,20
252,248,20
252,248,20
252,248,20
252,248,20
252,248,20
252,248,20
252,248,20
252,248,20
252,248,20
252,279,20
252,279,20
252,279,20
252,279,20
252,279,20
252,279,20
252,279,20
252,279,20
252,279,20
252,279,20
252,279,20
252,279,20
252,249,20
252,249,20
252,249,20
252,249,20
252,249,20
252,249,20
252,249,20
252,249,20
252,249,20
252,249,20
252,253,20
252,253,20
252,253,20
252,253,20
252,253,20
252,253,20
252,253,20
252,253,20
252,253,20
252,253,20
252,253,20
252,253,20
252,253,20
252,253,20
252,253,20
252,253,20
252,253,20
252,253,20
252,253,20
252,253,20
252,253,20
252,253,20
252,253,20
252,253,20
252,253,20
252,226,20
252,226,20
252,226,20
252,226,20
252,226,20
252,226,20
252,226,20
252,226,20
252,226,20
252,226,20
252,226,20
252,226,20
252,226,20
252,226,20
252,226,20
252,226,20
252,259,20
252,259,20
252,259,20
252,259,20
252,259,20
252,259,20
252,259,20
252,259,20
252,259,20
252,259,20
252,259,20
252,259,20
252,259,20
252,259,20
252,259,20
252,259,20
252,259,20
252,259,20
252,259,20
252,259,20
252,259,20
252,259,20
252,259,20
252,259,20
252,259,20
252,259,20
252,259,20
252,253,20
252,253,20
252,253,20
252,253,20
252,253,20
252,253,20
252,253,20
252,253,20
252,253,20
252,253,20
252,253,20
252,253,20
252,253,20
252,253,20
252,253,20
252,253,20
252,253,20
252,253,20
252,253,20
252,253,20
252,225,20
252,225,20
252,225,20
252,225,20
252,225,20
252,225,20
252,225,20
252,225,20
252,225,20
252,225,20
252,225,20
252,225,20
252,225,20
252,225,20
252,225,20
252,225,20
252,225,20
252,225,20
252,225,20
252,225,20
252,225,20
252,225,20
252,225,20
252,225,20
252,225,20
252,225,20
252,225,20
252,225,20
252,225,20
252,225,20
252,225,20
252,225,20
252,225,20
232,247,20
232,247,20
232,247,20
232,247,20
232,247,20
232,247,20
232,247,20
232,247,20
232,247,20
232,247,20
232,247,20
232,247,20
232,247,20
232,247,20
232,247,20
232,247,20
232,247,20
232,247,20
232,247,20
232,247,20
232,247,20
232,247,20
232,247,20
232,247,20
232,247,20
232,247,20
232,247,20
232,247,20
232,247,20
232,247,20
232,247,20
232,247,20
232,247,20
232,247,20
232,247,20
232,247,20
232,247,20
232,247,20
232,247,20
232,247,20
232,247,20
232,247,20
232,247,20
232,247,20
232,247,20
232,247,20
232,247,20
232,247,20
232,247,20
232,247,20
232,247,20
232,247,20
232,247,20
232,247,20
232,247,20
232,247,20
232,230,20
232,230,20
232,230,20
232,230,20
232,230,20
232,230,20
232,230,20
232,230,20
232,230,20
232,230,20
232,230,20
232,230,20
232,230,20
232,230,20
232,230,20
232,230,20
232,230,20
232,230,20
232,230,20
232,230,20
232,230,20
232,230,20
232,230,20
232,230,20
232,230,20
232,230,20
232,230,20
232,230,20
232,230,20
232,226,20
232,226,20
232,226,20
232,226,20
232,226,20
232,226,20
232,226,20
232,226,20
232,226,20
232,226,20
232,226,20
232,226,20
232,226,20
232,226,20
232,226,20
232,226,20
232,202,20
232,202,20
232,202,20
232,202,20
232,202,20
232,202,20
232,227,20
232,227,20
232,227,20
232,227,20
232,227,20
232,227,20
232,227,20
232,227,20
232,227,20
232,227,20
232,227,20
232,227,20
232,227,20
232,227,20
232,227,20
232,227,20
232,227,20
232,227,20
232,227,20
232,227,20
232,227,20
232,227,20
232,227,20
232,227,20
232,264,20
232,264,20
232,264,20
232,264,20
232,264,20
232,264,20
232,264,20
232,264,20
232,264,20
232,264,20
232,264,20
232,264,20
232,264,20
232,264,20
232,264,20
232,264,20
232,242,20
232,242,20
232,242,20
232,242,20
232,242,20
232,242,20
232,242,20
232,242,20
232,242,20
232,242,20
232,242,20
232,242,20
232,268,20
232,268,20
232,268,20
232,268,20
232,268,20
232,268,20
232,268,20
232,268,20
232,268,20
232,268,20
262,292,20
262,292,20
262,292,20
262,292,20
262,292,20
262,292,20
262,288,20
262,288,20
262,288,20
262,288,20
262,288,20
262,288,20
262,288,20
262,288,20
262,288,20
262,288,20
262,288,20
262,288,20
262,288,20
262,288,20
262,288,20
262,288,20
262,288,20
262,288,20
262,288,20
262,288,20
262,288,20
262,288,20
262,288,20
262,288,20
262,288,20
262,288,20
262,288,20
262,288,20
262,288,20
262,288,20
262,288,20
262,288,20
262,259,20
262,259,20
262,259,20
262,259,20
262,259,20
262,259,20
262,259,20
262,259,20
262,259,20
262,259,20
262,259,20
262,259,20
262,259,20
262,259,20
262,259,20
262,259,20
262,259,20
262,259,20
262,259,20
262,259,20
262,259,20
262,259,20
262,259,20
262,259,20
262,259,20
262,259,20
262,259,20
262,259,20
262,259,20
262,259,20
262,259,20
262,259,20
262,259,20
262,259,20
262,259,20
262,259,20
262,259,20
262,259,20
262,259,20
262,259,20
262,259,20
262,248,20
262,248,20
262,248,20
262,248,20
262,248,20
262,248,20
262,248,20
262,248,20
262,248,20
262,248,20
262,248,20
262,248,20
262,248,20
262,248,20
262,248,20
262,248,20
262,248,20
262,248,20
262,248,20
262,248,20
262,248,20
262,248,20
262,248,20
262,248,20
262,248,20
262,248,20
262,248,20
262,248,20
262,248,20
262,248,20
262,248,20
262,248,20
262,248,20
262,248,20
262,248,20
262,248,20
262,248,20
262,248,20
262,248,20
262,248,20
262,248,20
262,248,20
262,248,20
262,248,20
262,248,20
262,248,20
262,248,20
262,298,20
262,298,20
262,298,20
262,298,20
262,298,20
262,298,20
262,298,20
262,298,20
262,271,20
262,271,20
262,271,20
262,271,20
262,271,20
262,271,20
262,271,20
262,271,20
262,271,20
262,271,20
262,271,20
262,271,20
262,271,20
262,271,20
262,271,20
262,271,20
262,271,20
262,271,20
262,271,20
262,271,20
262,271,20
262,271,20
262,271,20
262,271,20
262,271,20
262,271,20
262,271,20
262,271,20
262,271,20
262,271,20
262,271,20
262,259,20
262,259,20
262,259,20
262,259,20
262,259,20
262,259,20
262,259,20
262,259,20
262,259,20
262,259,20
262,259,20
262,259,20
262,259,20
262,259,20
262,259,20
262,259,20
262,259,20
262,259,20
262,259,20
262,259,20
262,259,20
262,259,20
262,259,20
262,259,20
262,259,20
262,259,20
262,259,20
262,259,20
262,259,20
262,259,20
262,259,20
262,259,20
262,259,20
262,259,20
262,259,20
262,259,20
262,281,20
262,281,20
262,281,20
262,281,20
262,281,20
262,281,20
262,281,20
262,281,20
262,281,20
262,281,20
262,281,20
262,281,20
262,281,20
262,281,20
262,281,20
262,281,20
262,281,20
262,281,20
262,281,20
262,227,20
262,227,20
262,227,20
262,227,20
262,227,20
262,227,20
262,227,20
262,227,20
262,227,20
262,227,20
262,227,20
262,227,20
262,227,20
262,227,20
262,227,20
262,227,20
262,227,20
262,227,20
262,227,20
262,227,20
262,227,20
262,227,20
262,227,20
262,227,20
262,255,20
262,255,20
262,255,20
262,255,20
262,255,20
262,255,20
262,285,20
262,285,20
262,285,20
262,285,20
262,285,20
262,285,20
262,285,20
262,285,20
262,285,20
262,285,20
262,285,20
262,285,20
262,285,20
262,285,20
262,285,20
262,285,20
262,285,20
262,285,20
262,285,20
262,285,20
262,285,20
262,285,20
262,285,20
262,285,20
262,285,20
262,285,20
262,285,20
262,285,20
262,285,20
262,285,20
262,285,20
262,285,20
262,285,20
262,285,20
262,285,20
262,285,20
262,285,20
302,292,20
302,292,20
302,292,20
302,292,20
302,292,20
302,292,20
302,292,20
302,292,20
302,292,20
302,292,20
302,292,20
302,292,20
302,292,20
302,292,20
302,292,20
302,292,20
302,292,20
302,292,20
302,292,20
302,292,20
302,292,20
302,292,20
302,292,20
302,292,20
302,292,20
302,292,20
302,292,20
302,292,20
302,292,20
302,292,20
302,266,20
302,266,20
302,266,20
302,266,20
302,266,20
302,266,20
302,266,20
302,266,20
302,266,20
302,266,20
302,266,20
302,266,20
302,266,20
302,266,20
302,266,20
302,266,20
302,266,20
302,266,20
302,266,20
302,266,20
302,254,20
302,254,20
302,254,20
302,254,20
302,254,20
302,254,20
302,254,20
302,254,20
302,254,20
302,254,20
302,254,20
302,254,20
302,254,20
302,254,20
302,312,20
302,312,20
302,312,20
302,312,20
302,312,20
302,312,20
302,312,20
302,312,20
302,312,20
302,312,20
302,287,20
302,287,20
302,287,20
302,287,20
302,287,20
302,287,20
302,287,20
302,287,20
302,287,20
302,287,20
302,287,20
302,320,20
302,320,20
302,320,20
302,320,20
302,320,20
302,320,20
302,320,20
302,320,20
302,320,20
302,320,20
302,320,20
302,320,20
302,320,20
302,320,20
302,320,20
302,320,20
302,320,20
302,302,20
302,302,20
302,302,20
302,302,20
302,302,20
302,302,20
302,302,20
302,302,20
302,302,20
302,305,20
302,305,20
302,305,20
302,305,20
302,305,20
302,305,20
302,305,20
302,305,20
302,305,20
302,305,20
302,305,20
302,305,20
302,305,20
302,305,20
302,305,20
302,305,20
302,305,20
302,305,20
302,305,20
302,305,20
302,305,20
302,305,20
302,305,20
302,305,20
302,305,20
302,305,20
302,305,20
302,315,20
302,315,20
302,315,20
302,315,20
302,315,20
302,315,20
302,315,20
302,315,20
302,315,20
302,315,20
302,315,20
302,315,20
302,315,20
302,315,20
302,315,20
302,315,20
302,315,20
302,315,20
302,315,20
302,315,20
302,315,20
302,315,20
302,315,20
332,335,20
332,335,20
332,335,20
332,335,20
332,335,20
332,335,20
332,335,20
332,335,20
332,335,20
332,335,20
332,335,20
332,335,20
332,335,20
332,335,20
332,319,20
332,319,20
332,319,20
332,319,20
332,319,20
332,319,20
332,319,20
332,319,20
332,319,20
332,319,20
332,319,20
332,319,20
332,319,20
332,319,20
332,319,20
332,319,20
332,319,20
332,319,20
332,319,20
332,319,20
332,319,20
332,319,20
332,319,20
332,319,20
332,319,20
332,319,20
332,319,20
332,319,20
332,319,20
332,319,20
332,319,20
332,319,20
332,319,20
332,319,20
332,319,20
332,319,20
332,319,20
332,319,20
332,319,20
332,319,20
332,319,20
332,319,20
332,319,20
332,319,20
332,319,20
332,319,20
332,319,20
332,319,20
332,319,20
332,319,20
332,319,20
332,335,20
332,335,20
332,335,20
332,335,20
332,335,20
332,335,20
332,335,20
332,335,20
332,335,20
332,335,20
332,335,20
332,331,20
332,331,20
332,331,20
332,331,20
332,331,20
332,331,20
332,331,20
332,331,20
332,331,20
332,331,20
332,307,20
332,307,20
332,307,20
332,307,20
332,307,20
332,307,20
332,307,20
332,307,20
332,307,20
332,335,20
332,335,20
332,335,20
332,335,20
332,335,20
332,335,20
332,335,20
332,357,20
332,357,20
332,357,20
332,357,20
332,357,20
332,357,20
332,357,20
332,357,20
332,357,20
332,357,20
332,357,20
332,357,20
332,357,20
332,357,20
332,357,20
332,357,20
332,357,20
332,357,20
332,357,20
332,357,20
332,357,20
332,357,20
332,357,20
332,357,20
332,357,20
332,357,20
332,357,20
332,357,20
332,326,20
332,326,20
332,326,20
332,326,20
332,326,20
332,326,20
332,326,20
332,326,20
332,326,20
332,326,20
332,326,20
332,326,20
332,326,20
332,326,20
332,326,20
332,326,20
332,326,20
332,326,20
332,326,20
332,326,20
332,326,20
332,326,20
332,326,20
332,326,20
332,326,20
332,326,20
332,326,20
332,326,20
332,326,20
332,326,20
332,326,20
332,326,20
332,326,20
312,318,20
312,318,20
312,318,20
312,318,20
312,318,20
312,318,20
312,318,20
312,318,20
312,318,20
312,318,20
312,318,20
312,318,20
312,318,20
312,318,20
312,318,20
312,318,20
312,318,20
312,318,20
312,318,20
312,318,20
312,318,20
312,318,20
312,318,20
312,318,20
312,318,20
312,318,20
312,318,20
312,318,20
312,318,20
312,318,20
312,318,20
312,318,20
312,318,20
312,318,20
312,318,20
312,318,20
312,318,20
312,318,20
312,318,20
312,318,20
312,318,20
312,318,20
312,318,20
312,318,20
312,318,20
312,318,20
312,318,20
312,318,20
312,318,20
312,318,20
312,318,20
312,318,20
312,318,20
312,318,20
312,318,20
312,318,20
312,318,20
312,284,20
312,284,20
312,284,20
312,284,20
312,284,20
312,284,20
312,284,20
312,284,20
312,284,20
312,284,20
312,284,20
312,284,20
312,284,20
312,284,20
312,284,20
312,284,20
312,284,20
312,284,20
312,284,20
312,284,20
312,284,20
312,284,20
312,284,20
312,284,20
312,284,20
312,284,20
312,284,20
312,284,20
312,284,20
312,284,20
312,284,20
312,284,20
312,284,20
312,284,20
312,284,20
312,284,20
312,284,20
312,284,20
312,284,20
312,328,20
312,328,20
312,328,20
312,328,20
312,328,20
312,328,20
312,328,20
312,328,20
312,328,20
312,328,20
312,328,20
312,328,20
312,328,20
312,328,20
312,328,20
312,328,20
312,328,20
312,328,20
312,328,20
312,328,20
312,328,20
312,328,20
312,328,20
312,328,20
312,309,20
312,309,20
312,309,20
312,309,20
312,309,20
312,309,20
312,309,20
312,309,20
312,309,20
312,309,20
312,309,20
312,309,20
312,309,20
312,309,20
312,309,20
312,309,20
312,309,20
312,309,20
312,309,20
312,294,20
312,294,20
312,294,20
312,294,20
312,294,20
312,294,20
312,294,20
312,294,20
312,294,20
312,318,20
312,318,20
312,318,20
312,318,20
312,318,20
312,318,20
312,318,20
312,318,20
312,318,20
312,318,20
312,318,20
312,318,20
312,318,20
312,317,20
312,317,20
312,317,20
312,317,20
312,317,20
312,317,20
312,317,20
312,317,20
312,317,20
312,317,20
312,317,20
312,317,20
312,317,20
312,317,20
312,317,20
312,317,20
332,328,20
332,328,20
332,328,20
332,328,20
332,328,20
332,328,20
332,328,20
332,328,20
332,328,20
332,328,20
332,328,20
332,328,20
332,328,20
332,328,20
332,314,20
332,314,20
332,314,20
332,314,20
332,314,20
332,314,20
332,314,20
332,314,20
332,314,20
332,314,20
332,314,20
332,314,20
332,314,20
332,314,20
332,314,20
332,314,20
332,314,20
332,338,20
332,338,20
332,338,20
332,338,20
332,338,20
332,338,20
332,338,20
332,338,20
332,338,20
332,338,20
332,338,20
332,338,20
332,338,20
332,338,20
332,338,20
332,338,20
332,338,20
332,338,20
332,338,20
332,338,20
332,338,20
332,338,20
332,338,20
332,338,20
332,338,20
332,338,20
332,338,20
332,338,20
332,338,20
332,338,20
332,338,20
332,338,20
332,338,20
332,338,20
332,338,20
332,338,20
332,338,20
332,338,20
332,338,20
332,346,20
332,346,20
332,346,20
332,346,20
332,346,20
332,346,20
332,346,20
332,346,20
332,346,20
332,346,20
332,346,20
332,346,20
332,346,20
332,346,20
332,346,20
332,346,20
332,346,20
332,346,20
332,346,20
332,346,20
332,346,20
332,346,20
332,346,20
332,346,20
332,346,20
332,346,20
332,346,20
332,346,20
332,346,20
332,346,20
332,346,20
332,346,20
332,346,20
332,346,20
332,346,20
332,346,20
332,346,20
332,346,20
332,325,20
332,325,20
332,325,20
332,325,20
332,325,20
332,325,20
332,325,20
332,325,20
332,325,20
332,325,20
332,325,20
332,325,20
332,325,20
332,325,20
332,325,20
332,325,20
332,325,20
332,325,20
332,325,20
332,325,20
332,325,20
332,325,20
332,325,20
332,325,20
332,325,20
332,325,20
332,325,20
332,336,20
332,336,20
332,336,20
332,336,20
332,336,20
332,336,20
332,336,20
332,336,20
332,336,20
332,336,20
332,336,20
332,336,20
332,336,20
332,336,20
332,336,20
332,336,20
332,336,20
332,336,20
332,336,20
332,336,20
332,336,20
332,1,20
332,1,20
332,1,20
332,1,20
332,1,20
332,1,20
332,1,20
332,1,20
332,1,20
332,1,20
332,1,20
332,1,20
332,1,20
332,1,20
332,1,20
332,1,20
332,1,20
332,1,20
332,1,20
332,1,20
332,1,20
332,1,20
332,1,20
332,1,20
332,1,20
332,1,20
332,1,20
332,1,20
332,1,20
332,1,20
332,1,20
332,1,20
332,1,20
332,1,20
332,1,20
332,1,20
332,1,20
332,1,20
332,1,20
332,1,20
332,0,20
332,0,20
332,0,20
332,0,20
332,0,20
332,0,20
332,0,20
332,0,20
332,0,20
332,0,20
332,0,20
332,0,20
332,0,20
332,0,20
302,309,20
302,309,20
302,309,20
302,309,20
302,309,20
302,309,20
302,309,20
302,309,20
302,309,20
302,309,20
302,309,20
302,309,20
302,274,20
302,274,20
302,274,20
302,274,20
302,274,20
302,274,20
302,274,20
302,274,20
302,274,20
302,274,20
302,274,20
302,260,20
302,260,20
302,260,20
302,260,20
302,260,20
302,260,20
302,260,20
302,309,20
302,309,20
302,309,20
302,309,20
302,309,20
302,309,20
302,309,20
302,309,20
302,309,20
302,309,20
302,309,20
302,309,20
302,309,20
302,309,20
302,309,20
302,309,20
302,309,20
302,309,20
302,309,20
302,309,20
302,309,20
302,309,20
302,309,20
302,309,20
302,309,20
302,309,20
302,309,20
302,309,20
302,309,20
302,309,20
302,309,20
302,309,20
302,309,20
302,309,20
302,309,20
302,309,20
302,309,20
302,309,20
302,309,20
302,309,20
302,309,20
302,309,20
302,309,20
302,299,20
302,299,20
302,299,20
302,299,20
302,299,20
302,299,20
302,299,20
302,299,20
302,299,20
302,299,20
302,299,20
302,299,20
302,299,20
302,299,20
302,299,20
302,299,20
302,299,20
302,299,20
302,299,20
302,299,20
302,299,20
302,299,20
302,299,20
302,299,20
302,299,20
302,299,20
302,299,20
302,299,20
302,299,20
302,299,20
302,299,20
302,299,20
302,299,20
302,295,20
302,295,20
302,295,20
302,295,20
302,295,20
302,295,20
302,295,20
302,295,20
302,295,20
302,295,20
302,295,20
302,295,20
302,295,20
302,295,20
302,295,20
302,295,20
302,295,20
262,290,20
262,290,20
262,290,20
262,290,20
262,290,20
262,290,20
262,290,20
262,290,20
262,290,20
262,290,20
262,290,20
262,290,20
262,290,20
262,290,20
262,290,20
262,290,20
262,290,20
262,290,20
262,290,20
262,290,20
262,290,20
262,290,20
262,290,20
262,290,20
262,290,20
262,290,20
262,290,20
262,290,20
262,290,20
262,290,20
262,290,20
262,290,20
262,290,20
262,290,20
262,290,20
262,290,20
262,290,20
262,290,20
262,290,20
262,251,20
262,251,20
262,251,20
262,251,20
262,251,20
262,251,20
262,251,20
262,251,20
262,251,20
262,251,20
262,251,20
262,251,20
262,251,20
262,251,20
262,251,20
262,251,20
262,251,20
262,251,20
262,251,20
262,251,20
262,251,20
262,251,20
262,251,20
262,251,20
262,251,20
262,251,20
262,251,20
262,251,20
262,251,20
262,251,20
262,251,20
262,251,20
262,251,20
262,251,20
262,251,20
262,251,20
262,251,20
262,251,20
262,251,20
262,251,20
262,251,20
262,251,20
262,251,20
262,251,20
262,251,20
262,251,20
262,252,20
262,252,20
262,252,20
262,252,20
262,252,20
262,252,20
262,252,20
262,252,20
262,252,20
262,252,20
262,252,20
262,252,20
262,252,20
262,252,20
262,252,20
262,252,20
262,252,20
262,252,20
262,252,20
262,252,20
262,252,20
262,252,20
262,252,20
262,252,20
262,252,20
262,252,20
262,252,20
262,288,20
262,288,20
262,288,20
262,288,20
262,288,20
262,288,20
262,288,20
262,288,20
262,261,20
262,261,20
262,261,20
262,261,20
262,261,20
262,261,20
262,261,20
262,261,20
262,261,20
262,261,20
262,261,20
262,261,20
262,244,20
262,244,20
262,244,20
262,244,20
262,244,20
262,244,20
262,244,20
262,289,20
262,289,20
262,289,20
262,289,20
262,289,20
262,289,20
262,289,20
262,289,20
262,289,20
262,289,20
262,289,20
262,289,20
262,289,20
262,289,20
262,289,20
262,289,20
262,289,20
262,289,20
262,289,20
262,289,20
262,257,20
262,257,20
262,257,20
262,257,20
262,257,20
262,257,20
262,257,20
262,257,20
262,257,20
262,257,20
262,257,20
262,234,20
262,234,20
262,234,20
262,234,20
262,234,20
262,234,20
262,234,20
262,234,20
262,234,20
262,234,20
262,234,20
262,234,20
262,234,20
262,234,20
262,234,20
262,234,20
262,234,20
262,234,20
262,234,20
262,234,20
262,234,20
262,234,20
262,234,20
262,234,20
262,234,20
262,234,20
262,234,20
262,258,20
262,258,20
262,258,20
262,258,20
262,258,20
262,258,20
262,258,20
262,258,20
262,258,20
262,258,20
262,258,20
262,258,20
262,258,20
262,258,20
262,258,20
262,258,20
262,258,20
262,258,20
262,258,20
282,282,20
282,282,20
282,282,20
282,282,20
282,282,20
282,282,20
282,282,20
282,282,20
282,282,20
282,282,20
282,282,20
282,282,20
282,282,20
282,282,20
282,282,20
282,282,20
282,282,20
282,282,20
282,282,20
282,282,20
282,282,20
282,282,20
282,282,20
282,282,20
282,282,20
282,282,20
282,282,20
282,282,20
282,282,20
282,282,20
282,282,20
282,282,20
282,282,20
282,282,20
282,273,20
282,273,20
282,273,20
282,273,20
282,273,20
282,273,20
282,273,20
282,273,20
282,273,20
282,273,20
282,273,20
282,273,20
282,260,20
282,260,20
282,260,20
282,260,20
282,260,20
282,260,20
282,260,20
282,260,20
282,260,20
282,260,20
282,260,20
282,260,20
282,260,20
282,260,20
282,270,20
282,270,20
282,270,20
282,270,20
282,270,20
282,270,20
282,270,20
282,270,20
282,270,20
282,270,20
282,270,20
282,270,20
282,270,20
282,270,20
282,270,20
282,270,20
282,270,20
282,270,20
282,270,20
282,270,20
282,290,20
282,290,20
282,290,20
282,290,20
282,290,20
282,290,20
282,290,20
282,290,20
282,290,20
282,290,20
282,290,20
282,290,20
282,290,20
282,279,20
282,279,20
282,279,20
282,279,20
282,279,20
282,279,20
282,279,20
282,279,20
282,279,20
282,279,20
282,279,20
282,262,20
282,262,20
282,262,20
282,262,20
282,262,20
282,262,20
282,262,20
282,262,20
282,262,20
282,262,20
282,262,20
282,262,20
282,262,20
282,262,20
282,262,20
282,262,20
282,262,20
282,277,20
282,277,20
282,277,20
282,277,20
282,277,20
282,277,20
282,277,20
282,277,20
282,277,20
282,277,20
282,277,20
282,277,20
282,277,20
282,277,20
282,277,20
282,277,20
282,277,20
282,277,20
282,277,20
282,277,20
282,277,20
282,277,20
282,277,20
282,284,20
282,284,20
282,284,20
282,284,20
282,284,20
282,284,20
282,284,20
282,284,20
282,284,20
282,284,20
282,284,20
282,284,20
282,284,20
282,284,20
282,284,20
282,284,20
282,284,20
282,284,20
282,284,20
282,284,20
282,284,20
282,284,20
282,284,20
282,284,20
282,284,20
282,284,20
282,281,20
282,281,20
282,281,20
282,281,20
282,281,20
282,281,20
282,281,20
282,281,20
282,272,20
282,272,20
282,272,20
282,272,20
282,272,20
282,272,20
282,272,20
282,272,20
282,272,20
282,272,20
282,272,20
282,272,20
282,272,20
282,272,20
282,272,20
282,272,20
282,272,20
282,272,20
282,272,20
282,272,20
282,272,20
282,272,20
282,272,20
282,272,20
282,272,20
282,272,20
282,272,20
282,272,20
282,272,20
282,272,20
282,293,20
282,293,20
282,293,20
282,293,20
282,293,20
282,293,20
282,293,20
282,293,20
282,293,20
282,293,20
282,293,20
282,293,20
282,293,20
282,293,20
282,293,20
282,293,20
282,293,20
282,264,20
282,264,20
282,264,20
282,264,20
282,264,20
282,264,20
282,264,20
282,264,20
282,264,20
282,264,20
282,264,20
282,264,20
282,264,20
282,264,20
282,264,20
282,264,20
282,264,20
282,264,20
282,264,20
282,264,20
322,289,20
322,289,20
322,289,20
322,289,20
322,289,20
322,289,20
322,289,20
322,304,20
322,304,20
322,304,20
322,304,20
322,304,20
322,304,20
322,304,20
322,304,20
322,304,20
322,304,20
322,304,20
322,304,20
322,304,20
322,304,20
322,304,20
322,304,20
322,304,20
322,304,20
322,304,20
322,304,20
322,304,20
322,304,20
322,304,20
322,304,20
322,304,20
322,304,20
322,304,20
322,304,20
322,304,20
322,304,20
322,304,20
322,304,20
322,304,20
322,304,20
322,304,20
322,304,20
322,304,20
322,304,20
322,304,20
322,304,20
322,304,20
322,304,20
322,304,20
322,304,20
322,304,20
322,304,20
322,304,20
322,304,20
322,304,20
322,304,20
322,304,20
322,304,20
322,304,20
322,304,20
322,304,20
322,304,20
322,304,20
322,304,20
322,298,20
322,298,20
322,298,20
322,298,20
322,298,20
322,298,20
322,298,20
322,298,20
322,298,20
322,298,20
322,298,20
322,298,20
322,298,20
322,298,20
322,298,20
322,298,20
322,298,20
322,298,20
322,298,20
322,298,20
322,298,20
322,298,20
322,298,20
322,298,20
322,298,20
322,298,20
322,298,20
322,298,20
322,298,20
322,298,20
322,298,20
322,298,20
322,298,20
322,298,20
322,298,20
322,298,20
322,298,20
322,298,20
322,298,20
322,298,20
322,298,20
322,298,20
322,298,20
322,298,20
322,298,20
322,298,20
322,298,20
322,298,20
322,298,20
322,298,20
322,334,20
322,334,20
322,334,20
322,334,20
322,334,20
322,334,20
322,334,20
322,334,20
322,334,20
322,334,20
322,334,20
322,334,20
322,334,20
322,334,20
322,334,20
322,346,20
322,346,20
322,346,20
322,346,20
322,346,20
322,346,20
322,330,20
322,330,20
322,330,20
322,330,20
322,330,20
322,330,20
322,330,20
322,330,20
322,330,20
322,330,20
322,330,20
322,330,20
322,330,20
322,330,20
322,330,20
322,330,20
322,330,20
322,330,20
322,330,20
322,330,20
322,330,20
322,330,20
322,330,20
322,330,20
322,330,20
322,330,20
322,330,20
322,330,20
322,330,20
322,330,20
322,330,20
322,330,20
322,330,20
322,330,20
322,330,20
322,330,20
322,330,20
322,330,20
322,330,20
322,330,20
322,330,20
322,330,20
322,330,20
322,330,20
322,330,20
322,330,20
322,330,20
322,289,20
322,289,20
322,289,20
322,289,20
322,289,20
322,289,20
322,289,20
322,320,20
322,320,20
322,320,20
322,320,20
322,320,20
322,320,20
322,320,20
322,320,20
322,320,20
322,320,20
322,320,20
322,320,20
322,320,20
322,320,20
322,320,20
322,320,20
322,320,20
322,320,20
322,320,20
322,315,20
322,315,20
322,315,20
322,315,20
322,315,20
322,315,20
322,315,20
322,315,20
322,315,20
322,315,20
322,315,20
322,319,20
322,319,20
322,319,20
322,319,20
322,319,20
322,319,20
322,319,20
322,319,20
322,319,20
322,319,20
322,319,20
322,319,20
322,319,20
322,319,20
322,319,20
322,319,20
322,319,20
322,319,20
322,319,20
322,335,20
322,335,20
322,335,20
322,335,20
322,335,20
322,335,20
322,335,20
322,335,20
322,335,20
322,335,20
322,335,20
322,335,20
322,335,20
322,335,20
322,335,20
322,301,20
322,301,20
322,301,20
322,301,20
322,301,20
322,301,20
322,301,20
322,301,20
322,301,20
322,301,20
322,301,20
322,301,20
322,301,20
322,301,20
322,301,20
322,301,20
322,301,20
322,301,20
322,301,20
322,301,20
322,301,20
322,301,20
322,301,20
322,301,20
322,301,20
322,301,20
322,301,20
322,301,20
322,301,20
322,301,20
322,301,20
322,301,20
322,301,20
322,314,20
322,314,20
322,314,20
322,314,20
322,314,20
322,314,20
322,314,20
322,314,20
322,314,20
322,314,20
322,314,20
322,314,20
322,314,20
322,340,20
322,340,20
322,340,20
322,340,20
322,340,20
322,340,20
322,340,20
322,340,20
322,340,20
322,340,20
322,340,20
322,340,20
322,340,20
322,340,20
322,331,20
322,331,20
322,331,20
322,331,20
322,331,20
322,331,20
322,331,20
322,331,20
322,331,20
322,331,20
322,331,20
322,331,20
322,331,20
322,331,20
322,331,20
322,331,20
322,331,20
322,331,20
322,331,20
322,331,20
322,331,20
322,331,20
322,331,20
322,331,20
322,331,20
322,331,20
322,331,20
322,331,20
322,331,20
322,331,20
322,331,20
322,331,20
322,331,20
322,331,20
322,331,20
322,331,20
322,331,20
322,331,20
322,331,20
322,331,20
322,331,20
322,331,20
322,331,20
322,331,20
322,331,20
342,358,20
342,358,20
342,358,20
342,358,20
342,358,20
342,358,20
342,358,20
342,358,20
342,358,20
342,358,20
342,358,20
342,358,20
342,358,20
342,358,20
342,358,20
342,358,20
342,358,20
342,358,20
342,358,20
342,358,20
342,358,20
342,358,20
342,358,20
342,358,20
342,344,20
342,344,20
342,344,20
342,344,20
342,344,20
342,344,20
342,344,20
342,344,20
342,344,20
342,344,20
342,344,20
342,344,20
342,344,20
342,344,20
342,344,20
342,344,20
342,2,20
342,2,20
342,2,20
342,2,20
342,2,20
342,2,20
342,2,20
342,2,20
342,2,20
342,2,20
342,2,20
342,2,20
342,2,20
342,2,20
342,2,20
342,2,20
342,2,20
342,2,20
342,2,20
342,2,20
342,2,20
342,2,20
342,2,20
342,2,20
342,2,20
342,2,20
342,2,20
342,2,20
342,2,20
342,2,20
342,2,20
342,2,20
342,2,20
342,2,20
342,2,20
342,2,20
342,2,20
342,349,20
342,349,20
342,349,20
342,349,20
342,349,20
342,349,20
342,349,20
342,349,20
342,349,20
342,349,20
342,349,20
342,349,20
342,349,20
342,349,20
342,349,20
342,349,20
342,349,20
342,349,20
342,349,20
342,349,20
342,349,20
342,349,20
342,349,20
342,349,20
342,349,20
342,349,20
342,349,20
342,28,20
342,28,20
342,28,20
342,28,20
342,28,20
342,28,20
342,28,20
342,28,20
342,28,20
342,28,20
342,28,20
342,28,20
342,28,20
342,28,20
342,28,20
342,28,20
342,28,20
342,28,20
342,28,20
342,28,20
342,28,20
342,28,20
342,28,20
342,28,20
342,28,20
342,28,20
342,28,20
342,28,20
342,28,20
342,28,20
342,28,20
342,28,20
342,28,20
342,28,20
342,28,20
342,28,20
342,28,20
342,28,20
342,349,20
342,349,20
342,349,20
342,349,20
342,349,20
342,349,20
342,349,20
342,349,20
342,349,20
342,349,20
342,349,20
342,349,20
342,349,20
342,349,20
342,349,20
342,349,20
342,349,20
342,349,20
342,349,20
342,349,20
342,349,20
342,349,20
342,349,20
342,349,20
322,311,20
322,311,20
322,311,20
322,311,20
322,311,20
322,311,20
322,311,20
322,311,20
322,311,20
322,311,20
322,311,20
322,311,20
322,311,20
322,311,20
322,311,20
322,311,20
322,322,20
322,322,20
322,322,20
322,322,20
322,322,20
322,322,20
322,322,20
322,322,20
322,322,20
322,322,20
322,322,20
322,322,20
322,322,20
322,322,20
322,322,20
322,322,20
322,322,20
322,322,20
322,322,20
322,322,20
322,322,20
322,322,20
322,322,20
322,322,20
322,322,20
322,322,20
322,322,20
322,322,20
322,322,20
322,322,20
322,322,20
322,322,20
322,322,20
322,322,20
322,312,20
322,312,20
322,312,20
322,312,20
322,312,20
322,312,20
322,312,20
322,312,20
322,312,20
322,312,20
322,312,20
322,312,20
322,312,20
322,312,20
322,312,20
322,312,20
322,312,20
322,312,20
322,312,20
322,312,20
322,312,20
322,312,20
322,312,20
322,312,20
322,312,20
322,312,20
322,312,20
322,312,20
322,309,20
322,309,20
322,309,20
322,309,20
322,309,20
322,309,20
322,309,20
322,309,20
322,309,20
322,309,20
322,309,20
322,309,20
322,309,20
322,309,20
322,309,20
322,309,20
322,309,20
322,309,20
322,309,20
322,309,20
322,309,20
322,309,20
322,309,20
322,309,20
322,309,20
322,309,20
322,309,20
322,309,20
322,311,20
322,311,20
322,311,20
322,311,20
322,311,20
322,311,20
322,311,20
322,311,20
322,311,20
322,311,20
322,311,20
322,311,20
322,311,20
322,311,20
322,311,20
322,311,20
322,311,20
322,311,20
322,311,20
322,311,20
322,311,20
322,311,20
322,311,20
322,311,20
322,311,20
322,311,20
322,311,20
322,311,20
322,311,20
322,311,20
322,311,20
322,311,20
322,311,20
322,311,20
322,311,20
322,311,20
322,311,20
322,311,20
322,311,20
322,311,20
322,311,20
322,311,20
322,311,20
322,311,20
322,311,20
322,311,20
322,311,20
322,311,20
322,311,20
322,311,20
322,311,20
322,311,20
322,311,20
322,311,20
322,311,20
322,311,20
322,311,20
322,311,20
322,271,20
322,271,20
322,271,20
322,271,20
322,271,20
322,271,20
322,271,20
322,271,20
322,271,20
322,271,20
322,271,20
322,271,20
322,271,20
322,271,20
322,271,20
322,271,20
322,271,20
322,271,20
322,271,20
322,271,20
322,271,20
322,271,20
322,271,20
322,271,20
322,271,20
322,271,20
322,271,20
322,271,20
322,271,20
322,271,20
322,271,20
322,271,20
322,271,20
322,271,20
322,271,20
322,326,20
322,326,20
322,326,20
322,326,20
322,326,20
322,326,20
322,326,20
322,326,20
322,326,20
342,323,20
342,323,20
342,323,20
342,323,20
342,323,20
342,323,20
342,323,20
342,323,20
342,323,20
342,323,20
342,323,20
342,323,20
342,323,20
342,341,20
342,341,20
342,341,20
342,341,20
342,341,20
342,341,20
342,330,20
342,330,20
342,330,20
342,330,20
342,330,20
342,330,20
342,330,20
342,334,20
342,334,20
342,334,20
342,334,20
342,334,20
342,334,20
342,323,20
342,323,20
342,323,20
342,323,20
342,323,20
342,323,20
342,323,20
342,20,20
342,20,20
342,20,20
342,20,20
342,20,20
342,20,20
342,20,20
342,20,20
342,20,20
342,20,20
342,20,20
342,20,20
342,20,20
342,20,20
342,344,20
342,344,20
342,344,20
342,344,20
342,344,20
342,344,20
342,344,20
342,344,20
342,344,20
342,344,20
342,344,20
342,344,20
342,344,20
342,344,20
342,344,20
342,344,20
342,344,20
342,344,20
342,344,20
342,344,20
342,344,20
342,344,20
342,344,20
342,344,20
342,344,20
342,344,20
342,344,20
342,344,20
342,344,20
342,302,20
342,302,20
342,302,20
342,302,20
342,302,20
342,302,20
342,302,20
342,302,20
342,322,20
342,322,20
342,322,20
342,322,20
342,322,20
342,322,20
342,322,20
342,322,20
342,322,20
342,322,20
342,322,20
342,322,20
342,316,20
342,316,20
342,316,20
342,316,20
342,316,20
342,316,20
342,316,20
342,316,20
342,316,20
342,316,20
342,316,20
342,316,20
342,316,20
342,316,20
342,316,20
342,316,20
342,316,20
342,316,20
342,316,20
342,316,20
342,316,20
342,316,20
342,316,20
342,316,20
342,343,20
342,343,20
342,343,20
342,343,20
342,343,20
342,343,20
342,345,20
342,345,20
342,345,20
342,345,20
342,345,20
342,345,20
342,345,20
342,345,20
342,345,20
342,345,20
342,345,20
342,345,20
342,345,20
342,345,20
342,345,20
342,345,20
342,345,20
342,345,20
342,345,20
342,345,20
342,345,20
342,345,20
342,345,20
342,345,20
342,345,20
342,345,20
342,345,20
342,345,20
342,345,20
342,345,20
342,345,20
342,11,20
342,11,20
342,11,20
342,11,20
342,11,20
342,11,20
342,11,20
342,11,20
342,11,20
342,11,20
342,11,20
342,11,20
342,11,20
342,11,20
342,335,20
342,335,20
342,335,20
342,335,20
342,335,20
342,335,20
342,335,20
342,335,20
342,335,20
342,294,20
342,294,20
342,294,20
342,294,20
342,294,20
342,294,20
342,294,20
342,294,20
342,294,20
342,294,20
342,294,20
342,294,20
342,294,20
342,329,20
342,329,20
342,329,20
342,329,20
342,329,20
342,329,20
342,329,20
342,329,20
342,329,20
342,329,20
342,329,20
342,329,20
342,329,20
342,329,20
342,329,20
342,329,20
342,329,20
342,329,20
342,329,20
342,329,20
342,329,20
342,329,20
342,329,20
342,329,20
342,329,20
342,329,20
342,329,20
342,329,20
342,329,20
342,329,20
342,329,20
342,329,20
342,329,20
342,329,20
342,329,20
342,329,20
342,329,20
342,329,20
342,329,20
342,329,20
342,329,20
342,329,20
342,329,20
342,329,20
342,329,20
342,333,20
342,333,20
342,333,20
342,333,20
342,333,20
342,333,20
342,333,20
342,333,20
342,333,20
342,333,20
342,333,20
342,333,20
342,305,20
342,305,20
342,305,20
342,305,20
342,305,20
342,305,20
342,305,20
342,305,20
22,31,20
22,31,20
22,31,20
22,31,20
22,31,20
22,31,20
22,31,20
22,31,20
22,31,20
22,31,20
22,31,20
22,31,20
22,31,20
22,31,20
22,31,20
22,3,20
22,3,20
22,3,20
22,3,20
22,3,20
22,3,20
22,3,20
22,3,20
22,3,20
22,3,20
22,3,20
22,3,20
22,3,20
22,3,20
22,3,20
22,3,20
22,3,20
22,3,20
22,3,20
22,3,20
22,3,20
22,3,20
22,3,20
22,3,20
22,3,20
22,3,20
22,3,20
22,3,20
22,3,20
22,3,20
22,3,20
22,3,20
22,3,20
22,3,20
22,3,20
22,3,20
22,3,20
22,3,20
22,3,20
22,3,20
22,3,20
22,3,20
22,3,20
22,3,20
22,3,20
22,3,20
22,3,20
22,3,20
22,3,20
22,3,20
22,3,20
22,3,20
22,3,20
22,3,20
22,3,20
22,11,20
22,11,20
22,11,20
22,11,20
22,11,20
22,11,20
22,11,20
22,11,20
22,11,20
22,11,20
22,11,20
22,11,20
22,11,20
22,11,20
22,11,20
22,11,20
22,11,20
22,11,20
22,11,20
22,11,20
22,24,20
22,24,20
22,24,20
22,24,20
22,24,20
22,24,20
22,11,20
22,11,20
22,11,20
22,11,20
22,11,20
22,11,20
22,11,20
22,11,20
22,11,20
22,11,20
22,11,20
22,11,20
22,11,20
22,11,20
22,11,20
22,11,20
22,11,20
22,11,20
22,11,20
22,11,20
22,11,20
22,11,20
22,11,20
22,355,20
22,355,20
22,355,20
22,355,20
22,355,20
22,355,20
22,355,20
22,355,20
22,355,20
22,355,20
22,355,20
22,355,20
22,355,20
22,355,20
22,355,20
22,355,20
22,355,20
22,355,20
22,355,20
22,355,20
22,355,20
22,355,20
22,355,20
22,355,20
22,355,20
22,355,20
22,355,20
22,355,20
22,355,20
22,355,20
22,355,20
22,355,20
22,4,20
22,4,20
22,4,20
22,4,20
22,4,20
22,4,20
22,4,20
22,4,20
22,12,20
22,12,20
22,12,20
22,12,20
22,12,20
22,12,20
22,12,20
22,12,20
22,12,20
22,12,20
22,12,20
22,39,20
22,39,20
22,39,20
22,39,20
22,39,20
22,39,20
22,35,20
22,35,20
22,35,20
22,35,20
22,35,20
22,35,20
22,35,20
22,35,20
22,35,20
22,35,20
22,43,20
22,43,20
22,43,20
22,43,20
22,43,20
22,43,20
22,43,20
22,43,20
22,43,20
22,43,20
22,43,20
22,43,20
22,43,20
22,43,20
22,43,20
22,43,20
22,43,20
22,43,20
22,43,20
22,18,20
22,18,20
22,18,20
22,18,20
22,18,20
22,18,20
22,18,20
22,18,20
22,18,20
22,18,20
22,18,20
22,18,20
22,18,20
22,18,20
22,18,20
22,18,20
22,18,20
22,18,20
22,18,20
22,18,20
22,18,20
22,18,20
22,18,20
22,18,20
22,18,20
22,18,20
22,18,20
22,18,20
22,18,20
22,18,20
22,18,20
22,18,20
22,18,20
22,18,20
22,18,20
22,18,20
22,18,20
22,18,20
22,18,20
22,18,20
22,18,20
22,18,20
22,18,20
22,18,20
22,18,20
22,18,20
22,18,20
22,18,20
22,18,20
22,18,20
22,30,20
22,30,20
22,30,20
22,30,20
22,30,20
22,30,20
22,30,20
22,30,20
22,30,20
22,30,20
22,30,20
22,30,20
22,30,20
22,30,20
22,30,20
22,30,20
22,30,20
22,30,20
22,30,20
22,30,20
22,30,20
22,34,20
22,34,20
22,34,20
22,34,20
22,34,20
22,34,20
22,34,20
22,34,20
22,34,20
22,34,20
22,19,20
22,19,20
22,19,20
22,19,20
22,19,20
22,19,20
22,19,20
22,19,20
22,33,20
22,33,20
22,33,20
22,33,20
22,33,20
22,33,20
22,33,20
22,2,20
22,2,20
22,2,20
22,2,20
22,2,20
22,2,20
22,2,20
22,2,20
22,356,20
22,356,20
22,356,20
22,356,20
22,356,20
22,356,20
22,356,20
22,356,20
22,356,20
22,356,20
22,356,20
22,356,20
22,356,20
22,356,20
22,356,20
22,356,20
22,356,20
22,356,20
22,356,20
22,356,20
22,356,20
22,356,20
22,356,20
22,356,20
22,356,20
22,356,20
22,356,20
42,45,20
42,45,20
42,45,20
42,45,20
42,45,20
42,45,20
42,45,20
42,45,20
42,45,20
42,45,20
42,45,20
42,45,20
42,45,20
42,45,20
42,45,20
42,45,20
42,45,20
42,45,20
42,45,20
42,45,20
42,45,20
42,45,20
42,45,20
42,45,20
42,45,20
42,45,20
42,45,20
42,45,20
42,45,20
42,45,20
42,45,20
42,45,20
42,45,20
42,45,20
42,24,20
42,24,20
42,24,20
42,24,20
42,24,20
42,24,20
42,24,20
42,24,20
42,24,20
42,24,20
42,24,20
42,24,20
42,24,20
42,24,20
42,24,20
42,24,20
42,24,20
42,24,20
42,24,20
42,24,20
42,24,20
42,24,20
42,24,20
42,24,20
42,24,20
42,24,20
42,24,20
42,24,20
42,24,20
42,24,20
42,24,20
42,24,20
42,24,20
42,24,20
42,24,20
42,68,20
42,68,20
42,68,20
42,68,20
42,68,20
42,68,20
42,68,20
42,68,20
42,68,20
42,68,20
42,68,20
42,68,20
42,68,20
42,68,20
42,68,20
42,68,20
42,19,20
42,19,20
42,19,20
42,19,20
42,19,20
42,19,20
42,19,20
42,19,20
42,19,20
42,19,20
42,19,20
42,19,20
42,19,20
42,41,20
42,41,20
42,41,20
42,41,20
42,41,20
42,41,20
42,41,20
42,41,20
42,41,20
42,41,20
42,41,20
42,41,20
42,41,20
42,41,20
42,41,20
42,41,20
42,41,20
42,41,20
42,41,20
42,41,20
42,41,20
42,41,20
42,41,20
42,41,20
42,41,20
42,41,20
42,41,20
42,41,20
42,41,20
42,41,20
42,41,20
42,41,20
42,41,20
42,41,20
42,41,20
42,31,20
42,31,20
42,31,20
42,31,20
42,31,20
42,31,20
42,15,20
42,15,20
42,15,20
42,15,20
42,15,20
42,15,20
42,15,20
42,45,20
42,45,20
42,45,20
42,45,20
42,45,20
42,45,20
42,91,20
42,91,20
42,91,20
42,91,20
42,91,20
42,91,20
42,91,20
42,91,20
42,91,20
42,91,20
42,91,20
42,91,20
42,91,20
42,91,20
42,91,20
42,91,20
42,91,20
42,91,20
42,91,20
42,91,20
42,47,20
42,47,20
42,47,20
42,47,20
42,47,20
42,47,20
42,47,20
42,47,20
42,47,20
42,47,20
42,47,20
42,47,20
42,47,20
42,47,20
42,47,20
42,47,20
42,47,20
42,47,20
42,47,20
42,47,20
42,47,20
42,47,20
42,47,20
42,47,20
42,47,20
42,47,20
42,47,20
42,47,20
42,47,20
42,47,20
42,47,20
42,47,20
42,47,20
42,47,20
42,47,20
42,47,20
42,47,20
42,47,20
42,47,20
42,47,20
42,47,20
42,47,20
42,47,20
42,47,20
42,47,20
42,47,20
42,47,20
42,47,20
42,47,20
42,14,20
42,14,20
42,14,20
42,14,20
42,14,20
42,14,20
42,14,20
42,14,20
42,14,20
42,14,20
42,14,20
42,14,20
42,14,20
42,14,20
42,14,20
42,14,20
42,14,20
42,14,20
42,14,20
42,14,20
42,14,20
42,14,20
42,14,20
42,14,20
42,14,20
42,14,20
42,14,20
42,14,20
42,14,20
42,14,20
42,71,20
42,71,20
42,71,20
42,71,20
42,71,20
42,71,20
42,71,20
42,71,20
42,71,20
42,71,20
42,71,20
42,71,20
42,71,20
42,71,20
42,71,20
42,71,20
42,71,20
42,71,20
42,71,20
42,71,20
42,71,20
42,71,20
42,71,20
42,38,20
42,38,20
42,38,20
42,38,20
42,38,20
42,38,20
42,38,20
42,38,20
42,38,20
42,38,20
42,38,20
42,38,20
42,38,20
42,38,20
42,38,20
42,38,20
42,68,20
42,68,20
42,68,20
42,68,20
42,68,20
42,68,20
62,57,20
62,57,20
62,57,20
62,57,20
62,57,20
62,57,20
62,57,20
62,57,20
62,59,20
62,59,20
62,59,20
62,59,20
62,59,20
62,59,20
62,59,20
62,59,20
62,59,20
62,59,20
62,59,20
62,59,20
62,59,20
62,59,20
62,59,20
62,59,20
62,71,20
62,71,20
62,71,20
62,71,20
62,71,20
62,71,20
62,71,20
62,71,20
62,71,20
62,71,20
62,71,20
62,71,20
62,43,20
62,43,20
62,43,20
62,43,20
62,43,20
62,43,20
62,43,20
62,43,20
62,43,20
62,43,20
62,43,20
62,43,20
62,43,20
62,43,20
62,43,20
62,43,20
62,43,20
62,43,20
62,43,20
62,43,20
62,66,20
62,66,20
62,66,20
62,66,20
62,66,20
62,66,20
62,66,20
62,66,20
62,66,20
62,66,20
62,66,20
62,81,20
62,81,20
62,81,20
62,81,20
62,81,20
62,81,20
62,81,20
62,81,20
62,81,20
62,81,20
62,81,20
62,81,20
62,81,20
62,81,20
62,81,20
62,81,20
62,81,20
62,81,20
62,81,20
62,81,20
62,81,20
62,81,20
62,81,20
62,81,20
62,81,20
62,81,20
62,81,20
62,81,20
62,81,20
62,81,20
62,81,20
62,81,20
62,81,20
62,81,20
62,81,20
62,81,20
62,82,20
62,82,20
62,82,20
62,82,20
62,82,20
62,82,20
62,82,20
62,82,20
62,82,20
62,82,20
62,82,20
62,82,20
62,82,20
62,82,20
62,82,20
62,82,20
62,82,20
62,82,20
62,82,20
62,82,20
62,82,20
62,82,20
62,82,20
62,82,20
62,82,20
62,82,20
62,82,20
62,82,20
62,82,20
62,82,20
62,82,20
62,82,20
62,82,20
62,82,20
62,82,20
62,82,20
62,82,20
62,82,20
62,82,20
62,82,20
62,82,20
62,82,20
62,82,20
62,82,20
62,82,20
62,82,20
62,82,20
62,82,20
62,82,20
62,82,20
62,82,20
62,82,20
62,82,20
62,82,20
62,82,20
62,82,20
62,82,20
62,39,20
62,39,20
62,39,20
62,39,20
62,39,20
62,39,20
62,39,20
62,39,20
62,39,20
62,39,20
62,39,20
62,39,20
62,39,20
62,39,20
62,39,20
62,39,20
62,39,20
62,39,20
62,39,20
62,39,20
62,39,20
62,39,20
62,39,20
62,39,20
62,39,20
62,39,20
62,39,20
62,39,20
62,39,20
62,39,20
62,39,20
62,39,20
62,39,20
62,39,20
62,39,20
62,39,20
62,39,20
62,39,20
62,39,20
62,39,20
62,52,20
62,52,20
62,52,20
62,52,20
62,52,20
62,52,20
62,52,20
62,52,20
62,51,20
62,51,20
62,51,20
62,51,20
62,51,20
62,51,20
62,51,20
62,51,20
62,51,20
62,51,20
62,51,20
62,51,20
62,51,20
62,51,20
62,51,20
62,51,20
62,51,20
62,51,20
62,51,20
62,51,20
62,51,20
62,51,20
62,51,20
62,51,20
62,51,20
62,51,20
62,51,20
62,52,20
62,52,20
62,52,20
62,52,20
62,52,20
62,52,20
62,52,20
62,52,20
62,52,20
62,52,20
62,52,20
62,52,20
62,52,20
62,52,20
62,52,20
62,74,20
62,74,20
62,74,20
62,74,20
62,74,20
62,74,20
62,74,20
62,74,20
62,74,20
62,74,20
62,74,20
62,74,20
62,74,20
62,74,20
62,74,20
62,74,20
62,74,20
62,74,20
62,74,20
62,74,20
62,74,20
62,74,20
62,74,20
62,74,20
62,74,20
62,74,20
62,74,20
62,74,20
62,74,20
62,74,20
62,74,20
62,74,20
62,74,20
62,74,20
62,74,20
62,74,20
62,74,20
62,74,20
62,73,20
62,73,20
62,73,20
62,73,20
62,73,20
62,73,20
62,73,20
62,73,20
42,34,20
42,34,20
42,34,20
42,34,20
42,34,20
42,34,20
42,34,20
42,34,20
42,34,20
42,34,20
42,34,20
42,34,20
42,34,20
42,34,20
42,34,20
42,34,20
42,34,20
42,34,20
42,34,20
42,34,20
42,34,20
42,34,20
42,34,20
42,34,20
42,34,20
42,34,20
42,34,20
42,34,20
42,34,20
42,34,20
42,34,20
42,34,20
42,34,20
42,34,20
42,34,20
42,34,20
42,34,20
42,34,20
42,84,20
42,84,20
42,84,20
42,84,20
42,84,20
42,84,20
42,84,20
42,84,20
42,84,20
42,84,20
42,84,20
42,84,20
42,84,20
42,84,20
42,84,20
42,84,20
42,84,20
42,84,20
42,84,20
42,84,20
42,84,20
42,33,20
42,33,20
42,33,20
42,33,20
42,33,20
42,33,20
42,33,20
42,33,20
42,33,20
42,33,20
42,33,20
42,33,20
42,33,20
42,33,20
42,33,20
42,33,20
42,33,20
42,44,20
42,44,20
42,44,20
42,44,20
42,44,20
42,44,20
42,44,20
42,44,20
42,44,20
42,44,20
42,44,20
42,44,20
42,44,20
42,44,20
42,44,20
42,44,20
42,44,20
42,44,20
42,44,20
42,44,20
42,44,20
42,44,20
42,44,20
42,44,20
42,44,20
42,44,20
42,44,20
42,44,20
42,44,20
42,44,20
42,44,20
42,44,20
42,44,20
42,44,20
42,44,20
42,44,20
42,44,20
42,44,20
42,44,20
42,44,20
42,44,20
42,30,20
42,30,20
42,30,20
42,30,20
42,30,20
42,30,20
42,30,20
42,30,20
42,30,20
42,30,20
42,30,20
42,30,20
42,30,20
42,30,20
42,30,20
42,30,20
42,30,20
42,30,20
42,30,20
42,30,20
42,30,20
42,30,20
42,30,20
42,30,20
42,30,20
42,30,20
42,30,20
42,30,20
42,30,20
42,30,20
42,30,20
42,30,20
42,38,20
42,38,20
42,38,20
42,38,20
42,38,20
42,38,20
42,38,20
42,38,20
42,38,20
42,38,20
42,38,20
42,38,20
42,38,20
42,38,20
42,38,20
42,38,20
42,38,20
42,38,20
42,38,20
42,38,20
42,38,20
42,38,20
42,38,20
42,38,20
42,38,20
42,38,20
42,38,20
42,38,20
42,38,20
42,38,20
42,38,20
42,38,20
2,1,20
2,1,20
2,1,20
2,1,20
2,1,20
2,1,20
2,1,20
2,1,20
2,1,20
2,1,20
2,1,20
2,1,20
2,1,20
2,1,20
2,1,20
2,1,20
2,1,20
2,1,20
2,1,20
2,1,20
2,1,20
2,1,20
2,1,20
2,1,20
2,1,20
2,1,20
2,1,20
2,1,20
2,1,20
2,1,20
2,1,20
2,1,20
2,1,20
2,1,20
2,1,20
2,1,20
2,1,20
2,1,20
2,1,20
2,1,20
2,1,20
2,1,20
2,1,20
2,1,20
2,1,20
2,1,20
2,13,20
2,13,20
2,13,20
2,13,20
2,13,20
2,13,20
2,13,20
2,13,20
2,13,20
2,13,20
2,353,20
2,353,20
2,353,20
2,353,20
2,353,20
2,353,20
2,353,20
2,353,20
2,353,20
2,353,20
2,353,20
2,353,20
2,353,20
2,353,20
2,353,20
2,353,20
2,353,20
2,353,20
2,353,20
2,353,20
2,353,20
2,353,20
2,353,20
2,353,20
2,353,20
2,347,20
2,347,20
2,347,20
2,347,20
2,347,20
2,347,20
2,347,20
2,347,20
2,347,20
2,347,20
2,357,20
2,357,20
2,357,20
2,357,20
2,357,20
2,357,20
2,357,20
2,357,20
2,357,20
2,357,20
2,357,20
2,357,20
2,357,20
2,357,20
2,357,20
2,357,20
2,357,20
2,357,20
2,357,20
2,357,20
2,357,20
2,357,20
2,320,20
2,320,20
2,320,20
2,320,20
2,320,20
2,320,20
2,320,20
2,320,20
2,320,20
2,320,20
2,320,20
2,320,20
2,320,20
2,11,20
2,11,20
2,11,20
2,11,20
2,11,20
2,11,20
2,11,20
2,11,20
2,11,20
2,11,20
2,11,20
2,11,20
2,11,20
2,11,20
2,11,20
2,11,20
2,11,20
2,11,20
2,13,20
2,13,20
2,13,20
2,13,20
2,13,20
2,13,20
2,13,20
2,13,20
2,13,20
2,13,20
2,13,20
2,10,20
2,10,20
2,10,20
2,10,20
2,10,20
2,10,20
2,10,20
2,10,20
2,10,20
2,10,20
2,10,20
2,10,20
2,10,20
2,10,20
2,10,20
2,10,20
2,10,20
2,10,20
2,10,20
2,10,20
2,10,20
2,10,20
2,10,20
2,10,20
2,10,20
2,10,20
2,10,20
2,10,20
2,10,20
2,10,20
2,10,20
2,10,20
2,10,20
2,10,20
2,10,20
2,10,20
2,10,20
2,10,20
2,10,20
2,10,20
2,10,20
332,328,20
332,328,20
332,328,20
332,328,20
332,328,20
332,328,20
332,328,20
332,328,20
332,328,20
332,328,20
332,328,20
332,328,20
332,328,20
332,328,20
332,328,20
332,328,20
332,328,20
332,328,20
332,300,20
332,300,20
332,300,20
332,300,20
332,300,20
332,300,20
332,300,20
332,330,20
332,330,20
332,330,20
332,330,20
332,330,20
332,330,20
332,330,20
332,330,20
332,330,20
332,330,20
332,330,20
332,330,20
332,330,20
332,330,20
332,330,20
332,330,20
332,330,20
332,330,20
332,330,20
332,330,20
332,330,20
332,330,20
332,330,20
332,330,20
332,330,20
332,330,20
332,330,20
332,330,20
332,330,20
332,330,20
332,330,20
332,330,20
332,349,20
332,349,20
332,349,20
332,349,20
332,349,20
332,349,20
332,349,20
332,349,20
332,349,20
332,349,20
332,349,20
332,349,20
332,349,20
332,349,20
332,349,20
332,349,20
332,349,20
332,349,20
332,349,20
332,349,20
332,349,20
332,349,20
332,349,20
332,349,20
332,349,20
332,349,20
332,349,20
332,349,20
332,349,20
332,349,20
332,349,20
332,349,20
332,324,20
332,324,20
332,324,20
332,324,20
332,324,20
332,324,20
332,324,20
332,324,20
332,324,20
332,324,20
332,324,20
332,324,20
332,324,20
332,324,20
332,324,20
332,324,20
332,324,20
332,324,20
332,324,20
332,324,20
332,324,20
332,324,20
332,306,20
332,306,20
332,306,20
332,306,20
332,306,20
332,306,20
332,306,20
332,306,20
332,306,20
332,306,20
332,306,20
332,306,20
332,306,20
332,306,20
332,306,20
332,306,20
332,306,20
332,306,20
332,306,20
332,306,20
332,306,20
332,306,20
332,339,20
332,339,20
332,339,20
332,339,20
332,339,20
332,339,20
332,339,20
332,339,20
332,285,20
332,285,20
332,285,20
332,285,20
332,285,20
332,285,20
332,285,20
332,285,20
332,285,20
332,285,20
332,285,20
332,285,20
332,339,20
332,339,20
332,339,20
332,339,20
332,339,20
332,339,20
332,339,20
332,339,20
332,339,20
332,339,20
332,339,20
332,339,20
332,339,20
332,339,20
332,339,20
332,339,20
332,339,20
332,339,20
332,339,20
332,339,20
332,339,20
332,339,20
332,339,20
332,339,20
332,339,20
332,339,20
332,339,20
332,339,20
332,331,20
332,331,20
332,331,20
332,331,20
332,331,20
332,331,20
332,331,20
332,331,20
332,331,20
332,331,20
332,331,20
332,331,20
332,331,20
332,331,20
332,331,20
332,331,20
332,331,20
332,331,20
332,331,20
332,331,20
332,331,20
332,331,20
332,331,20
332,331,20
302,304,20
302,304,20
302,304,20
302,304,20
302,304,20
302,304,20
302,304,20
302,304,20
302,304,20
302,304,20
302,304,20
302,304,20
302,304,20
302,304,20
302,304,20
302,304,20
302,304,20
302,304,20
302,304,20
302,304,20
302,304,20
302,304,20
302,304,20
302,304,20
302,310,20
302,310,20
302,310,20
302,310,20
302,310,20
302,310,20
302,310,20
302,310,20
302,310,20
302,310,20
302,310,20
302,310,20
302,310,20
302,310,20
302,310,20
302,310,20
302,310,20
302,310,20
302,310,20
302,310,20
302,310,20
302,310,20
302,310,20
302,310,20
302,310,20
302,310,20
302,310,20
302,310,20
302,310,20
302,290,20
302,290,20
302,290,20
302,290,20
302,290,20
302,290,20
302,290,20
302,290,20
302,290,20
302,290,20
302,290,20
302,290,20
302,290,20
302,290,20
302,290,20
302,290,20
302,290,20
302,290,20
302,290,20
302,290,20
302,290,20
302,290,20
302,290,20
302,290,20
302,290,20
302,290,20
302,290,20
302,290,20
302,290,20
302,300,20
302,300,20
302,300,20
302,300,20
302,300,20
302,300,20
302,300,20
302,300,20
302,300,20
302,300,20
302,300,20
302,300,20
302,300,20
302,300,20
302,300,20
302,300,20
302,300,20
302,300,20
302,300,20
302,300,20
302,300,20
302,300,20
302,300,20
302,300,20
302,300,20
302,300,20
302,300,20
302,300,20
302,300,20
302,300,20
302,300,20
302,300,20
302,300,20
302,300,20
302,310,20
302,310,20
302,310,20
302,310,20
302,310,20
302,310,20
302,310,20
302,310,20
302,310,20
302,310,20
302,310,20
302,310,20
302,310,20
302,310,20
302,310,20
302,310,20
302,295,20
302,295,20
302,295,20
302,295,20
302,295,20
302,295,20
302,295,20
302,295,20
302,295,20
302,295,20
302,295,20
302,295,20
302,295,20
302,295,20
302,295,20
302,295,20
302,295,20
302,295,20
302,295,20
302,295,20
302,295,20
302,295,20
302,295,20
302,295,20
302,295,20
302,295,20
302,295,20
302,295,20
302,295,20
302,295,20
302,295,20
302,295,20
302,295,20
302,295,20
302,263,20
302,263,20
302,263,20
302,263,20
302,263,20
302,263,20
302,263,20
302,263,20
302,263,20
302,263,20
302,263,20
302,263,20
302,263,20
302,263,20
302,263,20
302,263,20
302,285,20
302,285,20
302,285,20
302,285,20
302,285,20
302,285,20
302,285,20
302,285,20
302,285,20
302,285,20
302,285,20
302,285,20
302,285,20
302,285,20
302,285,20
302,285,20
302,285,20
302,285,20
302,285,20
302,285,20
302,285,20
302,285,20
302,285,20
302,285,20
302,285,20
302,285,20
302,285,20
302,285,20
262,237,20
262,237,20
262,237,20
262,237,20
262,237,20
262,237,20
262,237,20
262,237,20
262,237,20
262,237,20
262,237,20
262,237,20
262,237,20
262,237,20
262,237,20
262,237,20
262,237,20
262,237,20
262,237,20
262,237,20
262,237,20
262,237,20
262,237,20
262,237,20
262,237,20
262,226,20
262,226,20
262,226,20
262,226,20
262,226,20
262,226,20
262,226,20
262,226,20
262,226,20
262,226,20
262,226,20
262,226,20
262,280,20
262,280,20
262,280,20
262,280,20
262,280,20
262,280,20
262,280,20
262,280,20
262,267,20
262,267,20
262,267,20
262,267,20
262,267,20
262,267,20
262,267,20
262,272,20
262,272,20
262,272,20
262,272,20
262,272,20
262,272,20
262,272,20
262,272,20
262,272,20
262,272,20
262,274,20
262,274,20
262,274,20
262,274,20
262,274,20
262,274,20
262,274,20
262,274,20
262,274,20
262,274,20
262,274,20
262,274,20
262,274,20
262,274,20
262,274,20
262,274,20
262,274,20
262,274,20
262,274,20
262,274,20
262,274,20
262,274,20
262,274,20
262,274,20
262,274,20
262,274,20
262,274,20
262,274,20
262,274,20
262,274,20
262,274,20
262,274,20
262,274,20
262,274,20
262,274,20
262,274,20
262,274,20
262,274,20
262,274,20
262,274,20
262,274,20
262,274,20
262,274,20
262,274,20
262,274,20
262,274,20
262,274,20
262,274,20
262,274,20
262,271,20
262,271,20
262,271,20
262,271,20
262,271,20
262,271,20
262,250,20
262,250,20
262,250,20
262,250,20
262,250,20
262,250,20
262,250,20
262,250,20
262,250,20
262,257,20
262,257,20
262,257,20
262,257,20
262,257,20
262,257,20
262,257,20
262,231,20
262,231,20
262,231,20
262,231,20
262,231,20
262,231,20
262,231,20
262,231,20
262,231,20
262,231,20
262,231,20
262,231,20
262,231,20
262,231,20
262,231,20
262,231,20
262,231,20
262,231,20
262,231,20
262,231,20
262,231,20
262,231,20
262,231,20
262,231,20
262,231,20
262,231,20
262,231,20
262,231,20
262,231,20
262,278,20
262,278,20
262,278,20
262,278,20
262,278,20
262,278,20
262,278,20
262,278,20
262,278,20
262,278,20
262,229,20
262,229,20
262,229,20
262,229,20
262,229,20
262,229,20
262,229,20
262,229,20
262,229,20
262,229,20
262,229,20
262,229,20
262,229,20
262,229,20
262,229,20
262,229,20
262,229,20
262,229,20
262,229,20
262,229,20
262,229,20
262,229,20
262,229,20
262,229,20
262,229,20
262,229,20
262,229,20
262,229,20
262,229,20
262,229,20
262,229,20
262,229,20
262,229,20
262,229,20
262,229,20
262,229,20
262,229,20
262,229,20
262,287,20
262,287,20
262,287,20
262,287,20
262,287,20
262,287,20
262,287,20
262,287,20
242,241,20
242,241,20
242,241,20
242,241,20
242,241,20
242,241,20
242,241,20
242,241,20
242,241,20
242,274,20
242,274,20
242,274,20
242,274,20
242,274,20
242,274,20
242,274,20
242,274,20
242,274,20
242,274,20
242,274,20
242,274,20
242,274,20
242,274,20
242,274,20
242,274,20
242,269,20
242,269,20
242,269,20
242,269,20
242,269,20
242,269,20
242,269,20
242,269,20
242,269,20
242,269,20
242,269,20
242,269,20
242,269,20
242,269,20
242,269,20
242,269,20
242,269,20
242,269,20
242,269,20
242,269,20
242,269,20
242,269,20
242,269,20
242,269,20
242,269,20
242,269,20
242,269,20
242,269,20
242,269,20
242,269,20
242,269,20
242,269,20
242,269,20
242,269,20
242,223,20
242,223,20
242,223,20
242,223,20
242,223,20
242,223,20
242,223,20
242,223,20
242,223,20
242,223,20
242,223,20
242,215,20
242,215,20
242,215,20
242,215,20
242,215,20
242,215,20
242,215,20
242,215,20
242,215,20
242,215,20
242,215,20
242,215,20
242,215,20
242,215,20
242,215,20
242,215,20
242,215,20
242,215,20
242,220,20
242,220,20
242,220,20
242,220,20
242,220,20
242,220,20
242,220,20
242,220,20
242,220,20
242,220,20
242,220,20
242,220,20
242,220,20
242,220,20
242,220,20
242,220,20
242,220,20
242,220,20
242,220,20
242,220,20
242,220,20
242,220,20
242,220,20
242,212,20
242,212,20
242,212,20
242,212,20
242,212,20
242,212,20
242,212,20
242,212,20
242,212,20
242,212,20
242,212,20
242,212,20
242,212,20
242,212,20
242,212,20
242,212,20
242,212,20
242,212,20
242,212,20
242,212,20
242,212,20
242,212,20
242,212,20
242,212,20
242,212,20
242,212,20
242,212,20
242,212,20
242,212,20
242,212,20
242,212,20
242,212,20
242,212,20
242,212,20
242,212,20
242,212,20
242,212,20
242,212,20
242,212,20
242,212,20
242,212,20
242,212,20
242,212,20
242,212,20
242,212,20
242,212,20
242,212,20
242,212,20
242,212,20
242,212,20
242,212,20
242,212,20
242,212,20
242,219,20
242,219,20
242,219,20
242,219,20
242,219,20
242,219,20
242,219,20
242,219,20
242,219,20
242,219,20
242,219,20
242,219,20
242,219,20
242,219,20
242,219,20
242,219,20
242,219,20
242,219,20
242,219,20
242,219,20
242,219,20
242,219,20
242,219,20
242,219,20
242,219,20
242,219,20
242,219,20
242,219,20
242,219,20
242,219,20
242,219,20
242,219,20
242,219,20
242,219,20
242,219,20
242,219,20
242,219,20
242,219,20
242,219,20
242,219,20
242,219,20
242,219,20
242,219,20
242,219,20
242,219,20
242,219,20
242,219,20
242,219,20
282,291,20
282,291,20
282,291,20
282,291,20
282,291,20
282,291,20
282,291,20
282,291,20
282,289,20
282,289,20
282,289,20
282,289,20
282,289,20
282,289,20
282,289,20
282,289,20
282,289,20
282,289,20
282,289,20
282,289,20
282,289,20
282,289,20
282,289,20
282,289,20
282,289,20
282,289,20
282,289,20
282,289,20
282,289,20
282,313,20
282,313,20
282,313,20
282,313,20
282,313,20
282,313,20
282,313,20
282,313,20
282,313,20
282,313,20
282,313,20
282,313,20
282,313,20
282,313,20
282,313,20
282,315,20
282,315,20
282,315,20
282,315,20
282,315,20
282,315,20
282,315,20
282,315,20
282,315,20
282,315,20
282,315,20
282,315,20
282,315,20
282,315,20
282,315,20
282,315,20
282,315,20
282,315,20
282,315,20
282,315,20
282,315,20
282,315,20
282,315,20
282,315,20
282,315,20
282,315,20
282,315,20
282,315,20
282,315,20
282,315,20
282,315,20
282,315,20
282,315,20
282,315,20
282,315,20
282,315,20
282,315,20
282,315,20
282,315,20
282,315,20
282,315,20
282,276,20
282,276,20
282,276,20
282,276,20
282,276,20
282,276,20
282,276,20
282,276,20
282,276,20
282,276,20
282,276,20
282,276,20
282,276,20
282,276,20
282,276,20
282,279,20
282,279,20
282,279,20
282,279,20
282,279,20
282,279,20
282,279,20
282,279,20
282,279,20
282,279,20
282,279,20
282,279,20
282,279,20
282,279,20
282,279,20
282,279,20
282,279,20
282,279,20
282,279,20
282,279,20
282,279,20
282,279,20
282,279,20
282,279,20
282,279,20
282,279,20
282,279,20
282,279,20
282,294,20
282,294,20
282,294,20
282,294,20
282,294,20
282,294,20
282,294,20
282,294,20
282,294,20
282,294,20
282,294,20
282,294,20
282,294,20
282,294,20
282,294,20
282,294,20
282,294,20
282,294,20
282,294,20
282,294,20
282,294,20
282,294,20
282,294,20
282,294,20
282,294,20
282,294,20
282,294,20
282,294,20
282,294,20
282,294,20
282,294,20
282,294,20
282,294,20
282,294,20
282,294,20
282,294,20
282,294,20
282,294,20
282,294,20
282,294,20
282,294,20
282,294,20
282,294,20
282,294,20
282,294,20
282,294,20
282,294,20
282,259,20
282,259,20
282,259,20
282,259,20
282,259,20
282,259,20
282,259,20
282,259,20
282,259,20
282,259,20
282,277,20
282,277,20
282,277,20
282,277,20
282,277,20
282,277,20
282,277,20
282,277,20
282,277,20
282,277,20
282,277,20
282,277,20
282,277,20
282,277,20
282,277,20
282,277,20
282,277,20
282,277,20
282,277,20
282,277,20
282,277,20
282,277,20
282,277,20
282,277,20
282,277,20
282,277,20
282,277,20
282,277,20
282,277,20
282,277,20
282,277,20
282,287,20
282,287,20
282,287,20
282,287,20
282,287,20
282,287,20
282,287,20
282,287,20
282,287,20
282,287,20
282,287,20
282,287,20
282,287,20
282,287,20
282,287,20
282,287,20
282,287,20
282,287,20
282,287,20
282,287,20
282,287,20
282,287,20
282,287,20
282,287,20
282,287,20
282,287,20
282,287,20
282,287,20
282,287,20
282,287,20
282,287,20
282,287,20
282,287,20
282,287,20
282,287,20
282,287,20
282,287,20
282,287,20
282,287,20
282,287,20
282,287,20
282,287,20
282,287,20
282,287,20
282,273,20
282,273,20
282,273,20
282,273,20
282,273,20
282,273,20
282,273,20
282,273,20
282,292,20
282,292,20
282,292,20
282,292,20
282,292,20
282,292,20
282,292,20
282,292,20
302,272,20
302,272,20
302,272,20
302,272,20
302,272,20
302,272,20
302,272,20
302,272,20
302,272,20
302,301,20
302,301,20
302,301,20
302,301,20
302,301,20
302,301,20
302,301,20
302,313,20
302,313,20
302,313,20
302,313,20
302,313,20
302,313,20
302,313,20
302,313,20
302,313,20
302,313,20
302,313,20
302,313,20
302,313,20
302,313,20
302,310,20
302,310,20
302,310,20
302,310,20
302,310,20
302,310,20
302,310,20
302,310,20
302,310,20
302,310,20
302,310,20
302,310,20
302,310,20
302,310,20
302,310,20
302,310,20
302,310,20
302,310,20
302,310,20
302,310,20
302,310,20
302,310,20
302,310,20
302,310,20
302,310,20
302,310,20
302,310,20
302,310,20
302,310,20
302,310,20
302,310,20
302,310,20
302,310,20
302,310,20
302,310,20
302,310,20
302,310,20
302,310,20
302,310,20
302,310,20
302,310,20
302,310,20
302,310,20
302,310,20
302,310,20
302,310,20
302,310,20
302,310,20
302,310,20
302,310,20
302,310,20
302,290,20
302,290,20
302,290,20
302,290,20
302,290,20
302,290,20
302,290,20
302,290,20
302,290,20
302,290,20
302,290,20
302,290,20
302,290,20
302,290,20
302,268,20
302,268,20
302,268,20
302,268,20
302,268,20
302,268,20
302,268,20
302,268,20
302,268,20
302,268,20
302,268,20
302,268,20
302,268,20
302,268,20
302,268,20
302,268,20
302,268,20
302,268,20
302,268,20
302,268,20
302,268,20
302,328,20
302,328,20
302,328,20
302,328,20
302,328,20
302,328,20
302,328,20
302,328,20
302,328,20
302,328,20
302,328,20
302,328,20
302,328,20
302,328,20
302,328,20
302,328,20
302,328,20
302,328,20
302,328,20
302,328,20
302,328,20
302,328,20
302,328,20
302,328,20
302,328,20
302,328,20
302,328,20
302,328,20
302,290,20
302,290,20
302,290,20
302,290,20
302,290,20
302,290,20
302,290,20
302,290,20
302,290,20
302,290,20
302,290,20
302,290,20
302,290,20
302,290,20
302,290,20
302,290,20
302,290,20
302,290,20
302,290,20
302,290,20
302,290,20
302,290,20
302,356,20
302,356,20
302,356,20
302,356,20
302,356,20
302,356,20
302,356,20
302,356,20
302,301,20
302,301,20
302,301,20
302,301,20
302,301,20
302,301,20
302,301,20
302,301,20
302,301,20
302,301,20
302,301,20
302,301,20
302,301,20
302,301,20
302,301,20
302,301,20
302,301,20
302,301,20
302,301,20
302,301,20
302,301,20
302,301,20
302,301,20
302,301,20
302,301,20
302,301,20
302,301,20
302,301,20
302,301,20
302,301,20
302,301,20
302,301,20
302,301,20
302,301,20
302,301,20
302,301,20
302,301,20
302,301,20
302,301,20
302,301,20
302,301,20
302,301,20
302,301,20
302,301,20
302,301,20
302,301,20
302,301,20
302,301,20
302,301,20
302,301,20
302,301,20
302,301,20
322,333,20
322,333,20
322,333,20
322,333,20
322,333,20
322,333,20
322,333,20
322,333,20
322,333,20
322,333,20
322,333,20
322,333,20
322,333,20
322,333,20
322,333,20
322,333,20
322,333,20
322,308,20
322,308,20
322,308,20
322,308,20
322,308,20
322,308,20
322,308,20
322,308,20
322,308,20
322,308,20
322,308,20
322,308,20
322,308,20
322,308,20
322,308,20
322,308,20
322,308,20
322,308,20
322,308,20
322,308,20
322,308,20
322,308,20
322,308,20
322,308,20
322,308,20
322,338,20
322,338,20
322,338,20
322,338,20
322,338,20
322,338,20
322,338,20
322,338,20
322,338,20
322,338,20
322,338,20
322,338,20
322,338,20
322,338,20
322,338,20
322,338,20
322,338,20
322,338,20
322,338,20
322,338,20
322,338,20
322,338,20
322,338,20
322,338,20
322,338,20
322,338,20
322,338,20
322,338,20
322,338,20
322,338,20
322,338,20
322,338,20
322,338,20
322,338,20
322,338,20
322,338,20
322,338,20
322,338,20
322,338,20
322,338,20
322,338,20
322,338,20
322,338,20
322,306,20
322,306,20
322,306,20
322,306,20
322,306,20
322,306,20
322,306,20
322,306,20
322,306,20
322,306,20
322,306,20
322,306,20
322,306,20
322,306,20
322,306,20
322,306,20
322,306,20
322,306,20
322,306,20
322,306,20
322,306,20
322,306,20
322,306,20
322,306,20
322,306,20
322,306,20
322,306,20
322,306,20
322,306,20
322,306,20
322,306,20
322,297,20
322,297,20
322,297,20
322,297,20
322,297,20
322,297,20
322,297,20
322,297,20
322,297,20
322,297,20
322,297,20
322,297,20
322,297,20
322,297,20
322,297,20
322,297,20
322,297,20
322,297,20
322,297,20
322,297,20
322,297,20
322,297,20
322,297,20
282,283,20
282,283,20
282,283,20
282,283,20
282,283,20
282,283,20
282,283,20
282,283,20
282,302,20
282,302,20
282,302,20
282,302,20
282,302,20
282,302,20
282,302,20
282,302,20
282,302,20
282,302,20
282,262,20
282,262,20
282,262,20
282,262,20
282,262,20
282,262,20
282,262,20
282,262,20
282,293,20
282,293,20
282,293,20
282,293,20
282,293,20
282,293,20
282,293,20
282,293,20
282,293,20
282,293,20
282,293,20
282,293,20
282,293,20
282,293,20
282,293,20
282,293,20
282,293,20
282,293,20
282,293,20
282,293,20
282,293,20
282,293,20
282,293,20
282,293,20
282,293,20
282,293,20
282,293,20
282,293,20
282,293,20
282,293,20
282,293,20
282,293,20
282,293,20
282,293,20
282,293,20
282,293,20
282,293,20
282,307,20
282,307,20
282,307,20
282,307,20
282,307,20
282,307,20
282,307,20
282,307,20
282,307,20
282,307,20
282,307,20
282,307,20
282,305,20
282,305,20
282,305,20
282,305,20
282,305,20
282,305,20
282,305,20
282,305,20
282,305,20
282,305,20
282,305,20
282,305,20
282,305,20
282,305,20
282,305,20
282,305,20
282,305,20
282,305,20
282,305,20
282,305,20
282,305,20
282,305,20
282,305,20
282,305,20
282,305,20
282,305,20
282,305,20
282,305,20
282,272,20
282,272,20
282,272,20
282,272,20
282,272,20
282,272,20
282,272,20
282,272,20
282,272,20
282,272,20
282,272,20
282,272,20
282,272,20
282,272,20
282,272,20
282,272,20
282,272,20
282,272,20
282,272,20
282,272,20
282,272,20
282,272,20
282,272,20
282,272,20
282,272,20
282,272,20
282,282,20
282,282,20
282,282,20
282,282,20
282,282,20
282,282,20
282,282,20
282,282,20
282,282,20
282,282,20
282,282,20
282,282,20
282,282,20
282,282,20
282,282,20
282,276,20
282,276,20
282,276,20
282,276,20
282,276,20
282,276,20
282,285,20
282,285,20
282,285,20
282,285,20
282,285,20
282,285,20
282,285,20
282,285,20
282,285,20
282,285,20
282,285,20
282,285,20
282,285,20
282,285,20
282,285,20
282,285,20
282,285,20
282,285,20
282,285,20
282,285,20
282,285,20
282,285,20
