true_pos,obs_pos,true_var
304,302,10
304,302,10
304,302,10
304,302,10
304,302,10
304,302,10
304,302,10
304,302,10
304,302,10
304,302,10
304,302,10
304,302,10
304,302,10
304,302,10
304,302,10
304,302,10
304,302,10
304,302,10
304,302,10
304,302,10
304,302,10
304,302,10
304,303,10
304,303,10
304,303,10
304,303,10
304,303,10
304,303,10
304,303,10
304,303,10
304,303,10
304,303,10
304,303,10
304,303,10
304,303,10
304,303,10
304,299,10
304,299,10
304,299,10
304,299,10
304,299,10
304,299,10
304,299,10
304,299,10
304,299,10
304,299,10
304,299,10
304,299,10
304,305,10
304,305,10
304,305,10
304,305,10
304,305,10
304,305,10
304,305,10
304,305,10
304,305,10
304,305,10
304,305,10
304,305,10
304,305,10
304,305,10
304,310,10
304,310,10
304,310,10
304,310,10
304,310,10
304,310,10
304,310,10
304,310,10
304,310,10
304,310,10
304,310,10
304,310,10
304,310,10
304,310,10
304,310,10
304,310,10
304,310,10
304,310,10
304,310,10
304,308,10
304,308,10
304,308,10
304,308,10
304,308,10
304,308,10
304,308,10
304,308,10
304,308,10
304,308,10
304,308,10
304,308,10
304,327,10
304,327,10
304,327,10
304,327,10
304,327,10
304,327,10
304,327,10
304,327,10
304,327,10
304,327,10
304,327,10
304,327,10
304,327,10
304,327,10
304,327,10
304,327,10
304,327,10
304,327,10
304,327,10
304,327,10
304,327,10
304,327,10
304,327,10
304,327,10
304,327,10
304,327,10
304,327,10
304,327,10
304,327,10
304,327,10
304,327,10
304,327,10
304,327,10
304,327,10
304,327,10
304,327,10
304,310,10
304,310,10
304,310,10
304,310,10
304,310,10
304,310,10
304,310,10
304,310,10
304,310,10
304,310,10
304,310,10
304,310,10
304,310,10
304,310,10
304,310,10
304,303,10
304,303,10
304,303,10
304,303,10
304,303,10
304,303,10
304,302,10
304,302,10
304,302,10
304,302,10
304,302,10
304,302,10
304,313,10
304,313,10
304,313,10
304,313,10
304,313,10
304,313,10
304,313,10
304,313,10
304,313,10
304,313,10
304,313,10
304,313,10
304,313,10
304,313,10
304,313,10
304,295,10
304,295,10
304,295,10
304,295,10
304,295,10
304,295,10
304,295,10
304,295,10
304,295,10
304,295,10
304,295,10
304,295,10
304,295,10
304,295,10
304,295,10
304,295,10
304,295,10
304,295,10
304,295,10
304,295,10
304,295,10
304,295,10
304,295,10
304,295,10
304,295,10
304,295,10
304,295,10
304,295,10
304,295,10
304,295,10
304,295,10
304,295,10
304,295,10
304,295,10
304,295,10
304,295,10
304,295,10
304,295,10
304,295,10
304,295,10
304,295,10
304,295,10
304,295,10
304,295,10
304,295,10
304,295,10
304,295,10
304,295,10
304,295,10
304,295,10
304,301,10
304,301,10
304,301,10
304,301,10
304,301,10
304,301,10
304,301,10
304,301,10
304,301,10
304,300,10
304,300,10
304,300,10
304,300,10
304,300,10
304,300,10
304,300,10
304,307,10
304,307,10
304,307,10
304,307,10
304,307,10
304,307,10
304,307,10
304,307,10
304,307,10
304,307,10
304,307,10
304,307,10
304,307,10
304,297,10
304,297,10
304,297,10
304,297,10
304,297,10
304,297,10
304,297,10
304,297,10
304,297,10
304,297,10
304,297,10
304,297,10
304,297,10
304,297,10
304,297,10
304,300,10
304,300,10
304,300,10
304,300,10
304,300,10
304,300,10
304,300,10
304,300,10
304,300,10
304,300,10
304,300,10
304,300,10
304,300,10
304,300,10
304,300,10
304,300,10
304,300,10
304,300,10
304,300,10
304,300,10
304,300,10
304,300,10
304,300,10
304,300,10
304,300,10
304,300,10
304,300,10
304,300,10
304,300,10
304,300,10
304,300,10
304,300,10
304,300,10
304,300,10
304,301,10
304,301,10
304,301,10
304,301,10
304,301,10
304,301,10
304,301,10
304,301,10
304,301,10
304,301,10
304,301,10
304,301,10
304,301,10
304,301,10
304,301,10
304,301,10
304,301,10
304,301,10
304,301,10
304,301,10
304,299,10
304,299,10
304,299,10
304,299,10
304,299,10
304,299,10
304,299,10
304,299,10
304,299,10
304,299,10
304,299,10
304,299,10
304,303,10
304,303,10
304,303,10
304,303,10
304,303,10
304,303,10
304,303,10
304,303,10
304,297,10
304,297,10
304,297,10
304,297,10
304,297,10
304,297,10
304,297,10
304,297,10
304,305,10
304,305,10
304,305,10
304,305,10
304,305,10
304,305,10
304,305,10
304,305,10
304,305,10
304,305,10
304,305,10
304,305,10
304,305,10
304,310,10
304,310,10
304,310,10
304,310,10
304,310,10
304,310,10
304,310,10
304,310,10
304,310,10
304,310,10
304,310,10
304,310,10
304,310,10
304,310,10
304,310,10
304,310,10
304,310,10
304,310,10
304,310,10
304,310,10
304,310,10
304,310,10
304,310,10
304,310,10
304,310,10
304,310,10
304,310,10
304,310,10
304,310,10
304,310,10
304,310,10
304,299,10
304,299,10
304,299,10
304,299,10
304,299,10
304,299,10
304,299,10
304,299,10
304,309,10
304,309,10
304,309,10
304,309,10
304,309,10
304,309,10
304,309,10
304,309,10
304,309,10
304,309,10
304,309,10
304,301,10
304,301,10
304,301,10
304,301,10
304,301,10
304,301,10
304,301,10
304,301,10
304,305,10
304,305,10
304,305,10
304,305,10
304,305,10
304,305,10
304,305,10
304,305,10
304,305,10
304,305,10
304,305,10
304,293,10
304,293,10
304,293,10
304,293,10
304,293,10
304,293,10
304,293,10
304,293,10
304,293,10
304,293,10
304,293,10
304,293,10
304,293,10
304,293,10
304,293,10
304,293,10
304,293,10
304,293,10
304,293,10
304,293,10
304,293,10
304,293,10
304,293,10
304,293,10
304,293,10
304,293,10
304,293,10
304,293,10
304,293,10
304,293,10
304,293,10
304,293,10
304,293,10
304,293,10
304,293,10
304,293,10
304,293,10
304,293,10
304,293,10
304,293,10
304,293,10
304,293,10
304,293,10
304,293,10
304,293,10
304,293,10
304,293,10
304,293,10
304,293,10
304,293,10
304,293,10
304,293,10
304,293,10
304,293,10
304,312,10
304,312,10
304,312,10
304,312,10
304,312,10
304,312,10
304,312,10
304,312,10
304,287,10
304,287,10
304,287,10
304,287,10
304,287,10
304,287,10
304,287,10
304,287,10
304,287,10
304,287,10
304,296,10
304,296,10
304,296,10
304,296,10
304,296,10
304,296,10
304,296,10
304,296,10
304,296,10
304,314,10
304,314,10
304,314,10
304,314,10
304,314,10
304,314,10
304,314,10
304,314,10
304,314,10
304,314,10
304,314,10
304,314,10
304,314,10
304,314,10
304,314,10
304,314,10
304,314,10
304,314,10
304,314,10
304,314,10
304,314,10
304,314,10
304,314,10
304,314,10
304,314,10
304,314,10
304,314,10
304,314,10
304,314,10
304,314,10
304,314,10
304,314,10
304,314,10
304,304,10
304,304,10
304,304,10
304,304,10
304,304,10
304,304,10
304,304,10
304,304,10
304,304,10
304,304,10
304,304,10
304,304,10
304,304,10
304,304,10
304,304,10
304,304,10
304,304,10
304,304,10
304,304,10
304,304,10
304,304,10
304,304,10
304,304,10
304,304,10
304,304,10
304,304,10
304,304,10
304,304,10
304,304,10
304,292,10
304,292,10
304,292,10
304,292,10
304,292,10
304,292,10
304,292,10
304,292,10
304,292,10
304,292,10
304,292,10
304,292,10
304,292,10
304,292,10
304,292,10
304,292,10
304,292,10
304,292,10
304,292,10
304,292,10
304,292,10
304,292,10
304,292,10
304,292,10
304,292,10
304,292,10
304,292,10
304,292,10
304,292,10
304,292,10
304,292,10
304,292,10
304,292,10
304,292,10
304,292,10
304,292,10
304,292,10
304,292,10
304,292,10
304,292,10
304,292,10
304,292,10
304,292,10
304,292,10
304,292,10
304,292,10
304,292,10
304,292,10
304,292,10
304,292,10
304,292,10
304,292,10
304,281,10
304,281,10
304,281,10
304,281,10
304,281,10
304,281,10
304,281,10
304,281,10
304,281,10
304,281,10
304,281,10
304,281,10
304,281,10
304,281,10
304,281,10
304,281,10
304,281,10
304,281,10
304,281,10
304,281,10
304,281,10
304,281,10
304,281,10
304,281,10
304,281,10
304,281,10
304,281,10
304,281,10
304,281,10
304,281,10
304,281,10
304,281,10
304,281,10
304,281,10
304,281,10
304,281,10
304,281,10
304,281,10
304,281,10
304,281,10
304,281,10
344,356,10
344,356,10
344,356,10
344,356,10
344,356,10
344,356,10
344,356,10
344,356,10
344,356,10
344,356,10
344,356,10
344,356,10
344,347,10
344,347,10
344,347,10
344,347,10
344,347,10
344,347,10
344,347,10
344,347,10
344,347,10
344,347,10
344,347,10
344,347,10
344,347,10
344,347,10
344,347,10
344,347,10
344,347,10
344,347,10
344,347,10
344,347,10
344,347,10
344,347,10
344,347,10
344,347,10
344,347,10
344,347,10
344,347,10
344,347,10
344,347,10
344,347,10
344,347,10
344,347,10
344,347,10
344,347,10
344,347,10
344,347,10
344,347,10
344,347,10
344,347,10
344,347,10
344,347,10
344,347,10
344,347,10
344,347,10
344,347,10
344,334,10
344,334,10
344,334,10
344,334,10
344,334,10
344,334,10
344,334,10
344,334,10
344,334,10
344,334,10
344,334,10
344,331,10
344,331,10
344,331,10
344,331,10
344,331,10
344,331,10
344,331,10
344,331,10
344,331,10
344,331,10
344,331,10
344,331,10
344,331,10
344,331,10
344,331,10
344,331,10
344,331,10
344,331,10
344,10,10
344,10,10
344,10,10
344,10,10
344,10,10
344,10,10
344,10,10
344,10,10
344,10,10
344,10,10
344,10,10
344,10,10
344,10,10
344,10,10
344,10,10
344,10,10
344,10,10
344,349,10
344,349,10
344,349,10
344,349,10
344,349,10
344,349,10
344,349,10
344,349,10
344,349,10
344,349,10
344,349,10
344,349,10
344,349,10
344,349,10
344,349,10
344,350,10
344,350,10
344,350,10
344,350,10
344,350,10
344,350,10
344,350,10
344,350,10
344,350,10
344,350,10
344,350,10
344,350,10
344,350,10
344,350,10
344,350,10
344,350,10
344,350,10
344,350,10
344,342,10
344,342,10
344,342,10
344,342,10
344,342,10
344,342,10
344,342,10
344,342,10
344,342,10
344,342,10
344,342,10
344,342,10
344,352,10
344,352,10
344,352,10
344,352,10
344,352,10
344,352,10
344,352,10
344,352,10
344,352,10
344,352,10
344,352,10
344,352,10
344,352,10
344,352,10
344,352,10
344,352,10
344,352,10
344,352,10
344,352,10
344,352,10
344,352,10
344,352,10
344,352,10
344,352,10
344,352,10
344,329,10
344,329,10
344,329,10
344,329,10
344,329,10
344,329,10
344,329,10
344,329,10
344,329,10
344,329,10
344,329,10
344,329,10
344,329,10
344,351,10
344,351,10
344,351,10
344,351,10
344,351,10
344,351,10
344,351,10
344,351,10
344,351,10
344,358,10
344,358,10
344,358,10
344,358,10
344,358,10
344,358,10
344,358,10
344,358,10
344,358,10
344,358,10
344,358,10
344,358,10
344,358,10
344,358,10
344,358,10
344,358,10
344,358,10
344,358,10
344,358,10
344,358,10
344,358,10
344,358,10
344,358,10
344,358,10
344,358,10
344,358,10
344,346,10
344,346,10
344,346,10
344,346,10
344,346,10
344,346,10
344,346,10
344,346,10
344,354,10
344,354,10
344,354,10
344,354,10
344,354,10
344,354,10
344,354,10
344,357,10
344,357,10
344,357,10
344,357,10
344,357,10
344,357,10
344,357,10
344,357,10
344,357,10
344,357,10
344,357,10
344,357,10
344,357,10
344,357,10
344,357,10
344,357,10
344,357,10
344,357,10
344,357,10
344,357,10
344,357,10
344,357,10
344,357,10
344,357,10
344,357,10
344,357,10
344,357,10
344,357,10
344,357,10
344,357,10
344,357,10
344,357,10
344,357,10
344,335,10
344,335,10
344,335,10
344,335,10
344,335,10
344,335,10
344,335,10
344,335,10
344,335,10
344,335,10
344,335,10
344,335,10
344,335,10
344,335,10
344,335,10
344,335,10
344,335,10
344,335,10
344,335,10
344,335,10
344,335,10
344,335,10
344,356,10
344,356,10
344,356,10
344,356,10
344,356,10
344,356,10
344,356,10
344,356,10
344,356,10
344,356,10
344,356,10
344,356,10
344,356,10
344,356,10
344,356,10
344,356,10
344,356,10
344,356,10
344,356,10
344,356,10
344,356,10
344,356,10
344,356,10
344,356,10
344,356,10
344,356,10
344,356,10
344,356,10
344,356,10
344,356,10
344,356,10
344,356,10
344,356,10
344,356,10
344,356,10
344,356,10
344,340,10
344,340,10
344,340,10
344,340,10
344,340,10
344,340,10
344,340,10
344,340,10
344,340,10
344,340,10
344,340,10
344,340,10
344,340,10
344,340,10
344,340,10
344,340,10
344,340,10
344,340,10
344,340,10
344,340,10
344,340,10
344,340,10
344,340,10
344,340,10
344,340,10
344,340,10
344,340,10
344,340,10
344,340,10
344,340,10
344,340,10
344,340,10
344,340,10
344,340,10
344,340,10
344,340,10
344,340,10
344,340,10
344,340,10
344,340,10
344,340,10
344,340,10
344,340,10
344,340,10
344,340,10
344,340,10
344,340,10
344,340,10
344,340,10
344,340,10
344,340,10
344,340,10
344,340,10
344,340,10
344,340,10
344,340,10
344,340,10
344,340,10
344,340,10
344,340,10
344,326,10
344,326,10
344,326,10
344,326,10
344,326,10
344,326,10
344,326,10
344,326,10
344,326,10
344,326,10
344,326,10
344,326,10
344,326,10
344,326,10
344,326,10
344,326,10
344,326,10
344,326,10
344,326,10
344,326,10
344,326,10
344,326,10
344,326,10
344,326,10
344,326,10
344,326,10
344,326,10
344,326,10
344,326,10
344,326,10
344,326,10
344,326,10
344,326,10
344,326,10
344,326,10
344,326,10
344,326,10
344,342,10
344,342,10
344,342,10
344,342,10
344,342,10
344,342,10
344,342,10
344,342,10
344,342,10
344,342,10
344,342,10
344,342,10
344,342,10
344,337,10
344,337,10
344,337,10
344,337,10
344,337,10
344,337,10
344,337,10
344,337,10
344,349,10
344,349,10
344,349,10
344,349,10
344,349,10
344,349,10
344,349,10
344,349,10
344,349,10
344,349,10
344,349,10
344,349,10
344,349,10
344,349,10
344,349,10
344,349,10
344,349,10
344,349,10
344,349,10
344,349,10
344,349,10
344,349,10
344,349,10
344,349,10
344,349,10
344,349,10
344,349,10
344,349,10
344,349,10
344,349,10
344,349,10
344,349,10
344,349,10
344,349,10
344,349,10
344,349,10
344,349,10
344,349,10
344,349,10
344,349,10
344,349,10
344,349,10
344,349,10
344,349,10
344,349,10
344,349,10
324,343,10
324,343,10
324,343,10
324,343,10
324,343,10
324,343,10
324,343,10
324,343,10
324,343,10
324,343,10
324,343,10
324,343,10
324,343,10
324,343,10
324,343,10
324,341,10
324,341,10
324,341,10
324,341,10
324,341,10
324,341,10
324,341,10
324,341,10
324,341,10
324,341,10
324,341,10
324,341,10
324,341,10
324,341,10
324,341,10
324,341,10
324,341,10
324,341,10
324,341,10
324,341,10
324,341,10
324,341,10
324,341,10
324,341,10
324,341,10
324,341,10
324,341,10
324,341,10
324,341,10
324,341,10
324,341,10
324,341,10
324,341,10
324,313,10
324,313,10
324,313,10
324,313,10
324,313,10
324,313,10
324,313,10
324,313,10
324,313,10
324,313,10
324,313,10
324,313,10
324,313,10
324,313,10
324,313,10
324,313,10
324,313,10
324,313,10
324,313,10
324,313,10
324,313,10
324,313,10
324,313,10
324,313,10
324,313,10
324,313,10
324,313,10
324,313,10
324,338,10
324,338,10
324,338,10
324,338,10
324,338,10
324,338,10
324,338,10
324,338,10
324,338,10
324,338,10
324,338,10
324,338,10
324,336,10
324,336,10
324,336,10
324,336,10
324,336,10
324,336,10
324,336,10
324,336,10
324,336,10
324,336,10
324,336,10
324,336,10
324,336,10
324,336,10
324,336,10
324,336,10
324,336,10
324,336,10
324,336,10
324,336,10
324,336,10
324,336,10
324,336,10
324,336,10
324,336,10
324,336,10
324,336,10
324,336,10
324,336,10
324,336,10
324,336,10
324,336,10
324,336,10
324,336,10
324,336,10
324,336,10
324,336,10
324,336,10
324,336,10
324,336,10
324,336,10
324,336,10
324,336,10
324,336,10
324,336,10
324,336,10
324,336,10
324,312,10
324,312,10
324,312,10
324,312,10
324,312,10
324,312,10
324,312,10
324,312,10
324,312,10
324,312,10
324,312,10
324,312,10
324,312,10
324,312,10
324,312,10
324,312,10
324,312,10
324,312,10
324,312,10
324,312,10
324,312,10
324,312,10
324,312,10
324,312,10
324,312,10
324,312,10
324,312,10
324,312,10
324,312,10
324,312,10
324,312,10
324,312,10
324,312,10
324,312,10
324,312,10
324,312,10
324,312,10
324,312,10
324,312,10
324,312,10
324,312,10
324,312,10
324,312,10
324,312,10
324,312,10
324,312,10
324,312,10
324,312,10
324,319,10
324,319,10
324,319,10
324,319,10
324,319,10
324,319,10
324,319,10
324,319,10
324,319,10
324,319,10
324,319,10
324,319,10
324,319,10
324,319,10
324,319,10
324,319,10
324,319,10
324,319,10
324,319,10
324,319,10
324,319,10
324,319,10
324,319,10
324,319,10
324,319,10
324,319,10
324,319,10
324,303,10
324,303,10
324,303,10
324,303,10
324,303,10
324,303,10
324,324,10
324,324,10
324,324,10
324,324,10
324,324,10
324,324,10
324,324,10
324,324,10
324,324,10
324,324,10
324,324,10
324,324,10
324,324,10
324,324,10
324,324,10
324,324,10
324,324,10
324,324,10
324,324,10
324,324,10
324,324,10
324,324,10
324,324,10
324,324,10
324,324,10
324,324,10
324,324,10
324,324,10
324,324,10
324,324,10
324,324,10
324,324,10
324,324,10
324,324,10
324,324,10
324,324,10
324,324,10
324,324,10
324,324,10
324,324,10
324,324,10
324,324,10
324,324,10
324,324,10
324,324,10
324,324,10
324,324,10
324,324,10
324,324,10
324,324,10
324,324,10
324,324,10
324,327,10
324,327,10
324,327,10
324,327,10
324,327,10
324,327,10
324,327,10
324,327,10
324,327,10
324,309,10
324,309,10
324,309,10
324,309,10
324,309,10
324,309,10
324,309,10
324,309,10
324,309,10
324,309,10
324,309,10
324,309,10
324,309,10
324,309,10
324,309,10
324,309,10
324,309,10
324,309,10
324,309,10
324,309,10
324,309,10
324,309,10
324,318,10
324,318,10
324,318,10
324,318,10
324,318,10
324,318,10
324,318,10
324,317,10
324,317,10
324,317,10
324,317,10
324,317,10
324,317,10
324,317,10
324,317,10
324,317,10
324,317,10
324,317,10
324,317,10
324,317,10
324,317,10
324,317,10
324,317,10
324,317,10
324,317,10
324,317,10
324,317,10
324,317,10
324,317,10
324,317,10
324,317,10
324,317,10
324,317,10
324,317,10
324,317,10
324,317,10
324,317,10
324,317,10
324,317,10
324,317,10
324,317,10
324,317,10
324,317,10
324,317,10
324,317,10
324,317,10
324,317,10
324,317,10
324,335,10
324,335,10
324,335,10
324,335,10
324,335,10
324,335,10
324,335,10
324,335,10
324,335,10
324,335,10
324,319,10
324,319,10
324,319,10
324,319,10
324,319,10
324,319,10
324,319,10
324,319,10
324,319,10
324,319,10
324,341,10
324,341,10
324,341,10
324,341,10
324,341,10
324,341,10
324,341,10
324,341,10
324,341,10
324,341,10
324,341,10
324,341,10
324,341,10
324,341,10
324,341,10
324,341,10
324,341,10
324,341,10
324,341,10
324,341,10
324,341,10
324,341,10
324,341,10
324,341,10
324,341,10
324,341,10
324,341,10
324,341,10
324,341,10
324,341,10
324,341,10
324,341,10
324,341,10
324,341,10
324,341,10
324,341,10
324,341,10
324,341,10
324,341,10
324,341,10
324,341,10
324,322,10
324,322,10
324,322,10
324,322,10
324,322,10
324,322,10
324,322,10
324,322,10
324,322,10
324,322,10
324,322,10
324,322,10
324,322,10
324,322,10
324,322,10
324,322,10
324,322,10
324,322,10
324,322,10
324,322,10
324,322,10
324,322,10
324,322,10
324,322,10
324,322,10
324,322,10
324,322,10
324,322,10
324,322,10
324,322,10
324,322,10
324,322,10
324,322,10
324,322,10
324,322,10
324,322,10
324,322,10
324,322,10
324,322,10
324,322,10
324,323,10
324,323,10
324,323,10
324,323,10
324,323,10
324,323,10
324,323,10
324,323,10
324,323,10
324,323,10
324,323,10
324,323,10
324,323,10
324,323,10
324,323,10
324,323,10
324,323,10
324,323,10
324,323,10
324,323,10
324,323,10
324,323,10
324,323,10
324,323,10
324,323,10
324,323,10
324,323,10
324,323,10
324,323,10
324,323,10
324,323,10
324,323,10
324,323,10
324,323,10
324,323,10
324,323,10
324,323,10
324,323,10
324,323,10
324,323,10
324,323,10
324,323,10
324,323,10
324,323,10
324,323,10
324,323,10
324,323,10
324,323,10
324,323,10
324,323,10
324,323,10
324,323,10
324,323,10
324,323,10
324,323,10
324,323,10
324,323,10
324,323,10
324,325,10
324,325,10
324,325,10
324,325,10
324,325,10
324,325,10
324,311,10
324,311,10
324,311,10
324,311,10
324,311,10
324,311,10
324,311,10
324,311,10
324,311,10
324,311,10
324,311,10
324,311,10
324,319,10
324,319,10
324,319,10
324,319,10
324,319,10
324,319,10
324,319,10
324,319,10
324,319,10
324,319,10
324,319,10
324,319,10
324,319,10
324,319,10
324,319,10
324,319,10
324,319,10
324,319,10
324,319,10
324,319,10
324,319,10
324,319,10
324,319,10
324,319,10
324,319,10
304,296,10
304,296,10
304,296,10
304,296,10
304,296,10
304,296,10
304,296,10
304,296,10
304,296,10
304,296,10
304,296,10
304,296,10
304,296,10
304,296,10
304,296,10
304,296,10
304,296,10
304,296,10
304,296,10
304,296,10
304,296,10
304,296,10
304,296,10
304,296,10
304,296,10
304,296,10
304,296,10
304,296,10
304,296,10
304,296,10
304,296,10
304,296,10
304,296,10
304,296,10
304,296,10
304,296,10
304,296,10
304,296,10
304,296,10
304,296,10
304,296,10
304,296,10
304,296,10
304,305,10
304,305,10
304,305,10
304,305,10
304,305,10
304,305,10
304,305,10
304,305,10
304,305,10
304,305,10
304,305,10
304,305,10
304,305,10
304,305,10
304,298,10
304,298,10
304,298,10
304,298,10
304,298,10
304,298,10
304,298,10
304,298,10
304,298,10
304,297,10
304,297,10
304,297,10
304,297,10
304,297,10
304,297,10
304,297,10
304,297,10
304,297,10
304,296,10
304,296,10
304,296,10
304,296,10
304,296,10
304,296,10
304,296,10
304,296,10
304,296,10
304,296,10
304,296,10
304,303,10
304,303,10
304,303,10
304,303,10
304,303,10
304,303,10
304,303,10
304,303,10
304,303,10
304,303,10
304,303,10
304,303,10
304,303,10
304,303,10
304,303,10
304,303,10
304,303,10
304,303,10
304,303,10
304,303,10
304,303,10
304,303,10
304,303,10
304,303,10
304,306,10
304,306,10
304,306,10
304,306,10
304,306,10
304,306,10
304,306,10
304,306,10
304,306,10
304,306,10
304,306,10
304,306,10
304,303,10
304,303,10
304,303,10
304,303,10
304,303,10
304,303,10
304,303,10
304,303,10
304,303,10
304,303,10
304,303,10
304,303,10
304,303,10
304,303,10
304,303,10
304,303,10
304,303,10
304,303,10
304,303,10
304,303,10
304,303,10
304,303,10
304,303,10
304,303,10
304,303,10
304,303,10
304,303,10
304,303,10
304,303,10
304,303,10
304,303,10
304,303,10
304,303,10
304,303,10
304,303,10
304,303,10
304,303,10
304,303,10
304,306,10
304,306,10
304,306,10
304,306,10
304,306,10
304,306,10
304,306,10
304,306,10
304,306,10
304,306,10
304,306,10
304,306,10
304,306,10
304,306,10
304,306,10
304,306,10
304,306,10
304,306,10
304,301,10
304,301,10
304,301,10
304,301,10
304,301,10
304,301,10
304,301,10
304,301,10
304,301,10
304,301,10
304,301,10
304,301,10
304,301,10
304,301,10
304,301,10
304,301,10
304,301,10
304,301,10
304,301,10
304,301,10
304,309,10
304,309,10
304,309,10
304,309,10
304,309,10
304,309,10
304,309,10
304,309,10
304,309,10
304,309,10
304,309,10
304,309,10
304,309,10
304,309,10
304,309,10
304,309,10
304,309,10
304,309,10
304,309,10
304,309,10
304,309,10
304,309,10
304,309,10
304,310,10
304,310,10
304,310,10
304,310,10
304,310,10
304,310,10
304,310,10
304,310,10
304,310,10
304,310,10
304,310,10
304,310,10
304,310,10
304,310,10
304,310,10
304,310,10
304,310,10
304,310,10
304,310,10
304,310,10
304,310,10
304,310,10
304,310,10
304,310,10
304,310,10
304,310,10
304,310,10
304,310,10
304,310,10
304,310,10
304,310,10
304,310,10
304,310,10
304,302,10
304,302,10
304,302,10
304,302,10
304,302,10
304,302,10
304,302,10
304,302,10
304,302,10
304,302,10
304,302,10
304,302,10
304,302,10
304,302,10
304,302,10
304,302,10
304,302,10
304,302,10
304,302,10
304,302,10
304,302,10
304,302,10
304,302,10
304,302,10
304,302,10
304,302,10
304,302,10
304,302,10
304,302,10
304,302,10
304,302,10
304,302,10
304,302,10
304,302,10
304,302,10
304,302,10
304,302,10
304,302,10
304,302,10
304,302,10
304,302,10
304,302,10
304,302,10
304,302,10
304,302,10
304,302,10
304,302,10
304,302,10
304,302,10
304,302,10
304,302,10
304,292,10
304,292,10
304,292,10
304,292,10
304,292,10
304,292,10
304,292,10
304,292,10
304,292,10
304,292,10
304,292,10
304,292,10
304,292,10
304,292,10
304,292,10
304,292,10
304,292,10
304,292,10
304,292,10
304,292,10
304,292,10
304,292,10
304,292,10
304,292,10
304,292,10
304,292,10
304,292,10
304,292,10
304,292,10
304,292,10
304,292,10
304,292,10
304,292,10
304,292,10
304,292,10
304,292,10
304,292,10
304,292,10
304,292,10
304,292,10
304,292,10
304,292,10
304,292,10
304,292,10
304,292,10
304,292,10
304,292,10
304,301,10
304,301,10
304,301,10
304,301,10
304,301,10
304,301,10
304,301,10
304,301,10
304,301,10
304,301,10
304,301,10
304,296,10
304,296,10
304,296,10
304,296,10
304,296,10
304,296,10
304,296,10
304,296,10
304,296,10
304,296,10
304,296,10
304,296,10
304,296,10
304,296,10
304,296,10
304,296,10
304,296,10
304,296,10
304,296,10
304,296,10
304,296,10
304,296,10
304,296,10
304,296,10
304,296,10
304,296,10
304,296,10
304,296,10
304,296,10
304,296,10
304,296,10
304,296,10
304,291,10
304,291,10
304,291,10
304,291,10
304,291,10
304,291,10
304,291,10
304,291,10
304,291,10
304,291,10
304,291,10
304,291,10
304,291,10
304,291,10
304,291,10
304,291,10
304,291,10
304,291,10
304,291,10
304,291,10
304,295,10
304,295,10
304,295,10
304,295,10
304,295,10
304,295,10
304,295,10
304,295,10
304,295,10
304,295,10
304,295,10
304,295,10
304,295,10
304,295,10
304,295,10
304,295,10
304,295,10
304,295,10
304,295,10
304,295,10
304,295,10
304,304,10
304,304,10
304,304,10
304,304,10
304,304,10
304,304,10
304,304,10
304,304,10
304,304,10
304,304,10
304,304,10
304,304,10
304,305,10
304,305,10
304,305,10
304,305,10
304,305,10
304,305,10
304,298,10
304,298,10
304,298,10
304,298,10
304,298,10
304,298,10
304,298,10
304,298,10
304,298,10
304,298,10
304,298,10
304,298,10
304,298,10
304,298,10
304,298,10
304,298,10
304,298,10
304,292,10
304,292,10
304,292,10
304,292,10
304,292,10
304,292,10
304,292,10
304,292,10
304,292,10
304,292,10
304,292,10
304,292,10
304,292,10
304,292,10
304,292,10
304,292,10
304,292,10
304,292,10
304,292,10
304,292,10
304,292,10
304,292,10
304,323,10
304,323,10
304,323,10
304,323,10
304,323,10
304,323,10
304,323,10
304,323,10
304,323,10
304,323,10
304,323,10
304,323,10
304,323,10
304,323,10
304,323,10
304,323,10
304,323,10
304,323,10
304,323,10
304,323,10
304,323,10
304,323,10
304,323,10
304,323,10
304,323,10
304,323,10
304,323,10
304,323,10
304,323,10
304,323,10
304,323,10
304,323,10
304,323,10
304,323,10
304,323,10
304,323,10
304,323,10
304,323,10
304,323,10
304,323,10
304,323,10
304,323,10
304,323,10
304,323,10
304,323,10
304,313,10
304,313,10
304,313,10
304,313,10
304,313,10
304,313,10
304,313,10
304,313,10
304,313,10
304,313,10
304,313,10
304,313,10
304,313,10
304,313,10
304,313,10
304,313,10
304,313,10
304,313,10
304,313,10
304,313,10
304,313,10
304,313,10
304,313,10
304,313,10
304,313,10
304,313,10
304,313,10
304,297,10
304,297,10
304,297,10
304,297,10
304,297,10
304,297,10
304,297,10
304,297,10
304,297,10
304,297,10
304,297,10
304,297,10
304,320,10
304,320,10
304,320,10
304,320,10
304,320,10
304,320,10
304,320,10
304,320,10
304,315,10
304,315,10
304,315,10
304,315,10
304,315,10
304,315,10
304,315,10
304,315,10
304,315,10
344,352,10
344,352,10
344,352,10
344,352,10
344,352,10
344,352,10
344,352,10
344,352,10
344,352,10
344,352,10
344,352,10
344,352,10
344,352,10
344,352,10
344,352,10
344,352,10
344,352,10
344,352,10
344,352,10
344,352,10
344,352,10
344,352,10
344,352,10
344,352,10
344,352,10
344,352,10
344,352,10
344,352,10
344,352,10
344,352,10
344,352,10
344,352,10
344,352,10
344,352,10
344,352,10
344,348,10
344,348,10
344,348,10
344,348,10
344,348,10
344,348,10
344,348,10
344,348,10
344,348,10
344,348,10
344,348,10
344,348,10
344,348,10
344,348,10
344,348,10
344,348,10
344,348,10
344,348,10
344,348,10
344,348,10
344,348,10
344,348,10
344,348,10
344,345,10
344,345,10
344,345,10
344,345,10
344,345,10
344,345,10
344,345,10
344,345,10
344,345,10
344,345,10
344,345,10
344,345,10
344,345,10
344,345,10
344,345,10
344,345,10
344,345,10
344,345,10
344,345,10
344,345,10
344,345,10
344,345,10
344,345,10
344,345,10
344,345,10
344,345,10
344,345,10
344,345,10
344,345,10
344,345,10
344,345,10
344,345,10
344,345,10
344,345,10
344,345,10
344,345,10
344,345,10
344,345,10
344,345,10
344,345,10
344,355,10
344,355,10
344,355,10
344,355,10
344,355,10
344,355,10
344,355,10
344,355,10
344,355,10
344,355,10
344,355,10
344,355,10
344,355,10
344,355,10
344,349,10
344,349,10
344,349,10
344,349,10
344,349,10
344,349,10
344,349,10
344,349,10
344,349,10
344,349,10
344,349,10
344,351,10
344,351,10
344,351,10
344,351,10
344,351,10
344,351,10
344,351,10
344,351,10
344,351,10
344,351,10
344,351,10
344,351,10
344,351,10
344,351,10
344,351,10
344,351,10
344,351,10
344,351,10
344,351,10
344,351,10
344,351,10
344,351,10
344,351,10
344,351,10
344,351,10
344,351,10
344,351,10
344,351,10
344,351,10
344,351,10
344,344,10
344,344,10
344,344,10
344,344,10
344,344,10
344,344,10
344,344,10
344,344,10
344,344,10
344,344,10
344,344,10
344,344,10
344,344,10
344,344,10
344,344,10
344,344,10
344,344,10
344,344,10
344,344,10
344,344,10
344,344,10
344,344,10
344,344,10
344,344,10
344,344,10
344,344,10
344,344,10
344,344,10
344,344,10
344,344,10
344,344,10
344,341,10
344,341,10
344,341,10
344,341,10
344,341,10
344,341,10
344,352,10
344,352,10
344,352,10
344,352,10
344,352,10
344,352,10
344,352,10
344,352,10
344,352,10
344,352,10
344,352,10
344,352,10
344,352,10
344,352,10
344,352,10
344,352,10
344,352,10
344,352,10
344,352,10
344,352,10
344,352,10
344,352,10
344,352,10
344,352,10
344,352,10
344,352,10
344,352,10
344,352,10
344,352,10
344,352,10
344,352,10
344,352,10
344,352,10
344,352,10
344,352,10
344,352,10
344,352,10
344,352,10
344,352,10
344,352,10
344,352,10
344,352,10
344,352,10
344,352,10
344,352,10
344,352,10
344,352,10
344,352,10
344,352,10
344,352,10
344,352,10
344,351,10
344,351,10
344,351,10
344,351,10
344,351,10
344,351,10
344,351,10
344,351,10
344,351,10
344,351,10
344,351,10
344,351,10
344,343,10
344,343,10
344,343,10
344,343,10
344,343,10
344,343,10
344,343,10
344,343,10
344,343,10
344,343,10
344,343,10
344,343,10
344,343,10
344,343,10
344,343,10
344,342,10
344,342,10
344,342,10
344,342,10
344,342,10
344,342,10
344,342,10
344,342,10
344,342,10
344,342,10
344,342,10
344,342,10
344,342,10
344,342,10
344,342,10
344,342,10
344,339,10
344,339,10
344,339,10
344,339,10
344,339,10
344,339,10
344,339,10
344,339,10
344,339,10
344,339,10
344,339,10
344,339,10
344,339,10
344,346,10
344,346,10
344,346,10
344,346,10
344,346,10
344,346,10
344,346,10
344,352,10
344,352,10
344,352,10
344,352,10
344,352,10
344,352,10
344,352,10
344,352,10
344,352,10
344,352,10
344,352,10
344,352,10
344,352,10
344,352,10
344,352,10
344,352,10
344,352,10
344,352,10
344,352,10
344,352,10
344,352,10
344,352,10
344,352,10
344,352,10
344,352,10
344,352,10
344,352,10
344,352,10
344,352,10
344,352,10
344,352,10
344,352,10
344,352,10
344,352,10
344,352,10
344,352,10
344,352,10
344,352,10
344,352,10
344,352,10
344,352,10
344,352,10
344,352,10
344,341,10
344,341,10
344,341,10
344,341,10
344,341,10
344,341,10
344,341,10
344,341,10
344,341,10
344,341,10
344,341,10
344,341,10
344,341,10
344,341,10
344,341,10
344,341,10
344,341,10
344,341,10
344,341,10
344,341,10
344,347,10
344,347,10
344,347,10
344,347,10
344,347,10
344,347,10
344,347,10
344,347,10
344,347,10
344,347,10
344,347,10
344,347,10
344,347,10
344,347,10
344,347,10
344,347,10
344,347,10
344,345,10
344,345,10
344,345,10
344,345,10
344,345,10
344,345,10
344,345,10
344,345,10
344,345,10
344,345,10
344,345,10
344,345,10
344,345,10
344,345,10
344,345,10
344,345,10
344,345,10
344,345,10
344,345,10
344,345,10
344,345,10
344,345,10
344,345,10
344,345,10
344,345,10
344,345,10
344,345,10
344,345,10
344,345,10
344,345,10
344,345,10
344,345,10
344,345,10
344,345,10
344,345,10
344,345,10
344,345,10
344,345,10
344,345,10
344,345,10
344,345,10
344,345,10
344,345,10
344,345,10
344,345,10
344,345,10
344,345,10
344,345,10
344,345,10
344,345,10
344,345,10
344,345,10
344,351,10
344,351,10
344,351,10
344,351,10
344,351,10
344,351,10
344,339,10
344,339,10
344,339,10
344,339,10
344,339,10
344,339,10
344,339,10
344,339,10
344,339,10
344,339,10
344,339,10
344,339,10
344,339,10
344,339,10
344,339,10
344,339,10
344,339,10
344,339,10
344,339,10
344,339,10
344,336,10
344,336,10
344,336,10
344,336,10
344,336,10
344,336,10
344,336,10
344,336,10
344,336,10
344,336,10
344,336,10
344,336,10
344,336,10
344,344,10
344,344,10
344,344,10
344,344,10
344,344,10
344,344,10
344,344,10
344,344,10
344,344,10
344,344,10
344,344,10
344,344,10
344,344,10
344,344,10
344,344,10
344,344,10
344,344,10
344,344,10
344,344,10
344,344,10
344,344,10
344,344,10
344,344,10
344,344,10
344,344,10
344,344,10
344,344,10
344,344,10
344,344,10
344,344,10
344,344,10
344,344,10
344,344,10
344,344,10
344,344,10
344,344,10
344,344,10
344,344,10
344,339,10
344,339,10
344,339,10
344,339,10
344,339,10
344,339,10
344,339,10
344,339,10
344,339,10
344,339,10
344,339,10
344,339,10
344,339,10
344,339,10
344,339,10
344,339,10
344,339,10
344,339,10
344,339,10
344,339,10
344,339,10
344,339,10
344,339,10
344,339,10
344,339,10
344,339,10
344,339,10
344,339,10
344,339,10
344,339,10
344,339,10
344,339,10
344,339,10
344,339,10
344,339,10
344,339,10
344,339,10
344,339,10
344,339,10
344,339,10
344,339,10
344,339,10
344,339,10
344,339,10
344,339,10
344,339,10
344,339,10
344,339,10
344,339,10
344,347,10
344,347,10
344,347,10
344,347,10
344,347,10
344,347,10
344,347,10
344,347,10
344,347,10
344,347,10
344,347,10
344,347,10
344,347,10
344,347,10
344,347,10
344,347,10
344,347,10
344,347,10
344,347,10
344,347,10
344,347,10
344,347,10
344,347,10
344,347,10
344,347,10
344,347,10
344,347,10
344,347,10
344,336,10
344,336,10
344,336,10
344,336,10
344,336,10
344,336,10
344,336,10
344,336,10
344,336,10
344,336,10
344,336,10
344,336,10
344,336,10
344,336,10
344,336,10
344,336,10
344,336,10
344,336,10
344,336,10
344,336,10
344,336,10
344,336,10
344,336,10
344,347,10
344,347,10
344,347,10
344,347,10
344,347,10
344,347,10
344,347,10
344,347,10
344,347,10
344,347,10
344,347,10
344,347,10
344,347,10
344,347,10
344,347,10
344,347,10
344,347,10
344,347,10
344,347,10
344,347,10
344,347,10
344,347,10
344,347,10
344,347,10
344,347,10
344,347,10
344,347,10
344,347,10
344,347,10
344,347,10
344,347,10
344,347,10
344,347,10
344,347,10
344,347,10
344,347,10
344,347,10
344,347,10
344,347,10
344,347,10
344,347,10
344,347,10
344,347,10
344,347,10
344,347,10
344,347,10
344,337,10
344,337,10
344,337,10
344,337,10
344,337,10
344,337,10
344,337,10
344,337,10
344,332,10
344,332,10
344,332,10
344,332,10
344,332,10
344,332,10
344,332,10
344,332,10
344,332,10
344,332,10
344,332,10
344,332,10
344,332,10
344,332,10
344,332,10
344,326,10
344,326,10
344,326,10
344,326,10
344,326,10
344,326,10
344,326,10
344,326,10
344,326,10
344,339,10
344,339,10
344,339,10
344,339,10
344,339,10
344,339,10
344,339,10
344,339,10
344,339,10
344,339,10
344,339,10
344,339,10
344,339,10
344,339,10
344,339,10
24,32,10
24,32,10
24,32,10
24,32,10
24,32,10
24,32,10
24,32,10
24,32,10
24,32,10
24,32,10
24,32,10
24,32,10
24,32,10
24,32,10
24,32,10
24,32,10
24,32,10
24,32,10
24,32,10
24,32,10
24,32,10
24,32,10
24,32,10
24,32,10
24,50,10
24,50,10
24,50,10
24,50,10
24,50,10
24,50,10
24,50,10
24,50,10
24,50,10
24,50,10
24,50,10
24,50,10
24,50,10
24,50,10
24,50,10
24,50,10
24,50,10
24,50,10
24,50,10
24,50,10
24,50,10
24,50,10
24,50,10
24,50,10
24,50,10
24,50,10
24,50,10
24,32,10
24,32,10
24,32,10
24,32,10
24,32,10
24,32,10
24,32,10
24,32,10
24,32,10
24,32,10
24,32,10
24,32,10
24,32,10
24,32,10
24,32,10
24,32,10
24,32,10
24,32,10
24,32,10
24,32,10
24,32,10
24,32,10
24,32,10
24,32,10
24,32,10
24,32,10
24,32,10
24,32,10
24,32,10
24,32,10
24,32,10
24,32,10
24,32,10
24,32,10
24,32,10
24,32,10
24,32,10
24,32,10
24,32,10
24,32,10
24,32,10
24,32,10
24,32,10
24,32,10
24,32,10
24,32,10
24,32,10
24,32,10
24,10,10
24,10,10
24,10,10
24,10,10
24,10,10
24,10,10
24,10,10
24,10,10
24,10,10
24,10,10
24,10,10
24,10,10
24,10,10
24,10,10
24,10,10
24,10,10
24,10,10
24,24,10
24,24,10
24,24,10
24,24,10
24,24,10
24,24,10
24,24,10
24,24,10
24,24,10
24,24,10
24,24,10
24,24,10
24,24,10
24,24,10
24,24,10
24,24,10
24,24,10
24,24,10
24,24,10
24,24,10
24,24,10
24,24,10
24,24,10
24,24,10
24,24,10
24,24,10
24,24,10
24,24,10
24,24,10
24,24,10
24,24,10
24,24,10
24,24,10
24,24,10
24,24,10
24,24,10
24,23,10
24,23,10
24,23,10
24,23,10
24,23,10
24,23,10
24,23,10
24,23,10
24,23,10
24,23,10
24,23,10
24,23,10
24,23,10
24,23,10
24,35,10
24,35,10
24,35,10
24,35,10
24,35,10
24,35,10
24,35,10
24,35,10
24,35,10
24,35,10
24,35,10
24,34,10
24,34,10
24,34,10
24,34,10
24,34,10
24,34,10
24,34,10
24,34,10
24,34,10
24,34,10
24,34,10
24,34,10
24,34,10
24,34,10
24,34,10
24,34,10
24,34,10
24,34,10
24,34,10
24,34,10
24,34,10
24,34,10
24,34,10
24,34,10
24,34,10
24,34,10
24,30,10
24,30,10
24,30,10
24,30,10
24,30,10
24,30,10
24,30,10
24,30,10
24,30,10
24,30,10
24,30,10
24,30,10
24,30,10
24,30,10
24,15,10
24,15,10
24,15,10
24,15,10
24,15,10
24,15,10
24,15,10
24,15,10
24,15,10
24,31,10
24,31,10
24,31,10
24,31,10
24,31,10
24,31,10
24,31,10
24,31,10
24,30,10
24,30,10
24,30,10
24,30,10
24,30,10
24,30,10
24,30,10
24,30,10
24,30,10
24,30,10
24,30,10
24,30,10
24,30,10
24,30,10
24,30,10
24,20,10
24,20,10
24,20,10
24,20,10
24,20,10
24,20,10
24,20,10
24,20,10
24,20,10
24,20,10
24,20,10
24,20,10
24,20,10
24,20,10
24,20,10
24,20,10
24,20,10
24,20,10
24,20,10
24,20,10
24,20,10
24,20,10
24,20,10
24,20,10
24,20,10
24,20,10
24,20,10
24,20,10
24,20,10
24,20,10
24,20,10
24,20,10
24,20,10
24,20,10
24,20,10
24,20,10
24,20,10
24,20,10
24,20,10
24,20,10
24,20,10
24,43,10
24,43,10
24,43,10
24,43,10
24,43,10
24,43,10
24,43,10
24,43,10
24,43,10
24,43,10
24,43,10
24,43,10
24,43,10
24,43,10
24,43,10
24,43,10
24,43,10
24,43,10
24,43,10
24,43,10
24,43,10
24,43,10
24,43,10
24,43,10
24,43,10
24,43,10
24,43,10
24,43,10
24,43,10
24,43,10
24,43,10
24,43,10
24,43,10
24,43,10
24,43,10
24,43,10
24,43,10
24,43,10
24,43,10
24,43,10
24,43,10
24,43,10
24,43,10
24,43,10
24,43,10
24,15,10
24,15,10
24,15,10
24,15,10
24,15,10
24,15,10
24,15,10
24,15,10
24,15,10
24,15,10
24,15,10
24,15,10
24,15,10
24,15,10
24,15,10
24,15,10
24,15,10
24,22,10
24,22,10
24,22,10
24,22,10
24,22,10
24,22,10
24,22,10
24,22,10
24,22,10
24,22,10
24,22,10
24,22,10
24,22,10
24,22,10
24,22,10
24,22,10
24,13,10
24,13,10
24,13,10
24,13,10
24,13,10
24,13,10
24,13,10
24,13,10
24,13,10
24,13,10
24,13,10
24,13,10
24,13,10
24,13,10
24,13,10
24,13,10
24,13,10
24,13,10
24,13,10
24,13,10
24,13,10
24,13,10
24,13,10
24,13,10
24,13,10
24,13,10
24,13,10
24,13,10
24,13,10
24,13,10
24,37,10
24,37,10
24,37,10
24,37,10
24,37,10
24,37,10
24,37,10
24,37,10
24,27,10
24,27,10
24,27,10
24,27,10
24,27,10
24,27,10
24,27,10
24,27,10
24,38,10
24,38,10
24,38,10
24,38,10
24,38,10
24,38,10
24,38,10
24,38,10
24,38,10
24,38,10
24,38,10
24,38,10
24,38,10
24,38,10
24,38,10
24,38,10
24,38,10
24,38,10
24,24,10
24,24,10
24,24,10
24,24,10
24,24,10
24,24,10
24,24,10
24,24,10
24,24,10
24,24,10
24,13,10
24,13,10
24,13,10
24,13,10
24,13,10
24,13,10
24,13,10
24,13,10
24,13,10
24,13,10
24,13,10
24,13,10
24,13,10
24,13,10
24,13,10
24,13,10
24,13,10
24,13,10
24,15,10
24,15,10
24,15,10
24,15,10
24,15,10
24,15,10
24,15,10
24,15,10
24,15,10
24,15,10
24,15,10
24,15,10
24,15,10
24,15,10
24,15,10
24,15,10
24,15,10
24,15,10
24,15,10
24,15,10
24,32,10
24,32,10
24,32,10
24,32,10
24,32,10
24,32,10
24,32,10
24,32,10
24,32,10
24,32,10
24,32,10
24,32,10
24,32,10
24,32,10
24,26,10
24,26,10
24,26,10
24,26,10
24,26,10
24,26,10
24,26,10
24,26,10
24,17,10
24,17,10
24,17,10
24,17,10
24,17,10
24,17,10
24,17,10
24,17,10
24,17,10
24,17,10
24,17,10
24,17,10
24,17,10
24,17,10
24,17,10
24,17,10
24,17,10
24,17,10
24,17,10
24,17,10
24,17,10
24,17,10
24,17,10
24,17,10
24,17,10
24,17,10
24,17,10
24,17,10
24,17,10
24,17,10
24,17,10
24,17,10
24,17,10
24,17,10
24,17,10
24,22,10
24,22,10
24,22,10
24,22,10
24,22,10
24,22,10
24,22,10
24,31,10
24,31,10
24,31,10
24,31,10
24,31,10
24,31,10
24,31,10
24,31,10
24,31,10
24,31,10
24,31,10
24,31,10
24,31,10
24,31,10
24,31,10
24,31,10
24,31,10
24,31,10
24,31,10
24,31,10
24,31,10
24,31,10
24,31,10
24,31,10
24,31,10
24,31,10
24,31,10
24,31,10
24,31,10
24,31,10
24,31,10
24,31,10
24,17,10
24,17,10
24,17,10
24,17,10
24,17,10
24,17,10
24,17,10
24,8,10
24,8,10
24,8,10
24,8,10
24,8,10
24,8,10
24,8,10
24,8,10
24,8,10
24,8,10
24,46,10
24,46,10
24,46,10
24,46,10
24,46,10
24,46,10
24,46,10
24,46,10
24,46,10
24,46,10
24,46,10
24,46,10
24,46,10
24,46,10
24,46,10
24,46,10
24,46,10
24,46,10
24,46,10
24,46,10
24,46,10
24,46,10
24,46,10
24,46,10
4,4,10
4,4,10
4,4,10
4,4,10
4,4,10
4,4,10
4,4,10
4,4,10
4,4,10
4,4,10
4,4,10
4,4,10
4,4,10
4,4,10
4,4,10
4,4,10
4,4,10
4,4,10
4,4,10
4,4,10
4,4,10
4,4,10
4,4,10
4,4,10
4,13,10
4,13,10
4,13,10
4,13,10
4,13,10
4,13,10
4,13,10
4,13,10
4,13,10
4,13,10
4,13,10
4,13,10
4,13,10
4,13,10
4,13,10
4,13,10
4,13,10
4,13,10
4,13,10
4,13,10
4,13,10
4,13,10
4,13,10
4,13,10
4,13,10
4,13,10
4,13,10
4,13,10
4,13,10
4,13,10
4,13,10
4,13,10
4,13,10
4,8,10
4,8,10
4,8,10
4,8,10
4,8,10
4,8,10
4,8,10
4,8,10
4,8,10
4,8,10
4,8,10
4,8,10
4,8,10
4,8,10
4,8,10
4,8,10
4,8,10
4,8,10
4,8,10
4,8,10
4,8,10
4,8,10
4,8,10
4,3,10
4,3,10
4,3,10
4,3,10
4,3,10
4,3,10
4,3,10
4,3,10
4,3,10
4,3,10
4,3,10
4,3,10
4,3,10
4,3,10
4,3,10
4,3,10
4,3,10
4,3,10
4,3,10
4,3,10
4,3,10
4,3,10
4,3,10
4,3,10
4,3,10
4,3,10
4,3,10
4,3,10
4,3,10
4,3,10
4,3,10
4,3,10
4,3,10
4,3,10
4,3,10
4,3,10
4,3,10
4,18,10
4,18,10
4,18,10
4,18,10
4,18,10
4,18,10
4,18,10
4,352,10
4,352,10
4,352,10
4,352,10
4,352,10
4,352,10
4,352,10
4,352,10
4,352,10
4,352,10
4,352,10
4,352,10
4,352,10
4,352,10
4,352,10
4,352,10
4,352,10
4,352,10
4,352,10
4,352,10
4,352,10
4,352,10
4,352,10
4,352,10
4,352,10
4,352,10
4,352,10
4,352,10
4,352,10
4,352,10
4,352,10
4,352,10
4,352,10
4,352,10
4,352,10
4,352,10
4,352,10
4,352,10
4,352,10
4,352,10
4,352,10
4,352,10
4,352,10
4,352,10
4,352,10
4,352,10
4,352,10
4,352,10
4,352,10
4,352,10
4,352,10
4,352,10
4,352,10
4,352,10
4,352,10
4,15,10
4,15,10
4,15,10
4,15,10
4,15,10
4,15,10
4,15,10
4,15,10
4,15,10
4,15,10
4,15,10
4,15,10
4,15,10
4,15,10
4,15,10
4,15,10
4,15,10
4,15,10
4,15,10
4,15,10
4,15,10
4,15,10
4,15,10
4,15,10
4,15,10
4,15,10
4,15,10
4,15,10
4,15,10
4,15,10
4,15,10
4,15,10
4,15,10
4,15,10
4,15,10
4,15,10
4,15,10
4,15,10
4,15,10
4,16,10
4,16,10
4,16,10
4,16,10
4,16,10
4,16,10
4,16,10
4,16,10
4,16,10
4,16,10
4,16,10
4,16,10
4,16,10
4,16,10
4,16,10
4,16,10
4,16,10
4,21,10
4,21,10
4,21,10
4,21,10
4,21,10
4,21,10
4,21,10
4,21,10
4,21,10
4,21,10
4,21,10
4,21,10
4,11,10
4,11,10
4,11,10
4,11,10
4,11,10
4,11,10
4,11,10
4,11,10
4,11,10
4,11,10
4,11,10
4,11,10
4,11,10
4,11,10
4,11,10
4,11,10
4,11,10
4,11,10
4,17,10
4,17,10
4,17,10
4,17,10
4,17,10
4,17,10
4,17,10
4,17,10
4,17,10
4,17,10
4,17,10
4,17,10
4,17,10
4,17,10
4,17,10
4,17,10
4,17,10
4,17,10
4,17,10
4,17,10
4,17,10
4,17,10
4,17,10
4,21,10
4,21,10
4,21,10
4,21,10
4,21,10
4,21,10
4,21,10
4,21,10
4,21,10
4,21,10
4,21,10
4,21,10
4,21,10
4,21,10
4,19,10
4,19,10
4,19,10
4,19,10
4,19,10
4,19,10
4,19,10
4,19,10
4,19,10
4,19,10
4,19,10
4,19,10
4,19,10
4,19,10
4,19,10
4,19,10
4,19,10
4,19,10
4,19,10
4,19,10
4,19,10
4,19,10
4,19,10
4,19,10
4,19,10
4,26,10
4,26,10
4,26,10
4,26,10
4,26,10
4,26,10
4,26,10
4,26,10
4,26,10
4,26,10
4,26,10
4,26,10
4,26,10
4,26,10
4,26,10
4,26,10
4,26,10
4,26,10
4,26,10
4,26,10
4,26,10
4,26,10
4,26,10
4,26,10
4,26,10
4,26,10
4,26,10
4,26,10
4,26,10
4,26,10
4,26,10
4,26,10
4,26,10
4,26,10
4,26,10
4,26,10
4,26,10
4,26,10
4,26,10
4,26,10
4,26,10
4,26,10
4,19,10
4,19,10
4,19,10
4,19,10
4,19,10
4,19,10
4,19,10
4,19,10
4,19,10
4,19,10
4,19,10
4,19,10
4,19,10
4,19,10
4,19,10
4,19,10
4,19,10
4,19,10
4,19,10
4,19,10
4,348,10
4,348,10
4,348,10
4,348,10
4,348,10
4,348,10
4,348,10
4,348,10
4,348,10
4,348,10
4,348,10
4,348,10
4,348,10
4,348,10
4,348,10
4,348,10
4,348,10
4,348,10
4,348,10
4,348,10
4,348,10
4,348,10
4,348,10
4,348,10
4,348,10
4,348,10
4,348,10
4,348,10
4,348,10
4,348,10
4,348,10
4,348,10
4,348,10
4,348,10
4,348,10
4,348,10
4,348,10
4,348,10
4,348,10
4,348,10
4,348,10
4,348,10
4,348,10
4,348,10
4,348,10
4,359,10
4,359,10
4,359,10
4,359,10
4,359,10
4,359,10
4,359,10
4,359,10
4,1,10
4,1,10
4,1,10
4,1,10
4,1,10
4,1,10
4,1,10
4,1,10
4,1,10
4,1,10
4,1,10
4,1,10
4,1,10
4,1,10
4,1,10
4,1,10
4,1,10
4,1,10
4,1,10
4,1,10
4,1,10
4,1,10
4,1,10
4,2,10
4,2,10
4,2,10
4,2,10
4,2,10
4,2,10
4,2,10
4,2,10
4,2,10
4,2,10
4,2,10
4,2,10
4,2,10
4,2,10
4,2,10
4,2,10
4,2,10
4,2,10
4,2,10
4,2,10
4,2,10
4,2,10
4,2,10
4,2,10
4,2,10
4,2,10
4,2,10
4,2,10
4,2,10
4,2,10
4,2,10
4,2,10
4,2,10
4,349,10
4,349,10
4,349,10
4,349,10
4,349,10
4,349,10
4,349,10
4,349,10
4,349,10
4,349,10
4,349,10
4,349,10
4,349,10
4,349,10
4,358,10
4,358,10
4,358,10
4,358,10
4,358,10
4,358,10
4,358,10
4,358,10
4,358,10
4,358,10
4,358,10
4,358,10
4,358,10
4,358,10
4,353,10
4,353,10
4,353,10
4,353,10
4,353,10
4,353,10
4,353,10
4,353,10
4,353,10
4,353,10
4,353,10
4,353,10
4,353,10
4,353,10
4,353,10
4,353,10
4,353,10
4,357,10
4,357,10
4,357,10
4,357,10
4,357,10
4,357,10
4,357,10
4,357,10
4,357,10
4,357,10
4,357,10
4,357,10
4,357,10
4,357,10
4,357,10
4,357,10
4,357,10
4,357,10
4,357,10
4,357,10
4,357,10
4,357,10
4,357,10
4,357,10
4,357,10
4,357,10
4,357,10
4,357,10
4,359,10
4,359,10
4,359,10
4,359,10
4,359,10
4,359,10
4,359,10
4,359,10
4,359,10
4,359,10
4,0,10
4,0,10
4,0,10
4,0,10
4,0,10
4,0,10
4,18,10
4,18,10
4,18,10
4,18,10
4,18,10
4,18,10
4,18,10
4,18,10
4,18,10
4,18,10
4,18,10
4,18,10
4,18,10
4,18,10
4,18,10
4,18,10
4,18,10
4,18,10
4,18,10
4,18,10
4,18,10
4,18,10
4,18,10
4,18,10
4,18,10
4,18,10
4,18,10
4,18,10
4,18,10
4,18,10
4,18,10
4,18,10
4,18,10
4,18,10
4,18,10
4,18,10
4,18,10
4,18,10
4,18,10
4,18,10
4,18,10
4,352,10
4,352,10
4,352,10
4,352,10
4,352,10
4,352,10
4,352,10
4,352,10
4,352,10
4,352,10
4,352,10
4,352,10
4,352,10
4,352,10
4,352,10
4,352,10
4,352,10
4,352,10
4,352,10
4,352,10
4,352,10
4,352,10
4,352,10
4,352,10
4,352,10
4,352,10
4,352,10
4,352,10
4,352,10
4,352,10
4,352,10
4,352,10
4,352,10
4,352,10
324,338,10
324,338,10
324,338,10
324,338,10
324,338,10
324,338,10
324,338,10
324,338,10
324,338,10
324,338,10
324,338,10
324,338,10
324,338,10
324,338,10
324,338,10
324,338,10
324,338,10
324,338,10
324,338,10
324,338,10
324,338,10
324,338,10
324,338,10
324,336,10
324,336,10
324,336,10
324,336,10
324,336,10
324,336,10
324,336,10
324,337,10
324,337,10
324,337,10
324,337,10
324,337,10
324,337,10
324,337,10
324,337,10
324,337,10
324,337,10
324,323,10
324,323,10
324,323,10
324,323,10
324,323,10
324,323,10
324,323,10
324,323,10
324,323,10
324,323,10
324,323,10
324,323,10
324,323,10
324,323,10
324,323,10
324,323,10
324,323,10
324,323,10
324,323,10
324,323,10
324,323,10
324,323,10
324,323,10
324,323,10
324,323,10
324,323,10
324,323,10
324,323,10
324,323,10
324,323,10
324,323,10
324,323,10
324,323,10
324,323,10
324,323,10
324,323,10
324,323,10
324,323,10
324,323,10
324,323,10
324,323,10
324,323,10
324,323,10
324,323,10
324,327,10
324,327,10
324,327,10
324,327,10
324,327,10
324,327,10
324,327,10
324,327,10
324,327,10
324,327,10
324,327,10
324,327,10
324,327,10
324,327,10
324,327,10
324,327,10
324,327,10
324,327,10
324,327,10
324,327,10
324,327,10
324,327,10
324,327,10
324,327,10
324,327,10
324,327,10
324,327,10
324,327,10
324,327,10
324,327,10
324,327,10
324,327,10
324,327,10
324,327,10
324,327,10
324,327,10
324,327,10
324,327,10
324,327,10
324,327,10
324,327,10
324,327,10
324,327,10
324,327,10
324,327,10
324,327,10
324,327,10
324,327,10
324,327,10
324,327,10
324,327,10
324,327,10
324,327,10
324,327,10
324,327,10
324,309,10
324,309,10
324,309,10
324,309,10
324,309,10
324,309,10
324,309,10
324,309,10
324,309,10
324,309,10
324,309,10
324,309,10
324,309,10
324,309,10
324,309,10
324,309,10
324,309,10
324,309,10
324,309,10
324,309,10
324,309,10
324,309,10
324,309,10
324,309,10
324,309,10
324,309,10
324,309,10
324,309,10
324,309,10
324,309,10
324,325,10
324,325,10
324,325,10
324,325,10
324,325,10
324,325,10
324,325,10
324,325,10
324,325,10
324,325,10
324,325,10
324,325,10
324,325,10
324,325,10
324,325,10
324,325,10
324,325,10
324,325,10
324,325,10
324,305,10
324,305,10
324,305,10
324,305,10
324,305,10
324,305,10
324,305,10
324,305,10
324,305,10
324,305,10
324,305,10
324,305,10
324,305,10
324,305,10
324,305,10
324,305,10
324,305,10
324,305,10
324,305,10
324,305,10
324,305,10
324,305,10
324,305,10
324,305,10
324,305,10
324,335,10
324,335,10
324,335,10
324,335,10
324,335,10
324,335,10
324,335,10
324,335,10
324,335,10
324,335,10
324,335,10
324,335,10
324,335,10
324,335,10
324,335,10
324,335,10
324,335,10
324,335,10
324,335,10
324,335,10
324,335,10
324,335,10
324,335,10
324,335,10
324,335,10
324,335,10
324,335,10
324,335,10
324,335,10
324,335,10
324,335,10
324,335,10
324,335,10
324,335,10
324,335,10
324,335,10
324,335,10
324,335,10
324,335,10
324,335,10
324,335,10
324,335,10
324,335,10
324,335,10
324,335,10
324,335,10
324,335,10
324,335,10
324,335,10
324,317,10
324,317,10
324,317,10
324,317,10
324,317,10
324,317,10
324,317,10
324,317,10
324,317,10
324,317,10
324,317,10
324,317,10
324,321,10
324,321,10
324,321,10
324,321,10
324,321,10
324,321,10
324,321,10
324,321,10
324,321,10
324,321,10
324,321,10
324,321,10
324,321,10
324,321,10
324,321,10
324,321,10
324,321,10
324,321,10
324,321,10
324,321,10
324,321,10
324,321,10
324,321,10
324,321,10
324,321,10
324,321,10
324,321,10
324,321,10
324,321,10
324,321,10
324,321,10
324,321,10
324,321,10
324,321,10
324,321,10
324,321,10
324,321,10
324,321,10
324,321,10
324,321,10
324,332,10
324,332,10
324,332,10
324,332,10
324,332,10
324,332,10
324,332,10
324,332,10
324,315,10
324,315,10
324,315,10
324,315,10
324,315,10
324,315,10
324,331,10
324,331,10
324,331,10
324,331,10
324,331,10
324,331,10
324,331,10
324,331,10
324,331,10
324,331,10
324,331,10
324,331,10
324,331,10
324,331,10
324,331,10
324,331,10
324,331,10
324,331,10
324,331,10
324,331,10
324,331,10
324,331,10
324,331,10
324,331,10
324,331,10
324,331,10
324,331,10
324,331,10
324,331,10
324,331,10
324,331,10
324,331,10
324,331,10
324,331,10
324,331,10
324,331,10
324,331,10
324,319,10
324,319,10
324,319,10
324,319,10
324,319,10
324,319,10
324,319,10
324,319,10
324,319,10
324,319,10
324,319,10
324,319,10
324,319,10
324,319,10
324,319,10
324,319,10
324,319,10
324,319,10
324,319,10
324,319,10
324,319,10
324,319,10
324,319,10
324,319,10
324,319,10
324,319,10
324,319,10
324,319,10
324,319,10
324,319,10
324,319,10
324,319,10
324,319,10
324,319,10
324,319,10
324,319,10
324,319,10
324,319,10
324,319,10
324,319,10
324,319,10
324,319,10
324,319,10
324,319,10
324,319,10
324,319,10
324,319,10
324,319,10
324,319,10
324,319,10
324,319,10
324,319,10
324,319,10
324,319,10
324,319,10
324,319,10
324,319,10
324,327,10
324,327,10
324,327,10
324,327,10
324,327,10
324,327,10
324,327,10
324,327,10
324,327,10
324,334,10
324,334,10
324,334,10
324,334,10
324,334,10
324,334,10
324,334,10
324,334,10
324,334,10
324,334,10
324,334,10
324,334,10
324,334,10
324,334,10
324,334,10
324,334,10
324,324,10
324,324,10
324,324,10
324,324,10
324,324,10
324,324,10
324,324,10
324,324,10
324,324,10
324,324,10
324,324,10
324,324,10
324,324,10
324,324,10
324,324,10
324,320,10
324,320,10
324,320,10
324,320,10
324,320,10
324,320,10
324,320,10
324,320,10
324,320,10
324,320,10
324,320,10
324,320,10
324,320,10
324,320,10
324,320,10
324,320,10
324,320,10
324,320,10
324,320,10
324,320,10
324,320,10
324,320,10
324,330,10
324,330,10
324,330,10
324,330,10
324,330,10
324,330,10
324,330,10
324,330,10
324,335,10
324,335,10
324,335,10
324,335,10
324,335,10
324,335,10
324,335,10
324,335,10
324,335,10
324,335,10
324,335,10
324,335,10
324,335,10
324,335,10
324,335,10
324,335,10
324,335,10
324,327,10
324,327,10
324,327,10
324,327,10
324,327,10
324,327,10
324,327,10
324,327,10
324,327,10
324,327,10
324,327,10
324,327,10
324,327,10
324,327,10
324,323,10
324,323,10
324,323,10
324,323,10
324,323,10
324,323,10
324,323,10
324,323,10
324,323,10
324,323,10
324,323,10
324,323,10
324,323,10
324,323,10
324,323,10
324,321,10
324,321,10
324,321,10
324,321,10
324,321,10
324,321,10
324,321,10
324,321,10
324,321,10
324,321,10
324,321,10
324,321,10
324,321,10
324,321,10
324,321,10
324,321,10
324,321,10
324,321,10
324,321,10
324,321,10
324,321,10
324,321,10
324,321,10
324,321,10
324,321,10
324,312,10
324,312,10
324,312,10
324,312,10
324,312,10
324,312,10
324,312,10
324,312,10
324,312,10
324,312,10
324,312,10
324,312,10
324,312,10
324,312,10
324,312,10
324,312,10
324,312,10
324,312,10
324,312,10
324,312,10
324,312,10
324,312,10
324,312,10
324,312,10
324,312,10
324,312,10
324,312,10
324,312,10
324,319,10
324,319,10
324,319,10
324,319,10
324,319,10
324,319,10
324,319,10
324,319,10
324,319,10
284,274,10
284,274,10
284,274,10
284,274,10
284,274,10
284,274,10
284,274,10
284,274,10
284,274,10
284,274,10
284,274,10
284,274,10
284,274,10
284,274,10
284,274,10
284,274,10
284,274,10
284,274,10
284,274,10
284,274,10
284,274,10
284,274,10
284,274,10
284,274,10
284,274,10
284,274,10
284,274,10
284,274,10
284,274,10
284,274,10
284,274,10
284,274,10
284,274,10
284,274,10
284,274,10
284,274,10
284,274,10
284,274,10
284,274,10
284,274,10
284,274,10
284,274,10
284,274,10
284,274,10
284,274,10
284,274,10
284,274,10
284,274,10
284,274,10
284,274,10
284,274,10
284,274,10
284,274,10
284,274,10
284,274,10
284,295,10
284,295,10
284,295,10
284,295,10
284,295,10
284,295,10
284,295,10
284,295,10
284,295,10
284,295,10
284,299,10
284,299,10
284,299,10
284,299,10
284,299,10
284,299,10
284,299,10
284,299,10
284,299,10
284,299,10
284,299,10
284,299,10
284,299,10
284,302,10
284,302,10
284,302,10
284,302,10
284,302,10
284,302,10
284,302,10
284,302,10
284,302,10
284,302,10
284,302,10
284,302,10
284,302,10
284,302,10
284,302,10
284,302,10
284,302,10
284,302,10
284,302,10
284,302,10
284,302,10
284,302,10
284,302,10
284,302,10
284,302,10
284,302,10
284,302,10
284,302,10
284,302,10
284,302,10
284,302,10
284,302,10
284,302,10
284,302,10
284,302,10
284,302,10
284,302,10
284,302,10
284,302,10
284,302,10
284,302,10
284,302,10
284,288,10
284,288,10
284,288,10
284,288,10
284,288,10
284,288,10
284,288,10
284,288,10
284,288,10
284,288,10
284,284,10
284,284,10
284,284,10
284,284,10
284,284,10
284,284,10
284,284,10
284,284,10
284,284,10
284,284,10
284,284,10
284,284,10
284,284,10
284,284,10
284,284,10
284,284,10
284,284,10
284,284,10
284,284,10
284,284,10
284,275,10
284,275,10
284,275,10
284,275,10
284,275,10
284,275,10
284,275,10
284,275,10
284,275,10
284,275,10
284,275,10
284,275,10
284,274,10
284,274,10
284,274,10
284,274,10
284,274,10
284,274,10
284,274,10
284,274,10
284,274,10
284,274,10
284,274,10
284,274,10
284,274,10
284,274,10
284,274,10
284,274,10
284,274,10
284,274,10
284,288,10
284,288,10
284,288,10
284,288,10
284,288,10
284,288,10
284,288,10
284,288,10
284,288,10
284,288,10
284,288,10
284,288,10
284,288,10
284,288,10
284,288,10
284,288,10
284,288,10
284,288,10
284,288,10
284,288,10
284,288,10
284,288,10
284,288,10
284,288,10
284,288,10
284,288,10
284,271,10
284,271,10
284,271,10
284,271,10
284,271,10
284,271,10
284,271,10
284,271,10
284,271,10
284,271,10
284,271,10
284,271,10
284,271,10
284,271,10
284,271,10
284,271,10
284,271,10
284,271,10
284,271,10
284,271,10
284,271,10
284,271,10
284,271,10
284,271,10
284,271,10
284,271,10
284,271,10
284,291,10
284,291,10
284,291,10
284,291,10
284,291,10
284,291,10
284,291,10
284,291,10
284,291,10
284,291,10
284,291,10
284,291,10
284,291,10
284,291,10
284,291,10
284,291,10
284,291,10
284,291,10
284,277,10
284,277,10
284,277,10
284,277,10
284,277,10
284,277,10
284,277,10
284,277,10
284,277,10
284,277,10
284,277,10
284,277,10
284,277,10
284,277,10
284,277,10
284,277,10
284,277,10
284,277,10
284,277,10
284,277,10
284,277,10
284,277,10
284,277,10
284,277,10
284,277,10
284,277,10
284,277,10
284,277,10
284,277,10
284,277,10
284,277,10
284,277,10
284,277,10
284,277,10
284,277,10
284,291,10
284,291,10
284,291,10
284,291,10
284,291,10
284,291,10
284,291,10
284,291,10
284,291,10
284,291,10
284,291,10
284,291,10
284,291,10
284,291,10
284,291,10
284,291,10
284,291,10
284,291,10
284,291,10
284,291,10
284,291,10
284,291,10
284,291,10
284,291,10
284,291,10
284,291,10
284,291,10
284,291,10
284,291,10
284,291,10
284,291,10
284,291,10
284,291,10
284,291,10
284,291,10
284,291,10
284,291,10
284,291,10
284,291,10
284,291,10
284,291,10
284,291,10
284,291,10
284,291,10
284,291,10
284,291,10
284,291,10
284,291,10
284,291,10
284,291,10
284,291,10
284,291,10
284,291,10
284,291,10
284,291,10
284,291,10
284,291,10
284,291,10
284,291,10
284,290,10
284,290,10
284,290,10
284,290,10
284,290,10
284,290,10
284,290,10
284,290,10
284,290,10
284,290,10
284,290,10
284,290,10
284,290,10
284,290,10
284,290,10
284,277,10
284,277,10
284,277,10
284,277,10
284,277,10
284,277,10
284,277,10
284,277,10
284,277,10
284,277,10
284,277,10
284,277,10
284,277,10
284,277,10
284,277,10
284,277,10
284,277,10
284,303,10
284,303,10
284,303,10
284,303,10
284,303,10
284,303,10
284,303,10
284,303,10
284,303,10
284,303,10
284,303,10
284,303,10
284,282,10
284,282,10
284,282,10
284,282,10
284,282,10
284,282,10
284,282,10
284,282,10
284,282,10
284,282,10
284,282,10
284,282,10
284,282,10
284,282,10
284,282,10
284,281,10
284,281,10
284,281,10
284,281,10
284,281,10
284,281,10
284,281,10
284,281,10
284,281,10
284,281,10
284,281,10
284,281,10
284,281,10
284,281,10
284,281,10
284,281,10
284,281,10
284,281,10
284,281,10
284,281,10
284,281,10
284,281,10
284,281,10
284,281,10
284,281,10
284,281,10
284,281,10
284,281,10
284,281,10
284,281,10
284,281,10
284,268,10
284,268,10
284,268,10
284,268,10
284,268,10
284,268,10
284,268,10
284,268,10
284,268,10
284,268,10
284,268,10
284,268,10
284,268,10
284,268,10
284,268,10
284,268,10
284,268,10
284,268,10
284,268,10
284,268,10
284,268,10
284,268,10
284,268,10
284,268,10
284,268,10
284,268,10
284,268,10
284,268,10
284,268,10
284,268,10
284,268,10
284,268,10
284,268,10
284,282,10
284,282,10
284,282,10
284,282,10
284,282,10
284,282,10
284,282,10
284,282,10
284,282,10
284,282,10
284,282,10
284,282,10
284,282,10
284,282,10
284,282,10
284,282,10
284,282,10
284,282,10
284,282,10
284,282,10
284,282,10
284,282,10
284,282,10
284,282,10
284,285,10
284,285,10
284,285,10
284,285,10
284,285,10
284,285,10
284,285,10
284,285,10
284,285,10
284,285,10
284,285,10
284,285,10
284,285,10
284,285,10
284,285,10
284,285,10
284,285,10
284,285,10
284,285,10
284,285,10
284,285,10
284,285,10
284,285,10
284,285,10
284,294,10
284,294,10
284,294,10
284,294,10
284,294,10
284,294,10
284,294,10
284,294,10
284,294,10
284,294,10
284,294,10
284,294,10
284,294,10
284,294,10
284,294,10
284,292,10
284,292,10
284,292,10
284,292,10
284,292,10
284,292,10
284,292,10
284,292,10
284,292,10
284,292,10
284,292,10
284,292,10
284,292,10
284,292,10
284,292,10
284,292,10
284,292,10
284,292,10
284,292,10
284,292,10
284,292,10
284,292,10
284,292,10
284,292,10
284,276,10
284,276,10
284,276,10
284,276,10
284,276,10
284,276,10
284,276,10
284,276,10
284,275,10
284,275,10
284,275,10
284,275,10
284,275,10
284,275,10
284,265,10
284,265,10
284,265,10
284,265,10
284,265,10
284,265,10
284,265,10
284,265,10
284,265,10
284,265,10
284,265,10
284,265,10
284,265,10
284,265,10
284,265,10
284,265,10
284,265,10
284,265,10
284,265,10
284,265,10
284,265,10
284,265,10
284,265,10
284,265,10
284,265,10
284,298,10
284,298,10
284,298,10
284,298,10
284,298,10
284,298,10
284,298,10
284,298,10
284,298,10
284,298,10
284,298,10
284,298,10
284,298,10
284,298,10
284,298,10
284,298,10
284,298,10
284,298,10
284,298,10
284,288,10
284,288,10
284,288,10
284,288,10
284,288,10
284,288,10
284,278,10
284,278,10
284,278,10
284,278,10
284,278,10
284,278,10
284,278,10
284,278,10
284,291,10
284,291,10
284,291,10
284,291,10
284,291,10
284,291,10
284,287,10
284,287,10
284,287,10
284,287,10
284,287,10
284,287,10
284,287,10
284,287,10
284,287,10
284,287,10
284,287,10
284,287,10
284,287,10
284,287,10
284,287,10
284,287,10
284,287,10
284,287,10
284,287,10
284,287,10
284,287,10
284,287,10
284,285,10
284,285,10
284,285,10
284,285,10
284,285,10
284,285,10
284,285,10
284,285,10
284,285,10
284,285,10
284,285,10
284,285,10
284,285,10
284,285,10
284,285,10
284,285,10
284,285,10
284,285,10
284,285,10
284,285,10
284,285,10
284,285,10
284,285,10
284,285,10
284,285,10
284,285,10
284,285,10
284,285,10
284,264,10
284,264,10
284,264,10
284,264,10
284,264,10
284,264,10
264,250,10
264,250,10
264,250,10
264,250,10
264,250,10
264,250,10
264,250,10
264,250,10
264,252,10
264,252,10
264,252,10
264,252,10
264,252,10
264,252,10
264,252,10
264,266,10
264,266,10
264,266,10
264,266,10
264,266,10
264,266,10
264,266,10
264,266,10
264,266,10
264,287,10
264,287,10
264,287,10
264,287,10
264,287,10
264,287,10
264,287,10
264,287,10
264,287,10
264,287,10
264,287,10
264,287,10
264,287,10
264,287,10
264,287,10
264,287,10
264,287,10
264,287,10
264,287,10
264,260,10
264,260,10
264,260,10
264,260,10
264,260,10
264,260,10
264,260,10
264,260,10
264,260,10
264,260,10
264,260,10
264,260,10
264,260,10
264,260,10
264,260,10
264,260,10
264,260,10
264,260,10
264,260,10
264,260,10
264,260,10
264,260,10
264,260,10
264,260,10
264,260,10
264,260,10
264,260,10
264,260,10
264,260,10
264,260,10
264,260,10
264,260,10
264,260,10
264,260,10
264,260,10
264,260,10
264,260,10
264,260,10
264,260,10
264,260,10
264,260,10
264,275,10
264,275,10
264,275,10
264,275,10
264,275,10
264,275,10
264,275,10
264,275,10
264,275,10
264,275,10
264,275,10
264,275,10
264,275,10
264,275,10
264,238,10
264,238,10
264,238,10
264,238,10
264,238,10
264,238,10
264,238,10
264,238,10
264,238,10
264,238,10
264,238,10
264,238,10
264,238,10
264,238,10
264,238,10
264,238,10
264,238,10
264,238,10
264,238,10
264,270,10
264,270,10
264,270,10
264,270,10
264,270,10
264,270,10
264,270,10
264,260,10
264,260,10
264,260,10
264,260,10
264,260,10
264,260,10
264,260,10
264,260,10
264,260,10
264,260,10
264,260,10
264,260,10
264,260,10
264,260,10
264,260,10
264,260,10
264,263,10
264,263,10
264,263,10
264,263,10
264,263,10
264,263,10
264,263,10
264,263,10
264,263,10
264,263,10
264,258,10
264,258,10
264,258,10
264,258,10
264,258,10
264,258,10
264,258,10
264,258,10
264,258,10
264,258,10
264,258,10
264,258,10
264,258,10
264,256,10
264,256,10
264,256,10
264,256,10
264,256,10
264,256,10
264,256,10
264,256,10
264,256,10
264,256,10
264,256,10
264,256,10
264,256,10
264,256,10
264,256,10
264,256,10
264,256,10
264,256,10
264,256,10
264,256,10
264,256,10
264,256,10
264,256,10
264,256,10
264,256,10
264,256,10
264,256,10
264,256,10
264,256,10
264,256,10
264,256,10
264,256,10
264,256,10
264,256,10
264,256,10
264,256,10
264,256,10
264,261,10
264,261,10
264,261,10
264,261,10
264,261,10
264,261,10
264,261,10
264,261,10
264,261,10
264,261,10
264,261,10
264,261,10
264,261,10
264,261,10
264,261,10
264,261,10
264,261,10
264,261,10
264,261,10
264,261,10
264,264,10
264,264,10
264,264,10
264,264,10
264,264,10
264,264,10
264,264,10
264,264,10
264,264,10
264,264,10
264,264,10
264,264,10
264,264,10
264,264,10
264,264,10
264,264,10
264,264,10
264,264,10
264,264,10
264,264,10
264,264,10
264,264,10
264,264,10
264,264,10
264,264,10
264,261,10
264,261,10
264,261,10
264,261,10
264,261,10
264,261,10
264,261,10
264,261,10
264,261,10
264,261,10
264,261,10
264,261,10
264,261,10
264,261,10
264,261,10
264,261,10
264,261,10
264,261,10
264,261,10
264,261,10
264,261,10
264,261,10
264,261,10
264,261,10
264,261,10
264,261,10
264,261,10
264,261,10
264,261,10
264,261,10
264,261,10
264,261,10
264,261,10
264,261,10
264,261,10
264,261,10
264,261,10
264,261,10
264,261,10
264,261,10
264,261,10
264,261,10
264,271,10
264,271,10
264,271,10
264,271,10
264,271,10
264,271,10
264,271,10
264,271,10
264,271,10
264,271,10
264,271,10
264,271,10
264,271,10
264,271,10
264,271,10
264,271,10
264,271,10
264,271,10
264,271,10
264,271,10
264,271,10
264,271,10
264,271,10
264,271,10
264,271,10
264,271,10
264,271,10
264,271,10
264,271,10
264,271,10
264,271,10
264,271,10
264,271,10
264,271,10
264,258,10
264,258,10
264,258,10
264,258,10
264,258,10
264,258,10
264,258,10
264,258,10
264,258,10
264,258,10
264,259,10
264,259,10
264,259,10
264,259,10
264,259,10
264,259,10
264,259,10
264,259,10
264,259,10
264,259,10
264,259,10
264,259,10
264,251,10
264,251,10
264,251,10
264,251,10
264,251,10
264,251,10
264,256,10
264,256,10
264,256,10
264,256,10
264,256,10
264,256,10
264,256,10
264,256,10
264,256,10
264,256,10
264,276,10
264,276,10
264,276,10
264,276,10
264,276,10
264,276,10
264,276,10
264,276,10
264,251,10
264,251,10
264,251,10
264,251,10
264,251,10
264,251,10
264,251,10
264,251,10
264,251,10
264,251,10
264,251,10
264,251,10
264,251,10
264,251,10
264,251,10
264,251,10
264,251,10
264,251,10
264,251,10
264,251,10
264,251,10
264,251,10
264,251,10
264,251,10
264,251,10
264,251,10
264,251,10
264,251,10
264,251,10
264,251,10
264,251,10
264,251,10
264,251,10
264,251,10
264,251,10
264,251,10
264,251,10
264,251,10
264,251,10
264,251,10
264,251,10
264,251,10
264,251,10
264,251,10
264,251,10
264,251,10
264,251,10
264,251,10
264,251,10
264,251,10
264,251,10
264,251,10
264,251,10
264,251,10
264,251,10
264,251,10
264,261,10
264,261,10
264,261,10
264,261,10
264,261,10
264,261,10
264,261,10
264,261,10
264,261,10
264,261,10
264,261,10
264,261,10
264,261,10
264,271,10
264,271,10
264,271,10
264,271,10
264,271,10
264,271,10
264,271,10
264,271,10
264,271,10
264,271,10
264,271,10
264,271,10
264,271,10
264,271,10
264,271,10
264,271,10
264,271,10
264,271,10
264,271,10
264,271,10
264,271,10
264,249,10
264,249,10
264,249,10
264,249,10
264,249,10
264,249,10
264,249,10
264,249,10
264,249,10
264,249,10
264,249,10
264,249,10
264,249,10
264,249,10
264,249,10
264,249,10
264,249,10
264,249,10
264,249,10
264,249,10
264,249,10
264,249,10
264,249,10
264,249,10
264,249,10
264,249,10
264,249,10
264,249,10
264,249,10
264,249,10
264,249,10
264,249,10
264,249,10
264,249,10
264,249,10
264,254,10
264,254,10
264,254,10
264,254,10
264,254,10
264,254,10
264,254,10
264,254,10
264,254,10
264,254,10
264,254,10
264,254,10
264,254,10
264,254,10
264,254,10
264,254,10
264,254,10
264,254,10
264,254,10
264,254,10
264,254,10
264,288,10
264,288,10
264,288,10
264,288,10
264,288,10
264,288,10
264,288,10
264,288,10
264,288,10
264,288,10
264,288,10
264,288,10
264,288,10
264,288,10
264,288,10
264,288,10
264,288,10
264,288,10
264,288,10
264,288,10
264,288,10
264,288,10
264,288,10
264,288,10
294,292,10
294,292,10
294,292,10
294,292,10
294,292,10
294,292,10
294,292,10
294,292,10
294,292,10
294,292,10
294,292,10
294,292,10
294,292,10
294,292,10
294,292,10
294,292,10
294,308,10
294,308,10
294,308,10
294,308,10
294,308,10
294,308,10
294,274,10
294,274,10
294,274,10
294,274,10
294,274,10
294,274,10
294,274,10
294,274,10
294,274,10
294,274,10
294,274,10
294,293,10
294,293,10
294,293,10
294,293,10
294,293,10
294,293,10
294,282,10
294,282,10
294,282,10
294,282,10
294,282,10
294,282,10
294,282,10
294,282,10
294,282,10
294,282,10
294,282,10
294,282,10
294,282,10
294,282,10
294,282,10
294,295,10
294,295,10
294,295,10
294,295,10
294,295,10
294,295,10
294,295,10
294,295,10
294,295,10
294,295,10
294,295,10
294,295,10
294,295,10
294,295,10
294,295,10
294,312,10
294,312,10
294,312,10
294,312,10
294,312,10
294,312,10
294,312,10
294,312,10
294,312,10
294,312,10
294,312,10
294,312,10
294,312,10
294,312,10
294,312,10
294,312,10
294,312,10
294,312,10
294,312,10
294,312,10
294,312,10
294,292,10
294,292,10
294,292,10
294,292,10
294,292,10
294,292,10
294,292,10
294,292,10
294,292,10
294,292,10
294,292,10
294,273,10
294,273,10
294,273,10
294,273,10
294,273,10
294,273,10
294,291,10
294,291,10
294,291,10
294,291,10
294,291,10
294,291,10
294,291,10
294,291,10
294,291,10
294,291,10
294,291,10
294,291,10
294,291,10
294,291,10
294,291,10
294,291,10
294,291,10
294,291,10
294,291,10
294,291,10
294,291,10
294,291,10
294,291,10
294,291,10
294,291,10
294,291,10
294,291,10
294,291,10
294,291,10
294,291,10
294,291,10
294,291,10
294,310,10
294,310,10
294,310,10
294,310,10
294,310,10
294,310,10
294,310,10
294,310,10
294,310,10
294,310,10
294,310,10
294,310,10
294,310,10
294,310,10
294,310,10
294,310,10
294,310,10
294,310,10
294,310,10
294,310,10
294,310,10
294,310,10
294,310,10
294,306,10
294,306,10
294,306,10
294,306,10
294,306,10
294,306,10
294,306,10
294,306,10
294,306,10
294,306,10
294,306,10
294,306,10
294,306,10
294,306,10
294,306,10
294,306,10
294,306,10
294,306,10
294,306,10
294,306,10
294,304,10
294,304,10
294,304,10
294,304,10
294,304,10
294,304,10
294,304,10
294,304,10
294,304,10
294,304,10
294,304,10
294,304,10
294,304,10
294,304,10
294,304,10
294,304,10
294,304,10
294,304,10
294,304,10
294,304,10
294,304,10
294,304,10
294,304,10
294,304,10
294,304,10
294,298,10
294,298,10
294,298,10
294,298,10
294,298,10
294,298,10
294,298,10
294,298,10
294,298,10
294,298,10
294,298,10
294,298,10
294,298,10
294,298,10
294,298,10
294,305,10
294,305,10
294,305,10
294,305,10
294,305,10
294,305,10
294,305,10
294,305,10
294,305,10
294,305,10
294,305,10
294,305,10
294,305,10
294,305,10
294,305,10
294,294,10
294,294,10
294,294,10
294,294,10
294,294,10
294,294,10
294,294,10
294,294,10
294,294,10
294,294,10
294,294,10
294,294,10
294,294,10
294,294,10
294,294,10
294,288,10
294,288,10
294,288,10
294,288,10
294,288,10
294,288,10
294,288,10
294,288,10
294,288,10
294,288,10
294,288,10
294,288,10
294,288,10
294,288,10
294,288,10
294,297,10
294,297,10
294,297,10
294,297,10
294,297,10
294,297,10
294,297,10
294,297,10
294,297,10
294,297,10
294,297,10
294,297,10
294,297,10
294,297,10
294,297,10
294,297,10
294,297,10
294,297,10
294,297,10
294,297,10
294,297,10
294,293,10
294,293,10
294,293,10
294,293,10
294,293,10
294,293,10
294,293,10
294,291,10
294,291,10
294,291,10
294,291,10
294,291,10
294,291,10
294,291,10
294,291,10
294,291,10
294,291,10
294,291,10
294,291,10
294,291,10
294,291,10
294,289,10
294,289,10
294,289,10
294,289,10
294,289,10
294,289,10
294,289,10
294,289,10
294,289,10
294,289,10
294,289,10
294,289,10
294,289,10
294,289,10
294,289,10
294,289,10
294,289,10
294,289,10
294,289,10
294,289,10
294,289,10
294,289,10
294,289,10
294,289,10
294,289,10
294,289,10
294,320,10
294,320,10
294,320,10
294,320,10
294,320,10
294,320,10
294,320,10
294,320,10
294,320,10
294,320,10
294,303,10
294,303,10
294,303,10
294,303,10
294,303,10
294,303,10
294,303,10
294,303,10
294,303,10
294,303,10
294,303,10
294,303,10
294,303,10
294,303,10
294,303,10
294,303,10
294,303,10
294,303,10
294,303,10
294,303,10
294,303,10
294,303,10
294,303,10
294,303,10
294,303,10
294,303,10
294,303,10
294,303,10
294,303,10
294,303,10
294,303,10
294,303,10
294,303,10
294,303,10
294,303,10
294,303,10
294,303,10
294,303,10
294,303,10
294,303,10
294,303,10
294,303,10
294,303,10
294,303,10
294,303,10
294,303,10
294,290,10
294,290,10
294,290,10
294,290,10
294,290,10
294,290,10
294,290,10
294,296,10
294,296,10
294,296,10
294,296,10
294,296,10
294,296,10
294,296,10
294,296,10
294,296,10
294,296,10
294,296,10
294,296,10
294,296,10
294,296,10
294,296,10
294,296,10
294,296,10
294,296,10
294,296,10
294,296,10
294,296,10
294,296,10
294,296,10
294,296,10
294,296,10
294,296,10
294,296,10
294,296,10
294,296,10
294,296,10
294,296,10
294,296,10
294,303,10
294,303,10
294,303,10
294,303,10
294,303,10
294,303,10
294,303,10
294,303,10
294,303,10
294,303,10
294,303,10
294,303,10
294,303,10
294,303,10
294,303,10
294,303,10
294,303,10
294,303,10
294,303,10
294,303,10
294,303,10
294,303,10
294,303,10
294,303,10
294,303,10
294,303,10
294,303,10
294,303,10
294,288,10
294,288,10
294,288,10
294,288,10
294,288,10
294,288,10
294,288,10
294,288,10
294,288,10
294,288,10
294,288,10
294,288,10
294,288,10
294,288,10
294,288,10
294,288,10
294,288,10
294,288,10
294,288,10
294,288,10
294,288,10
294,288,10
294,288,10
294,288,10
294,288,10
294,288,10
294,288,10
294,288,10
294,288,10
294,288,10
294,288,10
294,288,10
294,288,10
294,288,10
294,288,10
294,288,10
294,303,10
294,303,10
294,303,10
294,303,10
294,303,10
294,303,10
294,300,10
294,300,10
294,300,10
294,300,10
294,300,10
294,300,10
294,300,10
294,300,10
294,300,10
294,300,10
294,300,10
294,300,10
294,299,10
294,299,10
294,299,10
294,299,10
294,299,10
294,299,10
294,309,10
294,309,10
294,309,10
294,309,10
294,309,10
294,309,10
294,309,10
294,309,10
294,309,10
294,309,10
294,309,10
294,309,10
294,309,10
294,309,10
294,309,10
294,309,10
294,309,10
294,309,10
294,309,10
294,309,10
294,309,10
294,309,10
294,309,10
294,309,10
294,309,10
294,309,10
294,309,10
294,299,10
294,299,10
294,299,10
294,299,10
294,299,10
294,299,10
294,299,10
294,299,10
294,299,10
294,299,10
294,299,10
294,299,10
294,299,10
294,299,10
294,299,10
294,299,10
294,299,10
294,299,10
294,299,10
294,299,10
294,299,10
294,299,10
294,299,10
294,299,10
294,299,10
294,299,10
294,299,10
294,299,10
294,299,10
294,299,10
294,299,10
294,299,10
294,299,10
294,299,10
294,293,10
294,293,10
294,293,10
294,293,10
294,293,10
294,293,10
294,293,10
294,293,10
294,293,10
294,293,10
294,293,10
294,293,10
294,293,10
294,289,10
294,289,10
294,289,10
294,289,10
294,289,10
294,289,10
294,289,10
294,289,10
294,289,10
294,289,10
294,289,10
294,289,10
294,289,10
294,289,10
294,289,10
294,289,10
294,289,10
294,289,10
294,289,10
294,289,10
294,289,10
294,289,10
294,289,10
294,289,10
294,289,10
294,279,10
294,279,10
294,279,10
294,279,10
294,279,10
294,279,10
294,279,10
294,279,10
294,279,10
294,279,10
294,279,10
294,279,10
294,279,10
294,279,10
294,279,10
294,279,10
294,279,10
294,279,10
294,279,10
294,279,10
294,279,10
294,279,10
294,279,10
294,279,10
294,279,10
294,279,10
294,279,10
294,279,10
294,279,10
294,279,10
294,279,10
294,279,10
294,279,10
294,279,10
294,279,10
294,279,10
294,279,10
294,279,10
294,279,10
294,279,10
294,311,10
294,311,10
294,311,10
294,311,10
294,311,10
294,311,10
294,311,10
294,311,10
294,311,10
294,311,10
294,311,10
294,311,10
294,311,10
294,311,10
294,311,10
294,311,10
294,311,10
294,311,10
294,311,10
294,311,10
294,311,10
294,311,10
294,311,10
294,311,10
294,311,10
294,311,10
294,311,10
294,311,10
294,311,10
294,311,10
294,311,10
294,311,10
294,311,10
294,311,10
294,311,10
294,311,10
294,311,10
294,311,10
294,311,10
294,311,10
294,311,10
294,311,10
294,311,10
294,300,10
294,300,10
294,300,10
294,300,10
294,300,10
294,300,10
294,300,10
294,300,10
294,300,10
294,300,10
294,300,10
294,300,10
294,300,10
294,300,10
294,300,10
294,300,10
294,300,10
294,300,10
294,300,10
294,300,10
324,326,10
324,326,10
324,326,10
324,326,10
324,326,10
324,326,10
324,326,10
324,326,10
324,326,10
324,332,10
324,332,10
324,332,10
324,332,10
324,332,10
324,332,10
324,332,10
324,332,10
324,332,10
324,332,10
324,332,10
324,332,10
324,332,10
324,332,10
324,332,10
324,332,10
324,332,10
324,332,10
324,328,10
324,328,10
324,328,10
324,328,10
324,328,10
324,328,10
324,328,10
324,328,10
324,328,10
324,328,10
324,328,10
324,328,10
324,328,10
324,328,10
324,328,10
324,328,10
324,328,10
324,328,10
324,328,10
324,328,10
324,328,10
324,328,10
324,328,10
324,328,10
324,328,10
324,328,10
324,328,10
324,328,10
324,328,10
324,328,10
324,328,10
324,328,10
324,328,10
324,328,10
324,328,10
324,328,10
324,328,10
324,328,10
324,328,10
324,328,10
324,328,10
324,328,10
324,328,10
324,328,10
324,328,10
324,321,10
324,321,10
324,321,10
324,321,10
324,321,10
324,321,10
324,321,10
324,321,10
324,321,10
324,321,10
324,321,10
324,321,10
324,321,10
324,321,10
324,321,10
324,321,10
324,321,10
324,321,10
324,321,10
324,321,10
324,321,10
324,321,10
324,321,10
324,321,10
324,321,10
324,321,10
324,321,10
324,321,10
324,321,10
324,321,10
324,321,10
324,321,10
324,321,10
324,321,10
324,321,10
324,321,10
324,321,10
324,321,10
324,321,10
324,321,10
324,321,10
324,321,10
324,310,10
324,310,10
324,310,10
324,310,10
324,310,10
324,310,10
324,310,10
324,310,10
324,310,10
324,310,10
324,310,10
324,310,10
324,310,10
324,310,10
324,310,10
324,310,10
324,310,10
324,310,10
324,310,10
324,310,10
324,310,10
324,310,10
324,310,10
324,310,10
324,310,10
324,310,10
324,310,10
324,310,10
324,310,10
324,310,10
324,310,10
324,310,10
324,310,10
324,310,10
324,310,10
324,310,10
324,310,10
324,310,10
324,310,10
324,310,10
324,310,10
324,310,10
324,310,10
324,310,10
324,310,10
324,310,10
324,310,10
324,310,10
324,310,10
324,310,10
324,310,10
324,310,10
324,310,10
324,310,10
324,310,10
324,310,10
324,310,10
324,310,10
324,317,10
324,317,10
324,317,10
324,317,10
324,317,10
324,317,10
324,317,10
324,317,10
324,317,10
324,317,10
324,317,10
324,317,10
324,317,10
324,317,10
324,317,10
324,317,10
324,317,10
324,317,10
324,317,10
324,317,10
324,317,10
324,317,10
324,317,10
324,317,10
324,317,10
324,317,10
324,317,10
324,317,10
324,317,10
324,317,10
324,317,10
324,317,10
324,317,10
324,317,10
324,317,10
324,317,10
324,317,10
324,317,10
324,317,10
324,317,10
324,317,10
324,317,10
324,317,10
324,317,10
324,317,10
324,317,10
324,317,10
324,317,10
324,317,10
324,317,10
324,306,10
324,306,10
324,306,10
324,306,10
324,306,10
324,306,10
324,306,10
324,306,10
324,306,10
324,306,10
324,306,10
324,306,10
324,306,10
324,306,10
324,317,10
324,317,10
324,317,10
324,317,10
324,317,10
324,317,10
324,317,10
324,317,10
324,317,10
324,317,10
324,317,10
324,317,10
324,317,10
324,317,10
324,317,10
324,317,10
324,317,10
324,317,10
324,317,10
324,322,10
324,322,10
324,322,10
324,322,10
324,322,10
324,322,10
324,322,10
324,322,10
324,334,10
324,334,10
324,334,10
324,334,10
324,334,10
324,334,10
324,334,10
324,334,10
324,334,10
324,334,10
324,319,10
324,319,10
324,319,10
324,319,10
324,319,10
324,319,10
324,319,10
324,319,10
324,319,10
324,319,10
324,319,10
324,319,10
324,319,10
324,319,10
324,319,10
324,319,10
324,319,10
324,319,10
324,319,10
324,319,10
324,319,10
324,319,10
324,319,10
324,323,10
324,323,10
324,323,10
324,323,10
324,323,10
324,323,10
324,323,10
324,323,10
324,323,10
324,323,10
324,323,10
324,323,10
324,323,10
324,323,10
324,323,10
324,323,10
324,323,10
324,323,10
324,323,10
324,323,10
324,323,10
324,323,10
324,323,10
324,323,10
324,323,10
324,323,10
324,314,10
324,314,10
324,314,10
324,314,10
324,314,10
324,314,10
324,314,10
324,314,10
324,314,10
324,335,10
324,335,10
324,335,10
324,335,10
324,335,10
324,335,10
324,335,10
324,327,10
324,327,10
324,327,10
324,327,10
324,327,10
324,327,10
324,327,10
324,327,10
324,327,10
324,327,10
324,327,10
324,327,10
324,327,10
324,327,10
324,327,10
324,327,10
324,327,10
324,327,10
324,327,10
324,332,10
324,332,10
324,332,10
324,332,10
324,332,10
324,332,10
324,332,10
324,332,10
324,332,10
324,332,10
324,332,10
324,332,10
324,332,10
324,332,10
324,332,10
324,332,10
324,332,10
324,332,10
324,332,10
324,332,10
324,332,10
324,332,10
324,332,10
324,332,10
324,332,10
324,332,10
324,332,10
324,332,10
324,320,10
324,320,10
324,320,10
324,320,10
324,320,10
324,320,10
324,320,10
324,320,10
324,320,10
324,320,10
324,320,10
324,320,10
324,320,10
324,320,10
324,320,10
324,329,10
324,329,10
324,329,10
324,329,10
324,329,10
324,329,10
324,329,10
324,329,10
324,318,10
324,318,10
324,318,10
324,318,10
324,318,10
324,318,10
324,318,10
324,318,10
324,318,10
324,318,10
324,318,10
324,306,10
324,306,10
324,306,10
324,306,10
324,306,10
324,306,10
324,306,10
324,306,10
324,306,10
324,306,10
324,306,10
324,306,10
324,306,10
324,306,10
324,306,10
324,306,10
324,317,10
324,317,10
324,317,10
324,317,10
324,317,10
324,317,10
324,317,10
324,327,10
324,327,10
324,327,10
324,327,10
324,327,10
324,327,10
324,327,10
324,327,10
324,327,10
324,327,10
324,327,10
324,327,10
324,327,10
324,327,10
324,327,10
324,327,10
324,327,10
324,327,10
324,327,10
324,327,10
324,327,10
324,327,10
324,327,10
324,327,10
324,327,10
324,327,10
324,327,10
324,327,10
324,327,10
324,327,10
324,327,10
324,327,10
324,327,10
324,327,10
324,327,10
324,327,10
324,327,10
324,330,10
324,330,10
324,330,10
324,330,10
324,330,10
324,330,10
324,330,10
324,330,10
324,330,10
324,330,10
324,330,10
324,330,10
324,343,10
324,343,10
324,343,10
324,343,10
324,343,10
324,343,10
324,343,10
324,343,10
324,343,10
324,343,10
324,343,10
324,343,10
324,343,10
324,343,10
324,328,10
324,328,10
324,328,10
324,328,10
324,328,10
324,328,10
324,328,10
324,328,10
324,328,10
4,0,10
4,0,10
4,0,10
4,0,10
4,0,10
4,0,10
4,0,10
4,0,10
4,0,10
4,0,10
4,0,10
4,0,10
4,0,10
4,0,10
4,0,10
4,0,10
4,0,10
4,0,10
4,0,10
4,16,10
4,16,10
4,16,10
4,16,10
4,16,10
4,16,10
4,16,10
4,16,10
4,16,10
4,16,10
4,16,10
4,16,10
4,16,10
4,16,10
4,16,10
4,16,10
4,16,10
4,16,10
4,11,10
4,11,10
4,11,10
4,11,10
4,11,10
4,11,10
4,11,10
4,11,10
4,11,10
4,11,10
4,11,10
4,11,10
4,11,10
4,11,10
4,11,10
4,11,10
4,11,10
4,11,10
4,11,10
4,11,10
4,11,10
4,11,10
4,11,10
4,11,10
4,11,10
4,11,10
4,11,10
4,11,10
4,11,10
4,11,10
4,11,10
4,11,10
4,11,10
4,11,10
4,11,10
4,11,10
4,11,10
4,11,10
4,11,10
4,11,10
4,351,10
4,351,10
4,351,10
4,351,10
4,351,10
4,351,10
4,351,10
4,351,10
4,351,10
4,351,10
4,351,10
4,351,10
4,351,10
4,351,10
4,351,10
4,351,10
4,351,10
4,351,10
4,351,10
4,351,10
4,351,10
4,351,10
4,351,10
4,351,10
4,351,10
4,351,10
4,351,10
4,351,10
4,351,10
4,351,10
4,351,10
4,351,10
4,351,10
4,2,10
4,2,10
4,2,10
4,2,10
4,2,10
4,2,10
4,2,10
4,2,10
4,2,10
4,2,10
4,2,10
4,2,10
4,2,10
4,2,10
4,1,10
4,1,10
4,1,10
4,1,10
4,1,10
4,1,10
4,1,10
4,1,10
4,1,10
4,1,10
4,1,10
4,1,10
4,1,10
4,1,10
4,0,10
4,0,10
4,0,10
4,0,10
4,0,10
4,0,10
4,0,10
4,0,10
4,0,10
4,0,10
4,0,10
4,0,10
4,0,10
4,0,10
4,0,10
4,338,10
4,338,10
4,338,10
4,338,10
4,338,10
4,338,10
4,338,10
4,338,10
4,338,10
4,338,10
4,338,10
4,338,10
4,338,10
4,338,10
4,338,10
4,338,10
4,338,10
4,338,10
4,6,10
4,6,10
4,6,10
4,6,10
4,6,10
4,6,10
4,6,10
4,6,10
4,6,10
4,6,10
4,6,10
4,6,10
4,6,10
4,6,10
4,6,10
4,6,10
4,6,10
4,6,10
4,6,10
4,1,10
4,1,10
4,1,10
4,1,10
4,1,10
4,1,10
4,1,10
4,1,10
4,1,10
4,1,10
4,1,10
4,1,10
4,1,10
4,1,10
4,1,10
4,1,10
4,1,10
4,1,10
4,1,10
4,1,10
4,1,10
4,1,10
4,1,10
4,1,10
4,1,10
4,1,10
4,1,10
4,1,10
4,1,10
4,1,10
4,1,10
4,1,10
4,1,10
4,1,10
4,1,10
4,1,10
4,1,10
4,1,10
4,1,10
4,1,10
4,1,10
4,1,10
4,1,10
4,1,10
4,1,10
4,1,10
4,1,10
4,1,10
4,1,10
4,1,10
4,1,10
4,1,10
4,358,10
4,358,10
4,358,10
4,358,10
4,358,10
4,358,10
4,358,10
4,358,10
4,3,10
4,3,10
4,3,10
4,3,10
4,3,10
4,3,10
4,3,10
4,3,10
4,3,10
4,3,10
4,3,10
4,3,10
4,3,10
4,3,10
4,3,10
4,3,10
4,3,10
4,3,10
4,3,10
4,14,10
4,14,10
4,14,10
4,14,10
4,14,10
4,14,10
4,14,10
4,14,10
4,14,10
4,14,10
4,14,10
4,14,10
4,14,10
4,14,10
4,14,10
4,14,10
4,14,10
4,14,10
4,14,10
4,14,10
4,14,10
4,14,10
4,14,10
4,14,10
4,14,10
4,14,10
4,14,10
4,14,10
4,14,10
4,14,10
4,14,10
4,14,10
4,14,10
4,14,10
4,14,10
4,14,10
4,14,10
4,14,10
4,14,10
4,14,10
4,14,10
4,14,10
4,14,10
4,14,10
4,14,10
4,14,10
4,14,10
4,14,10
4,14,10
4,14,10
4,14,10
4,14,10
4,17,10
4,17,10
4,17,10
4,17,10
4,17,10
4,17,10
4,17,10
4,17,10
4,17,10
4,17,10
4,17,10
4,17,10
4,17,10
4,17,10
4,17,10
4,17,10
4,17,10
4,17,10
4,17,10
4,17,10
4,17,10
4,354,10
4,354,10
4,354,10
4,354,10
4,354,10
4,354,10
4,354,10
4,354,10
4,354,10
4,354,10
4,354,10
4,354,10
4,354,10
4,354,10
4,354,10
4,354,10
4,354,10
4,354,10
4,354,10
4,347,10
4,347,10
4,347,10
4,347,10
4,347,10
4,347,10
4,347,10
4,347,10
4,347,10
4,347,10
4,347,10
4,347,10
4,347,10
4,347,10
4,347,10
4,347,10
4,347,10
4,347,10
4,347,10
4,3,10
4,3,10
4,3,10
4,3,10
4,3,10
4,3,10
4,3,10
4,3,10
4,3,10
4,3,10
4,3,10
4,3,10
4,3,10
4,3,10
4,3,10
4,3,10
4,3,10
4,3,10
4,3,10
4,3,10
4,3,10
4,3,10
4,3,10
4,3,10
4,3,10
4,3,10
4,3,10
4,3,10
4,3,10
4,3,10
4,1,10
4,1,10
4,1,10
4,1,10
4,1,10
4,1,10
4,1,10
4,1,10
4,1,10
4,1,10
4,1,10
4,1,10
4,1,10
4,1,10
4,1,10
4,1,10
4,1,10
4,1,10
4,1,10
4,1,10
4,1,10
4,1,10
4,1,10
4,1,10
4,1,10
4,1,10
4,1,10
4,1,10
4,1,10
4,1,10
4,1,10
4,1,10
4,1,10
4,1,10
4,1,10
4,1,10
4,1,10
4,8,10
4,8,10
4,8,10
4,8,10
4,8,10
4,8,10
4,8,10
4,8,10
4,8,10
4,8,10
4,8,10
4,8,10
4,8,10
4,8,10
4,8,10
4,9,10
4,9,10
4,9,10
4,9,10
4,9,10
4,9,10
4,9,10
4,9,10
4,9,10
4,9,10
4,9,10
4,9,10
4,9,10
4,0,10
4,0,10
4,0,10
4,0,10
4,0,10
4,0,10
4,0,10
4,0,10
4,0,10
4,0,10
4,0,10
4,0,10
4,0,10
4,0,10
4,0,10
4,0,10
4,0,10
4,0,10
4,0,10
4,0,10
4,0,10
4,0,10
4,0,10
4,0,10
4,0,10
4,0,10
4,0,10
4,0,10
4,0,10
4,0,10
4,30,10
4,30,10
4,30,10
4,30,10
4,30,10
4,30,10
4,30,10
4,1,10
4,1,10
4,1,10
4,1,10
4,1,10
4,1,10
4,1,10
4,1,10
4,1,10
4,1,10
4,1,10
4,1,10
4,351,10
4,351,10
4,351,10
4,351,10
4,351,10
4,351,10
4,351,10
4,351,10
4,351,10
4,351,10
4,351,10
4,351,10
4,351,10
4,351,10
4,351,10
4,351,10
4,351,10
4,351,10
4,351,10
4,351,10
4,351,10
4,351,10
4,351,10
4,351,10
4,351,10
4,351,10
4,351,10
4,351,10
4,351,10
4,351,10
4,351,10
4,351,10
4,351,10
4,351,10
4,351,10
4,5,10
4,5,10
4,5,10
4,5,10
4,5,10
4,5,10
4,5,10
4,5,10
4,5,10
4,5,10
4,5,10
4,5,10
4,5,10
4,5,10
4,5,10
4,5,10
4,5,10
4,5,10
4,5,10
4,5,10
4,5,10
4,5,10
4,5,10
4,5,10
4,5,10
4,5,10
4,5,10
4,5,10
4,5,10
4,5,10
4,5,10
4,5,10
4,5,10
4,5,10
4,5,10
4,5,10
4,5,10
4,5,10
4,5,10
4,5,10
4,5,10
4,5,10
4,5,10
4,5,10
4,2,10
4,2,10
4,2,10
4,2,10
4,2,10
4,2,10
4,2,10
4,2,10
4,2,10
4,2,10
4,2,10
4,2,10
4,2,10
4,2,10
4,2,10
4,2,10
4,2,10
4,2,10
4,2,10
4,2,10
4,2,10
4,2,10
4,2,10
4,2,10
4,2,10
4,2,10
4,2,10
4,2,10
4,2,10
4,2,10
4,2,10
4,2,10
4,2,10
4,2,10
4,2,10
4,2,10
4,349,10
4,349,10
4,349,10
4,349,10
4,349,10
4,349,10
4,349,10
4,349,10
4,349,10
4,349,10
4,349,10
4,349,10
4,349,10
4,349,10
4,349,10
4,349,10
4,349,10
4,349,10
4,349,10
4,2,10
4,2,10
4,2,10
4,2,10
4,2,10
4,2,10
4,2,10
24,22,10
24,22,10
24,22,10
24,22,10
24,22,10
24,22,10
24,22,10
24,22,10
24,22,10
24,22,10
24,22,10
24,22,10
24,22,10
24,22,10
24,22,10
24,22,10
24,22,10
24,22,10
24,22,10
24,22,10
24,22,10
24,22,10
24,22,10
24,22,10
24,22,10
24,22,10
24,22,10
24,22,10
24,22,10
24,22,10
24,22,10
24,22,10
24,22,10
24,22,10
24,22,10
24,22,10
24,22,10
24,22,10
24,22,10
24,22,10
24,22,10
24,22,10
24,22,10
24,21,10
24,21,10
24,21,10
24,21,10
24,21,10
24,21,10
24,21,10
24,21,10
24,21,10
24,14,10
24,14,10
24,14,10
24,14,10
24,14,10
24,14,10
24,14,10
24,14,10
24,14,10
24,14,10
24,14,10
24,14,10
24,27,10
24,27,10
24,27,10
24,27,10
24,27,10
24,27,10
24,27,10
24,27,10
24,27,10
24,27,10
24,27,10
24,27,10
24,27,10
24,27,10
24,27,10
24,27,10
24,27,10
24,27,10
24,27,10
24,27,10
24,27,10
24,27,10
24,27,10
24,27,10
24,27,10
24,27,10
24,27,10
24,27,10
24,27,10
24,27,10
24,27,10
24,27,10
24,27,10
24,27,10
24,27,10
24,27,10
24,27,10
24,27,10
24,30,10
24,30,10
24,30,10
24,30,10
24,30,10
24,30,10
24,30,10
24,30,10
24,30,10
24,30,10
24,30,10
24,30,10
24,30,10
24,30,10
24,30,10
24,30,10
24,30,10
24,30,10
24,30,10
24,30,10
24,30,10
24,30,10
24,30,10
24,30,10
24,30,10
24,30,10
24,30,10
24,30,10
24,30,10
24,30,10
24,30,10
24,30,10
24,20,10
24,20,10
24,20,10
24,20,10
24,20,10
24,20,10
24,20,10
24,20,10
24,20,10
24,20,10
24,20,10
24,20,10
24,20,10
24,20,10
24,20,10
24,20,10
24,20,10
24,20,10
24,20,10
24,20,10
24,20,10
24,20,10
24,20,10
24,20,10
24,20,10
24,20,10
24,20,10
24,20,10
24,20,10
24,20,10
24,20,10
24,20,10
24,20,10
24,20,10
24,20,10
24,20,10
24,20,10
24,20,10
24,20,10
24,20,10
24,20,10
24,20,10
24,20,10
24,20,10
24,20,10
24,20,10
24,20,10
24,20,10
24,20,10
24,20,10
24,20,10
24,20,10
24,20,10
24,20,10
24,20,10
24,30,10
24,30,10
24,30,10
24,30,10
24,30,10
24,30,10
24,30,10
24,30,10
24,30,10
24,30,10
24,25,10
24,25,10
24,25,10
24,25,10
24,25,10
24,25,10
24,25,10
24,25,10
24,34,10
24,34,10
24,34,10
24,34,10
24,34,10
24,34,10
24,34,10
24,34,10
24,34,10
24,34,10
24,34,10
24,34,10
24,34,10
24,34,10
24,34,10
24,34,10
24,34,10
24,34,10
24,34,10
24,34,10
24,34,10
24,34,10
24,34,10
24,34,10
24,34,10
24,34,10
24,34,10
24,34,10
24,34,10
24,26,10
24,26,10
24,26,10
24,26,10
24,26,10
24,26,10
24,26,10
24,26,10
24,26,10
24,26,10
24,26,10
24,26,10
24,26,10
24,26,10
24,26,10
24,26,10
24,26,10
24,26,10
24,26,10
24,26,10
24,26,10
24,3,10
24,3,10
24,3,10
24,3,10
24,3,10
24,3,10
24,3,10
24,3,10
24,3,10
24,3,10
24,3,10
24,3,10
24,3,10
24,3,10
24,3,10
24,3,10
24,3,10
24,3,10
24,49,10
24,49,10
24,49,10
24,49,10
24,49,10
24,49,10
24,49,10
24,49,10
24,49,10
24,49,10
24,49,10
24,49,10
24,49,10
24,49,10
24,49,10
24,49,10
24,49,10
24,49,10
24,49,10
24,49,10
24,49,10
24,49,10
24,49,10
24,49,10
24,49,10
24,49,10
24,49,10
24,49,10
24,49,10
24,49,10
24,49,10
24,49,10
24,49,10
24,49,10
24,49,10
24,49,10
24,49,10
24,49,10
24,49,10
24,49,10
24,49,10
24,49,10
24,49,10
24,49,10
24,49,10
24,33,10
24,33,10
24,33,10
24,33,10
24,33,10
24,33,10
24,33,10
24,33,10
24,33,10
24,33,10
24,33,10
24,24,10
24,24,10
24,24,10
24,24,10
24,24,10
24,24,10
24,24,10
24,24,10
24,24,10
24,34,10
24,34,10
24,34,10
24,34,10
24,34,10
24,34,10
24,34,10
24,34,10
24,12,10
24,12,10
24,12,10
24,12,10
24,12,10
24,12,10
24,12,10
24,12,10
24,12,10
24,12,10
24,12,10
24,12,10
24,12,10
24,32,10
24,32,10
24,32,10
24,32,10
24,32,10
24,32,10
24,32,10
24,32,10
24,32,10
24,32,10
24,24,10
24,24,10
24,24,10
24,24,10
24,24,10
24,24,10
24,24,10
24,24,10
24,24,10
24,24,10
24,24,10
24,24,10
24,24,10
24,24,10
24,24,10
24,24,10
24,24,10
24,24,10
24,24,10
24,24,10
24,24,10
24,24,10
24,24,10
24,24,10
24,24,10
24,24,10
24,24,10
24,24,10
24,24,10
24,24,10
24,24,10
24,24,10
24,24,10
24,24,10
24,24,10
24,24,10
24,24,10
24,24,10
24,24,10
24,24,10
24,24,10
24,24,10
24,24,10
24,24,10
24,24,10
24,24,10
24,24,10
24,24,10
24,24,10
24,18,10
24,18,10
24,18,10
24,18,10
24,18,10
24,18,10
24,18,10
24,18,10
24,18,10
24,18,10
24,18,10
24,18,10
24,18,10
24,18,10
24,18,10
24,18,10
24,18,10
24,18,10
24,18,10
24,18,10
24,18,10
24,18,10
24,18,10
24,26,10
24,26,10
24,26,10
24,26,10
24,26,10
24,26,10
24,26,10
24,26,10
24,26,10
24,26,10
24,26,10
24,26,10
24,26,10
24,26,10
24,26,10
24,26,10
24,26,10
24,26,10
24,26,10
24,26,10
24,26,10
24,26,10
24,19,10
24,19,10
24,19,10
24,19,10
24,19,10
24,19,10
24,19,10
24,19,10
24,19,10
24,19,10
24,19,10
24,19,10
24,19,10
24,19,10
24,19,10
24,19,10
24,19,10
24,34,10
24,34,10
24,34,10
24,34,10
24,34,10
24,34,10
24,34,10
24,34,10
24,34,10
24,34,10
24,34,10
24,34,10
24,34,10
24,34,10
24,34,10
24,34,10
24,34,10
24,34,10
24,34,10
24,34,10
24,34,10
24,34,10
24,34,10
24,34,10
24,34,10
24,34,10
24,34,10
24,34,10
24,34,10
24,34,10
24,34,10
24,34,10
24,34,10
24,34,10
24,34,10
24,34,10
24,34,10
24,34,10
24,34,10
24,34,10
24,34,10
24,34,10
24,34,10
24,34,10
24,34,10
24,34,10
24,34,10
24,34,10
24,34,10
24,34,10
24,34,10
24,34,10
24,10,10
24,10,10
24,10,10
24,10,10
24,10,10
24,10,10
24,10,10
24,10,10
24,10,10
24,10,10
24,10,10
24,10,10
24,10,10
24,10,10
24,10,10
24,10,10
24,10,10
24,10,10
24,10,10
24,10,10
24,10,10
24,10,10
24,10,10
24,10,10
24,10,10
24,10,10
24,17,10
24,17,10
24,17,10
24,17,10
24,17,10
24,17,10
24,40,10
24,40,10
24,40,10
24,40,10
24,40,10
24,40,10
24,40,10
24,40,10
24,40,10
24,40,10
24,40,10
24,40,10
24,40,10
24,40,10
24,40,10
24,40,10
24,40,10
24,40,10
24,40,10
24,40,10
24,40,10
24,40,10
24,40,10
24,40,10
24,40,10
24,40,10
24,40,10
24,40,10
24,40,10
24,40,10
24,20,10
24,20,10
24,20,10
24,20,10
24,20,10
24,20,10
24,20,10
24,20,10
24,20,10
24,20,10
24,20,10
24,20,10
24,20,10
24,20,10
24,20,10
24,20,10
24,24,10
24,24,10
24,24,10
24,24,10
24,24,10
24,24,10
24,17,10
24,17,10
24,17,10
24,17,10
24,17,10
24,17,10
24,23,10
24,23,10
24,23,10
24,23,10
24,23,10
24,23,10
24,23,10
24,23,10
24,23,10
24,23,10
24,23,10
24,23,10
24,23,10
24,23,10
24,23,10
24,23,10
354,349,10
354,349,10
354,349,10
354,349,10
354,349,10
354,349,10
354,349,10
354,349,10
354,349,10
354,349,10
354,349,10
354,349,10
354,349,10
354,349,10
354,349,10
354,349,10
354,349,10
354,349,10
354,349,10
354,349,10
354,349,10
354,349,10
354,349,10
354,349,10
354,349,10
354,349,10
354,349,10
354,349,10
354,349,10
354,349,10
354,349,10
354,349,10
354,349,10
354,349,10
354,349,10
354,349,10
354,349,10
354,349,10
354,349,10
354,349,10
354,349,10
354,349,10
354,358,10
354,358,10
354,358,10
354,358,10
354,358,10
354,358,10
354,358,10
354,358,10
354,358,10
354,358,10
354,358,10
354,358,10
354,358,10
354,358,10
354,358,10
354,358,10
354,358,10
354,358,10
354,358,10
354,358,10
354,358,10
354,358,10
354,358,10
354,358,10
354,358,10
354,358,10
354,2,10
354,2,10
354,2,10
354,2,10
354,2,10
354,2,10
354,2,10
354,2,10
354,2,10
354,2,10
354,2,10
354,2,10
354,2,10
354,2,10
354,2,10
354,2,10
354,2,10
354,2,10
354,2,10
354,2,10
354,2,10
354,2,10
354,2,10
354,2,10
354,2,10
354,2,10
354,2,10
354,2,10
354,2,10
354,2,10
354,2,10
354,2,10
354,2,10
354,2,10
354,2,10
354,2,10
354,2,10
354,2,10
354,2,10
354,2,10
354,2,10
354,2,10
354,2,10
354,2,10
354,2,10
354,2,10
354,2,10
354,2,10
354,2,10
354,2,10
354,2,10
354,2,10
354,2,10
354,2,10
354,2,10
354,2,10
354,2,10
354,1,10
354,1,10
354,1,10
354,1,10
354,1,10
354,1,10
354,1,10
354,1,10
354,1,10
354,1,10
354,1,10
354,1,10
354,329,10
354,329,10
354,329,10
354,329,10
354,329,10
354,329,10
354,354,10
354,354,10
354,354,10
354,354,10
354,354,10
354,354,10
354,354,10
354,354,10
354,354,10
354,354,10
354,354,10
354,354,10
354,354,10
354,354,10
354,354,10
354,354,10
354,354,10
354,354,10
354,354,10
354,354,10
354,354,10
354,354,10
354,354,10
354,354,10
354,354,10
354,354,10
354,354,10
354,354,10
354,354,10
354,354,10
354,354,10
354,354,10
354,354,10
354,354,10
354,354,10
354,354,10
354,354,10
354,354,10
354,354,10
354,354,10
354,354,10
354,354,10
354,354,10
354,354,10
354,354,10
354,354,10
354,354,10
354,354,10
354,354,10
354,354,10
354,351,10
354,351,10
354,351,10
354,351,10
354,351,10
354,351,10
354,351,10
354,351,10
354,351,10
354,351,10
354,351,10
354,351,10
354,351,10
354,351,10
354,351,10
354,351,10
354,351,10
354,351,10
354,351,10
354,351,10
354,358,10
354,358,10
354,358,10
354,358,10
354,358,10
354,358,10
354,358,10
354,358,10
354,358,10
354,358,10
354,358,10
354,358,10
354,358,10
354,358,10
354,358,10
354,358,10
354,358,10
354,358,10
354,358,10
354,358,10
354,358,10
354,358,10
354,358,10
354,357,10
354,357,10
354,357,10
354,357,10
354,357,10
354,357,10
354,357,10
354,357,10
354,357,10
354,357,10
354,357,10
354,357,10
354,357,10
354,357,10
354,353,10
354,353,10
354,353,10
354,353,10
354,353,10
354,353,10
354,353,10
354,353,10
354,353,10
354,353,10
354,353,10
354,353,10
354,353,10
354,353,10
354,353,10
354,353,10
354,353,10
354,353,10
354,353,10
354,353,10
354,342,10
354,342,10
354,342,10
354,342,10
354,342,10
354,342,10
354,342,10
354,342,10
354,342,10
354,342,10
354,342,10
354,342,10
354,342,10
354,342,10
354,342,10
354,342,10
354,342,10
354,342,10
354,342,10
354,342,10
354,342,10
354,342,10
354,342,10
354,342,10
354,342,10
354,342,10
354,342,10
354,342,10
354,342,10
354,342,10
354,356,10
354,356,10
354,356,10
354,356,10
354,356,10
354,356,10
354,356,10
354,356,10
354,356,10
354,356,10
354,356,10
354,356,10
354,356,10
354,356,10
354,356,10
354,356,10
354,356,10
354,356,10
354,356,10
354,356,10
354,356,10
354,356,10
354,356,10
354,356,10
354,357,10
354,357,10
354,357,10
354,357,10
354,357,10
354,357,10
354,357,10
354,357,10
354,357,10
354,357,10
354,357,10
354,357,10
354,357,10
354,357,10
354,357,10
354,357,10
354,357,10
354,357,10
354,357,10
354,357,10
354,357,10
354,357,10
354,357,10
354,357,10
354,357,10
354,357,10
354,357,10
354,357,10
354,357,10
354,357,10
354,357,10
354,357,10
354,357,10
354,357,10
354,357,10
354,357,10
354,357,10
354,357,10
354,357,10
354,357,10
354,357,10
354,357,10
354,357,10
354,357,10
354,357,10
354,357,10
354,357,10
354,357,10
354,357,10
354,357,10
354,357,10
354,338,10
354,338,10
354,338,10
354,338,10
354,338,10
354,338,10
354,338,10
354,350,10
354,350,10
354,350,10
354,350,10
354,350,10
354,350,10
354,350,10
354,350,10
354,350,10
354,350,10
354,350,10
354,350,10
354,350,10
354,350,10
354,350,10
354,350,10
354,350,10
354,350,10
354,350,10
354,350,10
354,350,10
354,350,10
354,350,10
354,350,10
354,350,10
354,350,10
354,350,10
354,350,10
354,350,10
354,350,10
354,350,10
354,350,10
354,350,10
354,350,10
354,350,10
354,10,10
354,10,10
354,10,10
354,10,10
354,10,10
354,10,10
354,10,10
354,338,10
354,338,10
354,338,10
354,338,10
354,338,10
354,338,10
354,338,10
354,338,10
354,338,10
354,338,10
354,338,10
354,338,10
354,338,10
354,338,10
354,338,10
354,338,10
354,338,10
354,338,10
354,338,10
354,338,10
354,338,10
354,338,10
354,338,10
354,338,10
354,338,10
354,338,10
354,338,10
354,338,10
354,338,10
354,338,10
354,338,10
354,338,10
354,338,10
354,338,10
354,338,10
354,356,10
354,356,10
354,356,10
354,356,10
354,356,10
354,356,10
354,356,10
354,356,10
354,356,10
354,356,10
354,356,10
354,356,10
354,356,10
354,356,10
354,356,10
354,356,10
354,356,10
354,356,10
354,356,10
354,356,10
354,356,10
354,356,10
354,356,10
354,356,10
354,356,10
354,356,10
354,356,10
354,356,10
354,356,10
354,356,10
354,349,10
354,349,10
354,349,10
354,349,10
354,349,10
354,349,10
354,349,10
354,349,10
354,349,10
354,327,10
354,327,10
354,327,10
354,327,10
354,327,10
354,327,10
354,327,10
354,327,10
354,327,10
354,327,10
354,327,10
354,327,10
354,327,10
354,327,10
354,327,10
354,327,10
354,327,10
354,327,10
354,327,10
354,327,10
354,327,10
354,327,10
354,327,10
354,6,10
354,6,10
354,6,10
354,6,10
354,6,10
354,6,10
354,6,10
354,6,10
354,6,10
354,6,10
354,6,10
354,6,10
354,6,10
354,6,10
354,6,10
354,6,10
354,6,10
354,6,10
354,351,10
354,351,10
354,351,10
354,351,10
354,351,10
354,351,10
354,351,10
354,351,10
354,351,10
354,351,10
354,351,10
354,351,10
354,351,10
354,351,10
354,351,10
354,351,10
354,351,10
354,351,10
354,351,10
354,351,10
354,3,10
354,3,10
354,3,10
354,3,10
354,3,10
354,3,10
354,3,10
354,3,10
354,3,10
354,3,10
354,3,10
354,3,10
354,3,10
354,3,10
354,3,10
354,3,10
354,3,10
354,3,10
354,3,10
354,3,10
354,3,10
354,3,10
354,3,10
354,3,10
354,3,10
354,3,10
354,3,10
354,3,10
354,3,10
354,3,10
354,3,10
354,3,10
354,3,10
14,6,10
14,6,10
14,6,10
14,6,10
14,6,10
14,6,10
14,6,10
14,6,10
14,6,10
14,6,10
14,37,10
14,37,10
14,37,10
14,37,10
14,37,10
14,37,10
14,37,10
14,37,10
14,37,10
14,37,10
14,37,10
14,37,10
14,37,10
14,37,10
14,37,10
14,37,10
14,37,10
14,21,10
14,21,10
14,21,10
14,21,10
14,21,10
14,21,10
14,21,10
14,21,10
14,21,10
14,21,10
14,21,10
14,21,10
14,21,10
14,21,10
14,21,10
14,21,10
14,21,10
14,21,10
14,21,10
14,21,10
14,21,10
14,21,10
14,21,10
14,21,10
14,21,10
14,21,10
14,21,10
14,29,10
14,29,10
14,29,10
14,29,10
14,29,10
14,29,10
14,29,10
14,29,10
14,29,10
14,29,10
14,29,10
14,15,10
14,15,10
14,15,10
14,15,10
14,15,10
14,15,10
14,15,10
14,15,10
14,15,10
14,15,10
14,15,10
14,15,10
14,15,10
14,20,10
14,20,10
14,20,10
14,20,10
14,20,10
14,20,10
14,20,10
14,20,10
14,20,10
14,20,10
14,20,10
14,20,10
14,20,10
14,20,10
14,20,10
14,20,10
14,20,10
14,20,10
14,20,10
14,20,10
14,20,10
14,20,10
14,20,10
14,20,10
14,20,10
14,20,10
14,17,10
14,17,10
14,17,10
14,17,10
14,17,10
14,17,10
14,17,10
14,17,10
14,17,10
14,17,10
14,17,10
14,17,10
14,17,10
14,17,10
14,17,10
14,17,10
14,17,10
14,17,10
14,17,10
14,17,10
14,17,10
14,17,10
14,354,10
14,354,10
14,354,10
14,354,10
14,354,10
14,354,10
14,354,10
14,354,10
14,354,10
14,354,10
14,354,10
14,354,10
14,354,10
14,354,10
14,354,10
14,354,10
14,354,10
14,10,10
14,10,10
14,10,10
14,10,10
14,10,10
14,10,10
14,10,10
14,10,10
14,10,10
14,10,10
14,10,10
14,10,10
14,10,10
14,10,10
14,10,10
14,10,10
14,10,10
14,10,10
14,349,10
14,349,10
14,349,10
14,349,10
14,349,10
14,349,10
14,349,10
14,349,10
14,349,10
14,349,10
14,349,10
14,349,10
14,349,10
14,349,10
14,349,10
14,349,10
14,349,10
14,349,10
14,22,10
14,22,10
14,22,10
14,22,10
14,22,10
14,22,10
14,22,10
14,22,10
14,22,10
14,22,10
14,27,10
14,27,10
14,27,10
14,27,10
14,27,10
14,27,10
14,27,10
14,27,10
14,27,10
14,27,10
14,27,10
14,27,10
14,12,10
14,12,10
14,12,10
14,12,10
14,12,10
14,12,10
14,12,10
14,12,10
14,12,10
14,12,10
14,12,10
14,12,10
14,12,10
14,12,10
14,12,10
14,12,10
14,12,10
14,12,10
14,12,10
14,12,10
14,12,10
14,12,10
14,12,10
14,12,10
14,12,10
14,12,10
14,12,10
14,12,10
14,12,10
14,12,10
14,12,10
14,12,10
14,12,10
14,12,10
14,12,10
14,12,10
14,12,10
14,12,10
14,12,10
14,12,10
14,12,10
14,12,10
14,12,10
14,12,10
14,12,10
14,12,10
14,12,10
14,12,10
14,12,10
14,12,10
14,12,10
14,12,10
14,12,10
14,12,10
14,12,10
14,4,10
14,4,10
14,4,10
14,4,10
14,4,10
14,4,10
14,29,10
14,29,10
14,29,10
14,29,10
14,29,10
14,29,10
14,29,10
14,29,10
14,29,10
14,29,10
14,29,10
14,29,10
14,29,10
14,29,10
14,29,10
14,16,10
14,16,10
14,16,10
14,16,10
14,16,10
14,16,10
14,16,10
14,16,10
14,16,10
14,16,10
14,16,10
14,16,10
14,16,10
14,16,10
14,16,10
14,16,10
14,16,10
14,16,10
14,16,10
14,16,10
14,16,10
14,16,10
14,16,10
14,16,10
14,16,10
14,16,10
14,16,10
14,19,10
14,19,10
14,19,10
14,19,10
14,19,10
14,19,10
14,19,10
14,19,10
14,19,10
14,19,10
14,19,10
14,19,10
14,19,10
14,19,10
14,19,10
14,19,10
14,19,10
14,19,10
14,19,10
14,19,10
14,19,10
14,19,10
14,19,10
14,19,10
14,19,10
14,19,10
14,12,10
14,12,10
14,12,10
14,12,10
14,12,10
14,12,10
14,18,10
14,18,10
14,18,10
14,18,10
14,18,10
14,18,10
14,18,10
14,18,10
14,18,10
14,18,10
14,18,10
14,18,10
14,18,10
14,18,10
14,18,10
14,18,10
14,18,10
14,18,10
14,18,10
14,18,10
14,18,10
14,18,10
14,18,10
14,18,10
14,18,10
14,18,10
14,18,10
14,18,10
14,18,10
14,18,10
14,18,10
14,18,10
14,18,10
14,5,10
14,5,10
14,5,10
14,5,10
14,5,10
14,5,10
14,5,10
14,5,10
14,5,10
14,5,10
14,5,10
14,5,10
14,5,10
14,5,10
14,5,10
14,5,10
14,1,10
14,1,10
14,1,10
14,1,10
14,1,10
14,1,10
14,1,10
14,1,10
14,1,10
14,1,10
14,1,10
14,26,10
14,26,10
14,26,10
14,26,10
14,26,10
14,26,10
14,26,10
14,26,10
14,26,10
14,26,10
14,26,10
14,26,10
14,26,10
14,26,10
14,26,10
14,26,10
14,26,10
14,26,10
14,26,10
14,26,10
14,26,10
14,26,10
14,26,10
14,26,10
14,26,10
14,26,10
14,26,10
14,26,10
14,26,10
14,26,10
14,26,10
14,26,10
14,26,10
14,26,10
14,26,10
14,26,10
14,26,10
14,26,10
14,26,10
14,17,10
14,17,10
14,17,10
14,17,10
14,17,10
14,17,10
14,17,10
14,17,10
14,17,10
14,17,10
14,17,10
14,17,10
14,17,10
14,17,10
14,17,10
14,17,10
14,17,10
14,17,10
14,2,10
14,2,10
14,2,10
14,2,10
14,2,10
14,2,10
14,2,10
14,2,10
14,2,10
14,2,10
14,2,10
14,2,10
14,2,10
14,2,10
14,2,10
14,2,10
14,2,10
14,2,10
14,2,10
14,2,10
14,2,10
14,2,10
14,2,10
14,2,10
14,27,10
14,27,10
14,27,10
14,27,10
14,27,10
14,27,10
14,27,10
14,27,10
354,2,10
354,2,10
354,2,10
354,2,10
354,2,10
354,2,10
354,2,10
354,2,10
354,2,10
354,2,10
354,2,10
354,2,10
354,2,10
354,2,10
354,2,10
354,2,10
354,2,10
354,2,10
354,2,10
354,2,10
354,2,10
354,2,10
354,2,10
354,2,10
354,2,10
354,2,10
354,2,10
354,2,10
354,2,10
354,2,10
354,2,10
354,2,10
354,2,10
354,2,10
354,2,10
354,347,10
354,347,10
354,347,10
354,347,10
354,347,10
354,347,10
354,347,10
354,347,10
354,347,10
354,347,10
354,347,10
354,347,10
354,347,10
354,347,10
354,347,10
354,347,10
354,347,10
354,347,10
354,347,10
354,347,10
354,347,10
354,347,10
354,16,10
354,16,10
354,16,10
354,16,10
354,16,10
354,16,10
354,16,10
354,16,10
354,16,10
354,16,10
354,16,10
354,16,10
354,16,10
354,16,10
354,16,10
354,16,10
354,16,10
354,16,10
354,16,10
354,16,10
354,16,10
354,16,10
354,16,10
354,16,10
354,16,10
354,16,10
354,16,10
354,16,10
354,16,10
354,16,10
354,16,10
354,16,10
354,16,10
354,16,10
354,16,10
354,16,10
354,16,10
354,16,10
354,350,10
354,350,10
354,350,10
354,350,10
354,350,10
354,350,10
354,350,10
354,359,10
354,359,10
354,359,10
354,359,10
354,359,10
354,359,10
354,359,10
354,359,10
354,359,10
354,359,10
354,359,10
354,359,10
354,359,10
354,359,10
354,359,10
354,359,10
354,359,10
354,359,10
354,359,10
354,359,10
354,359,10
354,359,10
354,359,10
354,359,10
354,359,10
354,359,10
354,359,10
354,359,10
354,359,10
354,359,10
354,359,10
354,359,10
354,359,10
354,359,10
354,359,10
354,359,10
354,344,10
354,344,10
354,344,10
354,344,10
354,344,10
354,344,10
354,344,10
354,344,10
354,344,10
354,344,10
354,344,10
354,344,10
354,344,10
354,344,10
354,344,10
354,344,10
354,344,10
354,344,10
354,344,10
354,344,10
354,344,10
354,344,10
354,344,10
354,344,10
354,344,10
354,344,10
354,344,10
354,344,10
354,344,10
354,344,10
354,344,10
354,344,10
354,344,10
354,344,10
354,344,10
354,344,10
354,344,10
354,344,10
354,344,10
354,344,10
354,344,10
354,344,10
354,344,10
354,344,10
354,344,10
354,344,10
354,352,10
354,352,10
354,352,10
354,352,10
354,352,10
354,352,10
354,352,10
354,352,10
354,352,10
354,352,10
354,352,10
354,352,10
354,352,10
354,352,10
354,352,10
354,352,10
354,352,10
354,352,10
354,352,10
354,352,10
354,352,10
354,352,10
354,352,10
354,352,10
354,352,10
354,352,10
354,352,10
354,352,10
354,352,10
354,352,10
354,352,10
354,352,10
354,352,10
354,352,10
354,352,10
354,352,10
354,352,10
354,352,10
354,352,10
354,1,10
354,1,10
354,1,10
354,1,10
354,1,10
354,1,10
354,1,10
354,1,10
354,1,10
354,1,10
354,1,10
354,1,10
354,1,10
354,1,10
354,1,10
354,1,10
354,1,10
354,2,10
354,2,10
354,2,10
354,2,10
354,2,10
354,2,10
354,2,10
354,2,10
354,2,10
354,2,10
354,2,10
354,2,10
354,2,10
354,2,10
354,2,10
354,2,10
354,2,10
354,2,10
354,2,10
354,2,10
354,2,10
354,2,10
354,2,10
354,2,10
354,2,10
354,2,10
354,357,10
354,357,10
354,357,10
354,357,10
354,357,10
354,357,10
354,357,10
354,357,10
354,357,10
354,357,10
354,357,10
354,357,10
354,357,10
354,357,10
354,357,10
354,358,10
354,358,10
354,358,10
354,358,10
354,358,10
354,358,10
354,358,10
354,358,10
354,358,10
354,358,10
354,358,10
354,358,10
354,358,10
354,358,10
354,358,10
354,358,10
354,358,10
354,358,10
354,358,10
354,358,10
354,351,10
354,351,10
354,351,10
354,351,10
354,351,10
354,351,10
354,351,10
354,351,10
354,351,10
354,351,10
354,351,10
354,351,10
354,351,10
354,351,10
354,351,10
354,351,10
354,343,10
354,343,10
354,343,10
354,343,10
354,343,10
354,343,10
354,343,10
354,343,10
354,343,10
354,343,10
354,343,10
354,343,10
354,343,10
354,343,10
354,343,10
354,343,10
354,343,10
354,343,10
354,343,10
354,359,10
354,359,10
354,359,10
354,359,10
354,359,10
354,359,10
354,359,10
354,359,10
354,359,10
354,2,10
354,2,10
354,2,10
354,2,10
354,2,10
354,2,10
354,2,10
354,2,10
354,2,10
354,2,10
354,2,10
354,2,10
354,2,10
354,335,10
354,335,10
354,335,10
354,335,10
354,335,10
354,335,10
354,335,10
354,335,10
354,335,10
354,335,10
354,335,10
354,335,10
354,335,10
354,335,10
354,335,10
354,335,10
354,335,10
354,335,10
354,349,10
354,349,10
354,349,10
354,349,10
354,349,10
354,349,10
354,349,10
354,349,10
354,349,10
354,349,10
354,0,10
354,0,10
354,0,10
354,0,10
354,0,10
354,0,10
354,0,10
354,0,10
354,0,10
354,357,10
354,357,10
354,357,10
354,357,10
354,357,10
354,357,10
354,357,10
354,357,10
354,357,10
354,357,10
354,357,10
354,357,10
354,357,10
354,357,10
354,357,10
354,357,10
354,357,10
354,357,10
354,357,10
354,357,10
354,357,10
354,357,10
354,357,10
354,357,10
354,357,10
354,357,10
354,357,10
354,357,10
354,357,10
354,357,10
354,357,10
354,357,10
354,357,10
354,357,10
354,357,10
354,357,10
354,357,10
354,357,10
354,357,10
354,357,10
354,357,10
354,357,10
354,355,10
354,355,10
354,355,10
354,355,10
354,355,10
354,355,10
354,355,10
354,355,10
354,345,10
354,345,10
354,345,10
354,345,10
354,345,10
354,345,10
354,345,10
354,345,10
354,345,10
354,345,10
354,345,10
354,345,10
354,345,10
354,345,10
354,345,10
354,345,10
354,345,10
354,345,10
354,345,10
354,345,10
354,345,10
354,345,10
354,345,10
354,345,10
354,345,10
354,345,10
354,348,10
354,348,10
354,348,10
354,348,10
354,348,10
354,348,10
354,348,10
354,348,10
354,348,10
354,348,10
354,348,10
354,348,10
354,348,10
354,348,10
354,348,10
354,348,10
354,348,10
354,348,10
354,2,10
354,2,10
354,2,10
354,2,10
354,2,10
354,2,10
354,2,10
354,2,10
354,12,10
354,12,10
354,12,10
354,12,10
354,12,10
354,12,10
354,12,10
354,12,10
354,12,10
354,12,10
354,12,10
354,12,10
354,12,10
354,12,10
354,12,10
354,12,10
354,12,10
354,12,10
354,12,10
354,12,10
354,12,10
354,12,10
354,12,10
354,12,10
354,12,10
354,12,10
354,12,10
354,12,10
354,12,10
354,12,10
354,12,10
354,12,10
354,12,10
354,12,10
354,12,10
354,12,10
354,12,10
354,12,10
354,12,10
354,12,10
354,12,10
354,12,10
354,12,10
354,12,10
354,12,10
354,12,10
354,12,10
354,12,10
354,12,10
354,12,10
354,12,10
354,12,10
354,12,10
354,12,10
354,12,10
354,12,10
354,12,10
354,12,10
354,12,10
354,12,10
354,0,10
354,0,10
354,0,10
354,0,10
354,0,10
354,0,10
354,0,10
354,0,10
354,0,10
354,0,10
354,0,10
354,0,10
354,0,10
354,0,10
354,0,10
354,0,10
354,0,10
354,0,10
354,0,10
354,0,10
354,350,10
354,350,10
354,350,10
354,350,10
354,350,10
354,350,10
354,350,10
354,350,10
354,350,10
354,350,10
354,350,10
354,350,10
354,350,10
354,350,10
354,350,10
354,352,10
354,352,10
354,352,10
354,352,10
354,352,10
354,352,10
354,352,10
24,26,10
24,26,10
24,26,10
24,26,10
24,26,10
24,26,10
24,26,10
24,26,10
24,26,10
24,26,10
24,26,10
24,26,10
24,26,10
24,26,10
24,26,10
24,26,10
24,26,10
24,26,10
24,26,10
24,26,10
24,26,10
24,26,10
24,26,10
24,26,10
24,26,10
24,26,10
24,26,10
24,26,10
24,26,10
24,26,10
24,26,10
24,26,10
24,40,10
24,40,10
24,40,10
24,40,10
24,40,10
24,40,10
24,40,10
24,40,10
24,40,10
24,40,10
24,40,10
24,40,10
24,40,10
24,40,10
24,40,10
24,40,10
24,40,10
24,18,10
24,18,10
24,18,10
24,18,10
24,18,10
24,18,10
24,18,10
24,33,10
24,33,10
24,33,10
24,33,10
24,33,10
24,33,10
24,33,10
24,33,10
24,33,10
24,33,10
24,33,10
24,33,10
24,33,10
24,33,10
24,33,10
24,33,10
24,33,10
24,33,10
24,33,10
24,33,10
24,33,10
24,33,10
24,33,10
24,33,10
24,33,10
24,33,10
24,33,10
24,33,10
24,33,10
24,33,10
24,33,10
24,33,10
24,33,10
24,33,10
24,33,10
24,33,10
24,33,10
24,33,10
24,33,10
24,33,10
24,33,10
24,33,10
24,33,10
24,33,10
24,33,10
24,33,10
24,9,10
24,9,10
24,9,10
24,9,10
24,9,10
24,9,10
24,9,10
24,9,10
24,9,10
24,9,10
24,9,10
24,9,10
24,20,10
24,20,10
24,20,10
24,20,10
24,20,10
24,20,10
24,20,10
24,20,10
24,20,10
24,20,10
24,20,10
24,20,10
24,8,10
24,8,10
24,8,10
24,8,10
24,8,10
24,8,10
24,8,10
24,8,10
24,8,10
24,8,10
24,8,10
24,8,10
24,8,10
24,8,10
24,8,10
24,8,10
24,8,10
24,8,10
24,8,10
24,40,10
24,40,10
24,40,10
24,40,10
24,40,10
24,40,10
24,40,10
24,40,10
24,40,10
24,40,10
24,40,10
24,40,10
24,40,10
24,40,10
24,40,10
24,52,10
24,52,10
24,52,10
24,52,10
24,52,10
24,52,10
24,52,10
24,52,10
24,52,10
24,52,10
24,52,10
24,52,10
24,52,10
24,52,10
24,52,10
24,52,10
24,36,10
24,36,10
24,36,10
24,36,10
24,36,10
24,36,10
24,36,10
24,36,10
24,36,10
24,36,10
24,36,10
24,36,10
24,36,10
24,36,10
24,26,10
24,26,10
24,26,10
24,26,10
24,26,10
24,26,10
24,26,10
24,26,10
24,26,10
24,26,10
24,27,10
24,27,10
24,27,10
24,27,10
24,27,10
24,27,10
24,27,10
24,27,10
24,27,10
24,27,10
24,27,10
24,27,10
24,27,10
24,27,10
24,27,10
24,27,10
24,27,10
24,27,10
24,27,10
24,27,10
24,27,10
24,27,10
24,27,10
24,27,10
24,27,10
24,27,10
24,27,10
24,27,10
24,27,10
24,27,10
24,27,10
24,27,10
24,27,10
24,27,10
24,27,10
24,27,10
24,27,10
24,27,10
24,27,10
24,27,10
24,27,10
24,27,10
24,27,10
24,27,10
24,27,10
24,27,10
24,27,10
24,27,10
24,27,10
24,27,10
24,27,10
24,27,10
24,27,10
24,27,10
24,27,10
24,27,10
24,27,10
24,27,10
24,27,10
24,27,10
24,27,10
24,27,10
24,27,10
24,27,10
24,27,10
24,27,10
24,27,10
24,27,10
24,27,10
24,27,10
24,27,10
24,27,10
24,27,10
24,27,10
24,27,10
24,36,10
24,36,10
24,36,10
24,36,10
24,36,10
24,36,10
24,36,10
24,36,10
24,36,10
24,36,10
24,36,10
24,36,10
24,36,10
24,36,10
24,36,10
24,36,10
24,36,10
24,36,10
24,36,10
24,36,10
24,36,10
24,36,10
24,36,10
24,36,10
24,36,10
24,36,10
24,36,10
24,36,10
24,36,10
24,36,10
24,36,10
24,36,10
24,36,10
24,36,10
24,36,10
24,36,10
24,36,10
24,36,10
24,36,10
24,36,10
24,36,10
24,36,10
24,36,10
24,36,10
24,36,10
24,36,10
24,36,10
24,36,10
24,36,10
24,36,10
24,36,10
24,36,10
24,22,10
24,22,10
24,22,10
24,22,10
24,22,10
24,22,10
24,22,10
24,22,10
24,22,10
24,22,10
24,22,10
24,17,10
24,17,10
24,17,10
24,17,10
24,17,10
24,17,10
24,17,10
24,17,10
24,17,10
24,17,10
24,17,10
24,17,10
24,17,10
24,17,10
24,17,10
24,17,10
24,17,10
24,17,10
24,17,10
24,17,10
24,17,10
24,17,10
24,17,10
24,17,10
24,17,10
24,17,10
24,17,10
24,17,10
24,17,10
24,17,10
24,17,10
24,17,10
24,17,10
24,17,10
24,17,10
24,17,10
24,17,10
24,17,10
24,17,10
24,17,10
24,17,10
24,17,10
24,17,10
24,17,10
24,17,10
24,34,10
24,34,10
24,34,10
24,34,10
24,34,10
24,34,10
24,34,10
24,34,10
24,34,10
24,34,10
24,34,10
24,12,10
24,12,10
24,12,10
24,12,10
24,12,10
24,12,10
24,12,10
24,12,10
24,12,10
24,12,10
24,12,10
24,12,10
24,12,10
24,12,10
24,12,10
24,12,10
24,12,10
24,12,10
24,12,10
24,12,10
24,12,10
24,12,10
24,12,10
24,12,10
24,12,10
24,12,10
24,12,10
24,12,10
24,12,10
24,12,10
24,12,10
24,12,10
24,12,10
24,12,10
24,12,10
24,12,10
24,12,10
24,12,10
24,12,10
24,12,10
24,12,10
24,12,10
24,12,10
24,12,10
24,12,10
24,12,10
24,12,10
24,12,10
24,32,10
24,32,10
24,32,10
24,32,10
24,32,10
24,32,10
24,18,10
24,18,10
24,18,10
24,18,10
24,18,10
24,18,10
24,18,10
24,29,10
24,29,10
24,29,10
24,29,10
24,29,10
24,29,10
24,29,10
24,29,10
24,41,10
24,41,10
24,41,10
24,41,10
24,41,10
24,41,10
24,41,10
24,41,10
24,41,10
24,41,10
24,41,10
24,41,10
