true_pos,obs_pos,true_var
175,158,20
175,158,20
175,158,20
175,158,20
175,158,20
175,158,20
175,158,20
175,158,20
175,176,20
175,176,20
175,176,20
175,176,20
175,176,20
175,176,20
175,176,20
175,176,20
175,176,20
175,216,20
175,216,20
175,216,20
175,216,20
175,216,20
175,216,20
175,216,20
175,187,20
175,187,20
175,187,20
175,187,20
175,187,20
175,187,20
175,187,20
175,187,20
175,187,20
175,187,20
175,127,20
175,127,20
175,127,20
175,127,20
175,127,20
175,127,20
175,127,20
175,127,20
175,127,20
175,197,20
175,197,20
175,197,20
175,197,20
175,197,20
175,197,20
175,197,20
175,197,20
175,197,20
175,197,20
175,197,20
175,197,20
175,197,20
175,197,20
175,197,20
175,177,20
175,177,20
175,177,20
175,177,20
175,177,20
175,177,20
175,177,20
175,177,20
175,177,20
175,189,20
175,189,20
175,189,20
175,189,20
175,189,20
175,189,20
175,189,20
175,189,20
175,189,20
175,189,20
175,189,20
175,189,20
175,189,20
175,189,20
175,189,20
175,189,20
175,189,20
175,189,20
175,193,20
175,193,20
175,193,20
175,193,20
175,193,20
175,193,20
175,193,20
175,193,20
175,180,20
175,180,20
175,180,20
175,180,20
175,180,20
175,180,20
175,180,20
175,180,20
175,180,20
175,180,20
175,180,20
175,180,20
175,180,20
175,211,20
175,211,20
175,211,20
175,211,20
175,211,20
175,211,20
175,211,20
175,211,20
175,211,20
175,211,20
175,211,20
175,211,20
175,153,20
175,153,20
175,153,20
175,153,20
175,153,20
175,153,20
175,153,20
175,153,20
175,153,20
175,153,20
175,153,20
175,153,20
175,153,20
175,173,20
175,173,20
175,173,20
175,173,20
175,173,20
175,173,20
175,157,20
175,157,20
175,157,20
175,157,20
175,157,20
175,157,20
175,157,20
175,157,20
175,157,20
175,157,20
175,157,20
175,184,20
175,184,20
175,184,20
175,184,20
175,184,20
175,184,20
175,184,20
175,184,20
175,184,20
175,184,20
175,184,20
175,184,20
175,184,20
175,184,20
175,184,20
175,184,20
175,184,20
175,186,20
175,186,20
175,186,20
175,186,20
175,186,20
175,186,20
175,186,20
175,186,20
175,186,20
175,186,20
175,186,20
175,186,20
175,186,20
175,186,20
175,186,20
175,186,20
175,186,20
175,186,20
175,186,20
175,186,20
175,136,20
175,136,20
175,136,20
175,136,20
175,136,20
175,136,20
175,136,20
175,136,20
175,136,20
175,136,20
175,136,20
175,172,20
175,172,20
175,172,20
175,172,20
175,172,20
175,172,20
175,172,20
175,172,20
175,172,20
175,172,20
175,186,20
175,186,20
175,186,20
175,186,20
175,186,20
175,186,20
175,186,20
175,186,20
175,186,20
175,186,20
175,186,20
175,186,20
175,186,20
175,186,20
175,186,20
175,186,20
175,186,20
175,186,20
175,186,20
175,186,20
175,186,20
175,186,20
175,186,20
175,186,20
175,186,20
175,186,20
175,186,20
175,186,20
175,186,20
175,186,20
175,186,20
175,186,20
175,186,20
175,186,20
175,186,20
175,186,20
175,186,20
175,186,20
175,186,20
175,186,20
175,186,20
175,186,20
175,186,20
175,186,20
175,186,20
175,176,20
175,176,20
175,176,20
175,176,20
175,176,20
175,176,20
175,176,20
175,176,20
175,176,20
175,184,20
175,184,20
175,184,20
175,184,20
175,184,20
175,184,20
175,184,20
175,184,20
175,184,20
175,184,20
175,184,20
175,184,20
175,184,20
175,184,20
175,184,20
175,184,20
175,184,20
175,184,20
175,184,20
175,184,20
175,184,20
175,184,20
175,184,20
175,184,20
175,184,20
175,184,20
175,184,20
175,184,20
175,184,20
175,184,20
175,207,20
175,207,20
175,207,20
175,207,20
175,207,20
175,207,20
175,207,20
175,207,20
175,207,20
175,179,20
175,179,20
175,179,20
175,179,20
175,179,20
175,179,20
175,179,20
175,179,20
175,179,20
175,179,20
175,179,20
175,179,20
175,179,20
175,179,20
175,179,20
175,179,20
175,179,20
175,146,20
175,146,20
175,146,20
175,146,20
175,146,20
175,146,20
175,146,20
175,146,20
175,146,20
175,146,20
175,146,20
175,146,20
175,146,20
175,146,20
175,146,20
175,146,20
175,146,20
175,146,20
175,142,20
175,142,20
175,142,20
175,142,20
175,142,20
175,142,20
175,142,20
175,142,20
175,142,20
175,142,20
175,142,20
175,142,20
175,142,20
175,142,20
175,142,20
175,142,20
175,142,20
175,152,20
175,152,20
175,152,20
175,152,20
175,152,20
175,152,20
175,152,20
175,152,20
175,152,20
175,152,20
175,152,20
175,152,20
175,152,20
175,152,20
175,152,20
175,152,20
175,152,20
175,152,20
175,152,20
175,152,20
175,152,20
175,152,20
175,152,20
175,152,20
175,152,20
175,152,20
175,152,20
175,174,20
175,174,20
175,174,20
175,174,20
175,174,20
175,174,20
175,174,20
175,174,20
175,174,20
175,174,20
175,174,20
175,174,20
175,174,20
175,174,20
175,174,20
175,174,20
175,174,20
175,192,20
175,192,20
175,192,20
175,192,20
175,192,20
175,192,20
175,192,20
175,192,20
175,192,20
175,192,20
175,192,20
175,192,20
175,192,20
175,192,20
175,192,20
175,192,20
175,192,20
175,192,20
175,175,20
175,175,20
175,175,20
175,175,20
175,175,20
175,175,20
175,175,20
175,175,20
175,175,20
175,175,20
175,175,20
175,175,20
175,175,20
175,175,20
175,175,20
175,175,20
175,175,20
175,175,20
175,175,20
175,187,20
175,187,20
175,187,20
175,187,20
175,187,20
175,187,20
175,187,20
175,187,20
175,187,20
175,187,20
175,187,20
175,163,20
175,163,20
175,163,20
175,163,20
175,163,20
175,163,20
175,163,20
175,163,20
175,163,20
175,163,20
175,163,20
175,163,20
175,163,20
175,163,20
175,163,20
175,163,20
175,163,20
175,163,20
175,163,20
175,163,20
175,163,20
175,163,20
175,163,20
175,163,20
175,163,20
175,163,20
175,163,20
175,163,20
175,163,20
175,163,20
175,163,20
175,163,20
175,163,20
175,163,20
175,163,20
175,163,20
175,163,20
175,163,20
175,163,20
175,163,20
175,163,20
175,163,20
175,163,20
175,163,20
175,163,20
175,163,20
175,163,20
175,163,20
175,163,20
175,163,20
175,163,20
175,163,20
175,163,20
175,197,20
175,197,20
175,197,20
175,197,20
175,197,20
175,197,20
175,197,20
175,197,20
175,197,20
175,197,20
175,197,20
175,197,20
175,197,20
175,197,20
175,197,20
175,197,20
175,197,20
175,197,20
175,197,20
175,197,20
175,197,20
175,197,20
175,197,20
175,197,20
175,197,20
175,197,20
175,197,20
145,156,20
145,156,20
145,156,20
145,156,20
145,156,20
145,156,20
145,156,20
145,156,20
145,156,20
145,156,20
145,156,20
145,156,20
145,156,20
145,156,20
145,156,20
145,156,20
145,156,20
145,156,20
145,156,20
145,156,20
145,156,20
145,152,20
145,152,20
145,152,20
145,152,20
145,152,20
145,152,20
145,152,20
145,152,20
145,152,20
145,152,20
145,152,20
145,152,20
145,152,20
145,152,20
145,152,20
145,152,20
145,152,20
145,152,20
145,152,20
145,129,20
145,129,20
145,129,20
145,129,20
145,129,20
145,129,20
145,129,20
145,129,20
145,129,20
145,129,20
145,151,20
145,151,20
145,151,20
145,151,20
145,151,20
145,151,20
145,151,20
145,151,20
145,151,20
145,151,20
145,151,20
145,151,20
145,151,20
145,151,20
145,151,20
145,151,20
145,151,20
145,151,20
145,151,20
145,151,20
145,151,20
145,151,20
145,151,20
145,151,20
145,151,20
145,134,20
145,134,20
145,134,20
145,134,20
145,134,20
145,134,20
145,134,20
145,134,20
145,134,20
145,106,20
145,106,20
145,106,20
145,106,20
145,106,20
145,106,20
145,106,20
145,106,20
145,106,20
145,106,20
145,106,20
145,106,20
145,106,20
145,106,20
145,106,20
145,106,20
145,106,20
145,106,20
145,106,20
145,106,20
145,106,20
145,106,20
145,106,20
145,106,20
145,146,20
145,146,20
145,146,20
145,146,20
145,146,20
145,146,20
145,146,20
145,146,20
145,146,20
145,146,20
145,146,20
145,146,20
145,146,20
145,146,20
145,146,20
145,146,20
145,159,20
145,159,20
145,159,20
145,159,20
145,159,20
145,159,20
145,159,20
145,159,20
145,159,20
145,159,20
145,159,20
145,159,20
145,159,20
145,159,20
145,159,20
145,154,20
145,154,20
145,154,20
145,154,20
145,154,20
145,154,20
145,154,20
145,154,20
145,154,20
145,154,20
145,154,20
145,154,20
145,127,20
145,127,20
145,127,20
145,127,20
145,127,20
145,127,20
145,127,20
145,127,20
145,127,20
145,127,20
145,127,20
145,127,20
145,127,20
145,127,20
145,127,20
145,127,20
145,127,20
145,127,20
145,127,20
145,127,20
145,127,20
145,127,20
145,127,20
145,127,20
145,127,20
145,134,20
145,134,20
145,134,20
145,134,20
145,134,20
145,134,20
145,134,20
145,134,20
145,134,20
145,134,20
145,134,20
145,134,20
145,134,20
145,134,20
145,134,20
145,134,20
145,134,20
145,134,20
145,134,20
145,134,20
145,134,20
145,134,20
145,134,20
145,134,20
145,134,20
145,134,20
145,134,20
145,134,20
145,134,20
145,134,20
145,134,20
145,134,20
145,134,20
145,162,20
145,162,20
145,162,20
145,162,20
145,162,20
145,162,20
145,162,20
145,162,20
145,162,20
145,162,20
145,162,20
145,162,20
145,162,20
145,162,20
145,162,20
145,162,20
145,162,20
145,162,20
145,162,20
145,162,20
145,162,20
145,162,20
145,162,20
145,162,20
145,162,20
145,162,20
145,162,20
145,152,20
145,152,20
145,152,20
145,152,20
145,152,20
145,152,20
145,152,20
145,152,20
145,152,20
145,152,20
145,152,20
145,152,20
145,152,20
145,152,20
145,152,20
145,152,20
145,152,20
145,152,20
145,152,20
145,152,20
145,152,20
145,152,20
145,152,20
145,152,20
145,152,20
145,152,20
145,152,20
145,152,20
145,152,20
145,152,20
145,152,20
145,152,20
145,152,20
145,152,20
145,152,20
145,152,20
145,152,20
145,152,20
145,152,20
145,152,20
145,152,20
145,152,20
145,150,20
145,150,20
145,150,20
145,150,20
145,150,20
145,150,20
145,150,20
145,150,20
145,150,20
145,150,20
145,150,20
145,150,20
145,150,20
145,150,20
145,150,20
145,150,20
145,150,20
145,150,20
145,150,20
145,150,20
145,150,20
145,150,20
145,150,20
145,150,20
145,150,20
145,150,20
145,112,20
145,112,20
145,112,20
145,112,20
145,112,20
145,112,20
145,112,20
145,112,20
145,112,20
145,112,20
145,112,20
145,112,20
145,112,20
145,112,20
145,112,20
145,112,20
145,112,20
145,112,20
145,112,20
145,112,20
145,112,20
145,112,20
145,112,20
145,112,20
145,112,20
145,112,20
145,112,20
145,112,20
145,112,20
145,112,20
145,112,20
145,112,20
145,112,20
145,112,20
145,112,20
145,112,20
145,112,20
145,112,20
145,112,20
145,112,20
145,112,20
145,112,20
145,112,20
145,112,20
145,112,20
145,112,20
145,112,20
145,112,20
145,112,20
145,112,20
145,112,20
145,112,20
145,112,20
145,119,20
145,119,20
145,119,20
145,119,20
145,119,20
145,119,20
145,119,20
145,119,20
145,119,20
145,119,20
145,119,20
145,119,20
145,119,20
145,119,20
145,119,20
145,119,20
145,119,20
145,119,20
145,119,20
145,119,20
145,119,20
145,119,20
145,119,20
145,119,20
145,119,20
145,119,20
145,119,20
145,119,20
145,119,20
145,119,20
145,119,20
145,119,20
145,162,20
145,162,20
145,162,20
145,162,20
145,162,20
145,162,20
145,162,20
145,162,20
145,164,20
145,164,20
145,164,20
145,164,20
145,164,20
145,164,20
145,139,20
145,139,20
145,139,20
145,139,20
145,139,20
145,139,20
145,139,20
145,139,20
145,139,20
145,139,20
145,139,20
145,139,20
145,139,20
145,139,20
145,139,20
145,139,20
145,139,20
145,139,20
145,139,20
145,139,20
145,139,20
145,139,20
145,139,20
145,139,20
145,139,20
145,139,20
145,139,20
145,139,20
145,139,20
145,139,20
145,139,20
145,139,20
145,139,20
145,139,20
145,139,20
145,139,20
145,139,20
145,139,20
145,139,20
145,139,20
145,139,20
145,139,20
145,139,20
145,139,20
145,139,20
145,139,20
145,139,20
145,139,20
145,139,20
145,139,20
145,139,20
145,139,20
145,139,20
145,139,20
145,139,20
145,139,20
145,145,20
145,145,20
145,145,20
145,145,20
145,145,20
145,145,20
145,145,20
145,145,20
145,145,20
145,145,20
145,145,20
145,145,20
145,151,20
145,151,20
145,151,20
145,151,20
145,151,20
145,151,20
145,151,20
145,151,20
145,151,20
145,151,20
145,151,20
145,151,20
145,151,20
145,151,20
145,151,20
145,151,20
145,151,20
145,151,20
145,151,20
145,151,20
145,151,20
145,151,20
145,151,20
145,151,20
145,151,20
145,151,20
145,151,20
145,151,20
145,151,20
145,151,20
145,151,20
165,147,20
165,147,20
165,147,20
165,147,20
165,147,20
165,147,20
165,147,20
165,147,20
165,147,20
165,147,20
165,147,20
165,147,20
165,147,20
165,147,20
165,147,20
165,147,20
165,147,20
165,147,20
165,147,20
165,147,20
165,147,20
165,147,20
165,147,20
165,147,20
165,147,20
165,147,20
165,172,20
165,172,20
165,172,20
165,172,20
165,172,20
165,172,20
165,172,20
165,181,20
165,181,20
165,181,20
165,181,20
165,181,20
165,181,20
165,181,20
165,181,20
165,181,20
165,181,20
165,181,20
165,181,20
165,181,20
165,181,20
165,181,20
165,181,20
165,181,20
165,181,20
165,181,20
165,168,20
165,168,20
165,168,20
165,168,20
165,168,20
165,168,20
165,168,20
165,168,20
165,168,20
165,182,20
165,182,20
165,182,20
165,182,20
165,182,20
165,182,20
165,182,20
165,182,20
165,182,20
165,182,20
165,182,20
165,182,20
165,182,20
165,182,20
165,182,20
165,182,20
165,182,20
165,182,20
165,182,20
165,182,20
165,179,20
165,179,20
165,179,20
165,179,20
165,179,20
165,179,20
165,179,20
165,179,20
165,179,20
165,179,20
165,179,20
165,179,20
165,179,20
165,179,20
165,139,20
165,139,20
165,139,20
165,139,20
165,139,20
165,139,20
165,139,20
165,139,20
165,139,20
165,139,20
165,139,20
165,139,20
165,139,20
165,139,20
165,139,20
165,139,20
165,139,20
165,139,20
165,139,20
165,139,20
165,139,20
165,139,20
165,139,20
165,139,20
165,139,20
165,139,20
165,139,20
165,139,20
165,139,20
165,139,20
165,139,20
165,139,20
165,139,20
165,139,20
165,139,20
165,139,20
165,196,20
165,196,20
165,196,20
165,196,20
165,196,20
165,196,20
165,196,20
165,196,20
165,137,20
165,137,20
165,137,20
165,137,20
165,137,20
165,137,20
165,137,20
165,137,20
165,137,20
165,137,20
165,137,20
165,137,20
165,137,20
165,137,20
165,137,20
165,137,20
165,137,20
165,179,20
165,179,20
165,179,20
165,179,20
165,179,20
165,179,20
165,179,20
165,179,20
165,179,20
165,179,20
165,179,20
165,179,20
165,179,20
165,179,20
165,179,20
165,179,20
165,179,20
165,179,20
165,179,20
165,179,20
165,179,20
165,179,20
165,179,20
165,179,20
165,179,20
165,179,20
165,179,20
165,162,20
165,162,20
165,162,20
165,162,20
165,162,20
165,162,20
165,162,20
165,162,20
165,162,20
165,162,20
165,162,20
165,162,20
165,162,20
165,162,20
165,162,20
165,162,20
165,162,20
165,162,20
165,162,20
165,162,20
165,162,20
165,189,20
165,189,20
165,189,20
165,189,20
165,189,20
165,189,20
165,189,20
165,189,20
165,179,20
165,179,20
165,179,20
165,179,20
165,179,20
165,179,20
165,179,20
165,179,20
165,179,20
165,177,20
165,177,20
165,177,20
165,177,20
165,177,20
165,177,20
165,177,20
165,177,20
165,177,20
165,177,20
165,134,20
165,134,20
165,134,20
165,134,20
165,134,20
165,134,20
165,134,20
165,134,20
165,134,20
165,134,20
165,134,20
165,134,20
165,134,20
165,134,20
165,130,20
165,130,20
165,130,20
165,130,20
165,130,20
165,130,20
165,130,20
165,130,20
165,130,20
165,130,20
165,130,20
165,157,20
165,157,20
165,157,20
165,157,20
165,157,20
165,157,20
165,157,20
165,157,20
165,157,20
165,157,20
165,157,20
165,157,20
165,157,20
165,157,20
165,157,20
165,157,20
165,157,20
165,157,20
165,157,20
165,157,20
165,157,20
165,157,20
165,157,20
165,157,20
165,157,20
165,157,20
165,157,20
165,157,20
165,157,20
165,157,20
165,157,20
165,157,20
165,157,20
165,157,20
165,157,20
165,157,20
165,157,20
165,157,20
165,157,20
165,157,20
165,157,20
165,157,20
165,138,20
165,138,20
165,138,20
165,138,20
165,138,20
165,138,20
165,138,20
165,138,20
165,138,20
165,166,20
165,166,20
165,166,20
165,166,20
165,166,20
165,166,20
165,166,20
165,166,20
165,166,20
165,166,20
165,166,20
165,166,20
165,166,20
165,166,20
165,179,20
165,179,20
165,179,20
165,179,20
165,179,20
165,179,20
165,178,20
165,178,20
165,178,20
165,178,20
165,178,20
165,178,20
165,178,20
165,178,20
165,203,20
165,203,20
165,203,20
165,203,20
165,203,20
165,203,20
165,203,20
165,203,20
165,203,20
165,203,20
165,203,20
165,203,20
165,203,20
165,203,20
165,203,20
165,203,20
165,203,20
165,203,20
165,203,20
165,203,20
165,203,20
165,203,20
165,203,20
165,179,20
165,179,20
165,179,20
165,179,20
165,179,20
165,179,20
165,179,20
165,165,20
165,165,20
165,165,20
165,165,20
165,165,20
165,165,20
165,165,20
165,165,20
165,165,20
165,165,20
165,165,20
165,165,20
165,165,20
165,165,20
165,165,20
165,165,20
165,165,20
165,165,20
165,165,20
165,165,20
165,165,20
165,165,20
165,165,20
165,165,20
165,165,20
165,165,20
165,165,20
165,165,20
165,165,20
165,165,20
165,165,20
165,165,20
165,170,20
165,170,20
165,170,20
165,170,20
165,170,20
165,170,20
165,190,20
165,190,20
165,190,20
165,190,20
165,190,20
165,190,20
165,190,20
165,190,20
165,190,20
165,190,20
165,190,20
165,190,20
165,190,20
165,190,20
165,190,20
165,190,20
165,190,20
165,190,20
165,190,20
165,190,20
165,137,20
165,137,20
165,137,20
165,137,20
165,137,20
165,137,20
165,137,20
165,137,20
165,137,20
165,137,20
165,137,20
165,137,20
165,137,20
165,137,20
165,137,20
165,137,20
165,137,20
165,137,20
165,137,20
165,137,20
165,137,20
165,137,20
165,137,20
165,137,20
165,137,20
165,137,20
165,137,20
165,137,20
165,137,20
165,137,20
165,137,20
165,137,20
165,137,20
165,137,20
165,137,20
165,137,20
165,137,20
165,137,20
165,137,20
165,137,20
165,137,20
165,137,20
165,149,20
165,149,20
165,149,20
165,149,20
165,149,20
165,149,20
165,149,20
165,149,20
165,149,20
165,149,20
165,149,20
165,149,20
165,149,20
165,149,20
165,149,20
165,149,20
165,149,20
165,149,20
165,149,20
165,149,20
165,149,20
165,149,20
165,149,20
165,149,20
165,149,20
165,149,20
165,149,20
165,149,20
165,149,20
165,149,20
165,149,20
165,180,20
165,180,20
165,180,20
165,180,20
165,180,20
165,180,20
165,180,20
165,180,20
165,180,20
165,180,20
165,180,20
165,180,20
165,180,20
165,180,20
165,180,20
165,180,20
165,180,20
165,180,20
165,180,20
165,180,20
165,180,20
165,180,20
165,180,20
165,180,20
165,180,20
165,180,20
165,180,20
165,180,20
165,180,20
165,180,20
165,174,20
165,174,20
165,174,20
165,174,20
165,174,20
165,174,20
165,174,20
165,174,20
165,174,20
165,174,20
165,174,20
165,174,20
165,163,20
165,163,20
165,163,20
165,163,20
165,163,20
165,163,20
165,163,20
165,163,20
165,163,20
165,163,20
165,163,20
165,163,20
165,163,20
165,163,20
165,163,20
165,163,20
165,163,20
165,210,20
165,210,20
165,210,20
165,210,20
165,210,20
165,210,20
195,224,20
195,224,20
195,224,20
195,224,20
195,224,20
195,224,20
195,189,20
195,189,20
195,189,20
195,189,20
195,189,20
195,189,20
195,189,20
195,189,20
195,200,20
195,200,20
195,200,20
195,200,20
195,200,20
195,200,20
195,200,20
195,200,20
195,200,20
195,200,20
195,200,20
195,200,20
195,200,20
195,200,20
195,200,20
195,200,20
195,200,20
195,200,20
195,200,20
195,200,20
195,200,20
195,200,20
195,200,20
195,183,20
195,183,20
195,183,20
195,183,20
195,183,20
195,183,20
195,183,20
195,183,20
195,183,20
195,183,20
195,183,20
195,183,20
195,185,20
195,185,20
195,185,20
195,185,20
195,185,20
195,185,20
195,185,20
195,185,20
195,185,20
195,185,20
195,185,20
195,185,20
195,185,20
195,185,20
195,185,20
195,185,20
195,185,20
195,185,20
195,185,20
195,185,20
195,185,20
195,185,20
195,185,20
195,185,20
195,185,20
195,185,20
195,185,20
195,185,20
195,185,20
195,172,20
195,172,20
195,172,20
195,172,20
195,172,20
195,172,20
195,172,20
195,172,20
195,172,20
195,172,20
195,172,20
195,172,20
195,172,20
195,172,20
195,172,20
195,172,20
195,172,20
195,172,20
195,172,20
195,172,20
195,172,20
195,172,20
195,172,20
195,172,20
195,172,20
195,172,20
195,211,20
195,211,20
195,211,20
195,211,20
195,211,20
195,211,20
195,211,20
195,211,20
195,211,20
195,211,20
195,211,20
195,211,20
195,211,20
195,207,20
195,207,20
195,207,20
195,207,20
195,207,20
195,207,20
195,207,20
195,207,20
195,207,20
195,207,20
195,207,20
195,207,20
195,207,20
195,207,20
195,207,20
195,207,20
195,207,20
195,207,20
195,207,20
195,207,20
195,195,20
195,195,20
195,195,20
195,195,20
195,195,20
195,195,20
195,195,20
195,195,20
195,195,20
195,195,20
195,195,20
195,195,20
195,195,20
195,195,20
195,195,20
195,195,20
195,195,20
195,195,20
195,195,20
195,195,20
195,195,20
195,195,20
195,195,20
195,195,20
195,195,20
195,195,20
195,195,20
195,195,20
195,195,20
195,195,20
195,195,20
195,195,20
195,216,20
195,216,20
195,216,20
195,216,20
195,216,20
195,216,20
195,216,20
195,216,20
195,216,20
195,216,20
195,216,20
195,216,20
195,216,20
195,216,20
195,216,20
195,216,20
195,216,20
195,209,20
195,209,20
195,209,20
195,209,20
195,209,20
195,209,20
195,209,20
195,192,20
195,192,20
195,192,20
195,192,20
195,192,20
195,192,20
195,192,20
195,192,20
195,192,20
195,192,20
195,192,20
195,192,20
195,192,20
195,192,20
195,192,20
195,192,20
195,192,20
195,192,20
195,209,20
195,209,20
195,209,20
195,209,20
195,209,20
195,209,20
195,185,20
195,185,20
195,185,20
195,185,20
195,185,20
195,185,20
195,185,20
195,185,20
195,185,20
195,185,20
195,185,20
195,185,20
195,185,20
195,185,20
195,185,20
195,185,20
195,185,20
195,185,20
195,185,20
195,185,20
195,185,20
195,196,20
195,196,20
195,196,20
195,196,20
195,196,20
195,196,20
195,226,20
195,226,20
195,226,20
195,226,20
195,226,20
195,226,20
195,226,20
195,226,20
195,189,20
195,189,20
195,189,20
195,189,20
195,189,20
195,189,20
195,189,20
195,189,20
195,189,20
195,189,20
195,189,20
195,189,20
195,189,20
195,189,20
195,189,20
195,189,20
195,189,20
195,189,20
195,189,20
195,189,20
195,189,20
195,189,20
195,189,20
195,189,20
195,189,20
195,189,20
195,189,20
195,189,20
195,189,20
195,189,20
195,189,20
195,189,20
195,189,20
195,182,20
195,182,20
195,182,20
195,182,20
195,182,20
195,182,20
195,182,20
195,182,20
195,182,20
195,182,20
195,182,20
195,182,20
195,182,20
195,182,20
195,182,20
195,182,20
195,182,20
195,182,20
195,182,20
195,182,20
195,182,20
195,182,20
195,182,20
195,182,20
195,182,20
195,182,20
195,182,20
195,182,20
195,182,20
195,202,20
195,202,20
195,202,20
195,202,20
195,202,20
195,202,20
195,202,20
195,202,20
195,202,20
195,202,20
195,214,20
195,214,20
195,214,20
195,214,20
195,214,20
195,214,20
195,214,20
195,214,20
195,214,20
195,214,20
195,214,20
195,214,20
195,214,20
195,214,20
195,214,20
195,214,20
195,190,20
195,190,20
195,190,20
195,190,20
195,190,20
195,190,20
195,190,20
195,190,20
195,190,20
195,190,20
195,190,20
195,190,20
195,190,20
195,190,20
195,190,20
195,190,20
195,201,20
195,201,20
195,201,20
195,201,20
195,201,20
195,201,20
195,201,20
195,201,20
195,201,20
195,201,20
195,201,20
195,201,20
195,201,20
195,201,20
195,201,20
195,201,20
195,201,20
195,201,20
195,201,20
195,201,20
195,201,20
195,201,20
195,201,20
195,201,20
195,201,20
195,201,20
195,201,20
195,201,20
195,201,20
195,201,20
195,201,20
195,201,20
195,201,20
195,201,20
195,195,20
195,195,20
195,195,20
195,195,20
195,195,20
195,195,20
195,195,20
195,195,20
195,195,20
195,195,20
195,195,20
195,195,20
195,195,20
195,195,20
195,195,20
195,195,20
195,195,20
195,195,20
195,195,20
195,195,20
195,195,20
195,195,20
195,195,20
195,195,20
195,195,20
195,195,20
195,195,20
195,195,20
195,195,20
195,195,20
195,170,20
195,170,20
195,170,20
195,170,20
195,170,20
195,170,20
195,170,20
195,170,20
195,170,20
195,170,20
195,170,20
195,170,20
195,170,20
195,170,20
195,170,20
195,170,20
195,170,20
195,170,20
195,170,20
195,170,20
195,170,20
195,204,20
195,204,20
195,204,20
195,204,20
195,204,20
195,204,20
195,204,20
195,204,20
195,204,20
195,204,20
195,198,20
195,198,20
195,198,20
195,198,20
195,198,20
195,198,20
195,198,20
195,198,20
195,198,20
195,198,20
195,198,20
195,175,20
195,175,20
195,175,20
195,175,20
195,175,20
195,175,20
195,175,20
195,175,20
195,175,20
195,175,20
195,175,20
195,175,20
195,175,20
195,175,20
195,175,20
195,175,20
195,175,20
195,175,20
195,175,20
195,175,20
195,175,20
195,175,20
195,175,20
195,175,20
195,175,20
195,175,20
195,175,20
195,175,20
195,175,20
195,175,20
195,175,20
195,175,20
195,175,20
195,175,20
195,175,20
195,175,20
195,175,20
195,203,20
195,203,20
195,203,20
195,203,20
195,203,20
195,203,20
195,203,20
195,203,20
195,203,20
195,203,20
195,203,20
195,203,20
195,203,20
195,203,20
195,203,20
195,203,20
195,203,20
195,203,20
195,203,20
195,203,20
195,203,20
195,206,20
195,206,20
195,206,20
195,206,20
195,206,20
195,206,20
195,206,20
195,206,20
195,206,20
195,206,20
195,206,20
195,206,20
195,225,20
195,225,20
195,225,20
195,225,20
195,225,20
195,225,20
195,225,20
195,225,20
165,160,20
165,160,20
165,160,20
165,160,20
165,160,20
165,160,20
165,160,20
165,160,20
165,160,20
165,160,20
165,160,20
165,160,20
165,160,20
165,160,20
165,138,20
165,138,20
165,138,20
165,138,20
165,138,20
165,138,20
165,138,20
165,138,20
165,138,20
165,138,20
165,138,20
165,138,20
165,138,20
165,138,20
165,138,20
165,138,20
165,138,20
165,138,20
165,138,20
165,138,20
165,138,20
165,138,20
165,165,20
165,165,20
165,165,20
165,165,20
165,165,20
165,165,20
165,165,20
165,165,20
165,165,20
165,165,20
165,165,20
165,165,20
165,165,20
165,152,20
165,152,20
165,152,20
165,152,20
165,152,20
165,152,20
165,152,20
165,152,20
165,152,20
165,152,20
165,152,20
165,152,20
165,152,20
165,152,20
165,152,20
165,152,20
165,152,20
165,152,20
165,152,20
165,160,20
165,160,20
165,160,20
165,160,20
165,160,20
165,160,20
165,160,20
165,160,20
165,160,20
165,160,20
165,160,20
165,160,20
165,160,20
165,160,20
165,160,20
165,160,20
165,160,20
165,160,20
165,160,20
165,160,20
165,160,20
165,160,20
165,160,20
165,160,20
165,169,20
165,169,20
165,169,20
165,169,20
165,169,20
165,169,20
165,138,20
165,138,20
165,138,20
165,138,20
165,138,20
165,138,20
165,138,20
165,138,20
165,138,20
165,138,20
165,138,20
165,138,20
165,138,20
165,138,20
165,138,20
165,138,20
165,138,20
165,138,20
165,138,20
165,138,20
165,138,20
165,138,20
165,138,20
165,138,20
165,138,20
165,138,20
165,138,20
165,138,20
165,138,20
165,138,20
165,138,20
165,138,20
165,161,20
165,161,20
165,161,20
165,161,20
165,161,20
165,161,20
165,161,20
165,161,20
165,161,20
165,161,20
165,161,20
165,161,20
165,161,20
165,161,20
165,161,20
165,161,20
165,144,20
165,144,20
165,144,20
165,144,20
165,144,20
165,144,20
165,144,20
165,144,20
165,144,20
165,144,20
165,144,20
165,144,20
165,144,20
165,144,20
165,162,20
165,162,20
165,162,20
165,162,20
165,162,20
165,162,20
165,162,20
165,162,20
165,162,20
165,162,20
165,162,20
165,162,20
165,162,20
165,162,20
165,162,20
165,162,20
165,162,20
165,162,20
165,162,20
165,162,20
165,162,20
165,162,20
165,162,20
165,169,20
165,169,20
165,169,20
165,169,20
165,169,20
165,169,20
165,169,20
165,169,20
165,169,20
165,169,20
165,169,20
165,174,20
165,174,20
165,174,20
165,174,20
165,174,20
165,174,20
165,183,20
165,183,20
165,183,20
165,183,20
165,183,20
165,183,20
165,183,20
165,183,20
165,183,20
165,183,20
165,183,20
165,183,20
165,183,20
165,183,20
165,183,20
165,183,20
165,183,20
165,157,20
165,157,20
165,157,20
165,157,20
165,157,20
165,157,20
165,157,20
165,157,20
165,157,20
165,157,20
165,157,20
165,157,20
165,157,20
165,157,20
165,157,20
165,157,20
165,157,20
165,157,20
165,157,20
165,157,20
165,196,20
165,196,20
165,196,20
165,196,20
165,196,20
165,196,20
165,196,20
165,196,20
165,196,20
165,196,20
165,196,20
165,196,20
165,196,20
165,196,20
165,196,20
165,196,20
165,196,20
165,196,20
165,176,20
165,176,20
165,176,20
165,176,20
165,176,20
165,176,20
165,176,20
165,144,20
165,144,20
165,144,20
165,144,20
165,144,20
165,144,20
165,144,20
165,144,20
165,144,20
165,144,20
165,144,20
165,144,20
165,144,20
165,144,20
165,144,20
165,172,20
165,172,20
165,172,20
165,172,20
165,172,20
165,172,20
165,172,20
165,172,20
165,172,20
165,172,20
165,172,20
165,172,20
165,172,20
165,172,20
165,172,20
165,172,20
165,172,20
165,172,20
165,172,20
165,172,20
165,172,20
165,172,20
165,172,20
165,172,20
165,172,20
165,165,20
165,165,20
165,165,20
165,165,20
165,165,20
165,165,20
165,165,20
165,165,20
165,165,20
165,165,20
165,165,20
165,165,20
165,165,20
165,165,20
165,165,20
165,165,20
165,165,20
165,165,20
165,172,20
165,172,20
165,172,20
165,172,20
165,172,20
165,172,20
165,172,20
165,153,20
165,153,20
165,153,20
165,153,20
165,153,20
165,153,20
165,153,20
165,153,20
165,153,20
165,142,20
165,142,20
165,142,20
165,142,20
165,142,20
165,142,20
165,142,20
165,142,20
165,142,20
165,142,20
165,142,20
165,142,20
165,142,20
165,142,20
165,142,20
165,142,20
165,142,20
165,142,20
165,142,20
165,142,20
165,142,20
165,142,20
165,184,20
165,184,20
165,184,20
165,184,20
165,184,20
165,184,20
165,184,20
165,184,20
165,184,20
165,184,20
165,184,20
165,184,20
165,184,20
165,184,20
165,184,20
165,184,20
165,184,20
165,184,20
165,184,20
165,184,20
165,184,20
165,184,20
165,184,20
165,184,20
165,184,20
165,184,20
165,184,20
165,184,20
165,184,20
165,184,20
165,184,20
165,184,20
165,184,20
165,184,20
165,184,20
165,148,20
165,148,20
165,148,20
165,148,20
165,148,20
165,148,20
165,148,20
165,148,20
165,148,20
165,148,20
165,148,20
165,148,20
165,148,20
165,148,20
165,183,20
165,183,20
165,183,20
165,183,20
165,183,20
165,183,20
165,183,20
165,189,20
165,189,20
165,189,20
165,189,20
165,189,20
165,189,20
165,189,20
165,189,20
165,189,20
165,189,20
165,189,20
165,189,20
165,189,20
165,189,20
165,189,20
165,189,20
165,189,20
165,189,20
165,189,20
165,189,20
165,189,20
165,189,20
165,189,20
165,189,20
165,164,20
165,164,20
165,164,20
165,164,20
165,164,20
165,164,20
165,164,20
165,164,20
165,164,20
165,164,20
165,164,20
165,164,20
165,164,20
165,164,20
165,164,20
165,164,20
165,164,20
165,164,20
165,164,20
165,164,20
165,164,20
165,164,20
165,164,20
165,164,20
165,164,20
165,164,20
165,164,20
165,164,20
165,164,20
165,164,20
165,164,20
165,164,20
165,164,20
165,164,20
165,164,20
165,164,20
165,164,20
165,164,20
165,164,20
165,186,20
165,186,20
165,186,20
165,186,20
165,186,20
165,186,20
165,186,20
165,186,20
165,186,20
165,186,20
165,186,20
165,164,20
165,164,20
165,164,20
165,164,20
165,164,20
165,164,20
165,164,20
165,164,20
165,164,20
165,164,20
165,164,20
165,164,20
165,164,20
165,164,20
165,164,20
165,164,20
165,164,20
165,164,20
165,164,20
165,164,20
165,164,20
165,164,20
165,164,20
165,164,20
165,164,20
165,164,20
165,164,20
165,164,20
165,164,20
165,164,20
165,164,20
165,164,20
165,164,20
165,164,20
165,164,20
165,164,20
165,164,20
165,164,20
165,164,20
165,164,20
165,164,20
165,164,20
165,164,20
165,164,20
165,164,20
165,164,20
165,164,20
165,164,20
165,164,20
165,164,20
165,164,20
165,164,20
165,164,20
165,164,20
165,164,20
165,164,20
165,164,20
165,164,20
165,176,20
165,176,20
165,176,20
165,176,20
165,176,20
165,176,20
165,176,20
165,176,20
165,176,20
165,176,20
165,176,20
165,176,20
165,176,20
165,176,20
165,176,20
165,176,20
165,176,20
165,176,20
165,176,20
165,176,20
165,176,20
165,162,20
165,162,20
165,162,20
165,162,20
165,162,20
165,162,20
165,162,20
165,162,20
165,162,20
165,162,20
165,162,20
165,147,20
165,147,20
165,147,20
165,147,20
165,147,20
165,147,20
165,147,20
165,147,20
165,147,20
165,147,20
165,147,20
165,147,20
165,147,20
165,147,20
165,147,20
165,147,20
165,138,20
165,138,20
165,138,20
165,138,20
165,138,20
165,138,20
165,138,20
165,138,20
165,138,20
165,138,20
165,138,20
165,138,20
165,138,20
165,138,20
165,138,20
165,138,20
165,160,20
165,160,20
165,160,20
165,160,20
165,160,20
165,160,20
165,160,20
165,160,20
165,160,20
165,160,20
165,167,20
165,167,20
165,167,20
165,167,20
165,167,20
165,167,20
165,167,20
165,167,20
165,148,20
165,148,20
165,148,20
165,148,20
165,148,20
165,148,20
165,148,20
165,148,20
165,148,20
165,148,20
165,148,20
165,148,20
165,148,20
165,148,20
165,148,20
165,148,20
165,148,20
165,148,20
165,148,20
165,148,20
165,148,20
165,148,20
165,148,20
165,148,20
165,148,20
165,164,20
165,164,20
165,164,20
165,164,20
165,164,20
165,164,20
165,164,20
165,164,20
165,160,20
165,160,20
165,160,20
165,160,20
165,160,20
165,160,20
165,160,20
165,160,20
165,160,20
165,160,20
165,160,20
165,160,20
165,160,20
165,160,20
165,160,20
165,160,20
165,160,20
165,160,20
165,160,20
165,160,20
165,160,20
165,160,20
165,160,20
165,160,20
165,160,20
165,160,20
165,160,20
165,160,20
165,160,20
165,160,20
165,160,20
165,160,20
165,160,20
165,160,20
165,206,20
165,206,20
165,206,20
165,206,20
165,206,20
165,206,20
165,206,20
165,206,20
165,206,20
165,206,20
165,206,20
165,206,20
165,206,20
165,206,20
195,182,20
195,182,20
195,182,20
195,182,20
195,182,20
195,182,20
195,182,20
195,182,20
195,182,20
195,182,20
195,182,20
195,182,20
195,182,20
195,182,20
195,182,20
195,182,20
195,182,20
195,182,20
195,182,20
195,182,20
195,182,20
195,181,20
195,181,20
195,181,20
195,181,20
195,181,20
195,181,20
195,181,20
195,181,20
195,181,20
195,181,20
195,227,20
195,227,20
195,227,20
195,227,20
195,227,20
195,227,20
195,227,20
195,227,20
195,227,20
195,227,20
195,227,20
195,227,20
195,227,20
195,227,20
195,227,20
195,227,20
195,227,20
195,227,20
195,227,20
195,190,20
195,190,20
195,190,20
195,190,20
195,190,20
195,190,20
195,190,20
195,190,20
195,190,20
195,190,20
195,190,20
195,190,20
195,190,20
195,190,20
195,190,20
195,190,20
195,190,20
195,190,20
195,190,20
195,190,20
195,190,20
195,190,20
195,190,20
195,221,20
195,221,20
195,221,20
195,221,20
195,221,20
195,221,20
195,221,20
195,221,20
195,221,20
195,221,20
195,221,20
195,221,20
195,194,20
195,194,20
195,194,20
195,194,20
195,194,20
195,194,20
195,215,20
195,215,20
195,215,20
195,215,20
195,215,20
195,215,20
195,215,20
195,215,20
195,215,20
195,215,20
195,215,20
195,153,20
195,153,20
195,153,20
195,153,20
195,153,20
195,153,20
195,153,20
195,153,20
195,153,20
195,153,20
195,184,20
195,184,20
195,184,20
195,184,20
195,184,20
195,184,20
195,184,20
195,184,20
195,184,20
195,184,20
195,184,20
195,184,20
195,184,20
195,184,20
195,184,20
195,228,20
195,228,20
195,228,20
195,228,20
195,228,20
195,228,20
195,228,20
195,228,20
195,228,20
195,228,20
195,228,20
195,174,20
195,174,20
195,174,20
195,174,20
195,174,20
195,174,20
195,174,20
195,174,20
195,174,20
195,174,20
195,174,20
195,174,20
195,174,20
195,174,20
195,174,20
195,174,20
195,174,20
195,174,20
195,174,20
195,174,20
195,174,20
195,174,20
195,174,20
195,174,20
195,174,20
195,174,20
195,174,20
195,174,20
195,174,20
195,174,20
195,174,20
195,174,20
195,174,20
195,174,20
195,174,20
195,174,20
195,174,20
195,174,20
195,189,20
195,189,20
195,189,20
195,189,20
195,189,20
195,189,20
195,189,20
195,184,20
195,184,20
195,184,20
195,184,20
195,184,20
195,184,20
195,184,20
195,184,20
195,184,20
195,184,20
195,184,20
195,184,20
195,184,20
195,184,20
195,184,20
195,184,20
195,184,20
195,165,20
195,165,20
195,165,20
195,165,20
195,165,20
195,165,20
195,165,20
195,165,20
195,165,20
195,182,20
195,182,20
195,182,20
195,182,20
195,182,20
195,182,20
195,182,20
195,182,20
195,182,20
195,182,20
195,182,20
195,182,20
195,182,20
195,182,20
195,191,20
195,191,20
195,191,20
195,191,20
195,191,20
195,191,20
195,191,20
195,191,20
195,191,20
195,191,20
195,191,20
195,191,20
195,191,20
195,211,20
195,211,20
195,211,20
195,211,20
195,211,20
195,211,20
195,211,20
195,211,20
195,211,20
195,189,20
195,189,20
195,189,20
195,189,20
195,189,20
195,189,20
195,189,20
195,189,20
195,189,20
195,212,20
195,212,20
195,212,20
195,212,20
195,212,20
195,212,20
195,212,20
195,212,20
195,212,20
195,212,20
195,212,20
195,212,20
195,212,20
195,212,20
195,212,20
195,212,20
195,212,20
195,212,20
195,212,20
195,212,20
195,212,20
195,212,20
195,212,20
195,212,20
195,212,20
195,212,20
195,212,20
195,212,20
195,212,20
195,212,20
195,212,20
195,212,20
195,212,20
195,212,20
195,212,20
195,212,20
195,212,20
195,212,20
195,212,20
195,212,20
195,216,20
195,216,20
195,216,20
195,216,20
195,216,20
195,216,20
195,216,20
195,216,20
195,216,20
195,216,20
195,216,20
195,216,20
195,216,20
195,216,20
195,216,20
195,216,20
195,216,20
195,216,20
195,216,20
195,216,20
195,216,20
195,216,20
195,216,20
195,216,20
195,170,20
195,170,20
195,170,20
195,170,20
195,170,20
195,170,20
195,170,20
195,170,20
195,176,20
195,176,20
195,176,20
195,176,20
195,176,20
195,176,20
195,176,20
195,176,20
195,176,20
195,176,20
195,176,20
195,176,20
195,176,20
195,176,20
195,176,20
195,176,20
195,176,20
195,176,20
195,176,20
195,176,20
195,170,20
195,170,20
195,170,20
195,170,20
195,170,20
195,170,20
195,170,20
195,170,20
195,170,20
195,170,20
195,170,20
195,170,20
195,170,20
195,170,20
195,170,20
195,170,20
195,170,20
195,170,20
195,170,20
195,170,20
195,187,20
195,187,20
195,187,20
195,187,20
195,187,20
195,187,20
195,187,20
195,187,20
195,187,20
195,187,20
195,187,20
195,187,20
195,180,20
195,180,20
195,180,20
195,180,20
195,180,20
195,180,20
195,180,20
195,180,20
195,180,20
195,180,20
195,180,20
195,180,20
195,186,20
195,186,20
195,186,20
195,186,20
195,186,20
195,186,20
195,186,20
195,186,20
195,186,20
195,186,20
195,186,20
195,186,20
195,186,20
195,186,20
195,186,20
195,204,20
195,204,20
195,204,20
195,204,20
195,204,20
195,204,20
195,204,20
195,204,20
195,204,20
195,204,20
195,204,20
195,204,20
195,204,20
195,204,20
195,204,20
195,204,20
195,204,20
195,204,20
195,204,20
195,204,20
195,204,20
195,204,20
195,204,20
195,204,20
195,204,20
195,204,20
195,204,20
195,204,20
195,204,20
195,204,20
195,204,20
195,204,20
195,204,20
195,204,20
195,204,20
195,204,20
195,204,20
195,204,20
195,204,20
195,204,20
195,204,20
195,214,20
195,214,20
195,214,20
195,214,20
195,214,20
195,214,20
195,214,20
195,214,20
195,214,20
195,214,20
195,214,20
195,214,20
195,214,20
195,214,20
195,214,20
195,214,20
195,214,20
195,214,20
195,214,20
195,214,20
195,214,20
195,185,20
195,185,20
195,185,20
195,185,20
195,185,20
195,185,20
195,185,20
195,185,20
195,185,20
195,185,20
195,185,20
195,185,20
195,185,20
195,201,20
195,201,20
195,201,20
195,201,20
195,201,20
195,201,20
195,201,20
195,201,20
195,201,20
195,201,20
195,201,20
195,201,20
195,201,20
195,201,20
195,201,20
195,201,20
195,201,20
195,207,20
195,207,20
195,207,20
195,207,20
195,207,20
195,207,20
195,207,20
195,207,20
195,207,20
195,207,20
195,207,20
195,207,20
195,207,20
195,207,20
195,191,20
195,191,20
195,191,20
195,191,20
195,191,20
195,191,20
195,191,20
195,191,20
195,231,20
195,231,20
195,231,20
195,231,20
195,231,20
195,231,20
195,231,20
195,231,20
195,231,20
195,231,20
195,231,20
195,231,20
195,231,20
195,231,20
195,231,20
195,231,20
195,231,20
195,231,20
195,231,20
195,173,20
195,173,20
195,173,20
195,173,20
195,173,20
195,173,20
195,173,20
195,173,20
195,173,20
195,173,20
195,173,20
195,173,20
195,173,20
195,173,20
195,173,20
195,173,20
195,200,20
195,200,20
195,200,20
195,200,20
195,200,20
195,200,20
195,200,20
195,200,20
195,200,20
195,200,20
195,200,20
195,200,20
195,200,20
195,164,20
195,164,20
195,164,20
195,164,20
195,164,20
195,164,20
195,164,20
195,164,20
195,164,20
195,164,20
195,164,20
195,164,20
195,164,20
195,164,20
195,211,20
195,211,20
195,211,20
195,211,20
195,211,20
195,211,20
195,211,20
195,211,20
195,211,20
195,211,20
195,211,20
195,211,20
195,211,20
195,211,20
195,211,20
195,211,20
195,211,20
195,211,20
195,211,20
195,211,20
195,181,20
195,181,20
195,181,20
195,181,20
195,181,20
195,181,20
195,181,20
195,181,20
195,181,20
195,181,20
195,181,20
195,181,20
195,181,20
195,181,20
195,181,20
195,181,20
195,181,20
195,181,20
195,176,20
195,176,20
195,176,20
195,176,20
195,176,20
195,176,20
195,176,20
195,176,20
195,176,20
195,176,20
195,181,20
195,181,20
195,181,20
195,181,20
195,181,20
195,181,20
195,181,20
195,200,20
195,200,20
195,200,20
195,200,20
195,200,20
195,200,20
195,200,20
195,168,20
195,168,20
195,168,20
195,168,20
195,168,20
195,168,20
195,168,20
195,168,20
195,168,20
195,168,20
195,168,20
195,168,20
195,168,20
195,168,20
195,168,20
195,168,20
195,168,20
195,168,20
195,168,20
195,168,20
195,168,20
195,168,20
195,168,20
195,168,20
195,168,20
195,168,20
195,168,20
195,168,20
195,168,20
195,168,20
195,168,20
195,168,20
195,168,20
195,198,20
195,198,20
195,198,20
195,198,20
195,198,20
195,198,20
195,172,20
195,172,20
195,172,20
195,172,20
195,172,20
195,172,20
195,172,20
195,172,20
195,172,20
195,172,20
195,172,20
195,172,20
195,172,20
195,172,20
195,172,20
195,182,20
195,182,20
195,182,20
195,182,20
195,182,20
195,182,20
195,182,20
195,182,20
195,182,20
195,182,20
195,182,20
195,182,20
195,182,20
195,182,20
195,182,20
195,182,20
195,192,20
195,192,20
195,192,20
195,192,20
195,192,20
195,192,20
195,192,20
195,192,20
195,192,20
195,192,20
195,192,20
195,192,20
195,192,20
195,192,20
195,192,20
195,192,20
195,192,20
195,192,20
195,192,20
195,192,20
195,192,20
195,192,20
195,192,20
195,192,20
195,192,20
195,192,20
195,192,20
195,192,20
195,192,20
195,192,20
195,192,20
195,192,20
195,192,20
195,192,20
195,192,20
195,192,20
195,192,20
195,192,20
195,192,20
195,192,20
195,192,20
195,192,20
195,192,20
195,192,20
195,192,20
195,192,20
195,192,20
195,192,20
195,192,20
195,192,20
195,192,20
195,192,20
195,192,20
195,192,20
195,192,20
195,192,20
195,163,20
195,163,20
195,163,20
195,163,20
195,163,20
195,163,20
195,163,20
195,163,20
195,163,20
195,163,20
195,163,20
195,163,20
225,217,20
225,217,20
225,217,20
225,217,20
225,217,20
225,217,20
225,217,20
225,217,20
225,217,20
225,217,20
225,206,20
225,206,20
225,206,20
225,206,20
225,206,20
225,206,20
225,206,20
225,206,20
225,206,20
225,206,20
225,206,20
225,206,20
225,206,20
225,227,20
225,227,20
225,227,20
225,227,20
225,227,20
225,227,20
225,227,20
225,227,20
225,227,20
225,227,20
225,227,20
225,227,20
225,227,20
225,227,20
225,227,20
225,227,20
225,227,20
225,227,20
225,227,20
225,227,20
225,227,20
225,227,20
225,227,20
225,227,20
225,227,20
225,227,20
225,227,20
225,227,20
225,227,20
225,227,20
225,227,20
225,227,20
225,227,20
225,227,20
225,227,20
225,227,20
225,227,20
225,227,20
225,227,20
225,227,20
225,227,20
225,238,20
225,238,20
225,238,20
225,238,20
225,238,20
225,238,20
225,238,20
225,238,20
225,238,20
225,238,20
225,210,20
225,210,20
225,210,20
225,210,20
225,210,20
225,210,20
225,210,20
225,210,20
225,210,20
225,210,20
225,210,20
225,210,20
225,210,20
225,210,20
225,210,20
225,210,20
225,210,20
225,210,20
225,210,20
225,210,20
225,210,20
225,210,20
225,210,20
225,210,20
225,210,20
225,210,20
225,210,20
225,210,20
225,210,20
225,210,20
225,210,20
225,210,20
225,221,20
225,221,20
225,221,20
225,221,20
225,221,20
225,221,20
225,221,20
225,221,20
225,221,20
225,221,20
225,221,20
225,221,20
225,221,20
225,221,20
225,221,20
225,221,20
225,221,20
225,221,20
225,221,20
225,221,20
225,221,20
225,221,20
225,221,20
225,221,20
225,221,20
225,221,20
225,221,20
225,221,20
225,221,20
225,221,20
225,246,20
225,246,20
225,246,20
225,246,20
225,246,20
225,246,20
225,246,20
225,246,20
225,246,20
225,246,20
225,246,20
225,246,20
225,246,20
225,246,20
225,246,20
225,246,20
225,246,20
225,246,20
225,246,20
225,222,20
225,222,20
225,222,20
225,222,20
225,222,20
225,222,20
225,222,20
225,222,20
225,222,20
225,222,20
225,222,20
225,222,20
225,222,20
225,222,20
225,222,20
225,222,20
225,222,20
225,222,20
225,222,20
225,222,20
225,222,20
225,222,20
225,222,20
225,222,20
225,222,20
225,222,20
225,222,20
225,222,20
225,222,20
225,222,20
225,222,20
225,222,20
225,222,20
225,222,20
225,222,20
225,230,20
225,230,20
225,230,20
225,230,20
225,230,20
225,230,20
225,230,20
225,230,20
225,230,20
225,230,20
225,230,20
225,230,20
225,230,20
225,230,20
225,230,20
225,242,20
225,242,20
225,242,20
225,242,20
225,242,20
225,242,20
225,222,20
225,222,20
225,222,20
225,222,20
225,222,20
225,222,20
225,222,20
225,222,20
225,222,20
225,222,20
225,222,20
225,222,20
225,222,20
225,222,20
225,222,20
225,222,20
225,222,20
225,222,20
225,222,20
225,222,20
225,222,20
225,222,20
225,222,20
225,222,20
225,222,20
225,222,20
225,222,20
225,222,20
225,222,20
225,222,20
225,222,20
225,222,20
225,222,20
225,222,20
225,222,20
225,222,20
225,222,20
225,222,20
225,222,20
225,222,20
225,222,20
225,222,20
225,222,20
225,222,20
225,222,20
225,222,20
225,222,20
225,222,20
225,222,20
225,222,20
225,222,20
225,222,20
225,222,20
225,217,20
225,217,20
225,217,20
225,217,20
225,217,20
225,217,20
225,217,20
225,217,20
225,217,20
225,217,20
225,217,20
225,217,20
225,217,20
225,217,20
225,217,20
225,217,20
225,217,20
225,217,20
225,217,20
225,217,20
225,217,20
225,217,20
225,217,20
225,217,20
225,217,20
225,217,20
225,221,20
225,221,20
225,221,20
225,221,20
225,221,20
225,221,20
225,221,20
225,221,20
225,221,20
225,221,20
225,221,20
225,219,20
225,219,20
225,219,20
225,219,20
225,219,20
225,219,20
225,219,20
225,219,20
225,219,20
225,219,20
225,219,20
225,219,20
225,219,20
225,219,20
225,219,20
225,219,20
225,219,20
225,219,20
225,219,20
225,219,20
225,219,20
225,219,20
225,219,20
225,219,20
225,219,20
225,218,20
225,218,20
225,218,20
225,218,20
225,218,20
225,218,20
225,218,20
225,218,20
225,218,20
225,218,20
225,218,20
225,218,20
225,218,20
225,218,20
225,218,20
225,218,20
225,218,20
225,218,20
225,218,20
225,224,20
225,224,20
225,224,20
225,224,20
225,224,20
225,224,20
225,224,20
225,224,20
225,224,20
225,224,20
225,224,20
225,224,20
225,224,20
225,224,20
225,224,20
225,224,20
225,224,20
225,224,20
225,224,20
225,224,20
225,224,20
225,224,20
225,224,20
225,224,20
225,224,20
225,224,20
225,224,20
225,224,20
225,224,20
225,224,20
225,224,20
225,224,20
225,224,20
225,224,20
225,224,20
225,224,20
225,224,20
225,224,20
225,224,20
225,229,20
225,229,20
225,229,20
225,229,20
225,229,20
225,229,20
225,229,20
225,229,20
225,229,20
225,229,20
225,229,20
225,229,20
225,229,20
225,229,20
225,229,20
225,229,20
225,229,20
225,229,20
225,229,20
225,229,20
225,229,20
225,229,20
225,229,20
225,229,20
225,229,20
225,229,20
225,229,20
225,229,20
225,229,20
225,229,20
225,229,20
225,229,20
225,219,20
225,219,20
225,219,20
225,219,20
225,219,20
225,219,20
225,219,20
225,219,20
225,219,20
225,219,20
225,219,20
225,219,20
225,219,20
225,219,20
225,219,20
225,219,20
225,219,20
225,219,20
225,219,20
225,219,20
225,219,20
225,219,20
225,219,20
225,219,20
225,219,20
225,219,20
225,219,20
225,219,20
225,219,20
225,219,20
225,219,20
225,219,20
225,219,20
225,219,20
225,219,20
225,219,20
225,219,20
225,219,20
225,219,20
225,219,20
225,211,20
225,211,20
225,211,20
225,211,20
225,211,20
225,211,20
225,211,20
225,211,20
225,211,20
225,211,20
225,211,20
225,247,20
225,247,20
225,247,20
225,247,20
225,247,20
225,247,20
225,247,20
225,247,20
225,247,20
225,247,20
225,247,20
225,247,20
225,247,20
225,247,20
225,255,20
225,255,20
225,255,20
225,255,20
225,255,20
225,255,20
225,255,20
225,255,20
225,255,20
225,255,20
225,255,20
225,255,20
225,255,20
225,255,20
225,255,20
225,255,20
225,255,20
225,255,20
225,186,20
225,186,20
225,186,20
225,186,20
225,186,20
225,186,20
225,186,20
225,186,20
225,186,20
225,186,20
225,186,20
225,186,20
225,186,20
225,186,20
225,186,20
225,186,20
225,186,20
225,186,20
225,186,20
225,186,20
225,186,20
225,186,20
225,186,20
225,186,20
225,186,20
225,186,20
225,186,20
225,186,20
225,186,20
225,186,20
225,186,20
225,186,20
225,186,20
225,186,20
225,186,20
225,206,20
225,206,20
225,206,20
225,206,20
225,206,20
225,206,20
225,206,20
225,206,20
225,206,20
225,206,20
225,206,20
225,206,20
225,206,20
225,206,20
225,206,20
225,206,20
225,206,20
225,206,20
225,206,20
225,206,20
225,206,20
225,206,20
225,206,20
225,206,20
225,206,20
225,206,20
225,206,20
225,206,20
225,206,20
225,206,20
225,206,20
225,206,20
225,206,20
225,240,20
225,240,20
225,240,20
225,240,20
225,240,20
225,240,20
225,240,20
225,240,20
225,240,20
225,240,20
225,240,20
225,240,20
225,240,20
225,240,20
225,240,20
225,240,20
225,240,20
225,240,20
225,240,20
225,240,20
225,218,20
225,218,20
225,218,20
225,218,20
225,218,20
225,218,20
225,218,20
225,218,20
225,218,20
225,218,20
225,218,20
225,218,20
225,218,20
225,218,20
225,218,20
225,218,20
225,218,20
225,218,20
225,218,20
225,218,20
225,218,20
225,218,20
225,231,20
225,231,20
225,231,20
225,231,20
225,231,20
225,231,20
225,231,20
225,231,20
225,231,20
225,231,20
225,231,20
205,229,20
205,229,20
205,229,20
205,229,20
205,229,20
205,229,20
205,229,20
205,229,20
205,229,20
205,229,20
205,229,20
205,229,20
205,229,20
205,229,20
205,229,20
205,229,20
205,229,20
205,200,20
205,200,20
205,200,20
205,200,20
205,200,20
205,200,20
205,200,20
205,200,20
205,200,20
205,213,20
205,213,20
205,213,20
205,213,20
205,213,20
205,213,20
205,213,20
205,254,20
205,254,20
205,254,20
205,254,20
205,254,20
205,254,20
205,254,20
205,254,20
205,254,20
205,222,20
205,222,20
205,222,20
205,222,20
205,222,20
205,222,20
205,222,20
205,222,20
205,222,20
205,222,20
205,222,20
205,222,20
205,222,20
205,222,20
205,222,20
205,222,20
205,222,20
205,222,20
205,222,20
205,222,20
205,222,20
205,222,20
205,222,20
205,222,20
205,222,20
205,222,20
205,222,20
205,222,20
205,222,20
205,222,20
205,222,20
205,222,20
205,222,20
205,222,20
205,222,20
205,222,20
205,222,20
205,222,20
205,247,20
205,247,20
205,247,20
205,247,20
205,247,20
205,247,20
205,247,20
205,247,20
205,247,20
205,207,20
205,207,20
205,207,20
205,207,20
205,207,20
205,207,20
205,207,20
205,207,20
205,207,20
205,207,20
205,207,20
205,207,20
205,207,20
205,207,20
205,207,20
205,207,20
205,207,20
205,207,20
205,207,20
205,207,20
205,207,20
205,207,20
205,207,20
205,207,20
205,207,20
205,207,20
205,207,20
205,207,20
205,207,20
205,207,20
205,207,20
205,207,20
205,207,20
205,207,20
205,207,20
205,207,20
205,207,20
205,207,20
205,207,20
205,207,20
205,209,20
205,209,20
205,209,20
205,209,20
205,209,20
205,209,20
205,209,20
205,209,20
205,209,20
205,209,20
205,209,20
205,209,20
205,209,20
205,209,20
205,209,20
205,209,20
205,209,20
205,209,20
205,209,20
205,209,20
205,209,20
205,209,20
205,226,20
205,226,20
205,226,20
205,226,20
205,226,20
205,226,20
205,226,20
205,226,20
205,226,20
205,226,20
205,226,20
205,217,20
205,217,20
205,217,20
205,217,20
205,217,20
205,217,20
205,217,20
205,217,20
205,217,20
205,217,20
205,217,20
205,217,20
205,217,20
205,217,20
205,217,20
205,217,20
205,217,20
205,217,20
205,217,20
205,217,20
205,217,20
205,217,20
205,217,20
205,217,20
205,217,20
205,217,20
205,217,20
205,217,20
205,217,20
205,217,20
205,217,20
205,217,20
205,217,20
205,217,20
205,217,20
205,217,20
205,217,20
205,217,20
205,217,20
205,217,20
205,217,20
205,217,20
205,217,20
205,224,20
205,224,20
205,224,20
205,224,20
205,224,20
205,224,20
205,224,20
205,224,20
205,224,20
205,224,20
205,224,20
205,224,20
205,224,20
205,224,20
205,224,20
205,224,20
205,224,20
205,224,20
205,224,20
205,224,20
205,224,20
205,224,20
205,224,20
205,224,20
205,224,20
205,224,20
205,224,20
205,224,20
205,224,20
205,224,20
205,224,20
205,224,20
205,224,20
205,224,20
205,224,20
205,224,20
205,224,20
205,224,20
205,224,20
205,224,20
205,224,20
205,174,20
205,174,20
205,174,20
205,174,20
205,174,20
205,174,20
205,198,20
205,198,20
205,198,20
205,198,20
205,198,20
205,198,20
205,198,20
205,198,20
205,198,20
205,198,20
205,198,20
205,198,20
205,198,20
205,198,20
205,198,20
205,198,20
205,198,20
205,198,20
205,198,20
205,198,20
205,198,20
205,198,20
205,198,20
205,198,20
205,198,20
205,198,20
205,198,20
205,198,20
205,198,20
205,198,20
205,198,20
205,198,20
205,198,20
205,198,20
205,206,20
205,206,20
205,206,20
205,206,20
205,206,20
205,206,20
205,206,20
205,206,20
205,206,20
205,206,20
205,206,20
205,206,20
205,206,20
205,206,20
205,206,20
205,206,20
205,206,20
205,206,20
205,206,20
205,206,20
205,206,20
205,206,20
205,206,20
205,206,20
205,206,20
205,206,20
205,206,20
205,192,20
205,192,20
205,192,20
205,192,20
205,192,20
205,192,20
205,220,20
205,220,20
205,220,20
205,220,20
205,220,20
205,220,20
205,220,20
205,220,20
205,220,20
205,220,20
205,220,20
205,220,20
205,220,20
205,220,20
205,220,20
205,220,20
205,220,20
205,220,20
205,220,20
205,220,20
205,220,20
205,220,20
205,220,20
205,220,20
205,220,20
205,230,20
205,230,20
205,230,20
205,230,20
205,230,20
205,230,20
205,230,20
205,186,20
205,186,20
205,186,20
205,186,20
205,186,20
205,186,20
205,186,20
205,186,20
205,186,20
205,186,20
205,186,20
205,186,20
205,186,20
205,186,20
205,186,20
205,186,20
205,186,20
205,186,20
205,186,20
205,186,20
205,186,20
205,186,20
205,186,20
205,186,20
205,186,20
205,186,20
205,186,20
205,186,20
205,186,20
205,186,20
205,201,20
205,201,20
205,201,20
205,201,20
205,201,20
205,201,20
205,201,20
205,201,20
205,201,20
205,201,20
205,201,20
205,201,20
205,201,20
205,201,20
205,201,20
205,201,20
205,201,20
205,201,20
205,201,20
205,201,20
205,201,20
205,201,20
205,201,20
205,201,20
205,201,20
205,201,20
205,201,20
205,201,20
205,201,20
205,201,20
205,201,20
205,201,20
205,201,20
205,201,20
205,201,20
205,201,20
205,201,20
205,201,20
205,201,20
205,201,20
205,201,20
205,201,20
205,201,20
205,216,20
205,216,20
205,216,20
205,216,20
205,216,20
205,216,20
205,216,20
205,216,20
205,216,20
205,216,20
205,216,20
205,216,20
205,216,20
205,216,20
205,216,20
205,216,20
205,216,20
205,193,20
205,193,20
205,193,20
205,193,20
205,193,20
205,193,20
205,193,20
205,193,20
205,193,20
205,193,20
205,193,20
205,193,20
205,193,20
205,193,20
205,193,20
205,193,20
205,193,20
205,193,20
205,193,20
205,193,20
205,193,20
205,193,20
205,193,20
205,193,20
205,193,20
205,193,20
205,193,20
205,193,20
205,193,20
205,193,20
205,193,20
205,235,20
205,235,20
205,235,20
205,235,20
205,235,20
205,235,20
205,199,20
205,199,20
205,199,20
205,199,20
205,199,20
205,199,20
205,199,20
205,199,20
205,199,20
205,199,20
205,199,20
205,199,20
205,199,20
205,199,20
205,199,20
205,199,20
205,199,20
205,199,20
205,199,20
205,199,20
205,199,20
205,199,20
205,199,20
205,199,20
205,199,20
205,199,20
205,199,20
205,199,20
205,199,20
205,199,20
205,199,20
205,199,20
205,199,20
205,199,20
205,182,20
205,182,20
205,182,20
205,182,20
205,182,20
205,182,20
205,182,20
205,182,20
205,182,20
205,182,20
205,182,20
205,182,20
205,182,20
205,182,20
205,182,20
205,182,20
205,182,20
205,182,20
205,182,20
205,182,20
205,182,20
205,182,20
205,182,20
205,201,20
205,201,20
205,201,20
205,201,20
205,201,20
205,201,20
205,201,20
205,201,20
205,201,20
205,201,20
205,201,20
205,201,20
205,201,20
205,201,20
205,201,20
205,201,20
205,201,20
205,201,20
205,201,20
205,201,20
205,201,20
205,201,20
205,201,20
205,201,20
205,201,20
205,201,20
205,201,20
205,201,20
205,201,20
205,201,20
175,215,20
175,215,20
175,215,20
175,215,20
175,215,20
175,215,20
175,215,20
175,215,20
175,215,20
175,215,20
175,215,20
175,215,20
175,215,20
175,215,20
175,215,20
175,215,20
175,215,20
175,215,20
175,215,20
175,215,20
175,215,20
175,215,20
175,215,20
175,215,20
175,215,20
175,215,20
175,215,20
175,215,20
175,215,20
175,215,20
175,215,20
175,215,20
175,179,20
175,179,20
175,179,20
175,179,20
175,179,20
175,179,20
175,179,20
175,181,20
175,181,20
175,181,20
175,181,20
175,181,20
175,181,20
175,181,20
175,181,20
175,181,20
175,181,20
175,181,20
175,181,20
175,181,20
175,181,20
175,181,20
175,181,20
175,181,20
175,181,20
175,181,20
175,181,20
175,181,20
175,181,20
175,181,20
175,181,20
175,181,20
175,181,20
175,181,20
175,181,20
175,181,20
175,171,20
175,171,20
175,171,20
175,171,20
175,171,20
175,171,20
175,171,20
175,171,20
175,171,20
175,171,20
175,171,20
175,171,20
175,171,20
175,171,20
175,131,20
175,131,20
175,131,20
175,131,20
175,131,20
175,131,20
175,131,20
175,131,20
175,131,20
175,131,20
175,131,20
175,131,20
175,187,20
175,187,20
175,187,20
175,187,20
175,187,20
175,187,20
175,187,20
175,187,20
175,187,20
175,187,20
175,187,20
175,187,20
175,187,20
175,187,20
175,187,20
175,187,20
175,187,20
175,187,20
175,187,20
175,187,20
175,188,20
175,188,20
175,188,20
175,188,20
175,188,20
175,188,20
175,188,20
175,188,20
175,188,20
175,188,20
175,188,20
175,188,20
175,188,20
175,188,20
175,188,20
175,188,20
175,188,20
175,188,20
175,188,20
175,188,20
175,188,20
175,176,20
175,176,20
175,176,20
175,176,20
175,176,20
175,176,20
175,176,20
175,176,20
175,176,20
175,176,20
175,176,20
175,176,20
175,176,20
175,176,20
175,176,20
175,176,20
175,176,20
175,176,20
175,165,20
175,165,20
175,165,20
175,165,20
175,165,20
175,165,20
175,165,20
175,165,20
175,165,20
175,165,20
175,165,20
175,165,20
175,165,20
175,165,20
175,165,20
175,165,20
175,165,20
175,165,20
175,165,20
175,165,20
175,165,20
175,165,20
175,165,20
175,165,20
175,165,20
175,165,20
175,165,20
175,195,20
175,195,20
175,195,20
175,195,20
175,195,20
175,195,20
175,195,20
175,209,20
175,209,20
175,209,20
175,209,20
175,209,20
175,209,20
175,209,20
175,209,20
175,209,20
175,209,20
175,209,20
175,209,20
175,209,20
175,209,20
175,220,20
175,220,20
175,220,20
175,220,20
175,220,20
175,220,20
175,220,20
175,220,20
175,220,20
175,166,20
175,166,20
175,166,20
175,166,20
175,166,20
175,166,20
175,166,20
175,166,20
175,166,20
175,166,20
175,166,20
175,166,20
175,166,20
175,166,20
175,166,20
175,166,20
175,166,20
175,166,20
175,166,20
175,152,20
175,152,20
175,152,20
175,152,20
175,152,20
175,152,20
175,152,20
175,152,20
175,152,20
175,152,20
175,152,20
175,152,20
175,152,20
175,152,20
175,152,20
175,152,20
175,152,20
175,152,20
175,152,20
175,152,20
175,152,20
175,152,20
175,171,20
175,171,20
175,171,20
175,171,20
175,171,20
175,171,20
175,171,20
175,171,20
175,171,20
175,171,20
175,171,20
175,171,20
175,171,20
175,171,20
175,171,20
175,171,20
175,171,20
175,198,20
175,198,20
175,198,20
175,198,20
175,198,20
175,198,20
175,198,20
175,198,20
175,198,20
175,177,20
175,177,20
175,177,20
175,177,20
175,177,20
175,177,20
175,177,20
175,177,20
175,177,20
175,177,20
175,177,20
175,177,20
175,177,20
175,183,20
175,183,20
175,183,20
175,183,20
175,183,20
175,183,20
175,183,20
175,183,20
175,183,20
175,183,20
175,183,20
175,183,20
175,183,20
175,183,20
175,183,20
175,196,20
175,196,20
175,196,20
175,196,20
175,196,20
175,196,20
175,196,20
175,196,20
175,196,20
175,196,20
175,196,20
175,196,20
175,159,20
175,159,20
175,159,20
175,159,20
175,159,20
175,159,20
175,159,20
175,159,20
175,159,20
175,157,20
175,157,20
175,157,20
175,157,20
175,157,20
175,157,20
175,157,20
175,157,20
175,157,20
175,157,20
175,157,20
175,157,20
175,157,20
175,157,20
175,157,20
175,157,20
175,157,20
175,157,20
175,157,20
175,157,20
175,157,20
175,157,20
175,157,20
175,157,20
175,203,20
175,203,20
175,203,20
175,203,20
175,203,20
175,203,20
175,203,20
175,203,20
175,203,20
175,203,20
175,203,20
175,203,20
175,203,20
175,203,20
175,173,20
175,173,20
175,173,20
175,173,20
175,173,20
175,173,20
175,173,20
175,173,20
175,173,20
175,173,20
175,173,20
175,173,20
175,173,20
175,173,20
175,173,20
175,173,20
175,173,20
175,173,20
175,173,20
175,173,20
175,173,20
175,173,20
175,173,20
175,173,20
175,173,20
175,173,20
175,173,20
175,173,20
175,173,20
175,173,20
175,173,20
175,173,20
175,173,20
175,173,20
175,173,20
175,173,20
175,173,20
175,173,20
175,173,20
175,173,20
175,180,20
175,180,20
175,180,20
175,180,20
175,180,20
175,180,20
175,180,20
175,180,20
175,180,20
175,180,20
175,180,20
175,180,20
175,180,20
175,180,20
175,180,20
175,180,20
175,180,20
175,180,20
175,180,20
175,206,20
175,206,20
175,206,20
175,206,20
175,206,20
175,206,20
175,206,20
175,206,20
175,206,20
175,206,20
175,193,20
175,193,20
175,193,20
175,193,20
175,193,20
175,193,20
175,193,20
175,193,20
175,193,20
175,193,20
175,193,20
175,193,20
175,193,20
175,193,20
175,193,20
175,193,20
175,193,20
175,193,20
175,193,20
175,193,20
175,193,20
175,193,20
175,193,20
175,193,20
175,193,20
175,193,20
175,193,20
175,193,20
175,193,20
175,193,20
175,193,20
175,193,20
175,193,20
175,193,20
175,193,20
175,193,20
175,193,20
175,193,20
175,156,20
175,156,20
175,156,20
175,156,20
175,156,20
175,156,20
175,156,20
175,156,20
175,156,20
175,156,20
175,156,20
175,156,20
175,156,20
175,156,20
175,156,20
175,156,20
175,156,20
175,156,20
175,156,20
175,156,20
175,156,20
175,156,20
175,156,20
175,156,20
175,156,20
175,156,20
175,156,20
175,156,20
175,203,20
175,203,20
175,203,20
175,203,20
175,203,20
175,203,20
175,203,20
175,203,20
175,203,20
175,203,20
175,203,20
175,203,20
175,203,20
175,203,20
175,203,20
175,203,20
175,203,20
175,203,20
175,203,20
175,203,20
175,203,20
175,203,20
175,203,20
175,203,20
175,203,20
175,203,20
175,203,20
175,161,20
175,161,20
175,161,20
175,161,20
175,161,20
175,161,20
175,161,20
175,185,20
175,185,20
175,185,20
175,185,20
175,185,20
175,185,20
175,185,20
175,185,20
175,185,20
175,185,20
175,185,20
175,168,20
175,168,20
175,168,20
175,168,20
175,168,20
175,168,20
175,168,20
175,168,20
175,168,20
175,191,20
175,191,20
175,191,20
175,191,20
175,191,20
175,191,20
175,191,20
175,191,20
175,191,20
175,191,20
175,191,20
175,191,20
175,191,20
175,191,20
175,191,20
175,191,20
175,191,20
175,191,20
175,191,20
175,191,20
175,191,20
175,191,20
175,191,20
175,191,20
175,191,20
175,191,20
175,191,20
175,191,20
175,191,20
175,191,20
175,191,20
175,191,20
175,191,20
175,191,20
175,191,20
175,191,20
175,191,20
175,191,20
175,191,20
175,191,20
175,191,20
175,191,20
175,191,20
175,191,20
175,191,20
175,178,20
175,178,20
175,178,20
175,178,20
175,178,20
175,178,20
175,178,20
175,178,20
175,178,20
175,178,20
175,178,20
175,178,20
175,178,20
175,159,20
175,159,20
175,159,20
175,159,20
175,159,20
175,159,20
175,159,20
175,159,20
175,159,20
175,177,20
175,177,20
175,177,20
175,177,20
175,177,20
175,177,20
175,177,20
175,177,20
175,177,20
175,177,20
175,177,20
175,177,20
175,177,20
175,177,20
175,177,20
175,162,20
175,162,20
175,162,20
175,162,20
175,162,20
175,162,20
175,162,20
175,150,20
175,150,20
175,150,20
175,150,20
175,150,20
175,150,20
175,150,20
175,150,20
175,150,20
175,150,20
175,194,20
175,194,20
175,194,20
175,194,20
175,194,20
175,194,20
175,194,20
175,194,20
175,194,20
175,194,20
175,199,20
175,199,20
175,199,20
175,199,20
175,199,20
175,199,20
175,199,20
175,199,20
175,199,20
175,199,20
175,199,20
175,199,20
175,199,20
175,199,20
175,199,20
175,199,20
175,199,20
175,199,20
175,179,20
175,179,20
175,179,20
175,179,20
175,179,20
175,179,20
175,179,20
175,179,20
175,179,20
155,174,20
155,174,20
155,174,20
155,174,20
155,174,20
155,174,20
155,174,20
155,174,20
155,174,20
155,174,20
155,174,20
155,174,20
155,174,20
155,174,20
155,174,20
155,174,20
155,174,20
155,174,20
155,174,20
155,174,20
155,174,20
155,174,20
155,174,20
155,174,20
155,174,20
155,174,20
155,174,20
155,174,20
155,174,20
155,174,20
155,174,20
155,174,20
155,174,20
155,174,20
155,174,20
155,174,20
155,174,20
155,174,20
155,174,20
155,174,20
155,174,20
155,174,20
155,174,20
155,174,20
155,145,20
155,145,20
155,145,20
155,145,20
155,145,20
155,145,20
155,145,20
155,145,20
155,145,20
155,145,20
155,145,20
155,145,20
155,145,20
155,145,20
155,145,20
155,145,20
155,145,20
155,145,20
155,145,20
155,145,20
155,145,20
155,145,20
155,145,20
155,145,20
155,145,20
155,145,20
155,145,20
155,145,20
155,145,20
155,145,20
155,145,20
155,145,20
155,145,20
155,145,20
155,145,20
155,145,20
155,145,20
155,145,20
155,145,20
155,145,20
155,145,20
155,145,20
155,160,20
155,160,20
155,160,20
155,160,20
155,160,20
155,160,20
155,160,20
155,160,20
155,160,20
155,160,20
155,160,20
155,160,20
155,134,20
155,134,20
155,134,20
155,134,20
155,134,20
155,134,20
155,134,20
155,134,20
155,134,20
155,134,20
155,181,20
155,181,20
155,181,20
155,181,20
155,181,20
155,181,20
155,181,20
155,181,20
155,181,20
155,181,20
155,181,20
155,181,20
155,181,20
155,181,20
155,181,20
155,181,20
155,181,20
155,181,20
155,181,20
155,181,20
155,181,20
155,181,20
155,181,20
155,181,20
155,181,20
155,181,20
155,181,20
155,181,20
155,181,20
155,181,20
155,181,20
155,181,20
155,181,20
155,181,20
155,181,20
155,181,20
155,181,20
155,181,20
155,181,20
155,181,20
155,181,20
155,181,20
155,181,20
155,181,20
155,181,20
155,181,20
155,181,20
155,181,20
155,181,20
155,184,20
155,184,20
155,184,20
155,184,20
155,184,20
155,184,20
155,184,20
155,184,20
155,191,20
155,191,20
155,191,20
155,191,20
155,191,20
155,191,20
155,191,20
155,191,20
155,191,20
155,191,20
155,191,20
155,191,20
155,191,20
155,191,20
155,191,20
155,191,20
155,191,20
155,191,20
155,191,20
155,191,20
155,191,20
155,191,20
155,191,20
155,191,20
155,191,20
155,191,20
155,191,20
155,187,20
155,187,20
155,187,20
155,187,20
155,187,20
155,187,20
155,187,20
155,187,20
155,187,20
155,187,20
155,187,20
155,168,20
155,168,20
155,168,20
155,168,20
155,168,20
155,168,20
155,168,20
155,107,20
155,107,20
155,107,20
155,107,20
155,107,20
155,107,20
155,107,20
155,107,20
155,107,20
155,107,20
155,107,20
155,107,20
155,107,20
155,107,20
155,107,20
155,107,20
155,107,20
155,107,20
155,107,20
155,107,20
155,107,20
155,107,20
155,107,20
155,107,20
155,165,20
155,165,20
155,165,20
155,165,20
155,165,20
155,165,20
155,165,20
155,165,20
155,165,20
155,165,20
155,165,20
155,165,20
155,165,20
155,165,20
155,165,20
155,165,20
155,165,20
155,165,20
155,165,20
155,165,20
155,165,20
155,165,20
155,165,20
155,165,20
155,165,20
155,165,20
155,165,20
155,165,20
155,165,20
155,165,20
155,165,20
155,165,20
155,165,20
155,165,20
155,165,20
155,165,20
155,165,20
155,165,20
155,165,20
155,165,20
155,165,20
155,164,20
155,164,20
155,164,20
155,164,20
155,164,20
155,164,20
155,164,20
155,164,20
155,164,20
155,164,20
155,164,20
155,164,20
155,164,20
155,164,20
155,164,20
155,164,20
155,164,20
155,164,20
155,164,20
155,164,20
155,164,20
155,164,20
155,164,20
155,164,20
155,164,20
155,164,20
155,164,20
155,164,20
155,164,20
155,164,20
155,164,20
155,164,20
155,164,20
155,164,20
155,164,20
155,164,20
155,164,20
155,164,20
155,164,20
155,164,20
155,164,20
155,164,20
155,164,20
155,164,20
155,164,20
155,164,20
155,164,20
155,164,20
155,164,20
155,164,20
155,164,20
155,164,20
155,164,20
155,164,20
155,164,20
155,170,20
155,170,20
155,170,20
155,170,20
155,170,20
155,170,20
155,170,20
155,170,20
155,170,20
155,170,20
155,170,20
155,170,20
155,170,20
155,170,20
155,170,20
155,167,20
155,167,20
155,167,20
155,167,20
155,167,20
155,167,20
155,167,20
155,167,20
155,167,20
155,167,20
155,167,20
155,167,20
155,167,20
155,167,20
155,167,20
155,166,20
155,166,20
155,166,20
155,166,20
155,166,20
155,166,20
155,166,20
155,166,20
155,166,20
155,166,20
155,166,20
155,166,20
155,166,20
155,166,20
155,166,20
155,166,20
155,166,20
155,166,20
155,166,20
155,166,20
155,166,20
155,166,20
155,166,20
155,166,20
155,166,20
155,166,20
155,166,20
155,166,20
155,166,20
155,166,20
155,166,20
155,129,20
155,129,20
155,129,20
155,129,20
155,129,20
155,129,20
155,129,20
155,129,20
155,129,20
155,129,20
155,129,20
155,129,20
155,129,20
155,129,20
155,129,20
155,129,20
155,129,20
155,129,20
155,129,20
155,129,20
155,129,20
155,129,20
155,129,20
155,129,20
155,129,20
155,129,20
155,129,20
155,129,20
155,153,20
155,153,20
155,153,20
155,153,20
155,153,20
155,153,20
155,153,20
155,153,20
155,153,20
155,153,20
155,153,20
155,153,20
155,153,20
155,153,20
155,153,20
155,153,20
155,153,20
155,153,20
155,153,20
155,150,20
155,150,20
155,150,20
155,150,20
155,150,20
155,150,20
155,150,20
155,150,20
155,150,20
155,150,20
155,150,20
155,150,20
155,150,20
155,150,20
155,150,20
155,150,20
155,150,20
155,150,20
155,150,20
155,150,20
155,150,20
155,150,20
155,150,20
155,150,20
155,150,20
155,140,20
155,140,20
155,140,20
155,140,20
155,140,20
155,140,20
155,140,20
155,140,20
155,140,20
155,140,20
155,140,20
155,140,20
155,140,20
155,140,20
155,147,20
155,147,20
155,147,20
155,147,20
155,147,20
155,147,20
155,147,20
155,147,20
155,147,20
155,147,20
155,147,20
155,147,20
155,147,20
155,147,20
155,147,20
155,147,20
155,147,20
155,147,20
155,147,20
155,147,20
155,147,20
155,147,20
155,147,20
155,147,20
155,147,20
155,147,20
155,147,20
155,147,20
155,147,20
155,147,20
155,160,20
155,160,20
155,160,20
155,160,20
155,160,20
155,160,20
155,160,20
155,160,20
155,160,20
155,137,20
155,137,20
155,137,20
155,137,20
155,137,20
155,137,20
155,137,20
155,137,20
155,137,20
155,137,20
155,164,20
155,164,20
155,164,20
155,164,20
155,164,20
155,164,20
155,164,20
155,164,20
155,164,20
155,164,20
155,164,20
155,164,20
155,164,20
155,164,20
155,164,20
155,164,20
155,164,20
155,164,20
155,164,20
155,164,20
155,164,20
155,164,20
155,164,20
155,164,20
155,164,20
155,164,20
155,164,20
155,164,20
155,164,20
155,140,20
155,140,20
155,140,20
155,140,20
155,140,20
155,140,20
155,140,20
155,140,20
155,140,20
155,140,20
155,140,20
155,140,20
155,140,20
155,140,20
155,149,20
155,149,20
155,149,20
155,149,20
155,149,20
155,149,20
155,149,20
155,149,20
155,149,20
155,149,20
155,149,20
155,149,20
155,149,20
155,176,20
155,176,20
155,176,20
155,176,20
155,176,20
155,176,20
155,176,20
155,176,20
155,176,20
155,176,20
155,176,20
155,176,20
155,176,20
155,176,20
155,176,20
155,176,20
155,176,20
155,176,20
155,176,20
155,176,20
155,176,20
155,136,20
155,136,20
155,136,20
155,136,20
155,136,20
155,136,20
155,136,20
155,136,20
155,136,20
155,136,20
155,136,20
155,136,20
155,136,20
155,136,20
155,136,20
155,136,20
155,136,20
155,136,20
155,136,20
155,136,20
155,136,20
155,136,20
155,136,20
155,136,20
155,136,20
155,136,20
155,136,20
155,136,20
155,136,20
155,136,20
155,136,20
155,136,20
155,136,20
155,134,20
155,134,20
155,134,20
155,134,20
155,134,20
155,134,20
175,194,20
175,194,20
175,194,20
175,194,20
175,194,20
175,194,20
175,194,20
175,194,20
175,177,20
175,177,20
175,177,20
175,177,20
175,177,20
175,177,20
175,177,20
175,177,20
175,177,20
175,177,20
175,177,20
175,177,20
175,177,20
175,177,20
175,177,20
175,177,20
175,177,20
175,177,20
175,162,20
175,162,20
175,162,20
175,162,20
175,162,20
175,162,20
175,162,20
175,162,20
175,162,20
175,162,20
175,162,20
175,162,20
175,162,20
175,162,20
175,162,20
175,162,20
175,162,20
175,162,20
175,162,20
175,162,20
175,162,20
175,162,20
175,162,20
175,162,20
175,162,20
175,162,20
175,162,20
175,162,20
175,162,20
175,162,20
175,162,20
175,162,20
175,162,20
175,162,20
175,162,20
175,162,20
175,162,20
175,162,20
175,186,20
175,186,20
175,186,20
175,186,20
175,186,20
175,186,20
175,186,20
175,186,20
175,186,20
175,186,20
175,186,20
175,186,20
175,186,20
175,186,20
175,186,20
175,186,20
175,186,20
175,186,20
175,186,20
175,186,20
175,186,20
175,186,20
175,186,20
175,186,20
175,186,20
175,186,20
175,186,20
175,186,20
175,194,20
175,194,20
175,194,20
175,194,20
175,194,20
175,194,20
175,194,20
175,194,20
175,194,20
175,167,20
175,167,20
175,167,20
175,167,20
175,167,20
175,167,20
175,167,20
175,167,20
175,167,20
175,167,20
175,167,20
175,167,20
175,167,20
175,167,20
175,167,20
175,167,20
175,191,20
175,191,20
175,191,20
175,191,20
175,191,20
175,191,20
175,191,20
175,191,20
175,191,20
175,191,20
175,191,20
175,191,20
175,168,20
175,168,20
175,168,20
175,168,20
175,168,20
175,168,20
175,168,20
175,168,20
175,168,20
175,168,20
175,168,20
175,168,20
175,168,20
175,168,20
175,168,20
175,168,20
175,154,20
175,154,20
175,154,20
175,154,20
175,154,20
175,154,20
175,154,20
175,154,20
175,154,20
175,154,20
175,154,20
175,154,20
175,154,20
175,154,20
175,154,20
175,154,20
175,154,20
175,154,20
175,177,20
175,177,20
175,177,20
175,177,20
175,177,20
175,177,20
175,177,20
175,177,20
175,177,20
175,177,20
175,177,20
175,177,20
175,177,20
175,177,20
175,177,20
175,177,20
175,177,20
175,177,20
175,177,20
175,177,20
175,177,20
175,177,20
175,177,20
175,162,20
175,162,20
175,162,20
175,162,20
175,162,20
175,162,20
175,162,20
175,162,20
175,162,20
175,162,20
175,162,20
175,162,20
175,162,20
175,162,20
175,162,20
175,162,20
175,162,20
175,162,20
175,162,20
175,162,20
175,162,20
175,162,20
175,162,20
175,162,20
175,162,20
175,162,20
175,161,20
175,161,20
175,161,20
175,161,20
175,161,20
175,161,20
175,161,20
175,161,20
175,161,20
175,161,20
175,161,20
175,180,20
175,180,20
175,180,20
175,180,20
175,180,20
175,180,20
175,180,20
175,180,20
175,163,20
175,163,20
175,163,20
175,163,20
175,163,20
175,163,20
175,163,20
175,163,20
175,180,20
175,180,20
175,180,20
175,180,20
175,180,20
175,180,20
175,180,20
175,180,20
175,180,20
175,180,20
175,180,20
175,180,20
175,180,20
175,180,20
175,180,20
175,180,20
175,200,20
175,200,20
175,200,20
175,200,20
175,200,20
175,200,20
175,200,20
175,200,20
175,200,20
175,200,20
175,200,20
175,200,20
175,200,20
175,200,20
175,200,20
175,200,20
175,200,20
175,200,20
175,200,20
175,200,20
175,200,20
175,200,20
175,200,20
175,200,20
175,200,20
175,200,20
175,200,20
175,200,20
175,200,20
175,200,20
175,200,20
175,200,20
175,200,20
175,178,20
175,178,20
175,178,20
175,178,20
175,178,20
175,178,20
175,178,20
175,178,20
175,147,20
175,147,20
175,147,20
175,147,20
175,147,20
175,147,20
175,147,20
175,147,20
175,147,20
175,147,20
175,147,20
175,147,20
175,213,20
175,213,20
175,213,20
175,213,20
175,213,20
175,213,20
175,213,20
175,213,20
175,213,20
175,213,20
175,213,20
175,213,20
175,213,20
175,213,20
175,213,20
175,213,20
175,183,20
175,183,20
175,183,20
175,183,20
175,183,20
175,183,20
175,183,20
175,183,20
175,183,20
175,183,20
175,183,20
175,183,20
175,183,20
175,183,20
175,183,20
175,183,20
175,175,20
175,175,20
175,175,20
175,175,20
175,175,20
175,175,20
175,175,20
175,175,20
175,175,20
175,175,20
175,175,20
175,175,20
175,175,20
175,175,20
175,175,20
175,175,20
175,175,20
175,175,20
175,175,20
175,175,20
175,175,20
175,175,20
175,175,20
175,175,20
175,132,20
175,132,20
175,132,20
175,132,20
175,132,20
175,132,20
175,132,20
175,132,20
175,132,20
175,132,20
175,132,20
175,132,20
175,132,20
175,132,20
175,132,20
175,132,20
175,132,20
175,132,20
175,132,20
175,132,20
175,132,20
175,132,20
175,132,20
175,132,20
175,132,20
175,132,20
175,132,20
175,132,20
175,132,20
175,167,20
175,167,20
175,167,20
175,167,20
175,167,20
175,167,20
175,163,20
175,163,20
175,163,20
175,163,20
175,163,20
175,163,20
175,163,20
175,163,20
175,163,20
175,163,20
175,163,20
175,163,20
175,163,20
175,163,20
175,163,20
175,163,20
175,163,20
175,163,20
175,163,20
175,163,20
175,163,20
175,163,20
175,163,20
175,163,20
175,174,20
175,174,20
175,174,20
175,174,20
175,174,20
175,174,20
175,174,20
175,153,20
175,153,20
175,153,20
175,153,20
175,153,20
175,153,20
175,153,20
175,159,20
175,159,20
175,159,20
175,159,20
175,159,20
175,159,20
175,159,20
175,159,20
175,159,20
175,159,20
175,159,20
175,173,20
175,173,20
175,173,20
175,173,20
175,173,20
175,173,20
175,173,20
175,173,20
175,173,20
175,173,20
175,173,20
175,173,20
175,173,20
175,173,20
175,173,20
175,173,20
175,173,20
175,173,20
175,173,20
175,173,20
175,173,20
175,173,20
175,173,20
175,173,20
175,173,20
175,173,20
175,173,20
175,173,20
175,173,20
175,173,20
175,173,20
175,173,20
175,173,20
175,173,20
175,173,20
175,173,20
175,173,20
175,173,20
175,173,20
175,173,20
175,173,20
175,173,20
175,173,20
175,173,20
175,173,20
175,173,20
175,173,20
175,173,20
175,173,20
175,178,20
175,178,20
175,178,20
175,178,20
175,178,20
175,178,20
175,178,20
175,178,20
175,178,20
175,178,20
175,178,20
175,178,20
175,178,20
175,178,20
175,178,20
175,178,20
175,178,20
175,176,20
175,176,20
175,176,20
175,176,20
175,176,20
175,176,20
175,176,20
175,176,20
175,176,20
175,176,20
175,176,20
175,176,20
175,176,20
175,176,20
175,176,20
175,176,20
175,176,20
175,176,20
175,176,20
175,176,20
175,176,20
175,176,20
175,176,20
175,176,20
175,160,20
175,160,20
175,160,20
175,160,20
175,160,20
175,160,20
175,160,20
175,173,20
175,173,20
175,173,20
175,173,20
175,173,20
175,173,20
175,173,20
175,173,20
175,173,20
175,173,20
175,173,20
175,173,20
175,173,20
175,173,20
175,145,20
175,145,20
175,145,20
175,145,20
175,145,20
175,145,20
175,145,20
175,145,20
175,145,20
175,145,20
175,145,20
175,145,20
175,145,20
175,145,20
175,145,20
175,145,20
175,145,20
175,145,20
175,145,20
175,145,20
175,145,20
175,145,20
175,145,20
175,145,20
175,145,20
175,145,20
175,145,20
175,145,20
175,145,20
175,145,20
175,145,20
175,145,20
175,145,20
175,145,20
175,145,20
175,145,20
175,145,20
175,145,20
175,145,20
175,145,20
175,145,20
175,145,20
175,145,20
175,145,20
175,145,20
175,145,20
175,145,20
175,145,20
175,145,20
175,207,20
175,207,20
175,207,20
175,207,20
175,207,20
175,207,20
175,207,20
175,207,20
175,207,20
175,207,20
175,207,20
175,207,20
175,207,20
175,207,20
175,207,20
175,207,20
175,207,20
175,207,20
175,207,20
175,207,20
175,207,20
175,207,20
175,207,20
175,207,20
175,207,20
175,207,20
175,207,20
175,207,20
175,180,20
175,180,20
175,180,20
175,180,20
175,180,20
175,180,20
175,180,20
175,180,20
175,180,20
175,180,20
175,180,20
175,180,20
175,180,20
175,180,20
175,180,20
155,148,20
155,148,20
155,148,20
155,148,20
155,148,20
155,148,20
155,148,20
155,148,20
155,148,20
155,148,20
155,148,20
155,148,20
155,148,20
155,148,20
155,173,20
155,173,20
155,173,20
155,173,20
155,173,20
155,173,20
155,173,20
155,173,20
155,173,20
155,173,20
155,173,20
155,173,20
155,173,20
155,173,20
155,173,20
155,173,20
155,173,20
155,173,20
155,173,20
155,173,20
155,173,20
155,173,20
155,173,20
155,173,20
155,173,20
155,173,20
155,173,20
155,173,20
155,151,20
155,151,20
155,151,20
155,151,20
155,151,20
155,151,20
155,151,20
155,151,20
155,151,20
155,151,20
155,151,20
155,151,20
155,151,20
155,151,20
155,151,20
155,151,20
155,151,20
155,151,20
155,151,20
155,151,20
155,151,20
155,161,20
155,161,20
155,161,20
155,161,20
155,161,20
155,161,20
155,161,20
155,161,20
155,161,20
155,161,20
155,161,20
155,161,20
155,161,20
155,161,20
155,161,20
155,161,20
155,161,20
155,161,20
155,161,20
155,161,20
155,161,20
155,127,20
155,127,20
155,127,20
155,127,20
155,127,20
155,127,20
155,127,20
155,127,20
155,127,20
155,127,20
155,127,20
155,127,20
155,127,20
155,127,20
155,127,20
155,127,20
155,127,20
155,127,20
155,127,20
155,127,20
155,152,20
155,152,20
155,152,20
155,152,20
155,152,20
155,152,20
155,152,20
155,152,20
155,152,20
155,152,20
155,152,20
155,152,20
155,152,20
155,152,20
155,152,20
155,152,20
155,152,20
155,152,20
155,152,20
155,152,20
155,152,20
155,152,20
155,152,20
155,152,20
155,152,20
155,152,20
155,156,20
155,156,20
155,156,20
155,156,20
155,156,20
155,156,20
155,156,20
155,156,20
155,156,20
155,156,20
155,156,20
155,156,20
155,156,20
155,156,20
155,156,20
155,156,20
155,156,20
155,156,20
155,156,20
155,156,20
155,156,20
155,156,20
155,156,20
155,156,20
155,156,20
155,156,20
155,156,20
155,156,20
155,156,20
155,156,20
155,156,20
155,156,20
155,156,20
155,156,20
155,156,20
155,156,20
155,156,20
155,156,20
155,156,20
155,156,20
155,156,20
155,156,20
155,156,20
155,156,20
155,156,20
155,156,20
155,181,20
155,181,20
155,181,20
155,181,20
155,181,20
155,181,20
155,181,20
155,181,20
155,181,20
155,181,20
155,181,20
155,181,20
155,181,20
155,181,20
155,181,20
155,181,20
155,181,20
155,181,20
155,181,20
155,181,20
155,181,20
155,181,20
155,169,20
155,169,20
155,169,20
155,169,20
155,169,20
155,169,20
155,169,20
155,169,20
155,147,20
155,147,20
155,147,20
155,147,20
155,147,20
155,147,20
155,147,20
155,147,20
155,147,20
155,147,20
155,147,20
155,147,20
155,147,20
155,151,20
155,151,20
155,151,20
155,151,20
155,151,20
155,151,20
155,151,20
155,151,20
155,151,20
155,151,20
155,151,20
155,151,20
155,151,20
155,151,20
155,151,20
155,151,20
155,151,20
155,151,20
155,155,20
155,155,20
155,155,20
155,155,20
155,155,20
155,155,20
155,155,20
155,155,20
155,155,20
155,155,20
155,155,20
155,155,20
155,155,20
155,155,20
155,155,20
155,155,20
155,155,20
155,155,20
155,155,20
155,155,20
155,155,20
155,155,20
155,155,20
155,155,20
155,155,20
155,155,20
155,155,20
155,155,20
155,155,20
155,155,20
155,130,20
155,130,20
155,130,20
155,130,20
155,130,20
155,130,20
155,130,20
155,130,20
155,130,20
155,144,20
155,144,20
155,144,20
155,144,20
155,144,20
155,144,20
155,144,20
155,144,20
155,144,20
155,144,20
155,144,20
155,144,20
155,144,20
155,144,20
155,144,20
155,144,20
155,144,20
155,144,20
155,144,20
155,144,20
155,144,20
155,144,20
155,144,20
155,144,20
155,144,20
155,144,20
155,144,20
155,144,20
155,144,20
155,144,20
155,144,20
155,144,20
155,144,20
155,144,20
155,144,20
155,144,20
155,144,20
155,144,20
155,144,20
155,169,20
155,169,20
155,169,20
155,169,20
155,169,20
155,169,20
155,169,20
155,169,20
155,169,20
155,169,20
155,169,20
155,169,20
155,169,20
155,169,20
155,169,20
155,169,20
155,169,20
155,169,20
155,169,20
155,169,20
155,169,20
155,169,20
155,169,20
155,169,20
155,169,20
155,169,20
155,169,20
155,169,20
155,169,20
155,169,20
155,169,20
155,169,20
155,169,20
155,169,20
155,169,20
155,169,20
155,169,20
155,169,20
155,169,20
155,169,20
155,169,20
155,185,20
155,185,20
155,185,20
155,185,20
155,185,20
155,185,20
155,185,20
155,185,20
155,185,20
155,185,20
155,185,20
155,185,20
155,185,20
155,185,20
155,185,20
155,185,20
155,185,20
155,173,20
155,173,20
155,173,20
155,173,20
155,173,20
155,173,20
155,173,20
155,173,20
155,173,20
155,173,20
155,173,20
155,150,20
155,150,20
155,150,20
155,150,20
155,150,20
155,150,20
155,150,20
155,150,20
155,150,20
155,150,20
155,150,20
155,150,20
155,133,20
155,133,20
155,133,20
155,133,20
155,133,20
155,133,20
155,133,20
155,133,20
155,133,20
155,133,20
155,133,20
155,133,20
155,133,20
155,133,20
155,133,20
155,133,20
155,133,20
155,133,20
155,133,20
155,133,20
155,133,20
155,133,20
155,133,20
155,133,20
155,133,20
155,133,20
155,133,20
155,133,20
155,133,20
155,133,20
155,133,20
155,133,20
155,133,20
155,133,20
155,133,20
155,133,20
155,133,20
155,133,20
155,133,20
155,133,20
155,133,20
155,133,20
155,133,20
155,133,20
155,133,20
155,133,20
155,133,20
155,133,20
155,133,20
155,133,20
155,172,20
155,172,20
155,172,20
155,172,20
155,172,20
155,172,20
155,172,20
155,172,20
155,172,20
155,172,20
155,172,20
155,172,20
155,172,20
155,172,20
155,172,20
155,172,20
155,172,20
155,172,20
155,172,20
155,172,20
155,172,20
155,172,20
155,172,20
155,172,20
155,172,20
155,172,20
155,172,20
155,172,20
155,172,20
155,172,20
155,172,20
155,172,20
155,172,20
155,172,20
155,172,20
155,172,20
155,172,20
155,172,20
155,172,20
155,172,20
155,172,20
155,172,20
155,172,20
155,172,20
155,172,20
155,172,20
155,172,20
155,172,20
155,172,20
155,172,20
155,172,20
155,172,20
155,172,20
155,172,20
155,172,20
155,172,20
155,170,20
155,170,20
155,170,20
155,170,20
155,170,20
155,170,20
155,170,20
155,170,20
155,170,20
155,128,20
155,128,20
155,128,20
155,128,20
155,128,20
155,128,20
155,128,20
155,128,20
155,128,20
155,128,20
155,128,20
155,128,20
155,128,20
155,128,20
155,128,20
155,128,20
155,128,20
155,128,20
155,128,20
155,128,20
155,128,20
155,128,20
155,128,20
155,128,20
155,128,20
155,128,20
155,128,20
155,128,20
155,128,20
155,128,20
155,128,20
155,128,20
155,128,20
155,128,20
155,128,20
155,163,20
155,163,20
155,163,20
155,163,20
155,163,20
155,163,20
155,163,20
155,163,20
155,163,20
155,163,20
155,163,20
155,163,20
155,151,20
155,151,20
155,151,20
155,151,20
155,151,20
155,151,20
155,151,20
155,151,20
155,151,20
155,197,20
155,197,20
155,197,20
155,197,20
155,197,20
155,197,20
155,197,20
155,197,20
155,197,20
155,197,20
155,153,20
155,153,20
155,153,20
155,153,20
155,153,20
155,153,20
155,153,20
155,153,20
155,153,20
155,153,20
155,153,20
155,153,20
155,153,20
155,153,20
155,153,20
155,153,20
155,153,20
155,153,20
155,153,20
155,153,20
155,153,20
155,153,20
155,153,20
155,153,20
155,153,20
155,153,20
155,153,20
155,153,20
155,153,20
155,153,20
155,153,20
155,164,20
155,164,20
155,164,20
155,164,20
155,164,20
155,164,20
155,164,20
155,164,20
155,164,20
155,164,20
155,164,20
155,164,20
155,164,20
155,164,20
155,164,20
155,164,20
155,164,20
155,164,20
155,164,20
155,164,20
155,164,20
155,164,20
155,164,20
155,164,20
155,164,20
155,164,20
155,164,20
155,164,20
155,164,20
155,164,20
155,164,20
155,164,20
155,164,20
155,176,20
155,176,20
155,176,20
155,176,20
155,176,20
155,176,20
155,176,20
155,176,20
155,176,20
155,176,20
155,176,20
155,176,20
155,176,20
155,176,20
155,176,20
155,176,20
155,176,20
155,176,20
155,176,20
155,202,20
155,202,20
155,202,20
155,202,20
155,202,20
155,202,20
155,202,20
155,202,20
155,202,20
155,202,20
155,202,20
155,202,20
155,202,20
155,202,20
155,202,20
155,202,20
185,187,20
185,187,20
185,187,20
185,187,20
185,187,20
185,187,20
185,187,20
185,187,20
185,187,20
185,187,20
185,187,20
185,187,20
185,187,20
185,187,20
185,187,20
185,187,20
185,187,20
185,187,20
185,187,20
185,187,20
185,187,20
185,187,20
185,187,20
185,187,20
185,187,20
185,187,20
185,187,20
185,187,20
185,187,20
185,187,20
185,187,20
185,187,20
185,187,20
185,187,20
185,187,20
185,187,20
185,187,20
185,187,20
185,187,20
185,187,20
185,187,20
185,187,20
185,187,20
185,187,20
185,187,20
185,187,20
185,187,20
185,187,20
185,187,20
185,187,20
185,187,20
185,187,20
185,187,20
185,187,20
185,187,20
185,187,20
185,162,20
185,162,20
185,162,20
185,162,20
185,162,20
185,162,20
185,162,20
185,162,20
185,162,20
185,162,20
185,162,20
185,162,20
185,162,20
185,177,20
185,177,20
185,177,20
185,177,20
185,177,20
185,177,20
185,177,20
185,177,20
185,177,20
185,177,20
185,177,20
185,177,20
185,177,20
185,177,20
185,177,20
185,177,20
185,177,20
185,177,20
185,177,20
185,177,20
185,177,20
185,177,20
185,177,20
185,177,20
185,177,20
185,177,20
185,177,20
185,177,20
185,177,20
185,177,20
185,177,20
185,177,20
185,177,20
185,177,20
185,177,20
185,177,20
185,177,20
185,177,20
185,177,20
185,177,20
185,177,20
185,190,20
185,190,20
185,190,20
185,190,20
185,190,20
185,190,20
185,190,20
185,190,20
185,190,20
185,190,20
185,190,20
185,190,20
185,190,20
185,190,20
185,190,20
185,190,20
185,190,20
185,198,20
185,198,20
185,198,20
185,198,20
185,198,20
185,198,20
185,198,20
185,198,20
185,198,20
185,198,20
185,198,20
185,198,20
185,198,20
185,198,20
185,198,20
185,198,20
185,198,20
185,198,20
185,198,20
185,198,20
185,198,20
185,198,20
185,198,20
185,198,20
185,198,20
185,198,20
185,198,20
185,198,20
185,198,20
185,198,20
185,165,20
185,165,20
185,165,20
185,165,20
185,165,20
185,165,20
185,174,20
185,174,20
185,174,20
185,174,20
185,174,20
185,174,20
185,174,20
185,174,20
185,174,20
185,174,20
185,174,20
185,174,20
185,174,20
185,174,20
185,174,20
185,174,20
185,174,20
185,174,20
185,174,20
185,174,20
185,174,20
185,174,20
185,174,20
185,174,20
185,174,20
185,174,20
185,174,20
185,174,20
185,174,20
185,174,20
185,174,20
185,174,20
185,174,20
185,174,20
185,174,20
185,174,20
185,174,20
185,174,20
185,174,20
185,174,20
185,174,20
185,174,20
185,174,20
185,165,20
185,165,20
185,165,20
185,165,20
185,165,20
185,165,20
185,165,20
185,214,20
185,214,20
185,214,20
185,214,20
185,214,20
185,214,20
185,214,20
185,198,20
185,198,20
185,198,20
185,198,20
185,198,20
185,198,20
185,198,20
185,198,20
185,198,20
185,198,20
185,198,20
185,198,20
185,198,20
185,198,20
185,198,20
185,198,20
185,198,20
185,198,20
185,218,20
185,218,20
185,218,20
185,218,20
185,218,20
185,218,20
185,218,20
185,218,20
185,249,20
185,249,20
185,249,20
185,249,20
185,249,20
185,249,20
185,249,20
185,249,20
185,249,20
185,249,20
185,249,20
185,249,20
185,249,20
185,249,20
185,249,20
185,249,20
185,249,20
185,249,20
185,249,20
185,249,20
185,249,20
185,249,20
185,249,20
185,249,20
185,249,20
185,249,20
185,249,20
185,168,20
185,168,20
185,168,20
185,168,20
185,168,20
185,168,20
185,168,20
185,168,20
185,168,20
185,168,20
185,168,20
185,168,20
185,168,20
185,168,20
185,168,20
185,168,20
185,168,20
185,168,20
185,168,20
185,168,20
185,168,20
185,168,20
185,168,20
185,191,20
185,191,20
185,191,20
185,191,20
185,191,20
185,191,20
185,191,20
185,191,20
185,191,20
185,191,20
185,191,20
185,191,20
185,191,20
185,191,20
185,191,20
185,191,20
185,191,20
185,191,20
185,191,20
185,191,20
185,191,20
185,191,20
185,191,20
185,191,20
185,153,20
185,153,20
185,153,20
185,153,20
185,153,20
185,153,20
185,153,20
185,153,20
185,153,20
185,153,20
185,153,20
185,153,20
185,153,20
185,153,20
185,153,20
185,153,20
185,153,20
185,153,20
185,153,20
185,153,20
185,153,20
185,153,20
185,153,20
185,153,20
185,153,20
185,153,20
185,153,20
185,153,20
185,153,20
185,153,20
185,153,20
185,153,20
185,153,20
185,153,20
185,153,20
185,153,20
185,153,20
185,153,20
185,153,20
185,153,20
185,153,20
185,153,20
185,153,20
185,214,20
185,214,20
185,214,20
185,214,20
185,214,20
185,214,20
185,214,20
185,214,20
185,214,20
185,214,20
185,214,20
185,214,20
185,214,20
185,214,20
185,214,20
185,214,20
185,214,20
185,214,20
185,214,20
185,214,20
185,214,20
185,214,20
185,214,20
185,214,20
185,214,20
185,214,20
185,214,20
185,214,20
185,214,20
185,214,20
185,214,20
185,214,20
185,214,20
185,214,20
185,190,20
185,190,20
185,190,20
185,190,20
185,190,20
185,190,20
185,190,20
185,190,20
185,190,20
185,190,20
185,190,20
185,190,20
185,190,20
185,190,20
185,190,20
185,190,20
185,190,20
185,190,20
185,190,20
185,190,20
185,190,20
185,190,20
185,190,20
185,190,20
185,190,20
185,190,20
185,190,20
185,190,20
185,190,20
185,190,20
185,190,20
185,190,20
185,190,20
185,190,20
185,190,20
185,190,20
185,218,20
185,218,20
185,218,20
185,218,20
185,218,20
185,218,20
185,218,20
185,218,20
185,218,20
185,218,20
185,218,20
185,218,20
185,218,20
185,218,20
185,218,20
185,218,20
185,218,20
185,218,20
185,218,20
185,218,20
185,218,20
185,218,20
185,218,20
185,218,20
185,218,20
185,173,20
185,173,20
185,173,20
185,173,20
185,173,20
185,173,20
185,173,20
185,173,20
185,173,20
185,173,20
185,173,20
185,173,20
185,173,20
185,173,20
185,171,20
185,171,20
185,171,20
185,171,20
185,171,20
185,171,20
185,171,20
185,171,20
185,171,20
185,171,20
185,171,20
185,171,20
185,171,20
185,171,20
185,171,20
185,171,20
185,171,20
185,171,20
185,171,20
185,171,20
185,171,20
185,171,20
185,200,20
185,200,20
185,200,20
185,200,20
185,200,20
185,200,20
185,200,20
185,200,20
185,200,20
185,200,20
185,200,20
185,200,20
185,200,20
185,185,20
185,185,20
185,185,20
185,185,20
185,185,20
185,185,20
185,185,20
185,185,20
185,185,20
185,185,20
185,185,20
185,185,20
185,185,20
185,185,20
185,185,20
185,185,20
185,185,20
185,185,20
185,185,20
185,185,20
185,185,20
185,185,20
185,185,20
185,185,20
185,185,20
185,185,20
185,185,20
185,185,20
185,199,20
185,199,20
185,199,20
185,199,20
185,199,20
185,199,20
185,199,20
185,199,20
185,199,20
185,199,20
185,199,20
185,199,20
185,199,20
185,199,20
185,199,20
185,199,20
185,199,20
185,199,20
185,199,20
185,199,20
185,199,20
185,199,20
185,199,20
185,199,20
185,199,20
185,199,20
185,199,20
185,199,20
185,199,20
185,199,20
185,199,20
185,199,20
185,199,20
185,199,20
185,199,20
185,199,20
185,199,20
185,199,20
185,199,20
185,198,20
185,198,20
185,198,20
185,198,20
185,198,20
185,198,20
185,198,20
185,198,20
185,198,20
185,198,20
185,163,20
185,163,20
185,163,20
185,163,20
185,163,20
185,163,20
185,163,20
185,163,20
185,163,20
185,163,20
185,163,20
185,163,20
185,163,20
185,188,20
185,188,20
185,188,20
185,188,20
185,188,20
185,188,20
185,188,20
185,194,20
185,194,20
185,194,20
185,194,20
185,194,20
185,194,20
185,194,20
185,194,20
185,194,20
185,194,20
185,194,20
185,194,20
185,194,20
185,194,20
185,194,20
185,194,20
185,194,20
185,194,20
185,194,20
185,194,20
185,176,20
185,176,20
185,176,20
185,176,20
185,176,20
185,176,20
185,176,20
185,176,20
185,176,20
185,176,20
185,176,20
185,176,20
185,176,20
185,176,20
185,176,20
185,176,20
185,176,20
185,176,20
185,176,20
185,176,20
185,176,20
185,176,20
185,176,20
185,176,20
185,176,20
185,176,20
185,176,20
185,176,20
185,176,20
185,176,20
185,176,20
185,176,20
185,176,20
185,176,20
185,148,20
185,148,20
185,148,20
185,148,20
185,148,20
185,148,20
185,148,20
185,148,20
185,148,20
185,148,20
185,148,20
185,148,20
185,148,20
185,148,20
185,148,20
185,148,20
185,148,20
215,244,20
215,244,20
215,244,20
215,244,20
215,244,20
215,244,20
215,244,20
215,244,20
215,244,20
215,244,20
215,244,20
215,244,20
215,244,20
215,244,20
215,244,20
215,244,20
215,244,20
215,244,20
215,244,20
215,244,20
215,244,20
215,244,20
215,244,20
215,244,20
215,244,20
215,244,20
215,244,20
215,244,20
215,244,20
215,244,20
215,244,20
215,244,20
215,244,20
215,244,20
215,244,20
215,244,20
215,244,20
215,244,20
215,244,20
215,244,20
215,244,20
215,244,20
215,244,20
215,244,20
215,244,20
215,244,20
215,244,20
215,209,20
215,209,20
215,209,20
215,209,20
215,209,20
215,209,20
215,209,20
215,209,20
215,209,20
215,209,20
215,209,20
215,209,20
215,209,20
215,209,20
215,209,20
215,209,20
215,209,20
215,209,20
215,209,20
215,209,20
215,209,20
215,209,20
215,209,20
215,209,20
215,209,20
215,209,20
215,209,20
215,209,20
215,209,20
215,209,20
215,209,20
215,222,20
215,222,20
215,222,20
215,222,20
215,222,20
215,222,20
215,222,20
215,222,20
215,222,20
215,222,20
215,222,20
215,222,20
215,222,20
215,222,20
215,222,20
215,222,20
215,215,20
215,215,20
215,215,20
215,215,20
215,215,20
215,215,20
215,215,20
215,215,20
215,215,20
215,215,20
215,215,20
215,215,20
215,215,20
215,215,20
215,239,20
215,239,20
215,239,20
215,239,20
215,239,20
215,239,20
215,239,20
215,239,20
215,239,20
215,239,20
215,239,20
215,239,20
215,239,20
215,239,20
215,226,20
215,226,20
215,226,20
215,226,20
215,226,20
215,226,20
215,226,20
215,225,20
215,225,20
215,225,20
215,225,20
215,225,20
215,225,20
215,225,20
215,225,20
215,225,20
215,225,20
215,225,20
215,225,20
215,225,20
215,225,20
215,225,20
215,225,20
215,225,20
215,225,20
215,181,20
215,181,20
215,181,20
215,181,20
215,181,20
215,181,20
215,181,20
215,181,20
215,181,20
215,181,20
215,181,20
215,181,20
215,181,20
215,181,20
215,217,20
215,217,20
215,217,20
215,217,20
215,217,20
215,217,20
215,217,20
215,217,20
215,217,20
215,217,20
215,217,20
215,217,20
215,217,20
215,217,20
215,217,20
215,217,20
215,217,20
215,217,20
215,217,20
215,217,20
215,217,20
215,217,20
215,217,20
215,217,20
215,217,20
215,217,20
215,217,20
215,212,20
215,212,20
215,212,20
215,212,20
215,212,20
215,212,20
215,212,20
215,212,20
215,212,20
215,212,20
215,212,20
215,212,20
215,212,20
215,212,20
215,212,20
215,212,20
215,212,20
215,212,20
215,230,20
215,230,20
215,230,20
215,230,20
215,230,20
215,230,20
215,230,20
215,230,20
215,230,20
215,230,20
215,230,20
215,230,20
215,230,20
215,230,20
215,230,20
215,230,20
215,230,20
215,230,20
215,219,20
215,219,20
215,219,20
215,219,20
215,219,20
215,219,20
215,219,20
215,219,20
215,219,20
215,219,20
215,219,20
215,219,20
215,219,20
215,219,20
215,219,20
215,219,20
215,219,20
215,219,20
215,219,20
215,219,20
215,219,20
215,219,20
215,219,20
215,219,20
215,219,20
215,219,20
215,219,20
215,219,20
215,219,20
215,219,20
215,219,20
215,219,20
215,219,20
215,219,20
215,219,20
215,219,20
215,219,20
215,217,20
215,217,20
215,217,20
215,217,20
215,217,20
215,217,20
215,217,20
215,217,20
215,217,20
215,217,20
215,217,20
215,217,20
215,217,20
215,217,20
215,217,20
215,217,20
215,217,20
215,190,20
215,190,20
215,190,20
215,190,20
215,190,20
215,190,20
215,190,20
215,190,20
215,190,20
215,190,20
215,190,20
215,190,20
215,190,20
215,190,20
215,190,20
215,190,20
215,190,20
215,190,20
215,190,20
215,202,20
215,202,20
215,202,20
215,202,20
215,202,20
215,202,20
215,202,20
215,202,20
215,202,20
215,223,20
215,223,20
215,223,20
215,223,20
215,223,20
215,223,20
215,223,20
215,223,20
215,223,20
215,223,20
215,223,20
215,223,20
215,223,20
215,223,20
215,223,20
215,223,20
215,223,20
215,223,20
215,223,20
215,200,20
215,200,20
215,200,20
215,200,20
215,200,20
215,200,20
215,200,20
215,200,20
215,200,20
215,200,20
215,200,20
215,200,20
215,200,20
215,200,20
215,200,20
215,200,20
215,200,20
215,200,20
215,200,20
215,200,20
215,200,20
215,200,20
215,200,20
215,249,20
215,249,20
215,249,20
215,249,20
215,249,20
215,249,20
215,249,20
215,249,20
215,249,20
215,249,20
215,249,20
215,249,20
215,249,20
215,249,20
215,249,20
215,249,20
215,249,20
215,249,20
215,249,20
215,249,20
215,245,20
215,245,20
215,245,20
215,245,20
215,245,20
215,245,20
215,245,20
215,245,20
215,245,20
215,245,20
215,245,20
215,245,20
215,245,20
215,245,20
215,259,20
215,259,20
215,259,20
215,259,20
215,259,20
215,259,20
215,259,20
215,259,20
215,259,20
215,259,20
215,259,20
215,259,20
215,259,20
215,205,20
215,205,20
215,205,20
215,205,20
215,205,20
215,205,20
215,205,20
215,205,20
215,205,20
215,205,20
215,205,20
215,205,20
215,205,20
215,205,20
215,199,20
215,199,20
215,199,20
215,199,20
215,199,20
215,199,20
215,199,20
215,199,20
215,199,20
215,199,20
215,199,20
215,199,20
215,209,20
215,209,20
215,209,20
215,209,20
215,209,20
215,209,20
215,209,20
215,209,20
215,209,20
215,209,20
215,209,20
215,209,20
215,209,20
215,209,20
215,209,20
215,209,20
215,209,20
215,209,20
215,209,20
215,209,20
215,209,20
215,209,20
215,209,20
215,209,20
215,209,20
215,209,20
215,209,20
215,209,20
215,209,20
215,209,20
215,209,20
215,209,20
215,209,20
215,209,20
215,209,20
215,209,20
215,209,20
215,209,20
215,209,20
215,209,20
215,209,20
215,209,20
215,209,20
215,209,20
215,209,20
215,209,20
215,209,20
215,209,20
215,209,20
215,209,20
215,209,20
215,209,20
215,209,20
215,187,20
215,187,20
215,187,20
215,187,20
215,187,20
215,187,20
215,187,20
215,187,20
215,187,20
215,213,20
215,213,20
215,213,20
215,213,20
215,213,20
215,213,20
215,213,20
215,213,20
215,248,20
215,248,20
215,248,20
215,248,20
215,248,20
215,248,20
215,248,20
215,248,20
215,248,20
215,248,20
215,248,20
215,248,20
215,248,20
215,248,20
215,248,20
215,248,20
215,248,20
215,248,20
215,248,20
215,248,20
215,248,20
215,248,20
215,248,20
215,248,20
215,248,20
215,209,20
215,209,20
215,209,20
215,209,20
215,209,20
215,209,20
215,209,20
215,209,20
215,209,20
215,209,20
215,209,20
215,209,20
215,209,20
215,209,20
215,209,20
215,209,20
215,209,20
215,209,20
215,209,20
215,209,20
215,193,20
215,193,20
215,193,20
215,193,20
215,193,20
215,193,20
215,193,20
215,193,20
215,193,20
215,193,20
215,193,20
215,193,20
215,193,20
215,193,20
215,193,20
215,193,20
215,193,20
215,193,20
215,193,20
215,193,20
215,193,20
215,193,20
215,193,20
215,213,20
215,213,20
215,213,20
215,213,20
215,213,20
215,213,20
215,213,20
215,213,20
215,213,20
215,213,20
215,213,20
215,213,20
215,213,20
215,213,20
215,213,20
215,213,20
215,213,20
215,219,20
215,219,20
215,219,20
215,219,20
215,219,20
215,219,20
215,194,20
215,194,20
215,194,20
215,194,20
215,194,20
215,194,20
215,194,20
215,194,20
215,194,20
215,194,20
215,194,20
215,194,20
215,194,20
215,194,20
215,194,20
215,194,20
215,194,20
215,194,20
215,194,20
215,194,20
215,194,20
215,194,20
215,194,20
215,194,20
215,194,20
215,194,20
215,194,20
215,194,20
215,194,20
215,194,20
215,194,20
215,194,20
215,194,20
215,194,20
215,194,20
215,194,20
215,194,20
215,194,20
215,194,20
215,194,20
215,194,20
215,194,20
215,194,20
215,194,20
215,194,20
215,194,20
215,194,20
215,194,20
215,194,20
215,194,20
215,205,20
215,205,20
215,205,20
215,205,20
215,205,20
215,205,20
215,205,20
215,205,20
215,205,20
215,205,20
215,238,20
215,238,20
215,238,20
215,238,20
215,238,20
215,238,20
215,170,20
215,170,20
215,170,20
215,170,20
215,170,20
215,170,20
215,170,20
215,170,20
215,170,20
215,170,20
215,203,20
215,203,20
215,203,20
215,203,20
215,203,20
215,203,20
215,203,20
215,174,20
215,174,20
215,174,20
215,174,20
215,174,20
215,174,20
215,174,20
215,174,20
215,174,20
215,174,20
215,174,20
215,191,20
215,191,20
215,191,20
215,191,20
215,191,20
215,191,20
215,191,20
215,191,20
215,191,20
215,191,20
215,191,20
215,191,20
215,203,20
215,203,20
215,203,20
215,203,20
215,203,20
215,203,20
215,203,20
215,203,20
215,203,20
215,203,20
215,203,20
215,203,20
215,203,20
215,203,20
215,203,20
215,210,20
215,210,20
215,210,20
215,210,20
215,210,20
215,210,20
215,221,20
215,221,20
215,221,20
215,221,20
215,221,20
215,221,20
215,221,20
195,174,20
195,174,20
195,174,20
195,174,20
195,174,20
195,174,20
195,174,20
195,174,20
195,174,20
195,174,20
195,174,20
195,174,20
195,174,20
195,174,20
195,174,20
195,174,20
195,174,20
195,174,20
195,174,20
195,174,20
195,174,20
195,174,20
195,174,20
195,174,20
195,174,20
195,174,20
195,174,20
195,174,20
195,174,20
195,174,20
195,174,20
195,174,20
195,174,20
195,174,20
195,174,20
195,174,20
195,174,20
195,174,20
195,174,20
195,197,20
195,197,20
195,197,20
195,197,20
195,197,20
195,197,20
195,197,20
195,197,20
195,197,20
195,197,20
195,197,20
195,197,20
195,197,20
195,197,20
195,197,20
195,197,20
195,197,20
195,197,20
195,197,20
195,197,20
195,197,20
195,197,20
195,197,20
195,197,20
195,148,20
195,148,20
195,148,20
195,148,20
195,148,20
195,148,20
195,148,20
195,148,20
195,148,20
195,148,20
195,148,20
195,148,20
195,148,20
195,148,20
195,148,20
195,148,20
195,148,20
195,148,20
195,148,20
195,148,20
195,148,20
195,148,20
195,148,20
195,148,20
195,148,20
195,148,20
195,148,20
195,148,20
195,148,20
195,148,20
195,148,20
195,148,20
195,148,20
195,176,20
195,176,20
195,176,20
195,176,20
195,176,20
195,176,20
195,176,20
195,176,20
195,176,20
195,176,20
195,176,20
195,176,20
195,176,20
195,176,20
195,176,20
195,176,20
195,176,20
195,176,20
195,251,20
195,251,20
195,251,20
195,251,20
195,251,20
195,251,20
195,251,20
195,251,20
195,251,20
195,251,20
195,251,20
195,251,20
195,251,20
195,251,20
195,251,20
195,251,20
195,251,20
195,251,20
195,251,20
195,251,20
195,251,20
195,251,20
195,251,20
195,251,20
195,251,20
195,197,20
195,197,20
195,197,20
195,197,20
195,197,20
195,197,20
195,197,20
195,197,20
195,197,20
195,197,20
195,197,20
195,197,20
195,197,20
195,197,20
195,197,20
195,197,20
195,197,20
195,197,20
195,197,20
195,160,20
195,160,20
195,160,20
195,160,20
195,160,20
195,160,20
195,160,20
195,160,20
195,173,20
195,173,20
195,173,20
195,173,20
195,173,20
195,173,20
195,173,20
195,173,20
195,173,20
195,173,20
195,173,20
195,173,20
195,173,20
195,173,20
195,173,20
195,173,20
195,173,20
195,173,20
195,173,20
195,173,20
195,173,20
195,173,20
195,173,20
195,173,20
195,173,20
195,173,20
195,173,20
195,173,20
195,173,20
195,173,20
195,173,20
195,173,20
195,185,20
195,185,20
195,185,20
195,185,20
195,185,20
195,185,20
195,185,20
195,185,20
195,190,20
195,190,20
195,190,20
195,190,20
195,190,20
195,190,20
195,190,20
195,190,20
195,190,20
195,190,20
195,190,20
195,190,20
195,190,20
195,190,20
195,190,20
195,190,20
195,190,20
195,190,20
195,190,20
195,190,20
195,190,20
195,190,20
195,190,20
195,190,20
195,190,20
195,190,20
195,190,20
195,190,20
195,190,20
195,175,20
195,175,20
195,175,20
195,175,20
195,175,20
195,175,20
195,175,20
195,175,20
195,175,20
195,175,20
195,175,20
195,175,20
195,175,20
195,175,20
195,175,20
195,175,20
195,175,20
195,175,20
195,175,20
195,175,20
195,175,20
195,175,20
195,175,20
195,175,20
195,175,20
195,175,20
195,175,20
195,181,20
195,181,20
195,181,20
195,181,20
195,181,20
195,181,20
195,181,20
195,181,20
195,181,20
195,188,20
195,188,20
195,188,20
195,188,20
195,188,20
195,188,20
195,165,20
195,165,20
195,165,20
195,165,20
195,165,20
195,165,20
195,165,20
195,165,20
195,165,20
195,165,20
195,165,20
195,165,20
195,165,20
195,165,20
195,165,20
195,165,20
195,165,20
195,216,20
195,216,20
195,216,20
195,216,20
195,216,20
195,216,20
195,216,20
195,216,20
195,216,20
195,216,20
195,216,20
195,216,20
195,216,20
195,216,20
195,216,20
195,216,20
195,216,20
195,216,20
195,216,20
195,216,20
195,216,20
195,216,20
195,216,20
195,216,20
195,216,20
195,216,20
195,216,20
195,216,20
195,216,20
195,216,20
195,216,20
195,216,20
195,216,20
195,216,20
195,216,20
195,216,20
195,216,20
195,216,20
195,216,20
195,216,20
195,216,20
195,216,20
195,216,20
195,216,20
195,216,20
195,216,20
195,216,20
195,216,20
195,216,20
195,216,20
195,216,20
195,216,20
195,216,20
195,216,20
195,216,20
195,216,20
195,216,20
195,216,20
195,216,20
195,171,20
195,171,20
195,171,20
195,171,20
195,171,20
195,171,20
195,171,20
195,171,20
195,171,20
195,171,20
195,171,20
195,171,20
195,171,20
195,171,20
195,171,20
195,171,20
195,171,20
195,171,20
195,171,20
195,171,20
195,171,20
195,171,20
195,171,20
195,171,20
195,171,20
195,206,20
195,206,20
195,206,20
195,206,20
195,206,20
195,206,20
195,206,20
195,206,20
195,206,20
195,206,20
195,206,20
195,206,20
195,206,20
195,206,20
195,206,20
195,206,20
195,206,20
195,206,20
195,206,20
195,206,20
195,206,20
195,206,20
195,206,20
195,206,20
195,206,20
195,206,20
195,181,20
195,181,20
195,181,20
195,181,20
195,181,20
195,181,20
195,181,20
195,181,20
195,181,20
195,181,20
195,181,20
195,181,20
195,181,20
195,181,20
195,181,20
195,181,20
195,181,20
195,181,20
195,181,20
195,181,20
195,181,20
195,181,20
195,181,20
195,181,20
195,181,20
195,181,20
195,181,20
195,181,20
195,181,20
195,181,20
195,181,20
195,181,20
195,181,20
195,181,20
195,181,20
195,181,20
195,181,20
195,181,20
195,181,20
195,181,20
195,181,20
195,181,20
195,181,20
195,181,20
195,181,20
195,181,20
195,181,20
195,181,20
195,181,20
195,181,20
195,191,20
195,191,20
195,191,20
195,191,20
195,191,20
195,191,20
195,191,20
195,191,20
195,191,20
195,191,20
195,191,20
195,191,20
195,164,20
195,164,20
195,164,20
195,164,20
195,164,20
195,164,20
195,164,20
195,164,20
195,164,20
195,164,20
195,218,20
195,218,20
195,218,20
195,218,20
195,218,20
195,218,20
195,218,20
195,218,20
195,218,20
195,218,20
195,218,20
195,218,20
195,218,20
195,186,20
195,186,20
195,186,20
195,186,20
195,186,20
195,186,20
195,186,20
195,186,20
195,186,20
195,186,20
195,186,20
195,198,20
195,198,20
195,198,20
195,198,20
195,198,20
195,198,20
195,198,20
195,198,20
195,198,20
195,198,20
195,198,20
195,198,20
195,198,20
195,198,20
195,198,20
195,198,20
195,198,20
195,198,20
195,198,20
195,198,20
195,198,20
195,198,20
195,198,20
195,198,20
195,198,20
195,198,20
195,198,20
195,198,20
195,198,20
195,198,20
195,198,20
195,198,20
195,198,20
195,198,20
195,198,20
195,198,20
195,198,20
195,198,20
195,198,20
195,171,20
195,171,20
195,171,20
195,171,20
195,171,20
195,171,20
195,171,20
195,171,20
195,171,20
195,171,20
195,171,20
195,171,20
195,171,20
195,189,20
195,189,20
195,189,20
195,189,20
195,189,20
195,189,20
195,189,20
195,189,20
195,228,20
195,228,20
195,228,20
195,228,20
195,228,20
195,228,20
195,228,20
195,228,20
195,228,20
195,228,20
195,228,20
195,228,20
195,228,20
195,228,20
195,228,20
195,228,20
195,228,20
195,228,20
195,228,20
195,177,20
195,177,20
195,177,20
195,177,20
195,177,20
195,177,20
195,177,20
195,177,20
195,177,20
195,177,20
195,212,20
195,212,20
195,212,20
195,212,20
195,212,20
195,212,20
195,212,20
195,212,20
195,212,20
195,212,20
195,212,20
195,212,20
195,212,20
195,212,20
195,212,20
195,212,20
195,212,20
195,212,20
195,212,20
195,221,20
195,221,20
195,221,20
195,221,20
195,221,20
195,221,20
195,221,20
195,221,20
195,221,20
195,221,20
195,221,20
155,181,20
155,181,20
155,181,20
155,181,20
155,181,20
155,181,20
155,181,20
155,181,20
155,181,20
155,181,20
155,181,20
155,181,20
155,181,20
155,181,20
155,181,20
155,181,20
155,181,20
155,181,20
155,181,20
155,181,20
155,118,20
155,118,20
155,118,20
155,118,20
155,118,20
155,118,20
155,118,20
155,118,20
155,118,20
155,118,20
155,118,20
155,118,20
155,118,20
155,118,20
155,118,20
155,118,20
155,118,20
155,118,20
155,118,20
155,118,20
155,118,20
155,118,20
155,118,20
155,118,20
155,118,20
155,118,20
155,118,20
155,118,20
155,118,20
155,118,20
155,118,20
155,118,20
155,118,20
155,118,20
155,118,20
155,132,20
155,132,20
155,132,20
155,132,20
155,132,20
155,132,20
155,179,20
155,179,20
155,179,20
155,179,20
155,179,20
155,179,20
155,179,20
155,179,20
155,179,20
155,179,20
155,179,20
155,179,20
155,179,20
155,179,20
155,179,20
155,179,20
155,179,20
155,179,20
155,179,20
155,179,20
155,150,20
155,150,20
155,150,20
155,150,20
155,150,20
155,150,20
155,150,20
155,149,20
155,149,20
155,149,20
155,149,20
155,149,20
155,149,20
155,149,20
155,149,20
155,149,20
155,149,20
155,149,20
155,149,20
155,149,20
155,149,20
155,149,20
155,149,20
155,149,20
155,149,20
155,149,20
155,149,20
155,149,20
155,149,20
155,149,20
155,149,20
155,149,20
155,149,20
155,149,20
155,149,20
155,149,20
155,149,20
155,149,20
155,149,20
155,149,20
155,149,20
155,149,20
155,149,20
155,149,20
155,149,20
155,149,20
155,149,20
155,149,20
155,149,20
155,149,20
155,168,20
155,168,20
155,168,20
155,168,20
155,168,20
155,168,20
155,168,20
155,168,20
155,168,20
155,168,20
155,168,20
155,168,20
155,168,20
155,168,20
155,168,20
155,168,20
155,168,20
155,168,20
155,168,20
155,168,20
155,168,20
155,168,20
155,168,20
155,168,20
155,168,20
155,168,20
155,168,20
155,168,20
155,168,20
155,168,20
155,168,20
155,168,20
155,168,20
155,168,20
155,168,20
155,168,20
155,168,20
155,168,20
155,168,20
155,168,20
155,168,20
155,168,20
155,168,20
155,168,20
155,168,20
155,168,20
155,168,20
155,168,20
155,168,20
155,168,20
155,168,20
155,168,20
155,168,20
155,168,20
155,168,20
155,168,20
155,168,20
155,168,20
155,168,20
155,168,20
155,141,20
155,141,20
155,141,20
155,141,20
155,141,20
155,141,20
155,141,20
155,141,20
155,141,20
155,141,20
155,141,20
155,141,20
155,141,20
155,141,20
155,141,20
155,141,20
155,141,20
155,141,20
155,141,20
155,141,20
155,167,20
155,167,20
155,167,20
155,167,20
155,167,20
155,167,20
155,167,20
155,167,20
155,167,20
155,167,20
155,167,20
155,167,20
155,167,20
155,167,20
155,167,20
155,167,20
155,167,20
155,167,20
155,167,20
155,167,20
155,167,20
155,167,20
155,167,20
155,167,20
155,167,20
155,167,20
155,167,20
155,167,20
155,167,20
155,167,20
155,167,20
155,167,20
155,167,20
155,167,20
155,167,20
155,118,20
155,118,20
155,118,20
155,118,20
155,118,20
155,118,20
155,118,20
155,118,20
155,118,20
155,118,20
155,118,20
155,118,20
155,118,20
155,118,20
155,118,20
155,118,20
155,118,20
155,118,20
155,118,20
155,118,20
155,118,20
155,118,20
155,118,20
155,118,20
155,118,20
155,118,20
155,118,20
155,118,20
155,118,20
155,118,20
155,134,20
155,134,20
155,134,20
155,134,20
155,134,20
155,134,20
155,134,20
155,134,20
155,134,20
155,134,20
155,134,20
155,134,20
155,134,20
155,134,20
155,134,20
155,134,20
155,134,20
155,134,20
155,158,20
155,158,20
155,158,20
155,158,20
155,158,20
155,158,20
155,158,20
155,158,20
155,158,20
155,158,20
155,158,20
155,158,20
155,168,20
155,168,20
155,168,20
155,168,20
155,168,20
155,168,20
155,168,20
155,168,20
155,168,20
155,168,20
155,168,20
155,168,20
155,168,20
155,168,20
155,168,20
155,168,20
155,168,20
155,168,20
155,168,20
155,168,20
155,168,20
155,168,20
155,168,20
155,168,20
155,168,20
155,168,20
155,168,20
155,168,20
155,168,20
155,168,20
155,168,20
155,168,20
155,168,20
155,148,20
155,148,20
155,148,20
155,148,20
155,148,20
155,148,20
155,148,20
155,148,20
155,148,20
155,148,20
155,148,20
155,148,20
155,148,20
155,148,20
155,148,20
155,148,20
155,148,20
155,148,20
155,148,20
155,148,20
155,148,20
155,148,20
155,148,20
155,148,20
155,148,20
155,148,20
155,148,20
155,148,20
155,148,20
155,148,20
155,148,20
155,148,20
155,148,20
155,148,20
155,148,20
155,148,20
155,148,20
155,148,20
155,148,20
155,148,20
155,138,20
155,138,20
155,138,20
155,138,20
155,138,20
155,138,20
155,188,20
155,188,20
155,188,20
155,188,20
155,188,20
155,188,20
155,188,20
155,188,20
155,188,20
155,132,20
155,132,20
155,132,20
155,132,20
155,132,20
155,132,20
155,132,20
155,132,20
155,132,20
155,132,20
155,132,20
155,132,20
155,132,20
155,132,20
155,132,20
155,132,20
155,132,20
155,132,20
155,132,20
155,132,20
155,132,20
155,132,20
155,132,20
155,132,20
155,132,20
155,132,20
155,132,20
155,132,20
155,132,20
155,132,20
155,132,20
155,132,20
155,132,20
155,132,20
155,132,20
155,132,20
155,132,20
155,132,20
155,132,20
155,132,20
155,132,20
155,132,20
155,132,20
155,132,20
155,132,20
155,132,20
155,142,20
155,142,20
155,142,20
155,142,20
155,142,20
155,142,20
155,142,20
155,157,20
155,157,20
155,157,20
155,157,20
155,157,20
155,157,20
155,157,20
155,157,20
155,157,20
155,157,20
155,157,20
155,157,20
155,157,20
155,157,20
155,157,20
155,157,20
155,157,20
155,157,20
155,157,20
155,157,20
155,157,20
155,157,20
155,157,20
155,157,20
155,157,20
155,145,20
155,145,20
155,145,20
155,145,20
155,145,20
155,145,20
155,145,20
155,145,20
155,145,20
155,145,20
155,145,20
155,145,20
155,145,20
155,145,20
155,145,20
155,145,20
155,145,20
155,145,20
155,145,20
155,145,20
155,145,20
155,145,20
155,145,20
155,145,20
155,145,20
155,145,20
155,145,20
155,145,20
155,145,20
155,145,20
155,145,20
155,145,20
155,145,20
155,145,20
155,145,20
155,145,20
155,145,20
155,145,20
155,145,20
155,145,20
155,145,20
155,145,20
155,145,20
155,145,20
155,135,20
155,135,20
155,135,20
155,135,20
155,135,20
155,135,20
155,135,20
155,166,20
155,166,20
155,166,20
155,166,20
155,166,20
155,166,20
155,166,20
155,166,20
155,166,20
155,166,20
155,166,20
155,166,20
155,166,20
155,166,20
155,166,20
155,166,20
155,166,20
155,166,20
155,138,20
155,138,20
155,138,20
155,138,20
155,138,20
155,138,20
155,138,20
155,138,20
155,138,20
155,139,20
155,139,20
155,139,20
155,139,20
155,139,20
155,139,20
155,140,20
155,140,20
155,140,20
155,140,20
155,140,20
155,140,20
155,140,20
155,140,20
155,140,20
155,140,20
155,140,20
155,140,20
155,140,20
155,140,20
155,140,20
155,140,20
155,140,20
155,140,20
155,140,20
155,140,20
155,140,20
155,140,20
155,140,20
155,140,20
155,140,20
155,140,20
155,140,20
155,178,20
155,178,20
155,178,20
155,178,20
155,178,20
155,178,20
155,178,20
155,178,20
155,178,20
155,178,20
155,178,20
155,178,20
155,178,20
155,178,20
155,178,20
155,178,20
155,178,20
155,178,20
155,160,20
155,160,20
155,160,20
155,160,20
155,160,20
155,160,20
155,160,20
155,160,20
155,160,20
155,160,20
155,160,20
155,160,20
155,160,20
155,160,20
155,160,20
155,160,20
155,160,20
155,160,20
155,160,20
155,160,20
155,160,20
155,160,20
155,160,20
155,160,20
155,160,20
155,160,20
155,160,20
155,160,20
155,160,20
155,160,20
155,160,20
155,160,20
155,160,20
155,160,20
155,160,20
155,169,20
155,169,20
155,169,20
155,169,20
155,169,20
155,169,20
155,169,20
155,171,20
155,171,20
155,171,20
155,171,20
155,171,20
155,171,20
155,171,20
155,171,20
155,171,20
155,171,20
155,171,20
155,171,20
155,171,20
155,171,20
155,171,20
155,171,20
155,171,20
155,136,20
155,136,20
155,136,20
155,136,20
155,136,20
155,136,20
155,136,20
155,136,20
155,136,20
155,140,20
155,140,20
155,140,20
155,140,20
155,140,20
155,140,20
155,140,20
155,144,20
155,144,20
155,144,20
155,144,20
155,144,20
155,144,20
155,144,20
155,144,20
155,144,20
155,144,20
155,144,20
155,172,20
155,172,20
155,172,20
155,172,20
155,172,20
155,172,20
155,172,20
155,172,20
155,172,20
155,172,20
155,172,20
155,172,20
155,172,20
155,172,20
155,172,20
155,172,20
155,172,20
155,172,20
155,172,20
155,172,20
155,172,20
155,172,20
155,172,20
155,130,20
155,130,20
155,130,20
155,130,20
155,130,20
155,130,20
155,130,20
155,130,20
155,130,20
155,130,20
155,130,20
155,130,20
155,130,20
155,130,20
155,141,20
155,141,20
155,141,20
155,141,20
155,141,20
155,141,20
155,141,20
155,141,20
155,141,20
155,141,20
155,141,20
155,141,20
155,141,20
155,141,20
155,141,20
155,141,20
175,174,20
175,174,20
175,174,20
175,174,20
175,174,20
175,174,20
175,174,20
175,174,20
175,174,20
175,187,20
175,187,20
175,187,20
175,187,20
175,187,20
175,187,20
175,187,20
175,187,20
175,187,20
175,187,20
175,187,20
175,187,20
175,187,20
175,187,20
175,187,20
175,187,20
175,187,20
175,187,20
175,173,20
175,173,20
175,173,20
175,173,20
175,173,20
175,173,20
175,173,20
175,173,20
175,173,20
175,173,20
175,173,20
175,173,20
175,173,20
175,147,20
175,147,20
175,147,20
175,147,20
175,147,20
175,147,20
175,147,20
175,147,20
175,147,20
175,147,20
175,147,20
175,147,20
175,221,20
175,221,20
175,221,20
175,221,20
175,221,20
175,221,20
175,221,20
175,221,20
175,221,20
175,221,20
175,221,20
175,221,20
175,221,20
175,221,20
175,221,20
175,221,20
175,221,20
175,221,20
175,221,20
175,221,20
175,204,20
175,204,20
175,204,20
175,204,20
175,204,20
175,204,20
175,204,20
175,204,20
175,204,20
175,204,20
175,204,20
175,212,20
175,212,20
175,212,20
175,212,20
175,212,20
175,212,20
175,212,20
175,212,20
175,212,20
175,212,20
175,212,20
175,212,20
175,212,20
175,212,20
175,196,20
175,196,20
175,196,20
175,196,20
175,196,20
175,196,20
175,196,20
175,196,20
175,196,20
175,196,20
175,196,20
175,196,20
175,196,20
175,196,20
175,196,20
175,196,20
175,196,20
175,196,20
175,196,20
175,196,20
175,196,20
175,196,20
175,188,20
175,188,20
175,188,20
175,188,20
175,188,20
175,188,20
175,188,20
175,188,20
175,188,20
175,188,20
175,188,20
175,188,20
175,188,20
175,188,20
175,188,20
175,188,20
175,188,20
175,188,20
175,188,20
175,188,20
175,188,20
175,188,20
175,188,20
175,188,20
175,188,20
175,188,20
175,188,20
175,188,20
175,188,20
175,188,20
175,188,20
175,188,20
175,188,20
175,188,20
175,186,20
175,186,20
175,186,20
175,186,20
175,186,20
175,186,20
175,186,20
175,186,20
175,186,20
175,186,20
175,186,20
175,186,20
175,186,20
175,186,20
175,186,20
175,186,20
175,186,20
175,186,20
175,186,20
175,186,20
175,186,20
175,186,20
175,186,20
175,186,20
175,186,20
175,186,20
175,186,20
175,186,20
175,186,20
175,186,20
175,186,20
175,186,20
175,186,20
175,186,20
175,186,20
175,186,20
175,186,20
175,186,20
175,186,20
175,186,20
175,186,20
175,186,20
175,186,20
175,186,20
175,186,20
175,186,20
175,186,20
175,186,20
175,186,20
175,186,20
175,186,20
175,186,20
175,186,20
175,186,20
175,186,20
175,186,20
175,154,20
175,154,20
175,154,20
175,154,20
175,154,20
175,154,20
175,154,20
175,154,20
175,154,20
175,154,20
175,154,20
175,154,20
175,154,20
175,154,20
175,154,20
175,154,20
175,154,20
175,154,20
175,154,20
175,154,20
175,154,20
175,154,20
175,154,20
175,154,20
175,154,20
175,154,20
175,154,20
175,154,20
175,154,20
175,154,20
175,154,20
175,154,20
175,154,20
175,154,20
175,151,20
175,151,20
175,151,20
175,151,20
175,151,20
175,151,20
175,151,20
175,151,20
175,151,20
175,151,20
175,151,20
175,151,20
175,151,20
175,151,20
175,151,20
175,151,20
175,151,20
175,151,20
175,151,20
175,151,20
175,151,20
175,151,20
175,177,20
175,177,20
175,177,20
175,177,20
175,177,20
175,177,20
175,173,20
175,173,20
175,173,20
175,173,20
175,173,20
175,173,20
175,173,20
175,173,20
175,173,20
175,173,20
175,173,20
175,173,20
175,173,20
175,191,20
175,191,20
175,191,20
175,191,20
175,191,20
175,191,20
175,191,20
175,191,20
175,191,20
175,191,20
175,191,20
175,191,20
175,191,20
175,191,20
175,191,20
175,191,20
175,191,20
175,191,20
175,191,20
175,191,20
175,191,20
175,191,20
175,191,20
175,191,20
175,191,20
175,191,20
175,191,20
175,191,20
175,191,20
175,191,20
175,164,20
175,164,20
175,164,20
175,164,20
175,164,20
175,164,20
175,164,20
175,164,20
175,164,20
175,164,20
175,164,20
175,164,20
175,164,20
175,164,20
175,164,20
175,164,20
175,164,20
175,164,20
175,164,20
175,164,20
175,164,20
175,164,20
175,164,20
175,164,20
175,164,20
175,164,20
175,128,20
175,128,20
175,128,20
175,128,20
175,128,20
175,128,20
175,128,20
175,128,20
175,128,20
175,128,20
175,128,20
175,128,20
175,128,20
175,128,20
175,128,20
175,128,20
175,128,20
175,128,20
175,128,20
175,128,20
175,128,20
175,128,20
175,128,20
175,128,20
175,128,20
175,128,20
175,173,20
175,173,20
175,173,20
175,173,20
175,173,20
175,173,20
175,173,20
175,173,20
175,173,20
175,179,20
175,179,20
175,179,20
175,179,20
175,179,20
175,179,20
175,179,20
175,154,20
175,154,20
175,154,20
175,154,20
175,154,20
175,154,20
175,154,20
175,154,20
175,154,20
175,210,20
175,210,20
175,210,20
175,210,20
175,210,20
175,210,20
175,210,20
175,210,20
175,210,20
175,210,20
175,210,20
175,210,20
175,210,20
175,210,20
175,210,20
175,210,20
175,210,20
175,210,20
175,210,20
175,210,20
175,210,20
175,210,20
175,210,20
175,210,20
175,210,20
175,210,20
175,210,20
175,210,20
175,210,20
175,210,20
175,210,20
175,210,20
175,210,20
175,210,20
175,210,20
175,210,20
175,210,20
175,210,20
175,210,20
175,210,20
175,210,20
175,149,20
175,149,20
175,149,20
175,149,20
175,149,20
175,149,20
175,149,20
175,149,20
175,149,20
175,149,20
175,149,20
175,149,20
175,149,20
175,149,20
175,149,20
175,149,20
175,149,20
175,149,20
175,149,20
175,149,20
175,155,20
175,155,20
175,155,20
175,155,20
175,155,20
175,155,20
175,155,20
175,155,20
175,155,20
175,155,20
175,155,20
175,155,20
175,155,20
175,155,20
175,155,20
175,155,20
175,155,20
175,155,20
175,155,20
175,155,20
175,155,20
175,155,20
175,155,20
175,155,20
175,155,20
175,155,20
175,155,20
175,155,20
175,155,20
175,155,20
175,155,20
175,155,20
175,155,20
175,155,20
175,155,20
175,155,20
175,155,20
175,155,20
175,155,20
175,155,20
175,155,20
175,155,20
175,155,20
175,155,20
175,155,20
175,174,20
175,174,20
175,174,20
175,174,20
175,174,20
175,174,20
175,174,20
175,174,20
175,174,20
175,174,20
175,174,20
175,174,20
175,174,20
175,174,20
175,174,20
175,174,20
175,174,20
175,174,20
175,174,20
175,174,20
175,174,20
175,174,20
175,174,20
175,174,20
175,174,20
175,174,20
175,174,20
175,174,20
175,174,20
175,174,20
175,174,20
175,174,20
175,174,20
175,174,20
175,174,20
175,174,20
175,174,20
175,174,20
175,174,20
175,174,20
175,174,20
175,174,20
175,174,20
175,174,20
175,174,20
175,174,20
175,174,20
175,174,20
175,174,20
175,174,20
175,174,20
175,174,20
175,174,20
175,174,20
175,174,20
175,174,20
175,174,20
175,174,20
175,174,20
175,174,20
175,174,20
175,174,20
135,56,20
135,56,20
135,56,20
135,56,20
135,56,20
135,56,20
135,138,20
135,138,20
135,138,20
135,138,20
135,138,20
135,138,20
135,138,20
135,138,20
135,128,20
135,128,20
135,128,20
135,128,20
135,128,20
135,128,20
135,128,20
135,128,20
135,128,20
135,128,20
135,128,20
135,128,20
135,128,20
135,128,20
135,128,20
135,128,20
135,128,20
135,128,20
