true_pos,obs_pos,true_var
262,267,10
262,267,10
262,267,10
262,267,10
262,267,10
262,267,10
262,267,10
262,267,10
262,267,10
262,267,10
262,267,10
262,267,10
262,283,10
262,283,10
262,283,10
262,283,10
262,283,10
262,283,10
262,283,10
262,283,10
262,283,10
262,283,10
262,283,10
262,283,10
262,283,10
262,283,10
262,283,10
262,283,10
262,283,10
262,283,10
262,283,10
262,283,10
262,283,10
262,283,10
262,283,10
262,283,10
262,283,10
262,283,10
262,283,10
262,283,10
262,283,10
262,283,10
262,283,10
262,274,10
262,274,10
262,274,10
262,274,10
262,274,10
262,274,10
262,274,10
262,274,10
262,274,10
262,274,10
262,264,10
262,264,10
262,264,10
262,264,10
262,264,10
262,264,10
262,264,10
262,264,10
262,264,10
262,264,10
262,264,10
262,264,10
262,264,10
262,264,10
262,264,10
262,264,10
262,264,10
262,264,10
262,264,10
262,264,10
262,264,10
262,264,10
262,264,10
262,264,10
262,259,10
262,259,10
262,259,10
262,259,10
262,259,10
262,259,10
262,259,10
262,259,10
262,259,10
262,259,10
262,259,10
262,259,10
262,259,10
262,259,10
262,259,10
262,259,10
262,259,10
262,259,10
262,259,10
262,259,10
262,259,10
262,259,10
262,259,10
262,259,10
262,259,10
262,259,10
262,259,10
262,259,10
262,259,10
262,259,10
262,259,10
262,259,10
262,259,10
262,259,10
262,259,10
262,259,10
262,259,10
262,259,10
262,259,10
262,259,10
262,259,10
262,259,10
262,259,10
262,259,10
262,259,10
262,259,10
262,267,10
262,267,10
262,267,10
262,267,10
262,267,10
262,267,10
262,267,10
262,267,10
262,267,10
262,267,10
262,267,10
262,267,10
262,267,10
262,267,10
262,267,10
262,267,10
262,267,10
262,267,10
262,267,10
262,267,10
262,267,10
262,267,10
262,267,10
262,267,10
262,267,10
262,267,10
262,267,10
262,267,10
262,267,10
262,267,10
262,251,10
262,251,10
262,251,10
262,251,10
262,251,10
262,251,10
262,251,10
262,251,10
262,251,10
262,251,10
262,251,10
262,251,10
262,251,10
262,251,10
262,251,10
262,251,10
262,251,10
262,251,10
262,251,10
262,251,10
262,251,10
262,251,10
262,262,10
262,262,10
262,262,10
262,262,10
262,262,10
262,262,10
262,262,10
262,262,10
262,262,10
262,262,10
262,262,10
262,262,10
262,262,10
262,262,10
262,262,10
262,262,10
262,262,10
262,262,10
262,262,10
262,262,10
262,262,10
262,262,10
262,262,10
262,262,10
262,262,10
262,262,10
262,262,10
262,262,10
262,262,10
262,262,10
262,262,10
262,262,10
262,262,10
262,262,10
262,262,10
262,262,10
262,262,10
262,262,10
262,262,10
262,262,10
262,262,10
262,262,10
262,262,10
262,263,10
262,263,10
262,263,10
262,263,10
262,263,10
262,263,10
262,263,10
262,263,10
262,263,10
262,263,10
262,263,10
262,263,10
262,263,10
262,263,10
262,263,10
262,280,10
262,280,10
262,280,10
262,280,10
262,280,10
262,280,10
262,280,10
262,280,10
262,280,10
262,280,10
262,280,10
262,280,10
262,280,10
262,280,10
262,280,10
262,262,10
262,262,10
262,262,10
262,262,10
262,262,10
262,262,10
262,262,10
262,262,10
262,262,10
262,262,10
262,262,10
262,262,10
262,262,10
262,280,10
262,280,10
262,280,10
262,280,10
262,280,10
262,280,10
262,280,10
262,280,10
262,282,10
262,282,10
262,282,10
262,282,10
262,282,10
262,282,10
262,282,10
262,282,10
262,282,10
262,282,10
262,282,10
262,282,10
262,282,10
262,282,10
262,282,10
262,282,10
262,282,10
262,271,10
262,271,10
262,271,10
262,271,10
262,271,10
262,271,10
262,271,10
262,271,10
262,271,10
262,271,10
262,271,10
262,271,10
262,271,10
262,271,10
262,271,10
262,271,10
262,271,10
262,271,10
262,271,10
262,271,10
262,271,10
262,271,10
262,271,10
262,271,10
262,271,10
262,271,10
262,271,10
262,271,10
262,271,10
262,271,10
262,271,10
262,271,10
262,271,10
242,236,10
242,236,10
242,236,10
242,236,10
242,236,10
242,236,10
242,236,10
242,236,10
242,236,10
242,236,10
242,236,10
242,236,10
242,236,10
242,236,10
242,236,10
242,236,10
242,236,10
242,242,10
242,242,10
242,242,10
242,242,10
242,242,10
242,242,10
242,242,10
242,242,10
242,242,10
242,242,10
242,242,10
242,242,10
242,242,10
242,242,10
242,242,10
242,242,10
242,242,10
242,242,10
242,242,10
242,242,10
242,242,10
242,242,10
242,242,10
242,242,10
242,242,10
242,242,10
242,242,10
242,242,10
242,242,10
242,242,10
242,242,10
242,242,10
242,242,10
242,242,10
242,242,10
242,242,10
242,242,10
242,242,10
242,242,10
242,252,10
242,252,10
242,252,10
242,252,10
242,252,10
242,252,10
242,252,10
242,252,10
242,252,10
242,252,10
242,252,10
242,252,10
242,252,10
242,252,10
242,252,10
242,252,10
242,252,10
242,252,10
242,252,10
242,252,10
242,252,10
242,252,10
242,252,10
242,252,10
242,252,10
242,252,10
242,252,10
242,252,10
242,252,10
242,252,10
242,252,10
242,252,10
242,252,10
242,252,10
242,252,10
242,252,10
242,255,10
242,255,10
242,255,10
242,255,10
242,255,10
242,255,10
242,255,10
242,255,10
242,255,10
242,245,10
242,245,10
242,245,10
242,245,10
242,245,10
242,245,10
242,231,10
242,231,10
242,231,10
242,231,10
242,231,10
242,231,10
242,231,10
242,231,10
242,231,10
242,231,10
242,231,10
242,231,10
242,231,10
242,231,10
242,231,10
242,231,10
242,231,10
242,231,10
242,231,10
242,231,10
242,231,10
242,231,10
242,231,10
242,231,10
242,231,10
242,231,10
242,231,10
242,231,10
242,231,10
242,231,10
242,231,10
242,231,10
242,231,10
242,231,10
242,231,10
242,231,10
242,231,10
242,231,10
242,231,10
242,231,10
242,231,10
242,231,10
242,231,10
242,231,10
242,231,10
242,231,10
242,231,10
242,231,10
242,231,10
242,231,10
242,231,10
242,231,10
242,231,10
242,249,10
242,249,10
242,249,10
242,249,10
242,249,10
242,249,10
242,249,10
242,249,10
242,249,10
242,249,10
242,249,10
242,249,10
242,249,10
242,249,10
242,249,10
242,249,10
242,249,10
242,249,10
242,249,10
242,249,10
242,249,10
242,249,10
242,249,10
242,249,10
242,249,10
242,249,10
242,249,10
242,249,10
242,249,10
242,249,10
242,249,10
242,249,10
242,249,10
242,249,10
242,249,10
242,249,10
242,249,10
242,249,10
242,249,10
242,249,10
242,249,10
242,249,10
242,251,10
242,251,10
242,251,10
242,251,10
242,251,10
242,251,10
242,251,10
242,251,10
242,251,10
242,251,10
242,251,10
242,250,10
242,250,10
242,250,10
242,250,10
242,250,10
242,250,10
242,250,10
242,250,10
242,250,10
242,250,10
242,250,10
242,250,10
242,250,10
242,250,10
242,250,10
242,250,10
242,250,10
242,250,10
242,258,10
242,258,10
242,258,10
242,258,10
242,258,10
242,258,10
242,258,10
242,255,10
242,255,10
242,255,10
242,255,10
242,255,10
242,255,10
242,255,10
242,255,10
242,255,10
242,255,10
242,255,10
242,255,10
242,255,10
242,255,10
242,255,10
242,255,10
242,255,10
242,255,10
242,255,10
242,255,10
242,255,10
242,255,10
242,255,10
242,255,10
242,255,10
242,255,10
242,255,10
242,255,10
242,255,10
242,255,10
262,257,10
262,257,10
262,257,10
262,257,10
262,257,10
262,257,10
262,257,10
262,257,10
262,257,10
262,257,10
262,257,10
262,260,10
262,260,10
262,260,10
262,260,10
262,260,10
262,260,10
262,260,10
262,260,10
262,260,10
262,260,10
262,260,10
262,260,10
262,260,10
262,260,10
262,260,10
262,260,10
262,260,10
262,260,10
262,260,10
262,260,10
262,268,10
262,268,10
262,268,10
262,268,10
262,268,10
262,268,10
262,268,10
262,268,10
262,261,10
262,261,10
262,261,10
262,261,10
262,261,10
262,261,10
262,261,10
262,261,10
262,261,10
262,261,10
262,261,10
262,261,10
262,264,10
262,264,10
262,264,10
262,264,10
262,264,10
262,264,10
262,264,10
262,264,10
262,264,10
262,264,10
262,264,10
262,264,10
262,264,10
262,264,10
262,264,10
262,264,10
262,253,10
262,253,10
262,253,10
262,253,10
262,253,10
262,253,10
262,253,10
262,253,10
262,253,10
262,253,10
262,253,10
262,253,10
262,253,10
262,253,10
262,253,10
262,253,10
262,253,10
262,275,10
262,275,10
262,275,10
262,275,10
262,275,10
262,275,10
262,275,10
262,275,10
262,275,10
262,275,10
262,275,10
262,275,10
262,275,10
262,275,10
262,275,10
262,275,10
262,275,10
262,275,10
262,275,10
262,275,10
262,275,10
262,275,10
262,275,10
262,275,10
262,275,10
262,275,10
262,275,10
262,275,10
262,255,10
262,255,10
262,255,10
262,255,10
262,255,10
262,255,10
262,255,10
262,255,10
262,255,10
262,249,10
262,249,10
262,249,10
262,249,10
262,249,10
262,249,10
262,249,10
262,249,10
262,249,10
262,249,10
262,249,10
262,249,10
262,249,10
262,249,10
262,249,10
262,249,10
262,249,10
262,249,10
262,249,10
262,249,10
262,249,10
262,279,10
262,279,10
262,279,10
262,279,10
262,279,10
262,279,10
262,279,10
262,279,10
262,279,10
262,279,10
232,237,10
232,237,10
232,237,10
232,237,10
232,237,10
232,237,10
232,237,10
232,237,10
232,237,10
232,237,10
232,237,10
232,237,10
232,226,10
232,226,10
232,226,10
232,226,10
232,226,10
232,226,10
232,226,10
232,226,10
232,226,10
232,226,10
232,226,10
232,226,10
232,226,10
232,226,10
232,226,10
232,219,10
232,219,10
232,219,10
232,219,10
232,219,10
232,219,10
232,219,10
232,219,10
232,219,10
232,219,10
232,219,10
232,219,10
232,219,10
232,219,10
232,219,10
232,219,10
232,232,10
232,232,10
232,232,10
232,232,10
232,232,10
232,232,10
232,232,10
232,232,10
232,232,10
232,232,10
232,232,10
232,232,10
232,232,10
232,232,10
232,225,10
232,225,10
232,225,10
232,225,10
232,225,10
232,225,10
232,225,10
232,225,10
232,225,10
232,225,10
232,225,10
232,225,10
232,225,10
232,225,10
232,225,10
232,225,10
232,225,10
232,225,10
232,225,10
232,225,10
232,225,10
232,225,10
232,225,10
232,225,10
232,225,10
232,225,10
232,225,10
232,225,10
232,225,10
232,225,10
232,225,10
232,225,10
232,225,10
232,225,10
232,225,10
232,225,10
232,225,10
232,225,10
232,225,10
232,225,10
232,225,10
232,225,10
232,235,10
232,235,10
232,235,10
232,235,10
232,235,10
232,235,10
232,235,10
232,235,10
232,235,10
232,235,10
232,235,10
232,235,10
232,235,10
232,235,10
232,235,10
232,235,10
232,235,10
232,235,10
232,235,10
232,235,10
232,235,10
232,235,10
232,235,10
232,235,10
232,235,10
232,235,10
232,235,10
232,235,10
232,235,10
232,235,10
232,235,10
232,235,10
232,235,10
232,235,10
232,235,10
232,235,10
232,235,10
232,235,10
232,235,10
232,235,10
232,235,10
232,235,10
232,235,10
232,235,10
232,235,10
232,235,10
232,235,10
232,235,10
232,235,10
232,235,10
232,235,10
232,235,10
232,235,10
232,235,10
232,235,10
232,235,10
232,235,10
232,235,10
232,230,10
232,230,10
232,230,10
232,230,10
232,230,10
232,230,10
232,230,10
232,230,10
232,230,10
232,230,10
232,230,10
232,230,10
232,230,10
232,230,10
232,230,10
232,230,10
232,230,10
232,230,10
232,230,10
232,230,10
232,230,10
232,230,10
232,230,10
232,230,10
232,230,10
232,230,10
232,230,10
232,230,10
232,230,10
232,230,10
232,230,10
232,230,10
232,230,10
232,230,10
232,230,10
232,230,10
232,230,10
232,230,10
232,230,10
232,230,10
232,230,10
232,230,10
232,230,10
232,230,10
232,230,10
232,230,10
232,230,10
232,230,10
232,213,10
232,213,10
232,213,10
232,213,10
232,213,10
232,213,10
232,213,10
212,201,10
212,201,10
212,201,10
212,201,10
212,201,10
212,201,10
212,201,10
212,201,10
212,201,10
212,201,10
212,201,10
212,201,10
212,201,10
212,201,10
212,201,10
212,201,10
212,201,10
212,201,10
212,201,10
212,201,10
212,201,10
212,201,10
212,201,10
212,201,10
212,201,10
212,201,10
212,201,10
212,201,10
212,201,10
212,201,10
212,201,10
212,201,10
212,201,10
212,201,10
212,201,10
212,201,10
212,201,10
212,201,10
212,201,10
212,201,10
212,201,10
212,201,10
212,201,10
212,201,10
212,201,10
212,201,10
212,201,10
212,201,10
212,201,10
212,201,10
212,201,10
212,201,10
212,201,10
212,201,10
212,201,10
212,201,10
212,201,10
212,201,10
212,201,10
212,201,10
212,206,10
212,206,10
212,206,10
212,206,10
212,206,10
212,206,10
212,206,10
212,206,10
212,206,10
212,206,10
212,206,10
212,206,10
212,206,10
212,229,10
212,229,10
212,229,10
212,229,10
212,229,10
212,229,10
212,229,10
212,229,10
212,229,10
212,229,10
212,208,10
212,208,10
212,208,10
212,208,10
212,208,10
212,208,10
212,208,10
212,208,10
212,207,10
212,207,10
212,207,10
212,207,10
212,207,10
212,207,10
212,207,10
212,207,10
212,207,10
212,207,10
212,207,10
212,207,10
212,207,10
212,211,10
212,211,10
212,211,10
212,211,10
212,211,10
212,211,10
212,211,10
212,211,10
212,211,10
212,211,10
212,211,10
212,211,10
212,211,10
212,211,10
212,211,10
212,211,10
212,211,10
212,211,10
212,211,10
212,211,10
212,211,10
212,211,10
212,211,10
212,211,10
212,211,10
212,211,10
212,211,10
212,211,10
212,211,10
212,211,10
212,211,10
212,211,10
212,211,10
212,211,10
212,211,10
212,211,10
212,211,10
212,211,10
212,211,10
212,211,10
212,211,10
212,211,10
212,214,10
212,214,10
212,214,10
212,214,10
212,214,10
212,214,10
212,214,10
212,214,10
212,214,10
212,214,10
212,219,10
212,219,10
212,219,10
212,219,10
212,219,10
212,219,10
212,219,10
212,219,10
212,219,10
212,219,10
212,219,10
212,219,10
212,219,10
212,219,10
212,219,10
212,219,10
212,219,10
212,219,10
212,219,10
212,219,10
212,219,10
212,219,10
212,219,10
212,219,10
212,219,10
212,219,10
212,219,10
212,219,10
242,235,10
242,235,10
242,235,10
242,235,10
242,235,10
242,235,10
242,235,10
242,235,10
242,235,10
242,235,10
242,235,10
242,235,10
242,235,10
242,235,10
242,235,10
242,235,10
242,235,10
242,235,10
242,235,10
242,235,10
242,235,10
242,235,10
242,235,10
242,235,10
242,235,10
242,235,10
242,235,10
242,244,10
242,244,10
242,244,10
242,244,10
242,244,10
242,244,10
242,244,10
242,244,10
242,244,10
242,244,10
242,244,10
242,244,10
242,244,10
242,244,10
242,242,10
242,242,10
242,242,10
242,242,10
242,242,10
242,242,10
242,242,10
242,242,10
242,242,10
242,242,10
242,242,10
242,242,10
242,242,10
242,242,10
242,242,10
242,242,10
242,242,10
242,242,10
242,242,10
242,242,10
242,242,10
242,242,10
242,242,10
242,242,10
242,242,10
242,242,10
242,242,10
242,242,10
242,252,10
242,252,10
242,252,10
242,252,10
242,252,10
242,252,10
242,252,10
242,252,10
242,252,10
242,252,10
242,252,10
242,252,10
242,252,10
242,252,10
242,235,10
242,235,10
242,235,10
242,235,10
242,235,10
242,235,10
242,235,10
242,235,10
242,235,10
242,235,10
242,235,10
242,235,10
242,235,10
242,235,10
242,235,10
242,235,10
242,235,10
242,235,10
242,235,10
242,235,10
242,235,10
242,235,10
242,235,10
242,235,10
242,235,10
242,235,10
242,235,10
242,244,10
242,244,10
242,244,10
242,244,10
242,244,10
242,244,10
242,244,10
242,244,10
242,244,10
242,244,10
242,244,10
242,244,10
242,244,10
242,244,10
242,244,10
242,244,10
242,232,10
242,232,10
242,232,10
242,232,10
242,232,10
242,232,10
242,232,10
242,232,10
242,232,10
242,232,10
242,232,10
242,232,10
242,232,10
242,232,10
242,232,10
242,251,10
242,251,10
242,251,10
242,251,10
242,251,10
242,251,10
242,251,10
242,251,10
242,251,10
242,251,10
242,251,10
242,251,10
242,251,10
242,251,10
242,251,10
242,251,10
242,251,10
242,251,10
242,251,10
242,251,10
242,251,10
242,251,10
242,251,10
242,251,10
242,251,10
242,251,10
242,251,10
242,251,10
242,251,10
242,251,10
242,251,10
242,251,10
242,251,10
242,251,10
242,251,10
242,251,10
242,251,10
242,251,10
242,251,10
242,251,10
242,251,10
242,251,10
242,251,10
242,251,10
242,251,10
242,251,10
242,251,10
242,251,10
242,252,10
242,252,10
242,252,10
242,252,10
242,252,10
242,252,10
242,252,10
242,252,10
242,252,10
242,252,10
242,252,10
242,252,10
242,252,10
242,252,10
242,252,10
242,252,10
242,252,10
242,252,10
242,252,10
242,252,10
242,252,10
242,252,10
242,252,10
242,252,10
242,252,10
242,252,10
242,252,10
242,252,10
242,252,10
242,252,10
242,252,10
242,252,10
242,252,10
242,252,10
242,252,10
242,252,10
242,252,10
242,252,10
242,252,10
242,252,10
242,252,10
242,252,10
242,252,10
242,252,10
242,252,10
242,252,10
242,252,10
202,211,10
202,211,10
202,211,10
202,211,10
202,211,10
202,211,10
202,211,10
202,211,10
202,211,10
202,211,10
202,211,10
202,211,10
202,211,10
202,211,10
202,211,10
202,211,10
202,211,10
202,211,10
202,211,10
202,211,10
202,211,10
202,211,10
202,211,10
202,211,10
202,199,10
202,199,10
202,199,10
202,199,10
202,199,10
202,199,10
202,199,10
202,199,10
202,197,10
202,197,10
202,197,10
202,197,10
202,197,10
202,197,10
202,197,10
202,197,10
202,197,10
202,197,10
202,197,10
202,197,10
202,197,10
202,197,10
202,197,10
202,197,10
202,197,10
202,205,10
202,205,10
202,205,10
202,205,10
202,205,10
202,205,10
202,205,10
202,205,10
202,205,10
202,205,10
202,205,10
202,205,10
202,205,10
202,205,10
202,205,10
202,205,10
202,205,10
202,205,10
202,205,10
202,205,10
202,205,10
202,205,10
202,205,10
202,205,10
202,205,10
202,205,10
202,205,10
202,205,10
202,214,10
202,214,10
202,214,10
202,214,10
202,214,10
202,214,10
202,214,10
202,214,10
202,214,10
202,199,10
202,199,10
202,199,10
202,199,10
202,199,10
202,199,10
202,199,10
202,199,10
202,199,10
202,199,10
202,199,10
202,199,10
202,199,10
202,199,10
202,199,10
202,199,10
202,201,10
202,201,10
202,201,10
202,201,10
202,201,10
202,201,10
202,201,10
202,201,10
202,201,10
202,201,10
202,201,10
202,201,10
202,201,10
202,201,10
202,201,10
202,201,10
202,201,10
202,201,10
202,201,10
202,201,10
202,201,10
202,201,10
202,213,10
202,213,10
202,213,10
202,213,10
202,213,10
202,213,10
202,213,10
202,213,10
202,213,10
202,213,10
202,213,10
202,213,10
202,213,10
202,213,10
202,213,10
202,213,10
202,213,10
202,213,10
202,213,10
202,213,10
202,213,10
202,213,10
202,213,10
202,213,10
202,213,10
202,213,10
202,213,10
202,213,10
202,213,10
202,213,10
202,213,10
202,213,10
202,213,10
202,213,10
202,213,10
202,213,10
202,213,10
202,213,10
202,213,10
202,213,10
202,213,10
202,213,10
202,216,10
202,216,10
202,216,10
202,216,10
202,216,10
202,216,10
202,216,10
202,216,10
202,216,10
202,216,10
202,216,10
202,216,10
202,216,10
202,216,10
202,216,10
202,201,10
202,201,10
202,201,10
202,201,10
202,201,10
202,201,10
202,207,10
202,207,10
202,207,10
202,207,10
202,207,10
202,207,10
202,207,10
242,224,10
242,224,10
242,224,10
242,224,10
242,224,10
242,224,10
242,224,10
242,233,10
242,233,10
242,233,10
242,233,10
242,233,10
242,233,10
242,233,10
242,233,10
242,233,10
242,233,10
242,233,10
242,233,10
242,233,10
242,240,10
242,240,10
242,240,10
242,240,10
242,240,10
242,240,10
242,240,10
242,240,10
242,240,10
242,240,10
242,240,10
242,240,10
242,240,10
242,241,10
242,241,10
242,241,10
242,241,10
242,241,10
242,241,10
242,241,10
242,241,10
242,241,10
242,241,10
242,241,10
242,241,10
242,241,10
242,241,10
242,241,10
242,250,10
242,250,10
242,250,10
242,250,10
242,250,10
242,250,10
242,250,10
242,250,10
242,250,10
242,250,10
242,250,10
242,250,10
242,250,10
242,250,10
242,250,10
242,250,10
242,250,10
242,250,10
242,256,10
242,256,10
242,256,10
242,256,10
242,256,10
242,256,10
242,256,10
242,256,10
242,256,10
242,256,10
242,256,10
242,230,10
242,230,10
242,230,10
242,230,10
242,230,10
242,230,10
242,230,10
242,230,10
242,230,10
242,230,10
242,230,10
242,230,10
242,242,10
242,242,10
242,242,10
242,242,10
242,242,10
242,242,10
242,242,10
242,242,10
242,242,10
242,242,10
242,242,10
242,245,10
242,245,10
242,245,10
242,245,10
242,245,10
242,245,10
242,245,10
242,245,10
242,245,10
242,245,10
242,245,10
242,245,10
242,255,10
242,255,10
242,255,10
242,255,10
242,255,10
242,255,10
242,255,10
242,255,10
242,255,10
242,255,10
242,255,10
242,255,10
242,255,10
242,215,10
242,215,10
242,215,10
242,215,10
242,215,10
242,215,10
242,215,10
242,215,10
242,248,10
242,248,10
242,248,10
242,248,10
242,248,10
242,248,10
242,248,10
242,248,10
242,248,10
242,248,10
242,248,10
242,248,10
242,248,10
262,260,10
262,260,10
262,260,10
262,260,10
262,260,10
262,260,10
262,260,10
262,261,10
262,261,10
262,261,10
262,261,10
262,261,10
262,261,10
262,261,10
262,261,10
262,261,10
262,261,10
262,273,10
262,273,10
262,273,10
262,273,10
262,273,10
262,273,10
262,273,10
262,273,10
262,273,10
262,273,10
262,273,10
262,273,10
262,273,10
262,273,10
262,273,10
262,273,10
262,273,10
262,273,10
262,273,10
262,273,10
262,273,10
262,273,10
262,273,10
262,273,10
262,273,10
262,273,10
262,273,10
262,273,10
262,273,10
262,273,10
262,273,10
262,273,10
262,273,10
262,273,10
262,273,10
262,273,10
262,273,10
262,273,10
262,273,10
262,273,10
262,273,10
262,273,10
262,273,10
262,273,10
262,273,10
262,273,10
262,273,10
262,273,10
262,263,10
262,263,10
262,263,10
262,263,10
262,263,10
262,263,10
262,263,10
262,263,10
262,263,10
262,263,10
262,263,10
262,263,10
262,263,10
262,263,10
262,269,10
262,269,10
262,269,10
262,269,10
262,269,10
262,269,10
262,269,10
262,269,10
262,269,10
262,269,10
262,269,10
262,269,10
262,267,10
262,267,10
262,267,10
262,267,10
262,267,10
262,267,10
262,267,10
262,267,10
262,259,10
262,259,10
262,259,10
262,259,10
262,259,10
262,259,10
262,259,10
262,259,10
262,259,10
262,259,10
262,259,10
262,259,10
262,259,10
262,259,10
262,259,10
262,259,10
262,259,10
262,273,10
262,273,10
262,273,10
262,273,10
262,273,10
262,273,10
262,273,10
262,258,10
262,258,10
262,258,10
262,258,10
262,258,10
262,258,10
262,258,10
262,258,10
262,258,10
262,258,10
262,258,10
262,259,10
262,259,10
262,259,10
262,259,10
262,259,10
262,259,10
262,259,10
262,248,10
262,248,10
262,248,10
262,248,10
262,248,10
262,248,10
262,248,10
262,248,10
262,248,10
262,248,10
262,248,10
262,248,10
262,248,10
262,248,10
262,248,10
262,248,10
262,248,10
262,248,10
262,248,10
262,248,10
262,248,10
262,248,10
262,258,10
262,258,10
262,258,10
262,258,10
262,258,10
262,258,10
262,258,10
262,258,10
262,260,10
262,260,10
262,260,10
262,260,10
262,260,10
262,260,10
262,260,10
262,260,10
262,260,10
262,260,10
262,260,10
262,260,10
262,260,10
262,260,10
262,260,10
262,260,10
262,260,10
262,260,10
262,260,10
262,260,10
262,260,10
262,260,10
262,245,10
262,245,10
262,245,10
262,245,10
262,245,10
262,245,10
262,245,10
262,245,10
262,245,10
262,245,10
262,245,10
262,245,10
262,245,10
262,245,10
262,245,10
262,245,10
262,245,10
262,245,10
262,250,10
262,250,10
262,250,10
262,250,10
262,250,10
262,250,10
262,250,10
262,250,10
262,250,10
262,250,10
262,250,10
262,250,10
262,250,10
262,250,10
262,250,10
262,250,10
262,250,10
262,250,10
262,250,10
262,250,10
262,250,10
262,250,10
262,250,10
262,250,10
262,250,10
262,250,10
262,250,10
262,250,10
262,250,10
262,250,10
262,250,10
262,250,10
262,250,10
262,250,10
262,250,10
262,250,10
262,250,10
262,250,10
262,250,10
262,250,10
262,250,10
262,250,10
262,250,10
262,250,10
262,250,10
262,250,10
262,250,10
262,250,10
262,250,10
262,250,10
262,250,10
262,250,10
262,250,10
222,214,10
222,214,10
222,214,10
222,214,10
222,214,10
222,214,10
222,214,10
222,214,10
222,214,10
222,214,10
222,214,10
222,214,10
222,214,10
222,214,10
222,214,10
222,214,10
222,214,10
222,214,10
222,214,10
222,214,10
222,214,10
222,214,10
222,214,10
222,214,10
222,214,10
222,214,10
222,214,10
222,214,10
222,214,10
222,214,10
222,217,10
222,217,10
222,217,10
222,217,10
222,217,10
222,217,10
222,217,10
222,217,10
222,217,10
222,226,10
222,226,10
222,226,10
222,226,10
222,226,10
222,226,10
222,226,10
222,226,10
222,226,10
222,226,10
222,229,10
222,229,10
222,229,10
222,229,10
222,229,10
222,229,10
222,229,10
222,229,10
222,229,10
222,229,10
222,229,10
222,229,10
222,229,10
222,229,10
222,229,10
222,229,10
222,229,10
222,229,10
222,229,10
222,229,10
222,229,10
222,229,10
222,229,10
222,229,10
222,229,10
222,229,10
222,229,10
222,229,10
222,229,10
222,229,10
222,229,10
222,229,10
222,229,10
222,229,10
222,229,10
222,229,10
222,229,10
222,229,10
222,229,10
222,229,10
222,229,10
222,229,10
222,229,10
222,229,10
222,229,10
222,229,10
222,219,10
222,219,10
222,219,10
222,219,10
222,219,10
222,219,10
222,219,10
222,229,10
222,229,10
222,229,10
222,229,10
222,229,10
222,229,10
222,229,10
222,229,10
222,229,10
222,229,10
222,229,10
222,229,10
222,229,10
222,229,10
222,229,10
222,229,10
222,229,10
222,229,10
222,229,10
222,229,10
192,206,10
192,206,10
192,206,10
192,206,10
192,206,10
192,206,10
192,206,10
192,206,10
192,206,10
192,206,10
192,206,10
192,206,10
192,206,10
192,206,10
192,206,10
192,206,10
192,206,10
192,206,10
192,206,10
192,206,10
192,206,10
192,206,10
192,206,10
192,206,10
192,206,10
192,206,10
192,206,10
192,206,10
192,206,10
192,206,10
192,206,10
192,206,10
192,182,10
192,182,10
192,182,10
192,182,10
192,182,10
192,182,10
192,182,10
192,182,10
192,182,10
192,182,10
192,182,10
192,182,10
192,182,10
192,182,10
192,182,10
192,182,10
192,182,10
192,182,10
192,182,10
192,182,10
192,182,10
192,182,10
192,182,10
192,182,10
192,182,10
192,182,10
192,182,10
192,182,10
192,182,10
192,182,10
192,182,10
192,182,10
192,193,10
192,193,10
192,193,10
192,193,10
192,193,10
192,193,10
192,193,10
192,193,10
192,193,10
192,193,10
192,193,10
192,193,10
192,193,10
192,193,10
192,193,10
192,193,10
192,193,10
192,193,10
192,197,10
192,197,10
192,197,10
192,197,10
192,197,10
192,197,10
192,197,10
192,197,10
192,197,10
192,197,10
192,197,10
192,197,10
192,197,10
192,197,10
192,197,10
192,197,10
192,197,10
192,197,10
192,197,10
192,197,10
192,197,10
192,197,10
192,197,10
192,197,10
192,197,10
192,197,10
192,197,10
192,197,10
192,197,10
192,197,10
192,197,10
192,189,10
192,189,10
192,189,10
192,189,10
192,189,10
192,189,10
192,189,10
192,189,10
192,189,10
192,189,10
192,189,10
192,189,10
192,189,10
192,189,10
192,189,10
192,189,10
192,189,10
192,189,10
192,189,10
192,189,10
192,189,10
192,189,10
192,189,10
192,189,10
192,189,10
192,189,10
192,194,10
192,194,10
192,194,10
192,194,10
192,194,10
192,194,10
192,194,10
192,194,10
192,194,10
192,194,10
192,194,10
192,194,10
192,194,10
192,194,10
192,194,10
192,194,10
192,194,10
192,194,10
222,200,10
222,200,10
222,200,10
222,200,10
222,200,10
222,200,10
222,200,10
222,200,10
222,200,10
222,200,10
222,200,10
222,200,10
222,221,10
222,221,10
222,221,10
222,221,10
222,221,10
222,221,10
222,221,10
222,221,10
222,221,10
222,221,10
222,221,10
222,221,10
222,221,10
222,221,10
222,221,10
222,221,10
222,221,10
222,221,10
222,221,10
222,221,10
222,221,10
222,221,10
222,221,10
222,221,10
222,221,10
222,221,10
222,221,10
222,221,10
222,221,10
222,221,10
222,221,10
222,221,10
222,221,10
222,221,10
222,221,10
222,221,10
222,221,10
222,221,10
222,221,10
222,221,10
222,221,10
222,221,10
222,221,10
222,221,10
222,221,10
222,221,10
222,221,10
222,221,10
222,221,10
222,221,10
222,229,10
222,229,10
222,229,10
222,229,10
222,229,10
222,229,10
222,229,10
222,229,10
222,229,10
222,229,10
222,229,10
222,229,10
222,229,10
222,229,10
222,229,10
222,229,10
222,229,10
222,212,10
222,212,10
222,212,10
222,212,10
222,212,10
222,212,10
222,212,10
222,212,10
222,212,10
222,212,10
222,212,10
222,212,10
222,212,10
222,212,10
222,212,10
222,212,10
222,212,10
222,212,10
222,212,10
222,212,10
222,212,10
222,212,10
222,212,10
222,212,10
222,212,10
222,203,10
222,203,10
222,203,10
222,203,10
222,203,10
222,203,10
222,203,10
222,212,10
222,212,10
222,212,10
222,212,10
222,212,10
222,212,10
222,212,10
222,212,10
222,212,10
222,212,10
222,212,10
222,212,10
222,212,10
222,212,10
222,212,10
222,212,10
222,212,10
222,212,10
222,212,10
222,212,10
222,212,10
222,212,10
222,212,10
222,212,10
222,212,10
222,212,10
222,212,10
222,212,10
222,212,10
222,212,10
222,212,10
222,212,10
222,212,10
222,212,10
222,212,10
222,212,10
222,212,10
222,212,10
222,212,10
222,212,10
222,212,10
222,207,10
222,207,10
222,207,10
222,207,10
222,207,10
222,207,10
222,207,10
222,207,10
222,207,10
222,207,10
222,207,10
222,207,10
222,207,10
222,207,10
222,207,10
222,207,10
222,207,10
222,207,10
222,207,10
222,217,10
222,217,10
222,217,10
222,217,10
222,217,10
222,217,10
252,258,10
252,258,10
252,258,10
252,258,10
252,258,10
252,258,10
252,258,10
252,258,10
252,258,10
252,258,10
252,258,10
252,258,10
252,258,10
252,258,10
252,258,10
252,258,10
252,258,10
252,258,10
252,258,10
252,257,10
252,257,10
252,257,10
252,257,10
252,257,10
252,257,10
252,257,10
252,257,10
252,257,10
252,257,10
252,257,10
252,257,10
252,257,10
252,257,10
252,257,10
252,257,10
252,257,10
252,257,10
252,257,10
252,257,10
252,257,10
252,257,10
252,257,10
252,257,10
252,257,10
252,257,10
252,257,10
252,257,10
252,257,10
252,257,10
252,257,10
252,257,10
252,257,10
252,257,10
252,257,10
252,257,10
252,257,10
252,257,10
252,257,10
252,257,10
252,257,10
252,257,10
252,257,10
252,257,10
252,257,10
252,257,10
252,257,10
252,257,10
252,257,10
252,257,10
252,257,10
252,257,10
252,257,10
252,240,10
252,240,10
252,240,10
252,240,10
252,240,10
252,240,10
252,240,10
252,240,10
252,240,10
252,240,10
252,240,10
252,248,10
252,248,10
252,248,10
252,248,10
252,248,10
252,248,10
252,248,10
252,248,10
252,248,10
252,248,10
252,248,10
252,248,10
252,248,10
252,248,10
252,248,10
252,248,10
252,248,10
252,248,10
252,248,10
252,248,10
252,248,10
252,248,10
252,248,10
252,248,10
252,248,10
252,248,10
252,248,10
252,248,10
252,248,10
252,248,10
252,248,10
252,248,10
252,248,10
252,248,10
252,248,10
252,248,10
252,252,10
252,252,10
252,252,10
252,252,10
252,252,10
252,252,10
252,252,10
252,252,10
252,252,10
252,252,10
252,252,10
252,252,10
252,252,10
252,252,10
252,252,10
252,252,10
252,252,10
252,252,10
252,252,10
252,252,10
252,252,10
252,252,10
252,252,10
252,252,10
252,252,10
252,252,10
252,252,10
252,252,10
252,252,10
252,252,10
252,252,10
252,252,10
252,252,10
252,252,10
252,252,10
252,252,10
252,252,10
252,252,10
252,252,10
252,252,10
252,246,10
252,246,10
252,246,10
252,246,10
252,246,10
252,246,10
252,246,10
252,246,10
252,246,10
252,246,10
252,246,10
252,246,10
252,246,10
252,246,10
252,246,10
252,246,10
252,246,10
252,246,10
252,246,10
252,246,10
252,246,10
252,246,10
252,246,10
252,246,10
252,246,10
252,246,10
252,246,10
252,267,10
252,267,10
252,267,10
252,267,10
252,267,10
252,267,10
252,267,10
252,267,10
252,267,10
252,267,10
252,267,10
252,267,10
252,267,10
252,267,10
252,267,10
252,267,10
252,267,10
252,267,10
252,267,10
252,267,10
252,267,10
252,267,10
252,267,10
252,267,10
252,267,10
252,267,10
252,235,10
252,235,10
252,235,10
252,235,10
252,235,10
252,235,10
252,235,10
252,235,10
252,235,10
252,235,10
252,235,10
252,235,10
252,235,10
252,235,10
252,235,10
252,235,10
252,265,10
252,265,10
252,265,10
252,265,10
252,265,10
252,265,10
282,270,10
282,270,10
282,270,10
282,270,10
282,270,10
282,270,10
282,270,10
282,270,10
282,270,10
282,270,10
282,270,10
282,270,10
282,270,10
282,270,10
282,270,10
282,270,10
282,270,10
282,270,10
282,270,10
282,270,10
282,270,10
282,270,10
282,270,10
282,270,10
282,270,10
282,270,10
282,270,10
282,270,10
282,270,10
282,270,10
282,270,10
282,270,10
282,270,10
282,270,10
282,286,10
282,286,10
282,286,10
282,286,10
282,286,10
282,286,10
282,286,10
282,286,10
282,286,10
282,286,10
282,286,10
282,286,10
282,286,10
282,286,10
282,286,10
282,286,10
282,286,10
282,286,10
282,286,10
282,286,10
282,286,10
282,286,10
282,286,10
282,286,10
282,286,10
282,286,10
282,286,10
282,286,10
282,286,10
282,286,10
282,286,10
282,286,10
282,286,10
282,286,10
282,286,10
282,286,10
282,286,10
282,286,10
282,286,10
282,286,10
282,296,10
282,296,10
282,296,10
282,296,10
282,296,10
282,296,10
282,296,10
282,296,10
282,296,10
282,296,10
282,296,10
282,296,10
282,296,10
282,296,10
282,296,10
282,296,10
282,296,10
282,296,10
282,296,10
282,296,10
282,290,10
282,290,10
282,290,10
282,290,10
282,290,10
282,290,10
282,290,10
282,304,10
282,304,10
282,304,10
282,304,10
282,304,10
282,304,10
282,304,10
282,304,10
282,304,10
282,304,10
282,304,10
282,256,10
282,256,10
282,256,10
282,256,10
282,256,10
282,256,10
282,256,10
282,277,10
282,277,10
282,277,10
282,277,10
282,277,10
282,277,10
282,277,10
282,277,10
282,283,10
282,283,10
282,283,10
282,283,10
282,283,10
282,283,10
282,283,10
282,283,10
282,283,10
282,283,10
282,275,10
282,275,10
282,275,10
282,275,10
282,275,10
282,275,10
282,288,10
282,288,10
282,288,10
282,288,10
282,288,10
282,288,10
282,288,10
282,288,10
282,288,10
282,288,10
282,288,10
282,288,10
282,288,10
282,288,10
282,288,10
282,288,10
282,278,10
282,278,10
282,278,10
282,278,10
282,278,10
282,278,10
282,278,10
282,278,10
282,278,10
282,278,10
282,278,10
282,278,10
282,278,10
282,278,10
282,278,10
282,276,10
282,276,10
282,276,10
282,276,10
282,276,10
282,276,10
282,276,10
282,276,10
262,264,10
262,264,10
262,264,10
262,264,10
262,264,10
262,264,10
262,264,10
262,264,10
262,264,10
262,264,10
262,264,10
262,264,10
262,264,10
262,264,10
262,264,10
262,264,10
262,264,10
262,264,10
262,265,10
262,265,10
262,265,10
262,265,10
262,265,10
262,265,10
262,265,10
262,265,10
262,267,10
262,267,10
262,267,10
262,267,10
262,267,10
262,267,10
262,267,10
262,267,10
262,267,10
262,267,10
262,267,10
262,267,10
262,267,10
262,267,10
262,267,10
262,267,10
262,267,10
262,267,10
262,267,10
262,267,10
262,267,10
262,267,10
262,266,10
262,266,10
262,266,10
262,266,10
262,266,10
262,266,10
262,266,10
262,266,10
262,266,10
262,266,10
262,266,10
262,266,10
262,266,10
262,266,10
262,266,10
262,266,10
262,266,10
262,266,10
262,266,10
262,266,10
262,266,10
262,266,10
262,266,10
262,266,10
262,266,10
262,266,10
262,266,10
262,266,10
262,266,10
262,266,10
262,266,10
262,266,10
262,266,10
262,266,10
262,266,10
262,266,10
262,266,10
262,266,10
262,266,10
262,266,10
262,266,10
262,266,10
262,266,10
262,266,10
262,266,10
262,266,10
262,266,10
262,266,10
262,266,10
262,268,10
262,268,10
262,268,10
262,268,10
262,268,10
262,268,10
262,268,10
262,268,10
262,268,10
262,268,10
262,268,10
262,268,10
262,268,10
262,268,10
262,268,10
262,268,10
262,268,10
262,268,10
262,268,10
262,268,10
262,268,10
262,268,10
262,268,10
262,268,10
262,268,10
262,268,10
262,268,10
262,268,10
262,268,10
262,268,10
262,268,10
262,268,10
262,268,10
262,268,10
262,268,10
262,268,10
262,268,10
262,264,10
262,264,10
262,264,10
262,264,10
262,264,10
262,264,10
262,264,10
262,264,10
262,264,10
262,264,10
262,264,10
262,264,10
262,264,10
262,264,10
262,264,10
262,264,10
262,264,10
262,264,10
262,264,10
262,264,10
262,264,10
262,264,10
262,264,10
262,264,10
262,264,10
262,256,10
262,256,10
262,256,10
262,256,10
262,256,10
262,256,10
262,256,10
262,256,10
262,256,10
262,256,10
262,256,10
262,256,10
262,256,10
262,256,10
262,256,10
262,256,10
262,256,10
262,256,10
262,256,10
262,256,10
262,256,10
262,256,10
262,256,10
262,256,10
262,256,10
262,256,10
262,256,10
262,256,10
262,256,10
262,256,10
262,256,10
262,256,10
262,256,10
262,256,10
262,256,10
262,256,10
262,256,10
262,256,10
262,256,10
262,256,10
262,256,10
262,256,10
262,256,10
262,256,10
262,256,10
262,256,10
262,256,10
262,256,10
262,256,10
262,273,10
262,273,10
262,273,10
262,273,10
262,273,10
262,273,10
262,273,10
262,273,10
262,273,10
262,273,10
262,273,10
262,273,10
262,273,10
262,273,10
262,273,10
262,273,10
262,273,10
262,273,10
262,273,10
262,273,10
262,273,10
262,273,10
262,273,10
262,273,10
262,273,10
262,273,10
262,273,10
262,273,10
262,273,10
262,273,10
262,273,10
262,273,10
262,273,10
262,273,10
262,273,10
262,273,10
262,273,10
262,273,10
262,273,10
262,273,10
262,273,10
262,273,10
262,273,10
262,273,10
262,242,10
262,242,10
262,242,10
262,242,10
262,242,10
262,242,10
262,242,10
262,242,10
262,242,10
262,265,10
262,265,10
262,265,10
262,265,10
262,265,10
262,265,10
262,265,10
262,265,10
262,265,10
262,265,10
262,265,10
262,265,10
262,265,10
262,265,10
262,265,10
262,272,10
262,272,10
262,272,10
262,272,10
262,272,10
262,272,10
262,272,10
262,272,10
262,272,10
262,272,10
262,272,10
262,272,10
262,272,10
262,272,10
262,272,10
262,272,10
262,272,10
262,272,10
262,272,10
262,272,10
262,272,10
262,272,10
262,272,10
262,272,10
292,285,10
292,285,10
292,285,10
292,285,10
292,285,10
292,285,10
292,285,10
292,300,10
292,300,10
292,300,10
292,300,10
292,300,10
292,300,10
292,300,10
292,300,10
292,300,10
292,300,10
292,300,10
292,289,10
292,289,10
292,289,10
292,289,10
292,289,10
292,289,10
292,289,10
292,278,10
292,278,10
292,278,10
292,278,10
292,278,10
292,278,10
292,278,10
292,278,10
292,278,10
292,278,10
292,278,10
292,291,10
292,291,10
292,291,10
292,291,10
292,291,10
292,291,10
292,291,10
292,291,10
292,291,10
292,291,10
292,291,10
292,291,10
292,291,10
292,291,10
292,291,10
292,291,10
292,291,10
292,291,10
292,291,10
292,291,10
292,291,10
292,291,10
292,291,10
292,291,10
292,291,10
292,291,10
292,291,10
292,291,10
292,291,10
292,291,10
292,291,10
292,291,10
292,291,10
292,291,10
292,291,10
292,291,10
292,291,10
292,291,10
292,291,10
292,291,10
292,291,10
292,291,10
292,291,10
292,291,10
292,291,10
292,291,10
292,291,10
292,291,10
292,291,10
292,291,10
292,291,10
292,291,10
292,291,10
292,291,10
292,291,10
292,291,10
292,291,10
292,282,10
292,282,10
292,282,10
292,282,10
292,282,10
292,282,10
292,289,10
292,289,10
292,289,10
292,289,10
292,289,10
292,289,10
292,289,10
292,289,10
292,289,10
292,289,10
292,289,10
292,289,10
292,289,10
292,289,10
292,289,10
292,289,10
292,289,10
292,289,10
292,289,10
292,289,10
292,289,10
292,290,10
292,290,10
292,290,10
292,290,10
292,290,10
292,290,10
292,290,10
292,290,10
292,290,10
292,290,10
292,290,10
292,290,10
292,290,10
292,290,10
292,290,10
292,290,10
292,290,10
292,290,10
292,290,10
292,290,10
292,290,10
292,290,10
292,291,10
292,291,10
292,291,10
292,291,10
292,291,10
292,291,10
292,291,10
292,291,10
292,291,10
292,291,10
292,291,10
292,291,10
292,291,10
292,305,10
292,305,10
292,305,10
292,305,10
292,305,10
292,305,10
292,305,10
292,305,10
292,305,10
292,305,10
292,305,10
292,305,10
292,305,10
292,305,10
292,305,10
292,305,10
292,305,10
292,305,10
292,305,10
292,305,10
292,305,10
292,305,10
292,305,10
292,305,10
292,305,10
292,305,10
292,305,10
292,305,10
292,305,10
292,305,10
292,305,10
292,305,10
292,305,10
292,305,10
292,305,10
292,305,10
292,305,10
292,305,10
292,305,10
292,305,10
292,305,10
292,305,10
292,305,10
292,305,10
292,305,10
322,322,10
322,322,10
322,322,10
322,322,10
322,322,10
322,322,10
322,322,10
322,322,10
322,322,10
322,322,10
322,322,10
322,322,10
322,322,10
322,322,10
322,322,10
322,322,10
322,322,10
322,322,10
322,317,10
322,317,10
322,317,10
322,317,10
322,317,10
322,317,10
322,317,10
322,317,10
322,317,10
322,317,10
322,317,10
322,317,10
322,317,10
322,317,10
322,317,10
322,317,10
322,317,10
322,317,10
322,317,10
322,317,10
322,317,10
322,317,10
322,317,10
322,325,10
322,325,10
322,325,10
322,325,10
322,325,10
322,325,10
322,325,10
322,325,10
322,325,10
322,325,10
322,325,10
322,325,10
322,325,10
322,325,10
322,325,10
322,325,10
322,325,10
322,325,10
322,325,10
322,325,10
322,325,10
322,325,10
322,325,10
322,325,10
322,325,10
322,325,10
322,325,10
322,325,10
322,325,10
322,325,10
322,325,10
322,325,10
322,325,10
322,325,10
322,325,10
322,325,10
322,325,10
322,325,10
322,325,10
322,325,10
322,325,10
322,325,10
322,325,10
322,325,10
322,325,10
322,325,10
322,325,10
322,325,10
322,325,10
322,325,10
322,325,10
322,325,10
322,325,10
322,325,10
322,325,10
322,325,10
322,325,10
322,325,10
322,325,10
322,325,10
322,314,10
322,314,10
322,314,10
322,314,10
322,314,10
322,314,10
322,314,10
322,314,10
322,314,10
322,314,10
322,314,10
322,314,10
322,314,10
322,314,10
322,314,10
322,314,10
322,314,10
322,307,10
322,307,10
322,307,10
322,307,10
322,307,10
322,307,10
322,307,10
322,307,10
322,307,10
322,307,10
322,307,10
322,307,10
322,317,10
322,317,10
322,317,10
322,317,10
322,317,10
322,317,10
322,317,10
322,317,10
322,317,10
322,317,10
322,317,10
322,317,10
322,317,10
322,317,10
322,322,10
322,322,10
322,322,10
322,322,10
322,322,10
322,322,10
322,322,10
322,322,10
322,322,10
322,314,10
322,314,10
322,314,10
322,314,10
322,314,10
322,314,10
322,314,10
322,314,10
322,314,10
322,314,10
322,314,10
322,314,10
322,314,10
322,314,10
322,314,10
322,314,10
322,314,10
322,314,10
322,314,10
322,314,10
322,314,10
322,314,10
322,314,10
322,314,10
322,314,10
322,314,10
322,314,10
322,314,10
322,314,10
322,314,10
322,314,10
322,323,10
322,323,10
322,323,10
322,323,10
322,323,10
322,323,10
322,323,10
322,323,10
322,323,10
322,323,10
322,323,10
322,323,10
322,323,10
322,323,10
322,323,10
322,323,10
322,323,10
322,323,10
322,317,10
322,317,10
322,317,10
322,317,10
322,317,10
322,317,10
322,317,10
322,317,10
322,317,10
322,317,10
322,317,10
322,317,10
322,317,10
322,317,10
322,317,10
322,317,10
322,317,10
322,317,10
322,317,10
322,317,10
322,317,10
322,317,10
322,317,10
322,317,10
322,317,10
322,317,10
322,317,10
322,317,10
322,317,10
322,317,10
322,317,10
322,317,10
322,317,10
322,317,10
322,317,10
322,317,10
322,317,10
322,317,10
322,317,10
322,317,10
322,317,10
322,317,10
322,317,10
322,317,10
322,325,10
322,325,10
322,325,10
322,325,10
322,325,10
322,325,10
322,309,10
322,309,10
322,309,10
322,309,10
322,309,10
322,309,10
322,309,10
322,309,10
322,309,10
322,309,10
322,309,10
322,309,10
322,309,10
322,309,10
322,309,10
322,309,10
322,309,10
322,309,10
322,309,10
322,309,10
322,309,10
322,309,10
322,309,10
322,309,10
322,309,10
322,309,10
322,309,10
322,309,10
322,309,10
322,309,10
322,309,10
322,309,10
322,327,10
322,327,10
322,327,10
322,327,10
322,327,10
322,327,10
322,318,10
322,318,10
322,318,10
322,318,10
322,318,10
322,318,10
322,318,10
322,331,10
322,331,10
322,331,10
322,331,10
322,331,10
322,331,10
322,331,10
322,331,10
322,331,10
322,331,10
322,314,10
322,314,10
322,314,10
322,314,10
322,314,10
322,314,10
322,314,10
322,314,10
322,314,10
322,329,10
322,329,10
322,329,10
322,329,10
322,329,10
322,329,10
322,329,10
322,329,10
322,329,10
322,336,10
322,336,10
322,336,10
322,336,10
322,336,10
322,336,10
322,336,10
322,336,10
322,336,10
322,336,10
322,336,10
322,336,10
322,336,10
322,328,10
322,328,10
322,328,10
322,328,10
322,328,10
322,328,10
352,359,10
352,359,10
352,359,10
352,359,10
352,359,10
352,359,10
352,359,10
352,359,10
352,359,10
352,359,10
352,359,10
352,359,10
352,359,10
352,359,10
352,359,10
352,359,10
352,359,10
352,359,10
352,359,10
352,359,10
352,359,10
352,359,10
352,359,10
352,359,10
352,359,10
352,359,10
352,359,10
352,7,10
352,7,10
352,7,10
352,7,10
352,7,10
352,7,10
352,7,10
352,7,10
352,7,10
352,7,10
352,7,10
352,7,10
352,7,10
352,7,10
352,7,10
352,7,10
352,7,10
352,7,10
352,7,10
352,7,10
352,7,10
352,7,10
352,7,10
352,7,10
352,7,10
352,7,10
352,7,10
352,7,10
352,7,10
352,7,10
352,7,10
352,7,10
352,7,10
352,7,10
352,7,10
352,7,10
352,7,10
352,7,10
352,7,10
352,7,10
352,7,10
352,7,10
352,8,10
352,8,10
352,8,10
352,8,10
352,8,10
352,8,10
352,8,10
352,8,10
352,8,10
352,8,10
352,8,10
352,8,10
352,8,10
352,8,10
352,8,10
352,8,10
352,8,10
352,8,10
352,8,10
352,8,10
352,8,10
352,8,10
352,8,10
352,8,10
352,8,10
352,8,10
352,8,10
352,8,10
352,8,10
352,8,10
352,8,10
352,8,10
352,8,10
352,8,10
352,8,10
352,8,10
352,8,10
352,8,10
352,8,10
352,8,10
352,8,10
352,354,10
352,354,10
352,354,10
352,354,10
352,354,10
352,354,10
352,354,10
352,354,10
352,354,10
352,354,10
352,354,10
352,354,10
352,354,10
352,354,10
352,354,10
352,354,10
22,12,10
22,12,10
22,12,10
22,12,10
22,12,10
22,12,10
22,12,10
22,12,10
22,12,10
22,12,10
22,12,10
22,12,10
22,12,10
22,12,10
22,12,10
22,12,10
22,12,10
22,12,10
22,12,10
22,12,10
22,12,10
22,12,10
22,12,10
22,12,10
22,12,10
22,12,10
22,12,10
22,12,10
22,12,10
22,12,10
22,12,10
22,12,10
22,12,10
22,12,10
22,12,10
22,12,10
22,12,10
22,12,10
22,12,10
22,12,10
22,12,10
22,12,10
22,12,10
22,12,10
22,12,10
22,12,10
22,12,10
22,12,10
22,12,10
22,12,10
22,12,10
22,36,10
22,36,10
22,36,10
22,36,10
22,36,10
22,36,10
22,36,10
22,36,10
22,36,10
22,36,10
22,36,10
22,36,10
22,36,10
22,36,10
22,36,10
22,36,10
22,36,10
22,36,10
22,36,10
22,36,10
22,36,10
22,36,10
22,36,10
22,36,10
22,36,10
22,36,10
22,36,10
22,36,10
22,36,10
22,36,10
22,36,10
22,36,10
22,36,10
22,36,10
22,36,10
22,36,10
22,9,10
22,9,10
22,9,10
22,9,10
22,9,10
22,9,10
22,18,10
22,18,10
22,18,10
22,18,10
22,18,10
22,18,10
22,18,10
22,18,10
22,18,10
22,18,10
22,18,10
22,33,10
22,33,10
22,33,10
22,33,10
22,33,10
22,33,10
22,33,10
22,25,10
22,25,10
22,25,10
22,25,10
22,25,10
22,25,10
22,25,10
22,25,10
22,25,10
22,25,10
22,25,10
22,25,10
22,25,10
22,25,10
22,25,10
22,29,10
22,29,10
22,29,10
22,29,10
22,29,10
22,29,10
22,29,10
22,29,10
22,32,10
22,32,10
22,32,10
22,32,10
22,32,10
22,32,10
22,32,10
22,32,10
22,32,10
22,32,10
22,32,10
22,32,10
22,32,10
22,32,10
22,32,10
22,7,10
22,7,10
22,7,10
22,7,10
22,7,10
22,7,10
22,7,10
22,7,10
22,7,10
22,7,10
22,7,10
22,7,10
22,7,10
22,7,10
22,24,10
22,24,10
22,24,10
22,24,10
22,24,10
22,24,10
22,24,10
22,24,10
22,24,10
22,24,10
22,24,10
22,24,10
22,24,10
22,24,10
22,24,10
22,24,10
22,24,10
22,24,10
22,24,10
22,24,10
22,24,10
22,24,10
22,24,10
22,24,10
22,24,10
22,24,10
22,24,10
22,24,10
22,24,10
22,24,10
22,14,10
22,14,10
22,14,10
22,14,10
22,14,10
22,14,10
22,14,10
62,75,10
62,75,10
62,75,10
62,75,10
62,75,10
62,75,10
62,75,10
62,75,10
62,75,10
62,78,10
62,78,10
62,78,10
62,78,10
62,78,10
62,78,10
62,78,10
62,78,10
62,78,10
62,78,10
62,78,10
62,78,10
62,78,10
62,78,10
62,78,10
62,78,10
62,78,10
62,78,10
62,78,10
62,78,10
62,78,10
62,78,10
62,78,10
62,78,10
62,66,10
62,66,10
62,66,10
62,66,10
62,66,10
62,66,10
62,66,10
62,66,10
62,66,10
62,66,10
62,66,10
62,66,10
62,66,10
62,66,10
62,66,10
62,66,10
62,66,10
62,66,10
62,66,10
62,66,10
62,66,10
62,66,10
62,66,10
62,66,10
62,66,10
62,66,10
62,66,10
62,66,10
62,66,10
62,66,10
62,66,10
62,66,10
62,66,10
62,66,10
62,66,10
62,66,10
62,66,10
62,66,10
62,66,10
62,66,10
62,66,10
62,66,10
62,66,10
62,66,10
62,66,10
62,66,10
62,66,10
62,66,10
62,66,10
62,66,10
62,66,10
62,50,10
62,50,10
62,50,10
62,50,10
62,50,10
62,50,10
62,50,10
62,50,10
62,50,10
62,50,10
62,50,10
62,50,10
62,50,10
62,50,10
62,50,10
62,50,10
62,50,10
62,50,10
62,50,10
62,50,10
62,50,10
62,50,10
62,50,10
62,78,10
62,78,10
62,78,10
62,78,10
62,78,10
62,78,10
62,78,10
62,78,10
62,78,10
62,78,10
62,78,10
62,78,10
62,78,10
62,78,10
62,78,10
62,78,10
62,78,10
62,78,10
62,78,10
62,78,10
62,78,10
62,78,10
62,78,10
62,78,10
62,78,10
62,78,10
62,78,10
62,78,10
62,78,10
62,78,10
62,78,10
62,78,10
62,78,10
62,78,10
62,78,10
62,78,10
62,78,10
62,51,10
62,51,10
62,51,10
62,51,10
62,51,10
62,51,10
62,51,10
62,51,10
62,51,10
62,51,10
62,51,10
62,51,10
62,51,10
62,51,10
22,14,10
22,14,10
22,14,10
22,14,10
22,14,10
22,14,10
22,14,10
22,14,10
22,14,10
22,14,10
22,14,10
22,14,10
22,14,10
22,14,10
22,14,10
22,14,10
22,14,10
22,14,10
22,14,10
22,14,10
22,34,10
22,34,10
22,34,10
22,34,10
22,34,10
22,34,10
22,34,10
22,34,10
22,34,10
22,34,10
22,34,10
22,34,10
22,34,10
22,34,10
22,34,10
22,34,10
22,34,10
22,34,10
22,34,10
22,34,10
22,34,10
22,34,10
22,34,10
22,34,10
22,34,10
22,20,10
22,20,10
22,20,10
22,20,10
22,20,10
22,20,10
22,20,10
22,20,10
22,20,10
22,20,10
22,20,10
22,20,10
22,20,10
22,20,10
22,20,10
22,20,10
22,20,10
22,20,10
22,20,10
22,20,10
22,20,10
22,20,10
22,20,10
22,20,10
22,20,10
22,20,10
22,11,10
22,11,10
22,11,10
22,11,10
22,11,10
22,11,10
22,11,10
22,11,10
22,11,10
22,11,10
22,11,10
22,24,10
22,24,10
22,24,10
22,24,10
22,24,10
22,24,10
22,24,10
22,24,10
22,24,10
22,24,10
22,24,10
22,24,10
22,24,10
22,24,10
22,24,10
22,24,10
22,24,10
22,24,10
22,24,10
22,24,10
22,24,10
22,24,10
22,24,10
22,24,10
22,24,10
22,24,10
22,24,10
22,24,10
22,24,10
22,24,10
22,24,10
22,24,10
22,24,10
22,24,10
22,24,10
22,24,10
22,24,10
22,24,10
22,24,10
22,24,10
22,24,10
22,24,10
22,24,10
22,27,10
22,27,10
22,27,10
22,27,10
22,27,10
22,27,10
22,27,10
22,27,10
22,27,10
22,27,10
22,27,10
22,27,10
22,27,10
22,27,10
22,27,10
22,18,10
22,18,10
22,18,10
22,18,10
22,18,10
22,18,10
22,18,10
22,18,10
22,18,10
22,18,10
22,18,10
22,22,10
22,22,10
22,22,10
22,22,10
22,22,10
22,22,10
22,22,10
22,22,10
22,22,10
22,22,10
22,16,10
22,16,10
22,16,10
22,16,10
22,16,10
22,16,10
22,16,10
22,16,10
22,16,10
22,16,10
22,16,10
22,16,10
22,16,10
22,16,10
22,16,10
22,16,10
22,24,10
22,24,10
22,24,10
22,24,10
22,24,10
22,24,10
22,24,10
22,24,10
22,24,10
22,24,10
22,24,10
22,24,10
22,24,10
22,24,10
22,30,10
22,30,10
22,30,10
22,30,10
22,30,10
22,30,10
22,30,10
22,30,10
22,30,10
22,30,10
22,30,10
22,30,10
22,30,10
22,30,10
22,30,10
22,30,10
22,30,10
22,30,10
22,31,10
22,31,10
22,31,10
22,31,10
22,31,10
22,31,10
22,31,10
22,31,10
22,31,10
22,31,10
22,31,10
22,31,10
22,31,10
22,31,10
22,31,10
22,31,10
22,31,10
22,31,10
22,23,10
22,23,10
22,23,10
22,23,10
22,23,10
22,23,10
22,23,10
22,23,10
22,23,10
22,23,10
22,23,10
22,23,10
22,23,10
352,349,10
352,349,10
352,349,10
352,349,10
352,349,10
352,349,10
352,349,10
352,349,10
352,357,10
352,357,10
352,357,10
352,357,10
352,357,10
352,357,10
352,357,10
352,357,10
352,357,10
352,357,10
352,357,10
352,357,10
352,357,10
352,357,10
352,357,10
352,357,10
352,357,10
352,357,10
352,357,10
352,357,10
352,357,10
352,357,10
352,357,10
352,357,10
352,357,10
352,357,10
352,357,10
352,357,10
352,357,10
352,357,10
352,357,10
352,357,10
352,357,10
352,357,10
352,357,10
352,357,10
352,357,10
352,357,10
352,357,10
352,357,10
352,357,10
352,357,10
352,357,10
352,357,10
352,357,10
352,357,10
352,357,10
352,357,10
352,357,10
352,357,10
352,357,10
352,357,10
352,348,10
352,348,10
352,348,10
352,348,10
352,348,10
352,348,10
352,348,10
352,348,10
352,348,10
352,348,10
352,348,10
352,348,10
352,348,10
352,348,10
352,348,10
352,348,10
352,348,10
352,348,10
352,348,10
352,348,10
352,348,10
352,348,10
352,348,10
352,348,10
352,348,10
352,348,10
352,348,10
352,348,10
352,348,10
352,348,10
352,348,10
352,348,10
352,348,10
352,348,10
352,348,10
352,348,10
352,348,10
352,348,10
352,348,10
352,348,10
352,348,10
352,348,10
352,348,10
352,348,10
352,346,10
352,346,10
352,346,10
352,346,10
352,346,10
352,346,10
352,346,10
352,346,10
352,346,10
352,346,10
352,346,10
352,346,10
352,346,10
352,346,10
352,346,10
352,346,10
352,346,10
352,346,10
352,346,10
352,346,10
352,346,10
352,3,10
352,3,10
352,3,10
352,3,10
352,3,10
352,3,10
352,3,10
352,3,10
352,3,10
352,3,10
352,3,10
352,3,10
12,4,10
12,4,10
12,4,10
12,4,10
12,4,10
12,4,10
12,4,10
12,4,10
12,4,10
12,4,10
12,4,10
12,4,10
12,4,10
12,4,10
12,4,10
12,4,10
12,4,10
12,4,10
12,4,10
12,20,10
12,20,10
12,20,10
12,20,10
12,20,10
12,20,10
12,20,10
12,20,10
12,20,10
12,20,10
12,20,10
12,20,10
12,20,10
12,20,10
12,20,10
12,20,10
12,20,10
12,20,10
12,20,10
12,20,10
12,20,10
12,20,10
12,20,10
12,20,10
12,20,10
12,20,10
12,20,10
12,20,10
12,10,10
12,10,10
12,10,10
12,10,10
12,10,10
12,10,10
12,10,10
12,10,10
12,4,10
12,4,10
12,4,10
12,4,10
12,4,10
12,4,10
12,4,10
12,4,10
12,4,10
12,16,10
12,16,10
12,16,10
12,16,10
12,16,10
12,16,10
12,16,10
12,16,10
12,16,10
12,16,10
12,16,10
12,16,10
12,16,10
12,16,10
12,16,10
12,16,10
12,16,10
12,2,10
12,2,10
12,2,10
12,2,10
12,2,10
12,2,10
12,2,10
12,2,10
12,2,10
12,2,10
12,2,10
12,2,10
12,2,10
12,2,10
12,10,10
12,10,10
12,10,10
12,10,10
12,10,10
12,10,10
12,14,10
12,14,10
12,14,10
12,14,10
12,14,10
12,14,10
12,14,10
12,14,10
12,14,10
12,14,10
12,14,10
12,4,10
12,4,10
12,4,10
12,4,10
12,4,10
12,4,10
12,4,10
12,4,10
12,4,10
12,4,10
12,4,10
12,4,10
12,4,10
12,4,10
12,4,10
12,4,10
12,4,10
12,4,10
12,4,10
12,4,10
12,4,10
12,4,10
12,4,10
12,4,10
12,5,10
12,5,10
12,5,10
12,5,10
12,5,10
12,5,10
12,5,10
12,5,10
12,5,10
12,5,10
12,5,10
12,5,10
12,5,10
12,5,10
12,5,10
12,5,10
12,5,10
12,5,10
12,5,10
12,5,10
12,5,10
12,5,10
12,5,10
12,5,10
12,5,10
12,9,10
12,9,10
12,9,10
12,9,10
12,9,10
12,9,10
12,9,10
12,9,10
12,9,10
12,9,10
12,9,10
12,9,10
12,9,10
12,9,10
12,9,10
12,9,10
12,9,10
12,9,10
12,9,10
12,9,10
12,9,10
12,9,10
12,9,10
12,9,10
12,9,10
12,9,10
12,9,10
12,9,10
12,9,10
12,9,10
12,9,10
12,9,10
12,9,10
12,9,10
12,9,10
12,9,10
12,9,10
12,9,10
12,9,10
12,23,10
12,23,10
12,23,10
12,23,10
12,23,10
12,23,10
12,23,10
12,23,10
12,23,10
12,23,10
12,23,10
12,23,10
12,23,10
12,23,10
12,23,10
12,23,10
12,23,10
12,23,10
12,23,10
12,23,10
12,23,10
12,23,10
12,18,10
12,18,10
12,18,10
12,18,10
12,18,10
12,18,10
12,18,10
12,18,10
12,18,10
12,18,10
12,18,10
12,18,10
12,18,10
12,18,10
12,18,10
12,18,10
12,18,10
12,18,10
12,18,10
12,18,10
12,18,10
12,18,10
12,18,10
12,18,10
12,18,10
12,18,10
12,18,10
12,18,10
12,18,10
12,18,10
12,18,10
12,18,10
12,18,10
12,18,10
12,18,10
12,18,10
12,18,10
12,18,10
12,18,10
12,18,10
12,18,10
12,18,10
12,18,10
12,18,10
12,18,10
12,18,10
12,18,10
12,18,10
12,18,10
12,18,10
32,21,10
32,21,10
32,21,10
32,21,10
32,21,10
32,21,10
32,21,10
32,21,10
32,21,10
32,21,10
32,21,10
32,21,10
32,21,10
32,21,10
32,21,10
32,19,10
32,19,10
32,19,10
32,19,10
32,19,10
32,19,10
32,19,10
32,19,10
32,19,10
32,19,10
32,19,10
32,19,10
32,19,10
32,19,10
32,19,10
32,19,10
32,19,10
32,19,10
32,19,10
32,19,10
32,19,10
32,19,10
32,19,10
32,19,10
32,24,10
32,24,10
32,24,10
32,24,10
32,24,10
32,24,10
32,24,10
32,24,10
32,24,10
32,24,10
32,24,10
32,24,10
32,24,10
32,24,10
32,24,10
32,24,10
32,24,10
32,24,10
32,24,10
32,24,10
32,24,10
32,24,10
32,24,10
32,24,10
32,24,10
32,24,10
32,24,10
32,24,10
32,24,10
32,24,10
32,24,10
32,29,10
32,29,10
32,29,10
32,29,10
32,29,10
32,29,10
32,29,10
32,29,10
32,22,10
32,22,10
32,22,10
32,22,10
32,22,10
32,22,10
32,22,10
32,22,10
32,22,10
32,22,10
32,22,10
32,22,10
32,22,10
32,22,10
32,22,10
32,22,10
32,22,10
32,22,10
32,22,10
32,22,10
32,22,10
32,22,10
32,22,10
32,22,10
32,22,10
32,22,10
32,22,10
32,22,10
32,22,10
32,22,10
32,22,10
32,22,10
32,22,10
32,22,10
32,22,10
32,22,10
32,22,10
32,22,10
32,22,10
32,22,10
32,22,10
32,22,10
32,22,10
32,22,10
32,22,10
32,22,10
32,22,10
32,22,10
32,22,10
32,22,10
32,22,10
32,22,10
32,22,10
32,22,10
32,13,10
32,13,10
32,13,10
32,13,10
32,13,10
32,13,10
32,13,10
32,13,10
32,13,10
32,13,10
32,13,10
32,13,10
32,13,10
32,13,10
32,13,10
32,13,10
32,13,10
32,13,10
32,13,10
32,13,10
32,13,10
32,13,10
32,13,10
32,13,10
32,13,10
32,13,10
32,13,10
32,13,10
32,13,10
32,13,10
32,13,10
32,13,10
32,13,10
32,13,10
32,13,10
32,13,10
32,13,10
32,13,10
32,13,10
32,21,10
32,21,10
32,21,10
32,21,10
32,21,10
32,21,10
32,21,10
32,21,10
32,21,10
32,21,10
32,21,10
32,21,10
32,21,10
32,21,10
32,21,10
32,21,10
32,21,10
32,21,10
32,21,10
32,21,10
32,21,10
32,21,10
32,21,10
32,21,10
32,21,10
32,21,10
32,21,10
32,21,10
32,21,10
32,21,10
32,21,10
32,21,10
32,21,10
32,21,10
32,21,10
32,44,10
32,44,10
32,44,10
32,44,10
32,44,10
32,44,10
32,44,10
32,44,10
32,44,10
32,44,10
32,44,10
32,44,10
32,44,10
32,44,10
32,44,10
32,44,10
32,44,10
32,44,10
32,44,10
32,44,10
32,44,10
32,44,10
32,44,10
32,44,10
32,44,10
32,44,10
32,44,10
32,44,10
32,44,10
32,44,10
32,44,10
32,44,10
32,44,10
32,44,10
32,44,10
32,44,10
32,25,10
32,25,10
32,25,10
32,25,10
32,25,10
32,25,10
32,25,10
32,25,10
32,25,10
32,25,10
32,25,10
32,25,10
32,25,10
32,25,10
32,25,10
32,25,10
32,25,10
32,25,10
32,25,10
32,25,10
32,25,10
32,25,10
32,25,10
32,25,10
32,25,10
32,25,10
32,25,10
32,25,10
32,25,10
32,25,10
32,25,10
32,25,10
32,25,10
32,25,10
32,25,10
32,25,10
32,25,10
32,25,10
32,25,10
32,25,10
32,41,10
32,41,10
32,41,10
32,41,10
32,41,10
32,41,10
32,41,10
32,41,10
32,29,10
32,29,10
32,29,10
32,29,10
32,29,10
32,29,10
32,29,10
32,29,10
32,29,10
32,29,10
32,29,10
32,29,10
32,29,10
12,3,10
12,3,10
12,3,10
12,3,10
12,3,10
12,3,10
12,3,10
12,3,10
12,3,10
12,3,10
12,3,10
12,3,10
12,3,10
12,3,10
12,3,10
12,3,10
12,3,10
12,357,10
12,357,10
12,357,10
12,357,10
12,357,10
12,357,10
12,357,10
12,357,10
12,357,10
12,357,10
12,357,10
12,357,10
12,357,10
12,357,10
12,357,10
12,357,10
12,357,10
12,357,10
12,357,10
12,357,10
12,357,10
12,357,10
12,357,10
12,357,10
12,357,10
12,357,10
12,357,10
12,357,10
12,357,10
12,357,10
12,357,10
12,357,10
12,357,10
12,357,10
12,357,10
12,357,10
12,357,10
12,357,10
12,357,10
12,357,10
12,357,10
12,357,10
12,357,10
12,357,10
12,357,10
12,357,10
12,357,10
12,357,10
12,357,10
12,357,10
12,357,10
12,357,10
12,13,10
12,13,10
12,13,10
12,13,10
12,13,10
12,13,10
12,13,10
12,7,10
12,7,10
12,7,10
12,7,10
12,7,10
12,7,10
12,7,10
12,7,10
12,7,10
12,7,10
12,22,10
12,22,10
12,22,10
12,22,10
12,22,10
12,22,10
12,22,10
12,22,10
12,22,10
12,22,10
12,22,10
12,22,10
12,22,10
12,22,10
12,22,10
12,22,10
12,22,10
12,22,10
12,9,10
12,9,10
12,9,10
12,9,10
12,9,10
12,9,10
12,9,10
12,9,10
12,9,10
12,9,10
12,1,10
12,1,10
12,1,10
12,1,10
12,1,10
12,1,10
12,1,10
12,1,10
12,1,10
12,1,10
12,1,10
12,1,10
12,1,10
12,1,10
12,1,10
12,1,10
12,1,10
12,1,10
12,1,10
12,1,10
12,1,10
12,1,10
12,4,10
12,4,10
12,4,10
12,4,10
12,4,10
12,4,10
12,4,10
12,4,10
12,4,10
12,4,10
12,4,10
12,7,10
12,7,10
12,7,10
12,7,10
12,7,10
12,7,10
12,7,10
12,7,10
12,7,10
12,7,10
12,7,10
12,13,10
12,13,10
12,13,10
12,13,10
12,13,10
12,13,10
12,13,10
12,13,10
12,13,10
12,13,10
12,13,10
12,13,10
12,19,10
12,19,10
12,19,10
12,19,10
12,19,10
12,19,10
12,19,10
12,19,10
12,19,10
12,19,10
12,20,10
12,20,10
12,20,10
12,20,10
12,20,10
12,20,10
12,20,10
12,20,10
12,20,10
12,20,10
12,20,10
12,20,10
12,33,10
12,33,10
12,33,10
12,33,10
12,33,10
12,33,10
12,33,10
12,33,10
12,33,10
12,33,10
12,33,10
32,16,10
32,16,10
32,16,10
32,16,10
32,16,10
32,16,10
32,16,10
32,16,10
32,16,10
32,38,10
32,38,10
32,38,10
32,38,10
32,38,10
32,38,10
32,38,10
32,38,10
32,38,10
32,38,10
32,38,10
32,38,10
32,38,10
32,38,10
32,16,10
32,16,10
32,16,10
32,16,10
32,16,10
32,16,10
32,16,10
32,16,10
32,16,10
32,16,10
32,16,10
32,16,10
32,16,10
32,16,10
32,16,10
32,16,10
32,16,10
32,16,10
32,16,10
32,16,10
32,16,10
32,16,10
32,16,10
32,16,10
32,16,10
32,16,10
32,16,10
32,16,10
32,16,10
32,16,10
32,16,10
32,16,10
32,16,10
32,16,10
32,16,10
32,16,10
32,34,10
32,34,10
32,34,10
32,34,10
32,34,10
32,34,10
32,34,10
32,34,10
32,34,10
32,44,10
32,44,10
32,44,10
32,44,10
32,44,10
32,44,10
32,44,10
32,44,10
32,44,10
32,29,10
32,29,10
32,29,10
32,29,10
32,29,10
32,29,10
32,29,10
32,29,10
32,29,10
32,29,10
32,29,10
32,29,10
32,29,10
32,29,10
32,29,10
32,29,10
32,29,10
32,29,10
32,29,10
32,29,10
32,29,10
32,29,10
32,26,10
32,26,10
32,26,10
32,26,10
32,26,10
32,26,10
32,26,10
32,26,10
32,26,10
32,26,10
32,26,10
32,26,10
32,26,10
32,26,10
32,26,10
32,26,10
32,26,10
32,50,10
32,50,10
32,50,10
32,50,10
32,50,10
32,50,10
32,50,10
32,50,10
32,50,10
32,50,10
32,50,10
32,50,10
32,50,10
32,50,10
32,50,10
32,50,10
32,50,10
32,50,10
32,50,10
32,50,10
32,50,10
32,50,10
32,50,10
32,50,10
32,50,10
32,50,10
32,50,10
32,28,10
32,28,10
32,28,10
32,28,10
32,28,10
32,28,10
32,28,10
32,28,10
32,28,10
32,28,10
32,28,10
32,27,10
32,27,10
32,27,10
32,27,10
32,27,10
32,27,10
32,27,10
32,27,10
32,27,10
32,38,10
32,38,10
32,38,10
32,38,10
32,38,10
32,38,10
32,38,10
32,38,10
32,38,10
32,38,10
32,38,10
32,38,10
32,38,10
32,38,10
32,38,10
32,38,10
32,24,10
32,24,10
32,24,10
32,24,10
32,24,10
32,24,10
32,24,10
32,24,10
32,24,10
32,24,10
32,24,10
32,24,10
32,24,10
32,24,10
32,24,10
32,24,10
32,24,10
32,24,10
32,24,10
32,24,10
32,24,10
32,24,10
32,24,10
32,24,10
32,24,10
32,24,10
32,24,10
32,24,10
32,24,10
32,24,10
32,24,10
32,24,10
32,24,10
32,24,10
32,24,10
32,34,10
32,34,10
32,34,10
32,34,10
32,34,10
32,34,10
32,34,10
32,34,10
32,34,10
32,34,10
32,34,10
32,34,10
32,34,10
32,34,10
32,34,10
32,34,10
32,34,10
32,36,10
32,36,10
32,36,10
32,36,10
32,36,10
32,36,10
32,36,10
32,36,10
32,36,10
32,36,10
32,36,10
32,36,10
32,36,10
32,36,10
32,36,10
32,36,10
32,36,10
32,36,10
32,36,10
32,36,10
32,36,10
32,36,10
32,36,10
32,36,10
32,36,10
32,36,10
32,36,10
32,36,10
32,36,10
32,36,10
32,36,10
32,36,10
32,36,10
32,36,10
32,36,10
32,36,10
32,36,10
32,36,10
32,36,10
32,36,10
32,36,10
32,36,10
32,36,10
32,36,10
32,36,10
32,36,10
32,36,10
32,36,10
32,36,10
32,36,10
32,36,10
32,36,10
32,36,10
32,36,10
32,36,10
32,36,10
32,36,10
52,48,10
52,48,10
52,48,10
52,48,10
52,48,10
52,48,10
52,48,10
52,48,10
52,48,10
52,48,10
52,48,10
52,48,10
52,48,10
52,48,10
52,48,10
52,48,10
52,48,10
52,48,10
52,48,10
52,48,10
52,48,10
52,48,10
52,48,10
52,48,10
52,48,10
52,48,10
52,48,10
52,48,10
52,48,10
52,48,10
52,59,10
52,59,10
52,59,10
52,59,10
52,59,10
52,59,10
52,59,10
52,59,10
52,59,10
52,59,10
52,59,10
52,59,10
52,59,10
52,43,10
52,43,10
52,43,10
52,43,10
52,43,10
52,43,10
52,43,10
52,43,10
52,43,10
52,43,10
52,43,10
52,43,10
52,43,10
52,43,10
52,43,10
52,43,10
52,59,10
52,59,10
52,59,10
52,59,10
52,59,10
52,59,10
52,59,10
52,59,10
52,59,10
52,59,10
52,59,10
52,59,10
52,59,10
52,59,10
52,43,10
52,43,10
52,43,10
52,43,10
52,43,10
52,43,10
52,43,10
52,43,10
52,43,10
52,43,10
52,43,10
52,43,10
52,43,10
52,43,10
52,43,10
52,43,10
52,50,10
52,50,10
52,50,10
52,50,10
52,50,10
52,50,10
52,50,10
52,50,10
52,50,10
52,50,10
52,50,10
52,50,10
52,50,10
52,50,10
52,50,10
52,50,10
52,50,10
52,50,10
52,40,10
52,40,10
52,40,10
52,40,10
52,40,10
52,40,10
52,40,10
52,40,10
52,40,10
52,40,10
52,40,10
52,40,10
52,40,10
52,40,10
52,40,10
52,40,10
32,35,10
32,35,10
32,35,10
32,35,10
32,35,10
32,35,10
32,35,10
32,35,10
32,35,10
32,35,10
32,35,10
32,31,10
32,31,10
32,31,10
32,31,10
32,31,10
32,31,10
32,31,10
32,31,10
32,31,10
32,31,10
32,31,10
32,31,10
32,31,10
32,31,10
32,31,10
32,31,10
32,31,10
32,31,10
32,31,10
32,31,10
32,31,10
32,31,10
32,31,10
32,31,10
32,31,10
32,31,10
32,31,10
32,31,10
32,31,10
32,31,10
32,31,10
32,31,10
32,31,10
32,31,10
32,31,10
32,31,10
32,31,10
32,31,10
32,31,10
32,31,10
32,31,10
32,31,10
32,31,10
32,31,10
32,31,10
32,31,10
32,31,10
32,31,10
32,31,10
32,31,10
32,31,10
32,38,10
32,38,10
32,38,10
32,38,10
32,38,10
32,38,10
32,38,10
32,38,10
32,38,10
32,38,10
32,38,10
32,38,10
32,38,10
32,38,10
32,38,10
32,38,10
32,38,10
32,38,10
32,38,10
32,38,10
32,38,10
32,38,10
32,38,10
32,38,10
32,38,10
32,38,10
32,38,10
32,38,10
32,38,10
32,38,10
32,38,10
32,38,10
32,38,10
32,34,10
32,34,10
32,34,10
32,34,10
32,34,10
32,34,10
32,34,10
32,34,10
32,34,10
32,34,10
32,34,10
32,34,10
32,34,10
32,34,10
32,34,10
32,34,10
32,34,10
32,34,10
32,34,10
32,34,10
32,34,10
32,34,10
32,34,10
32,34,10
32,34,10
32,34,10
32,34,10
32,34,10
32,34,10
32,34,10
32,34,10
32,34,10
32,34,10
32,34,10
32,34,10
32,34,10
32,34,10
32,34,10
32,34,10
32,34,10
32,34,10
32,34,10
32,34,10
32,34,10
32,21,10
32,21,10
32,21,10
32,21,10
32,21,10
32,21,10
32,41,10
32,41,10
32,41,10
32,41,10
32,41,10
32,41,10
32,41,10
32,41,10
32,41,10
32,41,10
32,41,10
32,41,10
32,41,10
32,41,10
32,41,10
32,41,10
32,41,10
32,41,10
32,41,10
32,41,10
32,39,10
32,39,10
32,39,10
32,39,10
32,39,10
32,39,10
32,39,10
32,39,10
32,39,10
32,39,10
32,39,10
32,39,10
32,39,10
32,39,10
32,39,10
32,39,10
62,69,10
62,69,10
62,69,10
62,69,10
62,69,10
62,69,10
62,69,10
62,69,10
62,69,10
62,69,10
62,69,10
62,69,10
62,69,10
62,69,10
62,69,10
62,54,10
62,54,10
62,54,10
62,54,10
62,54,10
62,54,10
62,54,10
62,54,10
62,54,10
62,54,10
62,54,10
62,54,10
62,54,10
62,54,10
62,54,10
62,54,10
62,54,10
62,54,10
62,54,10
62,54,10
62,54,10
62,54,10
62,54,10
62,54,10
62,54,10
62,54,10
62,54,10
62,54,10
62,54,10
62,54,10
62,54,10
62,54,10
62,54,10
62,54,10
62,54,10
62,54,10
62,54,10
62,54,10
62,54,10
62,54,10
62,54,10
62,54,10
62,54,10
62,54,10
62,54,10
62,54,10
62,54,10
62,54,10
62,54,10
62,57,10
62,57,10
62,57,10
62,57,10
62,57,10
62,57,10
62,57,10
62,54,10
62,54,10
62,54,10
62,54,10
62,54,10
62,54,10
62,54,10
62,54,10
62,54,10
62,54,10
62,54,10
62,54,10
62,54,10
62,54,10
62,54,10
62,54,10
62,54,10
62,54,10
62,54,10
62,54,10
62,54,10
62,54,10
62,54,10
62,54,10
62,54,10
62,54,10
62,54,10
62,54,10
62,54,10
62,54,10
62,54,10
62,54,10
62,54,10
62,54,10
62,54,10
62,54,10
62,54,10
62,54,10
62,63,10
62,63,10
62,63,10
62,63,10
62,63,10
62,63,10
62,63,10
62,63,10
62,63,10
62,63,10
62,63,10
62,67,10
62,67,10
62,67,10
62,67,10
62,67,10
62,67,10
62,67,10
62,67,10
62,67,10
62,67,10
62,67,10
62,67,10
62,67,10
62,67,10
62,67,10
62,67,10
62,67,10
62,67,10
62,67,10
62,67,10
62,67,10
62,67,10
62,67,10
62,67,10
62,67,10
62,67,10
62,67,10
62,67,10
42,32,10
42,32,10
42,32,10
42,32,10
42,32,10
42,32,10
42,37,10
42,37,10
42,37,10
42,37,10
42,37,10
42,37,10
42,37,10
42,40,10
42,40,10
42,40,10
42,40,10
42,40,10
42,40,10
42,40,10
42,40,10
42,40,10
42,40,10
42,40,10
42,40,10
42,40,10
42,40,10
42,40,10
42,40,10
42,40,10
42,40,10
42,40,10
42,40,10
42,40,10
42,40,10
42,40,10
42,40,10
42,40,10
42,40,10
42,40,10
42,40,10
42,40,10
42,40,10
42,40,10
42,40,10
42,40,10
42,40,10
42,41,10
42,41,10
42,41,10
42,41,10
42,41,10
42,41,10
42,41,10
42,41,10
42,41,10
42,41,10
42,41,10
42,41,10
42,41,10
42,41,10
42,41,10
42,41,10
42,41,10
42,41,10
42,41,10
42,41,10
42,41,10
42,41,10
42,41,10
42,41,10
42,41,10
42,41,10
42,41,10
42,41,10
42,35,10
42,35,10
42,35,10
42,35,10
42,35,10
42,35,10
42,35,10
42,35,10
42,35,10
42,35,10
42,35,10
42,35,10
42,35,10
42,51,10
42,51,10
42,51,10
42,51,10
42,51,10
42,51,10
42,51,10
42,51,10
42,51,10
42,51,10
42,51,10
42,51,10
42,51,10
42,51,10
42,45,10
42,45,10
42,45,10
42,45,10
42,45,10
42,45,10
42,45,10
42,45,10
42,45,10
42,45,10
42,45,10
42,45,10
42,45,10
42,45,10
42,45,10
42,45,10
42,45,10
42,45,10
42,45,10
42,45,10
42,45,10
42,45,10
42,45,10
42,45,10
42,45,10
42,45,10
42,45,10
42,45,10
42,45,10
42,45,10
42,45,10
42,45,10
42,45,10
42,45,10
42,45,10
42,45,10
42,45,10
42,45,10
42,45,10
42,45,10
42,45,10
42,37,10
42,37,10
42,37,10
42,37,10
42,37,10
42,37,10
42,37,10
42,37,10
42,37,10
42,37,10
42,37,10
42,37,10
42,37,10
42,37,10
42,37,10
42,37,10
42,37,10
42,37,10
42,37,10
42,37,10
42,37,10
42,37,10
42,37,10
42,37,10
42,37,10
42,37,10
42,37,10
42,37,10
42,37,10
42,37,10
42,37,10
42,37,10
42,37,10
42,37,10
42,37,10
42,37,10
42,37,10
42,37,10
42,37,10
42,37,10
42,37,10
42,37,10
42,37,10
42,37,10
42,37,10
42,37,10
42,37,10
42,37,10
42,37,10
42,37,10
42,37,10
42,37,10
42,37,10
42,37,10
42,37,10
42,37,10
42,51,10
42,51,10
42,51,10
42,51,10
42,51,10
42,51,10
42,51,10
42,51,10
42,51,10
42,51,10
42,51,10
42,51,10
42,51,10
42,51,10
42,51,10
42,51,10
42,51,10
42,51,10
42,51,10
42,51,10
42,51,10
42,51,10
42,51,10
42,51,10
42,51,10
42,51,10
42,51,10
42,51,10
42,51,10
42,51,10
42,51,10
42,51,10
42,51,10
22,22,10
22,22,10
22,22,10
22,22,10
22,22,10
22,22,10
22,22,10
22,22,10
22,22,10
22,22,10
22,22,10
22,5,10
22,5,10
22,5,10
22,5,10
22,5,10
22,5,10
22,5,10
22,5,10
22,5,10
22,5,10
22,5,10
22,5,10
22,5,10
22,5,10
22,5,10
22,5,10
22,5,10
22,5,10
22,5,10
22,5,10
22,5,10
22,5,10
22,5,10
22,41,10
22,41,10
22,41,10
22,41,10
22,41,10
22,41,10
22,41,10
22,41,10
22,41,10
22,41,10
22,41,10
22,41,10
22,41,10
22,41,10
22,41,10
22,41,10
22,41,10
22,41,10
22,41,10
22,41,10
22,41,10
22,41,10
22,41,10
22,41,10
22,41,10
22,41,10
22,41,10
22,41,10
22,41,10
22,41,10
22,41,10
22,41,10
22,41,10
22,41,10
22,41,10
22,41,10
22,41,10
22,41,10
22,23,10
22,23,10
22,23,10
22,23,10
22,23,10
22,23,10
22,23,10
22,23,10
22,23,10
22,23,10
22,23,10
22,23,10
22,23,10
22,23,10
22,23,10
22,23,10
22,23,10
22,23,10
22,2,10
22,2,10
22,2,10
22,2,10
22,2,10
22,2,10
22,2,10
22,2,10
22,2,10
22,2,10
22,2,10
22,2,10
22,2,10
22,2,10
22,2,10
22,2,10
22,2,10
22,2,10
22,8,10
22,8,10
22,8,10
22,8,10
22,8,10
22,8,10
22,8,10
22,8,10
22,8,10
22,8,10
22,13,10
22,13,10
22,13,10
22,13,10
22,13,10
22,13,10
22,13,10
22,13,10
22,13,10
22,13,10
22,9,10
22,9,10
22,9,10
22,9,10
22,9,10
22,9,10
22,9,10
22,9,10
22,9,10
22,9,10
22,9,10
22,9,10
22,9,10
22,9,10
22,9,10
22,9,10
22,9,10
22,9,10
42,41,10
42,41,10
42,41,10
42,41,10
42,41,10
42,41,10
42,41,10
42,41,10
42,41,10
42,41,10
42,41,10
42,41,10
42,41,10
42,41,10
42,41,10
42,41,10
42,41,10
42,41,10
42,41,10
42,41,10
42,41,10
42,41,10
42,65,10
42,65,10
42,65,10
42,65,10
42,65,10
42,65,10
42,65,10
42,65,10
42,65,10
42,65,10
42,65,10
42,65,10
42,65,10
42,65,10
42,65,10
42,65,10
42,65,10
42,50,10
42,50,10
42,50,10
42,50,10
42,50,10
42,50,10
42,50,10
42,50,10
42,50,10
42,50,10
42,50,10
42,41,10
42,41,10
42,41,10
42,41,10
42,41,10
42,41,10
42,41,10
42,41,10
42,41,10
42,41,10
42,41,10
42,41,10
42,41,10
42,41,10
42,41,10
42,41,10
42,41,10
42,41,10
42,52,10
42,52,10
42,52,10
42,52,10
42,52,10
42,52,10
42,52,10
42,52,10
42,52,10
42,52,10
42,52,10
42,52,10
42,52,10
42,52,10
42,41,10
42,41,10
42,41,10
42,41,10
42,41,10
42,41,10
42,41,10
42,41,10
42,41,10
42,41,10
42,41,10
42,41,10
42,41,10
42,41,10
42,41,10
42,20,10
42,20,10
42,20,10
42,20,10
42,20,10
42,20,10
42,20,10
42,20,10
42,20,10
42,20,10
42,20,10
42,20,10
42,20,10
42,20,10
42,20,10
42,20,10
42,20,10
42,20,10
42,20,10
42,20,10
42,20,10
42,20,10
42,20,10
42,20,10
42,20,10
42,38,10
42,38,10
42,38,10
42,38,10
42,38,10
42,38,10
42,38,10
42,38,10
42,38,10
42,38,10
42,38,10
42,38,10
42,38,10
42,38,10
42,38,10
42,38,10
42,38,10
42,38,10
42,38,10
42,38,10
42,38,10
42,38,10
42,38,10
42,38,10
42,38,10
42,38,10
42,38,10
42,38,10
42,38,10
42,38,10
42,38,10
42,38,10
42,38,10
42,38,10
42,38,10
42,38,10
42,38,10
42,38,10
42,45,10
42,45,10
42,45,10
42,45,10
42,45,10
42,45,10
42,45,10
42,45,10
42,45,10
42,45,10
42,45,10
42,45,10
42,45,10
42,45,10
42,45,10
42,30,10
42,30,10
42,30,10
42,30,10
42,30,10
42,30,10
42,30,10
42,30,10
42,30,10
42,30,10
42,30,10
42,30,10
42,30,10
42,30,10
42,30,10
42,30,10
42,30,10
42,25,10
42,25,10
42,25,10
42,25,10
42,25,10
42,25,10
42,25,10
42,25,10
42,25,10
42,25,10
42,25,10
42,25,10
42,25,10
42,25,10
42,25,10
42,25,10
12,12,10
12,12,10
12,12,10
12,12,10
12,12,10
12,12,10
12,12,10
12,12,10
12,12,10
12,12,10
12,12,10
12,12,10
12,12,10
12,12,10
12,12,10
12,12,10
12,349,10
12,349,10
12,349,10
12,349,10
12,349,10
12,349,10
12,349,10
12,349,10
12,349,10
12,349,10
12,349,10
12,349,10
12,349,10
12,349,10
12,349,10
12,349,10
12,349,10
12,349,10
12,359,10
12,359,10
12,359,10
12,359,10
12,359,10
12,359,10
12,359,10
12,7,10
12,7,10
12,7,10
12,7,10
12,7,10
12,7,10
12,24,10
12,24,10
12,24,10
12,24,10
12,24,10
12,24,10
12,24,10
12,24,10
12,24,10
12,24,10
12,24,10
12,24,10
12,24,10
12,24,10
12,24,10
12,24,10
12,10,10
12,10,10
12,10,10
12,10,10
12,10,10
12,10,10
12,10,10
12,10,10
12,12,10
12,12,10
12,12,10
12,12,10
12,12,10
12,12,10
12,12,10
12,12,10
12,12,10
12,12,10
12,12,10
12,12,10
12,12,10
12,12,10
12,12,10
12,12,10
12,12,10
12,12,10
12,12,10
12,12,10
12,12,10
12,12,10
12,12,10
12,12,10
12,12,10
12,12,10
12,12,10
12,12,10
12,12,10
12,12,10
12,12,10
12,12,10
12,12,10
12,12,10
12,10,10
12,10,10
12,10,10
12,10,10
12,10,10
12,10,10
12,10,10
12,10,10
12,10,10
12,10,10
12,10,10
12,10,10
12,10,10
12,10,10
12,10,10
12,10,10
12,10,10
12,10,10
12,10,10
12,10,10
12,10,10
12,10,10
12,10,10
12,10,10
12,10,10
12,10,10
12,10,10
32,31,10
32,31,10
32,31,10
32,31,10
32,31,10
32,31,10
32,31,10
32,31,10
32,31,10
32,31,10
32,31,10
32,31,10
32,31,10
32,31,10
32,31,10
32,31,10
32,31,10
32,9,10
32,9,10
32,9,10
32,9,10
32,9,10
32,9,10
32,9,10
32,9,10
32,50,10
32,50,10
32,50,10
32,50,10
32,50,10
32,50,10
32,50,10
32,50,10
32,50,10
32,50,10
32,50,10
32,50,10
32,50,10
32,50,10
32,50,10
32,37,10
32,37,10
32,37,10
32,37,10
32,37,10
32,37,10
32,47,10
32,47,10
32,47,10
32,47,10
32,47,10
32,47,10
32,47,10
32,28,10
32,28,10
32,28,10
32,28,10
32,28,10
32,28,10
32,47,10
32,47,10
32,47,10
32,47,10
32,47,10
32,47,10
32,47,10
32,47,10
32,47,10
32,47,10
32,47,10
32,47,10
32,47,10
32,47,10
32,47,10
32,47,10
32,47,10
32,47,10
32,47,10
32,47,10
32,47,10
32,47,10
32,47,10
32,47,10
32,47,10
32,47,10
32,47,10
32,47,10
32,47,10
32,47,10
32,47,10
32,47,10
32,47,10
32,47,10
32,47,10
32,47,10
32,29,10
32,29,10
32,29,10
32,29,10
32,29,10
32,29,10
32,29,10
32,29,10
32,29,10
32,29,10
32,29,10
32,29,10
32,29,10
32,29,10
32,29,10
32,29,10
32,29,10
32,29,10
32,29,10
32,29,10
32,29,10
32,29,10
32,29,10
32,29,10
32,29,10
32,29,10
32,29,10
32,29,10
32,29,10
32,29,10
32,29,10
32,29,10
32,29,10
32,29,10
32,29,10
32,29,10
32,29,10
32,29,10
32,29,10
32,29,10
32,29,10
32,29,10
32,29,10
32,29,10
32,29,10
32,29,10
32,29,10
32,29,10
32,29,10
32,29,10
32,29,10
32,26,10
32,26,10
32,26,10
32,26,10
32,26,10
32,26,10
32,26,10
32,26,10
32,26,10
32,26,10
32,26,10
32,26,10
32,26,10
32,26,10
32,26,10
32,26,10
32,26,10
32,26,10
32,29,10
32,29,10
32,29,10
32,29,10
32,29,10
32,29,10
32,29,10
32,29,10
32,29,10
32,29,10
32,29,10
32,25,10
32,25,10
32,25,10
32,25,10
32,25,10
32,25,10
32,25,10
32,25,10
32,25,10
32,25,10
32,25,10
32,25,10
32,46,10
32,46,10
32,46,10
32,46,10
32,46,10
32,46,10
32,46,10
32,46,10
32,45,10
32,45,10
32,45,10
32,45,10
32,45,10
32,45,10
32,45,10
32,34,10
32,34,10
32,34,10
32,34,10
32,34,10
32,34,10
32,34,10
32,34,10
32,34,10
32,34,10
32,34,10
32,34,10
32,34,10
32,34,10
32,34,10
32,34,10
32,34,10
32,34,10
32,34,10
32,34,10
32,34,10
32,34,10
32,34,10
32,34,10
32,34,10
32,34,10
32,34,10
32,34,10
32,34,10
32,34,10
32,34,10
32,34,10
32,34,10
32,34,10
32,34,10
32,34,10
32,34,10
32,34,10
32,34,10
32,37,10
32,37,10
32,37,10
32,37,10
32,37,10
32,37,10
32,37,10
32,18,10
32,18,10
32,18,10
32,18,10
32,18,10
32,18,10
32,18,10
32,18,10
32,13,10
32,13,10
32,13,10
32,13,10
32,13,10
32,13,10
32,13,10
32,13,10
32,13,10
32,13,10
32,13,10
32,13,10
52,48,10
52,48,10
52,48,10
52,48,10
52,48,10
52,48,10
52,48,10
52,48,10
52,48,10
52,48,10
52,48,10
52,48,10
52,48,10
52,48,10
52,48,10
52,41,10
52,41,10
52,41,10
52,41,10
52,41,10
52,41,10
52,41,10
52,41,10
52,41,10
52,41,10
52,41,10
52,41,10
52,41,10
52,41,10
52,41,10
52,41,10
52,41,10
52,41,10
52,41,10
52,41,10
52,41,10
52,44,10
52,44,10
52,44,10
52,44,10
52,44,10
52,44,10
52,44,10
52,44,10
52,44,10
52,44,10
52,44,10
52,44,10
52,44,10
52,44,10
52,44,10
52,44,10
52,44,10
52,44,10
52,44,10
52,44,10
52,44,10
52,44,10
52,44,10
52,44,10
52,66,10
52,66,10
52,66,10
52,66,10
52,66,10
52,66,10
52,66,10
52,66,10
52,66,10
52,66,10
52,66,10
52,66,10
52,66,10
52,66,10
52,66,10
52,66,10
52,66,10
52,66,10
52,66,10
52,66,10
52,66,10
52,52,10
52,52,10
52,52,10
52,52,10
52,52,10
52,52,10
52,52,10
52,52,10
52,52,10
52,52,10
52,52,10
52,52,10
52,52,10
52,52,10
52,52,10
52,52,10
52,52,10
52,52,10
52,52,10
52,52,10
52,52,10
52,52,10
52,52,10
52,52,10
52,52,10
52,52,10
52,62,10
52,62,10
52,62,10
52,62,10
52,62,10
52,62,10
52,62,10
52,62,10
52,62,10
52,62,10
52,62,10
52,62,10
52,57,10
52,57,10
52,57,10
52,57,10
52,57,10
52,57,10
52,57,10
52,39,10
52,39,10
52,39,10
52,39,10
52,39,10
52,39,10
52,39,10
52,39,10
52,39,10
52,39,10
52,39,10
52,39,10
52,39,10
52,39,10
52,39,10
52,39,10
52,39,10
52,39,10
52,39,10
52,39,10
52,39,10
52,39,10
52,39,10
52,39,10
52,39,10
52,39,10
52,39,10
52,39,10
52,39,10
52,39,10
52,39,10
82,98,10
82,98,10
82,98,10
82,98,10
82,98,10
82,98,10
82,98,10
82,98,10
82,98,10
82,98,10
82,98,10
82,98,10
82,98,10
82,98,10
82,98,10
82,98,10
82,98,10
82,98,10
82,98,10
82,98,10
82,98,10
82,98,10
82,92,10
82,92,10
82,92,10
82,92,10
82,92,10
82,92,10
82,92,10
82,92,10
82,92,10
82,92,10
82,92,10
82,92,10
82,92,10
82,92,10
82,92,10
82,92,10
82,92,10
82,92,10
82,92,10
82,92,10
82,92,10
82,92,10
82,92,10
82,69,10
82,69,10
82,69,10
82,69,10
82,69,10
82,69,10
82,69,10
82,69,10
82,69,10
82,69,10
82,69,10
82,69,10
82,69,10
82,69,10
82,69,10
82,69,10
82,69,10
82,69,10
82,69,10
82,69,10
82,69,10
82,69,10
82,69,10
82,69,10
82,69,10
82,69,10
82,69,10
82,69,10
82,69,10
82,69,10
82,69,10
82,69,10
82,69,10
82,69,10
82,69,10
82,69,10
82,69,10
82,69,10
82,69,10
82,69,10
82,69,10
82,69,10
82,69,10
82,69,10
82,69,10
82,69,10
82,69,10
82,69,10
82,69,10
82,69,10
82,69,10
82,69,10
82,69,10
82,69,10
82,69,10
82,69,10
82,69,10
82,69,10
82,69,10
82,69,10
82,69,10
82,69,10
82,69,10
82,80,10
82,80,10
82,80,10
82,80,10
82,80,10
82,80,10
82,80,10
82,73,10
82,73,10
82,73,10
82,73,10
82,73,10
82,73,10
82,73,10
82,73,10
82,73,10
82,73,10
82,73,10
82,73,10
82,73,10
82,73,10
82,73,10
82,73,10
82,73,10
82,73,10
82,73,10
82,73,10
82,73,10
82,73,10
82,73,10
82,73,10
82,73,10
82,67,10
82,67,10
82,67,10
82,67,10
82,67,10
82,67,10
82,67,10
82,67,10
82,67,10
82,67,10
82,67,10
82,67,10
82,67,10
82,67,10
82,67,10
82,67,10
82,67,10
82,67,10
82,67,10
82,67,10
82,67,10
82,67,10
82,67,10
82,67,10
82,67,10
82,67,10
82,67,10
82,67,10
82,67,10
82,67,10
82,67,10
82,67,10
82,67,10
82,67,10
82,67,10
82,67,10
52,43,10
52,43,10
52,43,10
52,43,10
52,43,10
52,43,10
52,43,10
52,43,10
52,43,10
52,43,10
52,43,10
52,43,10
52,43,10
52,58,10
52,58,10
52,58,10
52,58,10
52,58,10
52,58,10
52,58,10
52,58,10
52,58,10
52,58,10
52,58,10
52,58,10
52,58,10
52,58,10
52,58,10
52,58,10
52,58,10
52,58,10
52,58,10
52,59,10
52,59,10
52,59,10
52,59,10
52,59,10
52,59,10
52,59,10
52,59,10
52,59,10
52,59,10
52,59,10
52,59,10
52,59,10
52,59,10
52,59,10
52,59,10
52,59,10
52,59,10
52,59,10
52,59,10
52,59,10
52,71,10
52,71,10
52,71,10
52,71,10
52,71,10
52,71,10
52,71,10
52,71,10
52,71,10
52,71,10
52,71,10
52,71,10
52,71,10
52,71,10
52,71,10
52,71,10
52,71,10
52,71,10
52,66,10
52,66,10
52,66,10
52,66,10
52,66,10
52,66,10
52,66,10
52,66,10
52,66,10
52,66,10
52,66,10
52,66,10
52,66,10
52,66,10
52,66,10
52,70,10
52,70,10
52,70,10
52,70,10
52,70,10
52,70,10
52,70,10
52,70,10
52,70,10
52,70,10
52,70,10
52,70,10
52,70,10
52,70,10
52,70,10
52,70,10
52,70,10
52,70,10
52,70,10
52,70,10
52,70,10
52,70,10
52,70,10
52,70,10
52,70,10
52,70,10
52,70,10
52,70,10
52,70,10
52,70,10
52,70,10
52,70,10
52,70,10
52,70,10
52,70,10
52,70,10
52,70,10
52,70,10
52,70,10
52,70,10
52,70,10
52,70,10
52,70,10
52,70,10
52,70,10
52,70,10
52,70,10
52,70,10
52,70,10
52,70,10
52,70,10
52,70,10
52,70,10
52,70,10
52,70,10
52,70,10
52,69,10
52,69,10
52,69,10
52,69,10
52,69,10
52,69,10
52,69,10
52,69,10
52,69,10
52,69,10
52,69,10
52,69,10
52,69,10
52,69,10
52,69,10
52,69,10
52,69,10
52,69,10
52,69,10
52,69,10
52,69,10
82,80,10
82,80,10
82,80,10
82,80,10
82,80,10
82,80,10
82,80,10
82,80,10
82,80,10
82,80,10
82,80,10
82,80,10
82,80,10
82,80,10
82,80,10
82,80,10
82,80,10
82,75,10
82,75,10
82,75,10
82,75,10
82,75,10
82,75,10
82,75,10
82,75,10
82,75,10
82,75,10
82,75,10
82,75,10
82,75,10
82,75,10
82,75,10
82,91,10
82,91,10
82,91,10
82,91,10
82,91,10
82,91,10
82,91,10
82,91,10
82,91,10
82,91,10
82,91,10
82,91,10
82,91,10
82,91,10
82,91,10
82,91,10
82,91,10
82,91,10
82,91,10
82,91,10
82,91,10
82,91,10
82,91,10
82,91,10
82,91,10
82,78,10
82,78,10
82,78,10
82,78,10
82,78,10
82,78,10
82,78,10
82,78,10
82,78,10
82,78,10
82,78,10
82,78,10
82,78,10
82,78,10
82,78,10
82,78,10
82,78,10
82,78,10
82,88,10
82,88,10
82,88,10
82,88,10
82,88,10
82,88,10
82,88,10
82,88,10
82,88,10
82,88,10
82,88,10
82,88,10
82,88,10
82,88,10
82,88,10
82,88,10
82,88,10
82,88,10
82,88,10
82,88,10
82,88,10
82,88,10
82,88,10
82,88,10
82,88,10
82,88,10
82,88,10
82,88,10
82,88,10
82,88,10
82,88,10
82,88,10
82,88,10
82,88,10
82,88,10
82,88,10
82,88,10
82,88,10
82,88,10
82,88,10
82,88,10
82,88,10
82,88,10
82,88,10
82,88,10
82,91,10
82,91,10
82,91,10
82,91,10
82,91,10
82,91,10
82,91,10
82,91,10
82,91,10
82,80,10
82,80,10
82,80,10
82,80,10
82,80,10
82,80,10
82,80,10
82,80,10
82,80,10
82,80,10
82,80,10
82,79,10
82,79,10
82,79,10
82,79,10
82,79,10
82,79,10
82,79,10
82,79,10
82,79,10
82,79,10
82,79,10
82,79,10
82,79,10
82,79,10
82,79,10
82,79,10
82,79,10
82,79,10
82,79,10
82,79,10
82,79,10
82,79,10
82,79,10
82,79,10
82,79,10
82,79,10
62,54,10
62,54,10
62,54,10
62,54,10
62,54,10
62,54,10
62,54,10
62,54,10
62,54,10
62,54,10
62,54,10
62,54,10
62,54,10
62,54,10
62,54,10
62,54,10
62,54,10
62,54,10
62,54,10
62,54,10
62,54,10
62,54,10
62,54,10
62,54,10
62,54,10
62,54,10
62,54,10
62,54,10
62,76,10
62,76,10
62,76,10
62,76,10
62,76,10
62,76,10
62,76,10
62,76,10
62,76,10
62,76,10
62,76,10
62,76,10
62,59,10
62,59,10
62,59,10
62,59,10
62,59,10
62,59,10
62,59,10
62,59,10
62,59,10
62,59,10
62,59,10
62,59,10
62,59,10
62,61,10
62,61,10
62,61,10
62,61,10
62,61,10
62,61,10
62,63,10
62,63,10
62,63,10
62,63,10
62,63,10
62,63,10
62,63,10
62,63,10
62,63,10
62,63,10
62,63,10
62,63,10
62,63,10
62,63,10
62,63,10
62,63,10
62,63,10
62,63,10
62,63,10
62,63,10
62,63,10
62,63,10
62,63,10
62,63,10
62,63,10
62,63,10
62,63,10
62,63,10
62,63,10
62,63,10
62,63,10
62,63,10
62,63,10
62,63,10
62,63,10
62,63,10
62,63,10
62,63,10
62,63,10
62,63,10
62,63,10
62,63,10
62,63,10
62,63,10
62,63,10
62,63,10
62,63,10
62,63,10
62,63,10
62,63,10
62,66,10
62,66,10
62,66,10
62,66,10
62,66,10
62,66,10
62,66,10
62,66,10
62,66,10
62,66,10
62,66,10
62,66,10
62,66,10
62,66,10
62,66,10
62,66,10
62,66,10
62,66,10
62,66,10
62,66,10
62,66,10
62,66,10
62,66,10
62,66,10
62,66,10
62,66,10
62,83,10
62,83,10
62,83,10
62,83,10
62,83,10
62,83,10
62,83,10
62,83,10
62,83,10
62,83,10
62,83,10
62,83,10
62,83,10
62,83,10
62,83,10
62,83,10
82,78,10
82,78,10
82,78,10
82,78,10
82,78,10
82,78,10
82,78,10
82,78,10
82,78,10
82,78,10
82,78,10
82,78,10
82,78,10
82,78,10
82,78,10
82,78,10
82,78,10
82,78,10
82,78,10
82,78,10
82,78,10
82,78,10
82,78,10
82,78,10
82,78,10
82,78,10
82,83,10
82,83,10
82,83,10
82,83,10
82,83,10
82,83,10
82,83,10
82,83,10
82,89,10
82,89,10
82,89,10
82,89,10
82,89,10
82,89,10
82,89,10
82,89,10
82,89,10
82,89,10
82,89,10
82,91,10
82,91,10
82,91,10
82,91,10
82,91,10
82,91,10
82,91,10
82,90,10
82,90,10
82,90,10
82,90,10
82,90,10
82,90,10
82,90,10
82,90,10
82,90,10
82,90,10
82,90,10
82,90,10
82,90,10
82,90,10
82,90,10
82,90,10
82,90,10
82,90,10
82,90,10
82,90,10
82,90,10
82,90,10
82,90,10
82,90,10
82,90,10
82,90,10
82,90,10
82,90,10
82,90,10
82,90,10
82,90,10
82,90,10
82,90,10
82,90,10
82,90,10
82,90,10
82,90,10
82,90,10
82,90,10
82,90,10
82,90,10
82,90,10
82,90,10
82,90,10
82,90,10
82,90,10
82,90,10
82,90,10
82,90,10
82,90,10
82,90,10
82,90,10
82,90,10
82,90,10
82,90,10
82,90,10
82,90,10
82,90,10
82,90,10
82,64,10
82,64,10
82,64,10
82,64,10
82,64,10
82,64,10
82,64,10
82,64,10
82,64,10
82,64,10
82,64,10
82,64,10
82,64,10
82,64,10
82,64,10
82,64,10
82,64,10
82,80,10
82,80,10
82,80,10
82,80,10
82,80,10
82,80,10
82,80,10
82,80,10
82,80,10
82,80,10
82,82,10
82,82,10
82,82,10
82,82,10
82,82,10
82,82,10
82,82,10
82,82,10
82,82,10
82,82,10
82,82,10
82,82,10
82,82,10
82,82,10
82,82,10
82,82,10
82,82,10
82,82,10
82,82,10
82,82,10
82,82,10
82,82,10
82,82,10
82,82,10
82,82,10
82,82,10
82,82,10
82,75,10
82,75,10
82,75,10
82,75,10
82,75,10
82,75,10
82,75,10
82,75,10
82,75,10
82,75,10
82,75,10
82,75,10
82,75,10
82,75,10
82,75,10
82,75,10
82,75,10
82,75,10
82,75,10
82,75,10
82,75,10
82,75,10
82,75,10
82,75,10
82,75,10
82,75,10
82,75,10
82,75,10
82,75,10
82,75,10
82,75,10
82,75,10
82,75,10
82,75,10
82,75,10
82,90,10
82,90,10
82,90,10
82,90,10
82,90,10
82,90,10
82,90,10
82,90,10
82,90,10
82,90,10
82,90,10
82,78,10
82,78,10
82,78,10
82,78,10
82,78,10
82,78,10
82,78,10
82,78,10
82,78,10
82,78,10
82,78,10
82,78,10
82,78,10
82,78,10
82,78,10
82,78,10
82,78,10
82,88,10
82,88,10
82,88,10
82,88,10
82,88,10
82,88,10
82,88,10
82,88,10
82,88,10
82,88,10
82,88,10
82,88,10
82,88,10
82,88,10
82,88,10
82,88,10
82,88,10
82,88,10
82,88,10
82,88,10
82,88,10
82,88,10
82,88,10
82,88,10
82,69,10
82,69,10
82,69,10
82,69,10
82,69,10
82,69,10
82,69,10
82,69,10
82,69,10
82,69,10
82,69,10
82,69,10
82,69,10
82,69,10
82,69,10
82,69,10
82,69,10
82,69,10
82,69,10
82,69,10
82,69,10
82,69,10
82,69,10
82,69,10
82,69,10
82,69,10
82,69,10
82,69,10
82,69,10
82,69,10
82,69,10
82,94,10
82,94,10
82,94,10
82,94,10
82,94,10
82,94,10
82,77,10
82,77,10
82,77,10
82,77,10
82,77,10
82,77,10
82,77,10
82,77,10
82,77,10
82,77,10
82,77,10
82,77,10
112,104,10
112,104,10
112,104,10
112,104,10
112,104,10
112,104,10
112,104,10
112,104,10
112,104,10
112,104,10
112,104,10
112,127,10
112,127,10
112,127,10
112,127,10
112,127,10
112,127,10
112,127,10
112,127,10
112,127,10
112,117,10
112,117,10
112,117,10
112,117,10
112,117,10
112,117,10
112,117,10
112,117,10
112,117,10
112,117,10
112,117,10
112,117,10
112,117,10
112,117,10
112,117,10
112,117,10
112,117,10
112,117,10
112,117,10
112,117,10
112,117,10
112,117,10
112,117,10
112,117,10
112,117,10
112,117,10
112,117,10
112,117,10
112,117,10
112,117,10
112,117,10
112,117,10
112,117,10
112,117,10
112,117,10
112,117,10
112,117,10
112,117,10
112,117,10
112,117,10
112,117,10
112,128,10
112,128,10
112,128,10
112,128,10
112,128,10
112,128,10
112,128,10
112,128,10
112,121,10
112,121,10
112,121,10
112,121,10
112,121,10
112,121,10
112,121,10
112,121,10
112,121,10
112,121,10
112,121,10
112,121,10
112,121,10
112,121,10
112,121,10
112,121,10
112,121,10
112,121,10
112,121,10
112,121,10
112,121,10
112,121,10
112,121,10
112,121,10
112,121,10
112,121,10
112,121,10
112,121,10
112,121,10
112,121,10
112,121,10
112,121,10
112,121,10
112,121,10
112,121,10
112,121,10
112,121,10
112,121,10
112,121,10
112,117,10
112,117,10
112,117,10
112,117,10
112,117,10
112,117,10
112,117,10
112,117,10
112,117,10
112,117,10
112,117,10
112,117,10
112,117,10
112,117,10
112,117,10
112,117,10
112,117,10
112,117,10
112,117,10
112,117,10
112,117,10
112,117,10
112,117,10
112,117,10
112,117,10
112,117,10
112,117,10
112,117,10
112,117,10
112,117,10
112,117,10
112,117,10
112,117,10
112,117,10
112,117,10
112,105,10
112,105,10
112,105,10
112,105,10
112,105,10
112,105,10
112,105,10
112,108,10
112,108,10
112,108,10
112,108,10
112,108,10
112,108,10
112,108,10
112,108,10
112,108,10
112,108,10
112,108,10
112,108,10
112,108,10
112,108,10
112,108,10
112,108,10
112,108,10
112,108,10
112,108,10
112,108,10
112,108,10
112,108,10
112,108,10
112,108,10
112,108,10
112,108,10
112,108,10
112,108,10
112,108,10
112,108,10
112,108,10
112,108,10
112,108,10
112,108,10
112,108,10
112,113,10
112,113,10
112,113,10
112,113,10
112,113,10
112,113,10
112,113,10
112,113,10
112,113,10
112,113,10
112,113,10
112,113,10
112,113,10
112,113,10
112,113,10
112,113,10
112,113,10
112,113,10
112,113,10
112,113,10
112,113,10
112,113,10
112,113,10
152,152,10
152,152,10
152,152,10
152,152,10
152,152,10
152,152,10
152,152,10
152,152,10
152,152,10
152,152,10
152,152,10
152,152,10
152,152,10
152,152,10
152,152,10
152,149,10
152,149,10
152,149,10
152,149,10
152,149,10
152,149,10
152,149,10
152,149,10
152,144,10
152,144,10
152,144,10
152,144,10
152,144,10
152,144,10
152,144,10
152,144,10
152,144,10
152,144,10
152,144,10
152,144,10
152,144,10
152,144,10
152,144,10
152,144,10
152,144,10
152,144,10
152,144,10
152,144,10
152,139,10
152,139,10
152,139,10
152,139,10
152,139,10
152,139,10
152,139,10
152,139,10
152,139,10
152,139,10
152,139,10
152,139,10
152,139,10
152,139,10
152,139,10
152,139,10
152,139,10
152,139,10
152,139,10
152,139,10
152,139,10
152,139,10
152,139,10
152,139,10
152,139,10
152,139,10
152,139,10
152,139,10
152,139,10
152,139,10
152,139,10
152,139,10
152,139,10
152,139,10
152,139,10
152,139,10
152,139,10
152,167,10
152,167,10
152,167,10
152,167,10
152,167,10
152,167,10
152,167,10
152,167,10
152,167,10
152,167,10
152,167,10
152,167,10
152,167,10
152,167,10
152,167,10
152,167,10
152,167,10
152,167,10
152,167,10
152,167,10
152,167,10
152,167,10
152,167,10
152,167,10
152,167,10
152,143,10
152,143,10
152,143,10
152,143,10
152,143,10
152,143,10
152,159,10
152,159,10
152,159,10
152,159,10
152,159,10
152,159,10
152,159,10
152,159,10
152,159,10
152,159,10
152,159,10
152,159,10
152,156,10
152,156,10
152,156,10
152,156,10
152,156,10
152,156,10
152,156,10
152,156,10
152,138,10
152,138,10
152,138,10
152,138,10
152,138,10
152,138,10
152,138,10
152,138,10
152,138,10
152,138,10
152,138,10
152,138,10
152,138,10
152,138,10
152,138,10
152,138,10
152,138,10
152,138,10
152,138,10
152,138,10
152,138,10
152,138,10
152,138,10
152,138,10
152,138,10
152,138,10
152,138,10
152,138,10
152,138,10
152,138,10
152,138,10
152,138,10
152,138,10
152,138,10
152,138,10
152,138,10
152,138,10
152,138,10
152,138,10
152,138,10
152,138,10
152,138,10
152,138,10
152,138,10
152,138,10
152,138,10
152,138,10
152,138,10
152,138,10
152,138,10
152,138,10
152,138,10
152,138,10
152,138,10
152,138,10
152,138,10
152,138,10
152,153,10
152,153,10
152,153,10
152,153,10
152,153,10
152,153,10
152,153,10
152,169,10
152,169,10
152,169,10
152,169,10
152,169,10
152,169,10
152,169,10
152,169,10
152,169,10
152,169,10
152,169,10
152,147,10
152,147,10
152,147,10
152,147,10
152,147,10
152,147,10
152,147,10
152,147,10
152,147,10
152,147,10
152,147,10
152,147,10
152,147,10
152,147,10
152,147,10
152,147,10
152,147,10
152,147,10
152,147,10
152,147,10
152,147,10
152,147,10
152,147,10
152,147,10
152,137,10
152,137,10
152,137,10
152,137,10
152,137,10
152,137,10
152,137,10
152,137,10
152,137,10
152,137,10
152,162,10
152,162,10
152,162,10
152,162,10
152,162,10
152,162,10
152,162,10
112,110,10
112,110,10
112,110,10
112,110,10
112,110,10
112,110,10
112,106,10
112,106,10
112,106,10
112,106,10
112,106,10
112,106,10
112,106,10
112,106,10
112,106,10
112,114,10
112,114,10
112,114,10
112,114,10
112,114,10
112,114,10
112,114,10
112,114,10
112,114,10
112,114,10
112,107,10
112,107,10
112,107,10
112,107,10
112,107,10
112,107,10
112,107,10
112,107,10
112,107,10
112,107,10
112,107,10
112,107,10
112,107,10
112,107,10
112,107,10
112,107,10
112,107,10
112,107,10
112,107,10
112,107,10
112,107,10
112,107,10
112,107,10
112,107,10
112,107,10
112,107,10
112,107,10
112,107,10
112,101,10
112,101,10
112,101,10
112,101,10
112,101,10
112,101,10
112,101,10
112,118,10
112,118,10
112,118,10
112,118,10
112,118,10
112,118,10
112,118,10
112,118,10
112,118,10
112,118,10
112,118,10
112,118,10
112,118,10
112,118,10
112,118,10
112,118,10
112,118,10
112,118,10
112,118,10
112,118,10
112,118,10
112,118,10
112,118,10
112,118,10
112,118,10
112,118,10
112,118,10
112,118,10
112,123,10
112,123,10
112,123,10
112,123,10
112,123,10
112,123,10
112,123,10
112,123,10
112,123,10
112,123,10
112,123,10
112,123,10
112,123,10
112,123,10
112,108,10
112,108,10
112,108,10
112,108,10
112,108,10
112,108,10
112,108,10
112,108,10
112,108,10
112,108,10
112,108,10
112,108,10
112,108,10
112,98,10
112,98,10
112,98,10
112,98,10
112,98,10
112,98,10
112,98,10
112,98,10
112,98,10
112,98,10
112,98,10
112,98,10
112,98,10
112,98,10
112,98,10
112,98,10
112,98,10
112,98,10
112,98,10
112,98,10
112,98,10
112,98,10
112,98,10
112,98,10
112,98,10
112,98,10
112,98,10
112,98,10
112,98,10
112,98,10
112,98,10
112,98,10
112,98,10
112,98,10
112,98,10
112,98,10
112,98,10
112,98,10
112,98,10
112,111,10
112,111,10
112,111,10
112,111,10
112,111,10
112,111,10
112,111,10
112,111,10
112,111,10
112,111,10
112,111,10
112,111,10
112,111,10
112,111,10
112,111,10
112,123,10
112,123,10
112,123,10
112,123,10
112,123,10
112,123,10
112,123,10
112,123,10
112,123,10
112,123,10
112,123,10
112,123,10
112,123,10
112,113,10
112,113,10
112,113,10
112,113,10
112,113,10
112,113,10
112,113,10
112,113,10
112,113,10
112,113,10
112,113,10
112,113,10
112,113,10
112,113,10
112,113,10
112,113,10
112,113,10
112,113,10
112,113,10
112,113,10
112,113,10
112,113,10
112,113,10
112,113,10
112,113,10
112,113,10
112,113,10
112,113,10
112,113,10
112,113,10
112,113,10
112,113,10
112,113,10
112,113,10
112,113,10
112,113,10
112,113,10
112,113,10
112,113,10
112,113,10
112,113,10
112,113,10
112,113,10
112,103,10
112,103,10
112,103,10
112,103,10
112,103,10
112,103,10
112,112,10
112,112,10
112,112,10
112,112,10
112,112,10
112,112,10
112,112,10
112,112,10
112,112,10
112,112,10
112,112,10
112,112,10
112,112,10
112,112,10
112,112,10
112,112,10
112,126,10
112,126,10
112,126,10
112,126,10
112,126,10
112,126,10
112,126,10
112,126,10
112,126,10
112,126,10
112,126,10
112,111,10
112,111,10
112,111,10
112,111,10
112,111,10
112,111,10
112,111,10
112,111,10
112,111,10
112,111,10
112,111,10
112,111,10
112,111,10
112,111,10
112,111,10
112,111,10
112,111,10
112,111,10
112,111,10
112,111,10
112,111,10
112,111,10
112,111,10
112,111,10
112,111,10
112,111,10
112,111,10
112,111,10
112,111,10
112,111,10
112,113,10
112,113,10
112,113,10
112,113,10
112,113,10
112,113,10
112,113,10
112,113,10
112,113,10
112,113,10
112,113,10
112,113,10
112,113,10
112,113,10
112,113,10
112,113,10
112,113,10
112,113,10
112,113,10
112,113,10
112,113,10
112,113,10
112,113,10
112,113,10
112,123,10
112,123,10
112,123,10
112,123,10
112,123,10
112,123,10
112,123,10
112,123,10
112,123,10
112,123,10
112,123,10
112,123,10
112,123,10
112,123,10
112,123,10
112,123,10
112,123,10
112,123,10
112,123,10
112,123,10
112,123,10
112,123,10
112,123,10
152,153,10
152,153,10
152,153,10
152,153,10
152,153,10
152,153,10
152,153,10
152,153,10
152,153,10
152,153,10
152,153,10
152,153,10
152,153,10
152,153,10
152,153,10
152,153,10
152,153,10
152,153,10
152,152,10
152,152,10
152,152,10
152,152,10
152,152,10
152,152,10
152,152,10
152,152,10
152,152,10
152,152,10
152,152,10
152,152,10
152,172,10
152,172,10
152,172,10
152,172,10
152,172,10
152,172,10
152,162,10
152,162,10
152,162,10
152,162,10
152,162,10
152,162,10
152,162,10
152,162,10
152,162,10
152,162,10
152,162,10
152,162,10
152,162,10
152,162,10
152,162,10
152,162,10
152,162,10
152,162,10
152,162,10
152,162,10
152,162,10
152,162,10
152,162,10
152,162,10
152,162,10
152,162,10
152,162,10
152,162,10
152,162,10
152,162,10
152,162,10
152,162,10
152,162,10
152,162,10
152,162,10
152,162,10
152,162,10
152,162,10
152,162,10
152,162,10
152,162,10
152,162,10
152,162,10
152,162,10
152,162,10
152,162,10
152,162,10
152,162,10
152,155,10
152,155,10
152,155,10
152,155,10
152,155,10
152,155,10
152,155,10
152,155,10
152,155,10
152,155,10
152,155,10
152,155,10
152,155,10
152,155,10
152,155,10
152,155,10
152,155,10
152,155,10
152,155,10
152,155,10
152,144,10
152,144,10
152,144,10
152,144,10
152,144,10
152,144,10
152,144,10
152,144,10
152,144,10
152,144,10
152,138,10
152,138,10
152,138,10
152,138,10
152,138,10
152,138,10
152,138,10
152,138,10
152,138,10
152,142,10
152,142,10
152,142,10
152,142,10
152,142,10
152,142,10
152,142,10
152,142,10
152,142,10
152,142,10
152,142,10
152,142,10
152,142,10
152,142,10
152,142,10
152,142,10
152,142,10
152,142,10
152,142,10
192,195,10
192,195,10
192,195,10
192,195,10
192,195,10
192,195,10
192,195,10
192,195,10
192,195,10
192,195,10
192,195,10
192,195,10
192,195,10
192,195,10
192,195,10
192,188,10
192,188,10
192,188,10
192,188,10
192,188,10
192,188,10
192,188,10
192,188,10
192,188,10
192,188,10
192,188,10
192,188,10
192,188,10
192,191,10
192,191,10
192,191,10
192,191,10
192,191,10
192,191,10
192,191,10
192,191,10
192,191,10
192,191,10
192,191,10
192,196,10
192,196,10
192,196,10
192,196,10
192,196,10
192,196,10
192,196,10
192,196,10
192,196,10
192,196,10
192,196,10
192,196,10
192,196,10
192,196,10
192,196,10
192,196,10
192,196,10
192,196,10
192,195,10
192,195,10
192,195,10
192,195,10
192,195,10
192,195,10
192,195,10
192,195,10
192,195,10
192,195,10
192,195,10
192,184,10
192,184,10
192,184,10
192,184,10
192,184,10
192,184,10
192,184,10
192,184,10
192,184,10
192,184,10
192,184,10
192,179,10
192,179,10
192,179,10
192,179,10
192,179,10
192,179,10
192,179,10
192,179,10
192,179,10
192,179,10
192,179,10
192,179,10
192,179,10
192,179,10
192,179,10
192,179,10
192,179,10
192,179,10
192,179,10
192,179,10
192,179,10
192,179,10
192,179,10
192,179,10
192,179,10
192,179,10
192,179,10
192,179,10
192,179,10
192,179,10
192,179,10
192,179,10
192,179,10
192,179,10
192,179,10
192,179,10
192,179,10
192,179,10
192,179,10
192,185,10
192,185,10
192,185,10
192,185,10
192,185,10
192,185,10
192,185,10
192,185,10
192,185,10
192,185,10
192,185,10
192,198,10
192,198,10
192,198,10
192,198,10
192,198,10
192,198,10
192,198,10
192,190,10
192,190,10
192,190,10
192,190,10
192,190,10
192,190,10
192,190,10
192,190,10
192,190,10
192,190,10
192,190,10
192,190,10
192,190,10
192,190,10
192,190,10
192,203,10
192,203,10
192,203,10
192,203,10
192,203,10
192,203,10
192,203,10
192,203,10
192,203,10
192,203,10
192,203,10
192,203,10
192,195,10
192,195,10
192,195,10
192,195,10
192,195,10
192,195,10
192,195,10
192,195,10
192,195,10
192,195,10
192,195,10
192,195,10
192,195,10
192,195,10
192,195,10
192,195,10
192,195,10
192,195,10
192,195,10
192,195,10
192,195,10
192,195,10
192,195,10
212,204,10
212,204,10
212,204,10
212,204,10
212,204,10
212,204,10
212,204,10
212,204,10
212,204,10
212,204,10
212,204,10
212,204,10
212,204,10
212,204,10
212,204,10
212,204,10
212,204,10
212,204,10
212,204,10
212,204,10
212,204,10
212,204,10
212,204,10
212,204,10
212,204,10
212,204,10
212,203,10
212,203,10
212,203,10
212,203,10
212,203,10
212,203,10
212,203,10
212,203,10
212,203,10
212,203,10
212,203,10
212,203,10
212,203,10
212,203,10
212,203,10
212,203,10
212,203,10
212,203,10
212,203,10
212,203,10
212,203,10
212,203,10
212,203,10
212,203,10
212,203,10
212,217,10
212,217,10
212,217,10
212,217,10
212,217,10
212,217,10
212,217,10
212,217,10
212,217,10
212,217,10
212,217,10
212,217,10
212,217,10
212,217,10
212,217,10
212,217,10
212,217,10
212,217,10
212,217,10
212,217,10
212,217,10
212,217,10
212,217,10
212,217,10
212,217,10
212,217,10
212,217,10
212,217,10
212,217,10
212,217,10
212,217,10
212,217,10
212,217,10
212,217,10
212,217,10
212,217,10
212,217,10
212,217,10
212,217,10
212,217,10
212,217,10
212,217,10
212,217,10
212,217,10
212,217,10
212,217,10
212,217,10
212,217,10
212,217,10
212,217,10
212,217,10
212,217,10
212,217,10
212,217,10
212,217,10
212,200,10
212,200,10
212,200,10
212,200,10
212,200,10
212,200,10
212,200,10
212,200,10
212,200,10
212,200,10
212,200,10
212,200,10
212,200,10
212,218,10
212,218,10
212,218,10
212,218,10
212,218,10
212,218,10
212,218,10
212,218,10
212,218,10
212,218,10
212,218,10
212,218,10
212,218,10
212,218,10
212,218,10
212,218,10
212,218,10
212,218,10
212,218,10
212,218,10
212,218,10
212,218,10
212,218,10
212,218,10
212,218,10
212,218,10
212,218,10
212,218,10
212,218,10
212,218,10
212,217,10
212,217,10
212,217,10
212,217,10
212,217,10
212,217,10
212,217,10
212,217,10
212,217,10
212,217,10
212,217,10
212,217,10
212,217,10
212,217,10
212,217,10
212,217,10
212,217,10
212,217,10
212,217,10
212,217,10
212,217,10
212,217,10
212,217,10
212,217,10
212,217,10
212,217,10
212,217,10
212,217,10
232,250,10
232,250,10
232,250,10
232,250,10
232,250,10
232,250,10
232,244,10
232,244,10
232,244,10
232,244,10
232,244,10
232,244,10
232,244,10
232,244,10
232,244,10
232,244,10
232,244,10
232,244,10
232,244,10
232,244,10
232,244,10
232,244,10
232,244,10
232,244,10
232,244,10
232,244,10
232,244,10
232,244,10
232,244,10
232,244,10
232,244,10
232,244,10
232,244,10
232,244,10
232,244,10
232,244,10
232,244,10
232,244,10
232,244,10
232,244,10
232,244,10
232,244,10
232,244,10
232,244,10
232,244,10
232,244,10
232,244,10
232,244,10
232,244,10
232,244,10
232,244,10
232,244,10
232,244,10
232,244,10
232,244,10
232,244,10
232,232,10
232,232,10
232,232,10
232,232,10
232,232,10
232,232,10
232,232,10
232,232,10
232,222,10
232,222,10
232,222,10
232,222,10
232,222,10
232,222,10
232,222,10
232,222,10
232,222,10
232,222,10
232,222,10
232,222,10
232,222,10
232,222,10
232,222,10
232,222,10
232,222,10
232,247,10
232,247,10
232,247,10
232,247,10
232,247,10
232,247,10
232,247,10
232,247,10
232,247,10
232,247,10
232,247,10
232,247,10
232,247,10
232,247,10
232,247,10
232,247,10
232,247,10
232,237,10
232,237,10
232,237,10
232,237,10
232,237,10
232,237,10
232,237,10
232,237,10
232,237,10
232,237,10
232,237,10
232,237,10
232,237,10
232,237,10
232,237,10
232,237,10
232,237,10
232,237,10
232,237,10
232,237,10
232,237,10
232,237,10
232,237,10
232,237,10
232,237,10
232,237,10
232,237,10
232,237,10
232,237,10
232,237,10
232,237,10
232,237,10
232,237,10
232,237,10
232,239,10
232,239,10
232,239,10
232,239,10
232,239,10
232,239,10
232,239,10
232,239,10
232,239,10
232,239,10
232,239,10
232,228,10
232,228,10
232,228,10
232,228,10
232,228,10
232,228,10
232,228,10
232,228,10
232,220,10
232,220,10
232,220,10
232,220,10
232,220,10
232,220,10
232,216,10
232,216,10
232,216,10
232,216,10
232,216,10
232,216,10
232,216,10
232,216,10
232,216,10
232,216,10
232,216,10
232,216,10
232,216,10
232,216,10
232,216,10
232,216,10
232,216,10
232,216,10
232,216,10
232,216,10
232,216,10
232,216,10
232,216,10
232,216,10
232,242,10
232,242,10
232,242,10
232,242,10
232,242,10
232,242,10
232,226,10
232,226,10
232,226,10
232,226,10
232,226,10
232,226,10
232,226,10
232,226,10
232,226,10
232,226,10
232,226,10
232,226,10
232,226,10
232,226,10
232,226,10
232,226,10
232,226,10
232,226,10
212,212,10
212,212,10
212,212,10
212,212,10
212,212,10
212,212,10
212,216,10
212,216,10
212,216,10
212,216,10
212,216,10
212,216,10
212,216,10
212,216,10
212,216,10
212,216,10
212,216,10
212,216,10
212,216,10
212,216,10
212,216,10
212,216,10
212,216,10
212,216,10
212,216,10
212,216,10
212,216,10
212,216,10
212,216,10
212,216,10
212,216,10
212,216,10
212,216,10
212,216,10
212,216,10
212,216,10
212,216,10
212,216,10
212,216,10
212,216,10
212,216,10
212,216,10
212,216,10
212,216,10
212,216,10
212,216,10
212,216,10
212,207,10
212,207,10
212,207,10
212,207,10
212,207,10
212,207,10
212,207,10
212,207,10
212,207,10
212,207,10
212,207,10
212,207,10
212,207,10
212,207,10
212,218,10
212,218,10
212,218,10
212,218,10
212,218,10
212,218,10
212,218,10
212,218,10
212,218,10
212,218,10
212,218,10
212,218,10
212,218,10
212,218,10
212,218,10
212,218,10
212,220,10
212,220,10
212,220,10
212,220,10
212,220,10
212,220,10
212,220,10
212,220,10
212,214,10
212,214,10
212,214,10
212,214,10
212,214,10
212,214,10
212,214,10
212,214,10
212,214,10
212,214,10
212,214,10
212,214,10
212,214,10
212,214,10
212,214,10
212,214,10
212,214,10
212,214,10
212,214,10
212,214,10
212,214,10
212,214,10
212,214,10
212,214,10
212,214,10
212,214,10
212,214,10
212,214,10
212,214,10
212,214,10
212,214,10
212,210,10
212,210,10
212,210,10
212,210,10
212,210,10
212,210,10
212,210,10
212,210,10
212,210,10
212,210,10
212,210,10
212,210,10
212,210,10
212,210,10
212,203,10
212,203,10
212,203,10
212,203,10
212,203,10
212,203,10
212,203,10
212,203,10
212,228,10
212,228,10
212,228,10
212,228,10
212,228,10
212,228,10
212,228,10
212,228,10
212,228,10
212,228,10
212,228,10
212,228,10
212,228,10
212,222,10
212,222,10
212,222,10
212,222,10
212,222,10
212,222,10
212,222,10
212,222,10
212,222,10
212,222,10
212,222,10
212,222,10
212,217,10
212,217,10
212,217,10
212,217,10
212,217,10
212,217,10
212,217,10
212,229,10
212,229,10
212,229,10
212,229,10
212,229,10
212,229,10
212,229,10
212,229,10
212,229,10
212,229,10
212,229,10
212,229,10
212,229,10
212,229,10
212,229,10
212,229,10
212,218,10
212,218,10
212,218,10
212,218,10
212,218,10
212,218,10
212,218,10
212,218,10
212,218,10
212,218,10
212,218,10
212,218,10
212,218,10
212,218,10
212,218,10
212,218,10
212,218,10
212,218,10
212,218,10
212,218,10
212,218,10
212,218,10
212,218,10
212,218,10
212,218,10
212,218,10
212,218,10
212,218,10
212,218,10
212,218,10
212,218,10
212,218,10
212,201,10
212,201,10
212,201,10
212,201,10
212,201,10
212,201,10
212,201,10
212,201,10
212,201,10
212,201,10
212,201,10
212,201,10
212,201,10
212,201,10
212,201,10
212,201,10
212,201,10
212,201,10
212,201,10
212,201,10
212,201,10
212,201,10
212,201,10
212,201,10
212,201,10
212,201,10
212,242,10
212,242,10
212,242,10
212,242,10
212,242,10
212,242,10
212,242,10
212,242,10
212,242,10
212,242,10
212,242,10
212,242,10
212,242,10
252,252,10
252,252,10
252,252,10
252,252,10
252,252,10
252,252,10
252,241,10
252,241,10
252,241,10
252,241,10
252,241,10
252,241,10
252,241,10
252,241,10
252,241,10
252,241,10
252,241,10
252,241,10
252,241,10
252,241,10
252,241,10
252,241,10
252,241,10
252,240,10
252,240,10
252,240,10
252,240,10
252,240,10
252,240,10
252,240,10
252,240,10
252,240,10
252,240,10
252,240,10
252,240,10
252,240,10
252,240,10
252,240,10
252,240,10
252,240,10
252,240,10
252,240,10
252,240,10
252,240,10
252,240,10
252,240,10
252,240,10
252,240,10
252,240,10
252,240,10
252,240,10
252,240,10
252,240,10
252,240,10
252,240,10
252,240,10
252,240,10
252,284,10
252,284,10
252,284,10
252,284,10
252,284,10
252,284,10
252,284,10
252,284,10
252,284,10
252,284,10
252,284,10
252,284,10
252,284,10
252,284,10
252,284,10
252,284,10
252,284,10
252,284,10
252,284,10
252,284,10
252,284,10
252,284,10
252,252,10
252,252,10
252,252,10
252,252,10
252,252,10
252,252,10
252,252,10
252,252,10
252,252,10
252,252,10
252,252,10
252,252,10
252,277,10
252,277,10
252,277,10
252,277,10
252,277,10
252,277,10
252,277,10
252,277,10
252,277,10
252,277,10
252,277,10
252,277,10
252,277,10
252,277,10
252,277,10
252,277,10
252,277,10
252,277,10
252,277,10
252,277,10
252,277,10
252,277,10
252,277,10
252,277,10
252,277,10
252,277,10
252,246,10
252,246,10
252,246,10
252,246,10
252,246,10
252,246,10
252,246,10
252,246,10
252,246,10
252,246,10
252,246,10
252,246,10
252,246,10
252,246,10
252,246,10
252,246,10
252,246,10
252,246,10
252,246,10
252,246,10
252,246,10
252,246,10
252,246,10
252,246,10
252,246,10
252,246,10
252,246,10
252,246,10
252,246,10
252,246,10
252,246,10
282,279,10
282,279,10
282,279,10
282,279,10
282,279,10
282,279,10
282,279,10
282,279,10
282,279,10
282,279,10
282,279,10
282,279,10
282,279,10
282,279,10
282,279,10
282,279,10
282,279,10
282,279,10
282,302,10
282,302,10
282,302,10
282,302,10
282,302,10
282,302,10
282,302,10
282,302,10
282,302,10
282,302,10
282,302,10
282,302,10
282,302,10
282,302,10
282,302,10
282,302,10
282,302,10
282,302,10
282,302,10
282,296,10
282,296,10
282,296,10
282,296,10
282,296,10
282,296,10
282,291,10
282,291,10
282,291,10
282,291,10
282,291,10
282,291,10
282,291,10
282,291,10
282,291,10
282,291,10
282,291,10
282,291,10
282,291,10
282,291,10
282,291,10
282,291,10
282,291,10
282,291,10
282,291,10
282,291,10
282,291,10
282,291,10
282,291,10
282,291,10
282,291,10
282,291,10
282,291,10
282,291,10
282,291,10
282,291,10
282,291,10
282,291,10
282,291,10
282,291,10
282,291,10
282,291,10
282,291,10
282,291,10
282,291,10
282,291,10
282,291,10
282,291,10
282,291,10
282,291,10
282,296,10
282,296,10
282,296,10
282,296,10
282,296,10
282,296,10
282,296,10
282,296,10
282,296,10
282,296,10
282,285,10
282,285,10
282,285,10
282,285,10
282,285,10
282,285,10
282,285,10
282,285,10
282,285,10
282,285,10
282,285,10
282,285,10
282,285,10
282,285,10
282,285,10
282,285,10
282,285,10
282,285,10
282,285,10
282,285,10
282,285,10
282,285,10
282,285,10
282,285,10
282,285,10
282,285,10
282,285,10
282,285,10
282,285,10
282,285,10
282,285,10
282,285,10
282,285,10
282,285,10
282,285,10
282,285,10
282,285,10
282,285,10
282,285,10
282,285,10
282,285,10
282,285,10
282,285,10
282,285,10
282,285,10
282,285,10
282,285,10
282,285,10
282,285,10
282,285,10
282,285,10
282,285,10
282,285,10
282,285,10
282,285,10
282,285,10
282,285,10
282,285,10
282,285,10
282,290,10
282,290,10
282,290,10
282,290,10
282,290,10
282,290,10
282,290,10
282,290,10
282,290,10
282,290,10
282,290,10
282,290,10
282,290,10
282,290,10
282,290,10
282,290,10
282,290,10
282,290,10
282,290,10
282,290,10
282,290,10
282,290,10
282,290,10
282,290,10
282,290,10
282,286,10
282,286,10
282,286,10
282,286,10
282,286,10
282,286,10
282,288,10
282,288,10
282,288,10
282,288,10
282,288,10
282,288,10
282,288,10
282,288,10
282,288,10
282,288,10
282,288,10
282,288,10
282,288,10
282,288,10
282,288,10
282,288,10
282,288,10
282,288,10
282,288,10
282,294,10
282,294,10
282,294,10
282,294,10
282,294,10
282,294,10
282,294,10
282,294,10
282,294,10
282,294,10
282,294,10
282,294,10
282,294,10
282,270,10
282,270,10
282,270,10
282,270,10
282,270,10
282,270,10
282,270,10
282,270,10
282,270,10
282,270,10
282,270,10
282,270,10
282,270,10
282,270,10
282,270,10
282,270,10
282,270,10
282,270,10
282,270,10
282,270,10
282,270,10
282,270,10
282,270,10
282,270,10
282,270,10
282,270,10
282,270,10
282,272,10
282,272,10
282,272,10
282,272,10
282,272,10
282,272,10
282,272,10
282,272,10
282,272,10
282,272,10
282,272,10
282,272,10
282,272,10
282,280,10
282,280,10
282,280,10
282,280,10
282,280,10
282,280,10
282,280,10
282,280,10
282,280,10
282,280,10
282,280,10
282,280,10
282,280,10
282,280,10
282,280,10
282,280,10
282,280,10
282,280,10
282,280,10
282,280,10
282,280,10
282,280,10
282,280,10
282,280,10
282,280,10
282,280,10
282,280,10
282,280,10
282,280,10
282,280,10
282,280,10
282,280,10
282,280,10
282,280,10
282,280,10
282,280,10
322,338,10
322,338,10
322,338,10
322,338,10
322,338,10
322,338,10
322,322,10
322,322,10
322,322,10
322,322,10
322,322,10
322,322,10
322,322,10
322,322,10
322,322,10
322,322,10
322,322,10
322,325,10
322,325,10
322,325,10
322,325,10
322,325,10
322,325,10
322,325,10
322,325,10
322,325,10
322,325,10
322,325,10
322,325,10
322,325,10
322,325,10
322,325,10
322,325,10
322,325,10
322,325,10
322,325,10
322,325,10
322,325,10
322,325,10
322,325,10
322,325,10
322,325,10
322,325,10
322,325,10
322,325,10
322,325,10
322,325,10
322,325,10
322,325,10
322,331,10
322,331,10
322,331,10
322,331,10
322,331,10
322,331,10
322,331,10
322,331,10
322,331,10
322,331,10
322,331,10
322,331,10
322,331,10
322,331,10
322,331,10
322,331,10
322,331,10
322,331,10
322,331,10
322,331,10
322,331,10
322,331,10
322,331,10
322,331,10
322,331,10
322,331,10
322,331,10
322,331,10
322,331,10
322,331,10
322,331,10
322,331,10
322,331,10
322,331,10
322,331,10
322,331,10
322,331,10
322,331,10
322,331,10
322,331,10
322,331,10
322,331,10
322,331,10
322,331,10
322,327,10
322,327,10
322,327,10
322,327,10
322,327,10
322,327,10
322,327,10
322,327,10
322,327,10
322,327,10
322,327,10
322,327,10
322,327,10
322,327,10
322,327,10
322,327,10
322,327,10
322,327,10
322,327,10
322,327,10
322,327,10
322,332,10
322,332,10
322,332,10
322,332,10
322,332,10
322,332,10
322,332,10
322,332,10
322,332,10
322,332,10
322,332,10
322,332,10
322,332,10
322,332,10
322,332,10
322,332,10
322,332,10
322,332,10
322,332,10
322,332,10
322,332,10
322,332,10
322,332,10
322,332,10
322,332,10
322,332,10
322,332,10
322,332,10
322,332,10
322,332,10
322,332,10
322,332,10
322,332,10
322,332,10
322,332,10
322,332,10
322,332,10
322,319,10
322,319,10
322,319,10
322,319,10
322,319,10
322,319,10
322,319,10
322,319,10
322,319,10
322,319,10
322,319,10
322,319,10
322,319,10
322,319,10
322,319,10
322,319,10
322,319,10
322,319,10
322,319,10
322,319,10
322,319,10
322,319,10
322,319,10
322,319,10
322,324,10
322,324,10
322,324,10
322,324,10
322,324,10
322,324,10
322,324,10
322,324,10
322,324,10
322,315,10
322,315,10
322,315,10
322,315,10
322,315,10
322,315,10
322,315,10
322,315,10
322,315,10
322,315,10
322,315,10
322,315,10
322,315,10
322,315,10
322,315,10
322,315,10
322,315,10
322,315,10
322,315,10
322,315,10
322,315,10
322,315,10
322,315,10
322,315,10
322,315,10
322,315,10
322,315,10
322,315,10
322,315,10
322,315,10
322,315,10
322,315,10
322,315,10
322,315,10
322,315,10
322,315,10
322,315,10
322,315,10
322,342,10
322,342,10
322,342,10
322,342,10
322,342,10
322,342,10
322,342,10
322,312,10
322,312,10
322,312,10
322,312,10
322,312,10
322,312,10
322,312,10
322,312,10
322,312,10
322,312,10
322,325,10
322,325,10
322,325,10
322,325,10
322,325,10
322,325,10
322,325,10
322,325,10
322,325,10
322,325,10
322,325,10
322,325,10
322,325,10
322,325,10
322,325,10
322,325,10
322,325,10
322,321,10
322,321,10
322,321,10
322,321,10
322,321,10
322,321,10
322,321,10
322,321,10
322,321,10
322,321,10
322,321,10
322,321,10
322,321,10
322,321,10
322,321,10
322,321,10
322,321,10
322,321,10
322,321,10
322,321,10
322,321,10
322,321,10
2,16,10
2,16,10
2,16,10
2,16,10
2,16,10
2,16,10
2,16,10
2,16,10
2,16,10
2,16,10
2,16,10
2,16,10
2,16,10
2,16,10
2,16,10
2,16,10
2,16,10
2,16,10
2,16,10
2,16,10
2,16,10
2,16,10
2,16,10
2,16,10
2,16,10
2,16,10
2,16,10
2,16,10
2,16,10
2,16,10
2,16,10
2,16,10
2,16,10
2,16,10
2,16,10
2,353,10
2,353,10
2,353,10
2,353,10
2,353,10
2,353,10
2,353,10
2,353,10
2,353,10
2,353,10
2,353,10
2,353,10
2,353,10
2,353,10
2,353,10
2,353,10
2,353,10
2,353,10
2,353,10
2,11,10
2,11,10
2,11,10
2,11,10
2,11,10
2,11,10
2,358,10
2,358,10
2,358,10
2,358,10
2,358,10
2,358,10
2,358,10
2,358,10
2,358,10
2,358,10
2,358,10
2,358,10
2,358,10
2,358,10
2,358,10
2,349,10
2,349,10
2,349,10
2,349,10
2,349,10
2,349,10
2,349,10
2,349,10
2,349,10
2,349,10
2,349,10
2,349,10
2,349,10
2,349,10
2,349,10
2,349,10
2,356,10
2,356,10
2,356,10
2,356,10
2,356,10
2,356,10
2,356,10
2,356,10
2,356,10
2,356,10
2,356,10
2,356,10
2,356,10
2,356,10
2,356,10
2,28,10
2,28,10
2,28,10
2,28,10
2,28,10
2,28,10
2,28,10
2,28,10
2,28,10
2,354,10
2,354,10
2,354,10
2,354,10
2,354,10
2,354,10
2,354,10
2,354,10
2,354,10
2,354,10
2,354,10
2,354,10
2,354,10
322,315,10
322,315,10
322,315,10
322,315,10
322,315,10
322,315,10
322,315,10
322,315,10
322,315,10
322,315,10
322,315,10
322,315,10
322,315,10
322,315,10
322,315,10
322,315,10
322,315,10
322,315,10
322,315,10
322,315,10
322,315,10
322,315,10
322,315,10
322,315,10
