true_pos,obs_pos,true_var
17,17,20
17,17,20
17,17,20
17,17,20
17,17,20
17,17,20
17,17,20
17,33,20
17,33,20
17,33,20
17,33,20
17,33,20
17,33,20
17,33,20
17,33,20
17,33,20
17,33,20
17,33,20
17,33,20
17,33,20
17,33,20
17,33,20
17,33,20
17,13,20
17,13,20
17,13,20
17,13,20
17,13,20
17,13,20
17,13,20
17,13,20
17,13,20
17,13,20
17,13,20
17,13,20
17,13,20
17,13,20
17,13,20
17,13,20
17,13,20
17,13,20
17,13,20
17,5,20
17,5,20
17,5,20
17,5,20
17,5,20
17,5,20
17,5,20
17,5,20
17,5,20
17,5,20
17,5,20
17,5,20
17,5,20
17,5,20
17,5,20
17,350,20
17,350,20
17,350,20
17,350,20
17,350,20
17,350,20
17,350,20
17,350,20
17,350,20
17,350,20
17,350,20
17,350,20
17,350,20
17,350,20
17,350,20
17,350,20
17,350,20
17,350,20
17,350,20
17,350,20
17,350,20
17,350,20
17,350,20
17,350,20
17,350,20
17,350,20
17,350,20
17,350,20
17,350,20
17,350,20
17,350,20
17,350,20
17,350,20
17,350,20
17,350,20
17,350,20
17,350,20
17,350,20
17,350,20
17,350,20
17,350,20
17,350,20
17,350,20
17,350,20
17,25,20
17,25,20
17,25,20
17,25,20
17,25,20
17,25,20
17,25,20
17,25,20
17,25,20
17,25,20
17,25,20
17,25,20
17,25,20
17,41,20
17,41,20
17,41,20
17,41,20
17,41,20
17,41,20
17,41,20
17,41,20
17,41,20
17,41,20
17,41,20
17,41,20
17,41,20
17,41,20
17,41,20
17,23,20
17,23,20
17,23,20
17,23,20
17,23,20
17,23,20
17,357,20
17,357,20
17,357,20
17,357,20
17,357,20
17,357,20
17,357,20
17,357,20
17,357,20
17,357,20
17,357,20
17,357,20
17,33,20
17,33,20
17,33,20
17,33,20
17,33,20
17,33,20
17,33,20
17,33,20
17,29,20
17,29,20
17,29,20
17,29,20
17,29,20
17,29,20
17,29,20
17,29,20
17,29,20
17,29,20
17,29,20
17,29,20
17,13,20
17,13,20
17,13,20
17,13,20
17,13,20
17,13,20
17,13,20
17,38,20
17,38,20
17,38,20
17,38,20
17,38,20
17,38,20
17,38,20
17,38,20
17,38,20
17,38,20
17,38,20
17,38,20
17,38,20
17,38,20
17,38,20
17,38,20
17,38,20
17,38,20
17,38,20
17,38,20
17,38,20
17,38,20
17,38,20
17,38,20
17,38,20
17,21,20
17,21,20
17,21,20
17,21,20
17,21,20
17,21,20
17,21,20
17,21,20
17,21,20
17,21,20
17,21,20
17,21,20
17,21,20
17,21,20
17,21,20
17,21,20
17,21,20
17,344,20
17,344,20
17,344,20
17,344,20
17,344,20
17,344,20
17,344,20
17,344,20
17,344,20
17,344,20
17,344,20
17,344,20
17,344,20
17,353,20
17,353,20
17,353,20
17,353,20
17,353,20
17,353,20
17,353,20
17,353,20
17,353,20
17,353,20
17,353,20
17,353,20
17,353,20
17,353,20
17,353,20
17,353,20
17,353,20
17,353,20
17,353,20
17,353,20
17,353,20
357,343,20
357,343,20
357,343,20
357,343,20
357,343,20
357,343,20
357,343,20
357,343,20
357,343,20
357,343,20
357,343,20
357,343,20
357,343,20
357,343,20
357,343,20
357,343,20
357,343,20
357,343,20
357,343,20
357,343,20
357,343,20
357,343,20
357,343,20
357,343,20
357,343,20
357,343,20
357,343,20
357,343,20
357,343,20
357,343,20
357,343,20
357,343,20
357,343,20
357,343,20
357,343,20
357,343,20
357,343,20
357,343,20
357,343,20
357,343,20
357,343,20
357,343,20
357,340,20
357,340,20
357,340,20
357,340,20
357,340,20
357,340,20
357,340,20
357,340,20
357,16,20
357,16,20
357,16,20
357,16,20
357,16,20
357,16,20
357,16,20
357,16,20
357,16,20
357,16,20
357,16,20
357,16,20
357,16,20
357,16,20
357,16,20
357,16,20
357,16,20
357,16,20
357,352,20
357,352,20
357,352,20
357,352,20
357,352,20
357,352,20
357,352,20
357,352,20
357,352,20
357,352,20
357,352,20
357,352,20
357,352,20
357,352,20
357,352,20
357,352,20
357,352,20
357,346,20
357,346,20
357,346,20
357,346,20
357,346,20
357,346,20
357,346,20
357,346,20
357,346,20
357,346,20
357,346,20
357,346,20
357,346,20
357,346,20
357,346,20
357,346,20
357,346,20
357,346,20
357,346,20
357,346,20
357,346,20
357,346,20
357,346,20
357,346,20
357,346,20
357,358,20
357,358,20
357,358,20
357,358,20
357,358,20
357,358,20
357,358,20
357,358,20
357,358,20
357,358,20
357,358,20
357,358,20
357,358,20
357,358,20
357,358,20
357,358,20
357,358,20
357,358,20
357,358,20
357,358,20
357,358,20
357,358,20
357,358,20
357,358,20
357,358,20
357,358,20
357,358,20
357,358,20
357,358,20
357,358,20
357,358,20
357,358,20
357,358,20
357,358,20
357,358,20
357,358,20
357,358,20
357,358,20
357,358,20
357,358,20
357,358,20
357,358,20
357,358,20
357,358,20
357,358,20
357,358,20
357,358,20
357,358,20
357,358,20
357,358,20
357,358,20
357,350,20
357,350,20
357,350,20
357,350,20
357,350,20
357,350,20
357,350,20
357,350,20
357,350,20
357,350,20
357,350,20
357,350,20
357,350,20
357,350,20
357,350,20
357,350,20
357,350,20
357,350,20
357,350,20
357,350,20
357,6,20
357,6,20
357,6,20
357,6,20
357,6,20
357,6,20
357,6,20
357,6,20
357,6,20
357,6,20
357,6,20
357,6,20
357,6,20
357,6,20
357,6,20
357,6,20
357,6,20
357,6,20
357,6,20
357,6,20
357,6,20
357,6,20
357,6,20
357,6,20
357,6,20
357,6,20
357,6,20
357,6,20
357,6,20
357,6,20
357,6,20
357,6,20
357,6,20
27,29,20
27,29,20
27,29,20
27,29,20
27,29,20
27,29,20
27,29,20
27,29,20
27,29,20
27,29,20
27,29,20
27,29,20
27,12,20
27,12,20
27,12,20
27,12,20
27,12,20
27,12,20
27,12,20
27,12,20
27,12,20
27,12,20
27,12,20
27,12,20
27,12,20
27,12,20
27,12,20
27,12,20
27,12,20
27,12,20
27,12,20
27,12,20
27,12,20
27,12,20
27,12,20
27,37,20
27,37,20
27,37,20
27,37,20
27,37,20
27,37,20
27,37,20
27,37,20
27,37,20
27,37,20
27,37,20
27,37,20
27,37,20
27,37,20
27,37,20
27,37,20
27,37,20
27,37,20
27,37,20
27,37,20
27,37,20
27,1,20
27,1,20
27,1,20
27,1,20
27,1,20
27,1,20
27,345,20
27,345,20
27,345,20
27,345,20
27,345,20
27,345,20
27,345,20
27,345,20
27,345,20
27,345,20
27,345,20
27,345,20
27,345,20
27,345,20
27,345,20
27,345,20
27,345,20
27,345,20
27,9,20
27,9,20
27,9,20
27,9,20
27,9,20
27,9,20
27,9,20
27,9,20
27,9,20
27,9,20
27,9,20
27,9,20
27,9,20
27,9,20
27,9,20
27,9,20
27,9,20
27,9,20
27,9,20
27,9,20
27,9,20
27,9,20
27,9,20
27,9,20
27,25,20
27,25,20
27,25,20
27,25,20
27,25,20
27,25,20
27,25,20
27,25,20
27,25,20
27,59,20
27,59,20
27,59,20
27,59,20
27,59,20
27,59,20
27,59,20
27,59,20
27,59,20
27,12,20
27,12,20
27,12,20
27,12,20
27,12,20
27,12,20
27,12,20
27,12,20
27,12,20
27,12,20
27,12,20
27,12,20
27,12,20
27,12,20
27,12,20
27,12,20
27,12,20
27,12,20
27,12,20
27,12,20
27,12,20
27,12,20
27,12,20
27,12,20
27,12,20
27,37,20
27,37,20
27,37,20
27,37,20
27,37,20
27,37,20
27,37,20
27,37,20
27,37,20
27,37,20
27,37,20
27,37,20
27,37,20
27,37,20
27,37,20
27,37,20
27,37,20
27,37,20
27,37,20
347,343,20
347,343,20
347,343,20
347,343,20
347,343,20
347,343,20
347,343,20
347,343,20
347,343,20
347,343,20
347,343,20
347,343,20
347,343,20
347,343,20
347,343,20
347,343,20
347,343,20
347,343,20
347,343,20
347,343,20
347,343,20
347,343,20
347,343,20
347,343,20
347,343,20
347,343,20
347,343,20
347,343,20
347,343,20
347,343,20
347,343,20
347,343,20
347,343,20
347,343,20
347,343,20
347,343,20
347,343,20
347,343,20
347,343,20
347,343,20
347,343,20
347,343,20
347,343,20
347,343,20
347,343,20
347,343,20
347,343,20
347,342,20
347,342,20
347,342,20
347,342,20
347,342,20
347,342,20
347,320,20
347,320,20
347,320,20
347,320,20
347,320,20
347,320,20
347,320,20
347,320,20
347,320,20
347,349,20
347,349,20
347,349,20
347,349,20
347,349,20
347,349,20
347,349,20
347,349,20
347,349,20
347,349,20
347,349,20
347,349,20
347,349,20
347,349,20
347,349,20
347,349,20
347,7,20
347,7,20
347,7,20
347,7,20
347,7,20
347,7,20
347,7,20
347,7,20
347,7,20
347,7,20
347,5,20
347,5,20
347,5,20
347,5,20
347,5,20
347,5,20
347,5,20
347,5,20
347,5,20
347,5,20
347,5,20
347,5,20
347,5,20
347,5,20
347,5,20
347,5,20
347,5,20
347,19,20
347,19,20
347,19,20
347,19,20
347,19,20
347,19,20
347,19,20
347,19,20
347,4,20
347,4,20
347,4,20
347,4,20
347,4,20
347,4,20
347,4,20
307,319,20
307,319,20
307,319,20
307,319,20
307,319,20
307,319,20
307,319,20
307,296,20
307,296,20
307,296,20
307,296,20
307,296,20
307,296,20
307,296,20
307,296,20
307,296,20
307,296,20
307,296,20
307,296,20
307,296,20
307,296,20
307,296,20
307,296,20
307,296,20
307,296,20
307,291,20
307,291,20
307,291,20
307,291,20
307,291,20
307,291,20
307,291,20
307,291,20
307,291,20
307,291,20
307,291,20
307,291,20
307,291,20
307,291,20
307,291,20
307,291,20
307,291,20
307,291,20
307,291,20
307,291,20
307,291,20
307,291,20
307,291,20
307,291,20
307,291,20
307,291,20
307,291,20
307,291,20
307,291,20
307,291,20
307,291,20
307,291,20
307,291,20
307,291,20
307,258,20
307,258,20
307,258,20
307,258,20
307,258,20
307,258,20
307,258,20
307,258,20
307,258,20
307,258,20
307,258,20
307,258,20
307,258,20
307,258,20
307,258,20
307,325,20
307,325,20
307,325,20
307,325,20
307,325,20
307,325,20
307,325,20
307,325,20
307,325,20
307,325,20
307,325,20
307,310,20
307,310,20
307,310,20
307,310,20
307,310,20
307,310,20
307,310,20
307,310,20
307,310,20
307,310,20
307,310,20
307,310,20
307,305,20
307,305,20
307,305,20
307,305,20
307,305,20
307,305,20
307,305,20
307,305,20
307,305,20
307,305,20
307,305,20
307,305,20
307,305,20
307,305,20
307,305,20
307,305,20
307,305,20
307,305,20
307,305,20
307,305,20
307,305,20
307,305,20
307,305,20
307,305,20
307,305,20
307,305,20
307,305,20
307,305,20
307,271,20
307,271,20
307,271,20
307,271,20
307,271,20
307,271,20
307,271,20
307,271,20
307,271,20
307,271,20
307,271,20
307,271,20
307,271,20
307,271,20
307,271,20
307,271,20
307,271,20
307,271,20
307,271,20
307,271,20
307,318,20
307,318,20
307,318,20
307,318,20
307,318,20
307,318,20
307,318,20
307,318,20
307,318,20
307,318,20
307,318,20
307,318,20
307,318,20
307,318,20
307,318,20
307,318,20
307,318,20
307,318,20
307,318,20
307,318,20
307,318,20
307,318,20
307,300,20
307,300,20
307,300,20
307,300,20
307,300,20
307,300,20
307,300,20
307,300,20
307,300,20
307,300,20
307,300,20
307,300,20
307,300,20
307,269,20
307,269,20
307,269,20
307,269,20
307,269,20
307,269,20
307,269,20
307,269,20
307,269,20
307,269,20
307,269,20
307,269,20
307,269,20
307,269,20
307,269,20
307,269,20
307,269,20
307,269,20
307,269,20
307,269,20
307,269,20
307,269,20
307,269,20
327,336,20
327,336,20
327,336,20
327,336,20
327,336,20
327,336,20
327,336,20
327,336,20
327,336,20
327,1,20
327,1,20
327,1,20
327,1,20
327,1,20
327,1,20
327,1,20
327,1,20
327,1,20
327,1,20
327,1,20
327,1,20
327,1,20
327,1,20
327,1,20
327,1,20
327,1,20
327,1,20
327,1,20
327,1,20
327,1,20
327,1,20
327,1,20
327,312,20
327,312,20
327,312,20
327,312,20
327,312,20
327,312,20
327,312,20
327,312,20
327,312,20
327,312,20
327,312,20
327,312,20
327,312,20
327,312,20
327,312,20
327,312,20
327,312,20
327,312,20
327,312,20
327,312,20
327,312,20
327,312,20
327,312,20
327,312,20
327,312,20
327,312,20
327,312,20
327,312,20
327,312,20
327,312,20
327,312,20
327,312,20
327,312,20
327,312,20
327,312,20
327,312,20
327,312,20
327,312,20
327,312,20
327,312,20
327,312,20
327,312,20
327,312,20
327,312,20
327,350,20
327,350,20
327,350,20
327,350,20
327,350,20
327,350,20
327,350,20
327,350,20
327,350,20
327,350,20
327,329,20
327,329,20
327,329,20
327,329,20
327,329,20
327,329,20
327,329,20
327,329,20
327,329,20
327,329,20
327,329,20
327,329,20
327,329,20
327,332,20
327,332,20
327,332,20
327,332,20
327,332,20
327,332,20
327,332,20
327,332,20
327,337,20
327,337,20
327,337,20
327,337,20
327,337,20
327,337,20
327,337,20
327,337,20
327,337,20
327,337,20
327,337,20
327,337,20
327,337,20
327,337,20
327,337,20
327,337,20
327,337,20
327,337,20
327,337,20
327,337,20
327,337,20
327,337,20
327,337,20
327,335,20
327,335,20
327,335,20
327,335,20
327,335,20
327,335,20
327,335,20
327,335,20
327,335,20
327,335,20
327,335,20
327,335,20
327,335,20
327,335,20
327,335,20
327,335,20
327,335,20
327,335,20
327,335,20
327,335,20
327,335,20
327,335,20
327,335,20
327,335,20
327,335,20
327,335,20
327,335,20
327,335,20
327,324,20
327,324,20
327,324,20
327,324,20
327,324,20
327,324,20
327,324,20
327,324,20
327,324,20
327,324,20
327,324,20
327,346,20
327,346,20
327,346,20
327,346,20
327,346,20
327,346,20
327,346,20
327,322,20
327,322,20
327,322,20
327,322,20
327,322,20
327,322,20
327,322,20
327,322,20
327,322,20
327,322,20
327,322,20
327,322,20
327,322,20
327,322,20
327,322,20
327,322,20
327,322,20
327,322,20
327,322,20
327,322,20
327,322,20
327,322,20
327,322,20
327,322,20
347,346,20
347,346,20
347,346,20
347,346,20
347,346,20
347,346,20
347,346,20
347,346,20
347,346,20
347,346,20
347,48,20
347,48,20
347,48,20
347,48,20
347,48,20
347,48,20
347,48,20
347,48,20
347,48,20
347,48,20
347,48,20
347,48,20
347,48,20
347,48,20
347,48,20
347,48,20
347,48,20
347,48,20
347,48,20
347,48,20
347,48,20
347,48,20
347,48,20
347,48,20
347,48,20
347,48,20
347,48,20
347,48,20
347,48,20
347,48,20
347,48,20
347,48,20
347,48,20
347,48,20
347,48,20
347,48,20
347,48,20
347,48,20
347,48,20
347,48,20
347,48,20
347,48,20
347,359,20
347,359,20
347,359,20
347,359,20
347,359,20
347,359,20
347,359,20
347,359,20
347,359,20
347,359,20
347,359,20
347,359,20
347,359,20
347,359,20
347,359,20
347,359,20
347,359,20
347,359,20
347,359,20
347,27,20
347,27,20
347,27,20
347,27,20
347,27,20
347,27,20
347,27,20
347,325,20
347,325,20
347,325,20
347,325,20
347,325,20
347,325,20
347,325,20
347,325,20
347,325,20
347,325,20
347,325,20
347,325,20
347,325,20
347,325,20
347,325,20
347,325,20
347,325,20
347,325,20
347,325,20
347,325,20
347,317,20
347,317,20
347,317,20
347,317,20
347,317,20
347,317,20
347,317,20
347,317,20
347,317,20
347,317,20
347,317,20
347,317,20
347,317,20
347,7,20
347,7,20
347,7,20
347,7,20
347,7,20
347,7,20
347,7,20
347,7,20
347,7,20
347,7,20
347,344,20
347,344,20
347,344,20
347,344,20
347,344,20
347,344,20
347,344,20
347,344,20
27,52,20
27,52,20
27,52,20
27,52,20
27,52,20
27,52,20
27,52,20
27,52,20
27,52,20
27,52,20
27,52,20
27,52,20
27,52,20
27,52,20
27,52,20
27,36,20
27,36,20
27,36,20
27,36,20
27,36,20
27,36,20
27,36,20
27,36,20
27,36,20
27,36,20
27,36,20
27,36,20
27,36,20
27,36,20
27,36,20
27,36,20
27,36,20
27,36,20
27,36,20
27,36,20
27,36,20
27,36,20
27,36,20
27,36,20
27,36,20
27,36,20
27,36,20
27,36,20
27,12,20
27,12,20
27,12,20
27,12,20
27,12,20
27,12,20
27,12,20
27,12,20
27,14,20
27,14,20
27,14,20
27,14,20
27,14,20
27,14,20
27,14,20
27,14,20
27,29,20
27,29,20
27,29,20
27,29,20
27,29,20
27,29,20
27,29,20
27,29,20
27,29,20
27,29,20
27,29,20
27,29,20
27,29,20
27,29,20
27,29,20
27,29,20
27,29,20
27,29,20
27,29,20
27,29,20
27,29,20
27,29,20
27,29,20
27,29,20
27,29,20
27,29,20
27,29,20
27,29,20
27,29,20
27,29,20
27,29,20
27,29,20
27,29,20
27,29,20
27,29,20
27,29,20
27,29,20
27,29,20
27,29,20
27,29,20
27,29,20
27,29,20
27,29,20
27,29,20
27,29,20
27,29,20
27,29,20
27,29,20
27,29,20
27,29,20
27,29,20
27,29,20
27,29,20
27,29,20
27,29,20
27,29,20
27,17,20
27,17,20
27,17,20
27,17,20
27,17,20
27,17,20
27,17,20
27,17,20
27,17,20
27,17,20
27,17,20
27,17,20
27,17,20
27,17,20
27,17,20
27,17,20
27,17,20
27,17,20
27,17,20
27,17,20
27,17,20
27,17,20
27,17,20
27,17,20
27,17,20
27,351,20
27,351,20
27,351,20
27,351,20
27,351,20
27,351,20
27,351,20
27,351,20
27,351,20
27,351,20
27,40,20
27,40,20
27,40,20
27,40,20
27,40,20
27,40,20
27,40,20
27,40,20
27,40,20
27,40,20
27,40,20
27,40,20
27,40,20
27,40,20
27,40,20
27,40,20
27,40,20
27,40,20
27,40,20
27,40,20
27,11,20
27,11,20
27,11,20
27,11,20
27,11,20
27,11,20
27,11,20
27,11,20
27,11,20
27,11,20
27,11,20
27,11,20
27,11,20
27,11,20
27,11,20
27,11,20
27,11,20
27,11,20
27,11,20
27,11,20
27,11,20
27,11,20
27,11,20
27,60,20
27,60,20
27,60,20
27,60,20
27,60,20
27,60,20
27,60,20
27,26,20
27,26,20
27,26,20
27,26,20
27,26,20
27,26,20
27,26,20
27,26,20
27,26,20
27,26,20
27,7,20
27,7,20
27,7,20
27,7,20
27,7,20
27,7,20
27,7,20
27,7,20
27,7,20
27,7,20
27,7,20
27,7,20
27,7,20
27,6,20
27,6,20
27,6,20
27,6,20
27,6,20
27,6,20
27,6,20
27,37,20
27,37,20
27,37,20
27,37,20
27,37,20
27,37,20
27,37,20
27,37,20
27,37,20
27,48,20
27,48,20
27,48,20
27,48,20
27,48,20
27,48,20
27,48,20
27,48,20
27,48,20
27,48,20
27,48,20
27,48,20
27,48,20
27,48,20
27,48,20
27,12,20
27,12,20
27,12,20
27,12,20
27,12,20
27,12,20
27,12,20
27,12,20
27,340,20
27,340,20
27,340,20
27,340,20
27,340,20
27,340,20
27,340,20
27,340,20
27,340,20
27,20,20
27,20,20
27,20,20
27,20,20
27,20,20
27,20,20
27,20,20
27,20,20
27,20,20
27,20,20
27,20,20
27,20,20
27,20,20
27,20,20
27,20,20
27,20,20
27,20,20
27,20,20
27,20,20
27,20,20
27,20,20
27,358,20
27,358,20
27,358,20
27,358,20
27,358,20
27,358,20
27,358,20
27,358,20
27,358,20
27,358,20
27,358,20
27,358,20
27,358,20
27,358,20
27,358,20
27,358,20
27,358,20
27,58,20
27,58,20
27,58,20
27,58,20
27,58,20
27,58,20
27,58,20
67,54,20
67,54,20
67,54,20
67,54,20
67,54,20
67,54,20
67,54,20
67,54,20
67,54,20
67,54,20
67,54,20
67,54,20
67,54,20
67,54,20
67,54,20
67,54,20
67,54,20
67,54,20
67,54,20
67,54,20
67,55,20
67,55,20
67,55,20
67,55,20
67,55,20
67,55,20
67,97,20
67,97,20
67,97,20
67,97,20
67,97,20
67,97,20
67,97,20
67,97,20
67,97,20
67,97,20
67,76,20
67,76,20
67,76,20
67,76,20
67,76,20
67,76,20
67,76,20
67,76,20
67,76,20
67,76,20
67,76,20
67,76,20
67,76,20
67,76,20
67,74,20
67,74,20
67,74,20
67,74,20
67,74,20
67,74,20
67,74,20
67,74,20
67,74,20
67,74,20
67,74,20
67,74,20
67,74,20
67,74,20
67,74,20
67,74,20
67,74,20
67,74,20
67,74,20
67,74,20
67,74,20
67,74,20
67,74,20
67,74,20
67,74,20
67,74,20
67,74,20
67,74,20
67,74,20
67,74,20
67,74,20
67,41,20
67,41,20
67,41,20
67,41,20
67,41,20
67,41,20
67,41,20
67,41,20
67,41,20
67,41,20
67,73,20
67,73,20
67,73,20
67,73,20
67,73,20
67,73,20
67,73,20
67,73,20
67,73,20
67,73,20
67,73,20
67,73,20
67,73,20
67,73,20
67,73,20
67,78,20
67,78,20
67,78,20
67,78,20
67,78,20
67,78,20
67,78,20
67,78,20
67,78,20
67,78,20
67,78,20
67,78,20
67,78,20
67,78,20
67,78,20
67,78,20
67,78,20
67,78,20
67,78,20
67,78,20
67,78,20
67,78,20
27,30,20
27,30,20
27,30,20
27,30,20
27,30,20
27,30,20
27,30,20
27,30,20
27,30,20
27,30,20
27,30,20
27,30,20
27,30,20
27,30,20
27,30,20
27,49,20
27,49,20
27,49,20
27,49,20
27,49,20
27,49,20
27,49,20
27,49,20
27,49,20
27,49,20
27,347,20
27,347,20
27,347,20
27,347,20
27,347,20
27,347,20
27,347,20
27,43,20
27,43,20
27,43,20
27,43,20
27,43,20
27,43,20
27,43,20
27,43,20
27,52,20
27,52,20
27,52,20
27,52,20
27,52,20
27,52,20
27,52,20
27,52,20
27,52,20
27,52,20
27,52,20
27,52,20
27,52,20
27,52,20
27,52,20
27,52,20
27,52,20
27,52,20
27,52,20
27,52,20
27,52,20
27,52,20
27,52,20
27,52,20
27,52,20
27,52,20
27,52,20
27,52,20
27,52,20
27,52,20
27,52,20
27,52,20
27,52,20
27,52,20
27,52,20
27,52,20
27,52,20
27,52,20
27,52,20
27,52,20
27,52,20
27,52,20
27,52,20
27,52,20
27,52,20
27,52,20
27,52,20
27,52,20
27,52,20
27,52,20
27,52,20
27,52,20
27,52,20
27,52,20
27,52,20
27,52,20
27,52,20
27,354,20
27,354,20
27,354,20
27,354,20
27,354,20
27,354,20
27,354,20
27,354,20
27,354,20
27,354,20
27,354,20
27,354,20
27,354,20
27,354,20
27,354,20
27,32,20
27,32,20
27,32,20
27,32,20
27,32,20
27,32,20
27,32,20
27,32,20
27,32,20
27,32,20
27,32,20
27,32,20
27,32,20
27,32,20
27,32,20
27,19,20
27,19,20
27,19,20
27,19,20
27,19,20
27,19,20
27,19,20
27,19,20
27,19,20
27,10,20
27,10,20
27,10,20
27,10,20
27,10,20
27,10,20
27,10,20
27,26,20
27,26,20
27,26,20
27,26,20
27,26,20
27,26,20
27,26,20
27,26,20
27,26,20
27,26,20
27,26,20
27,26,20
27,26,20
27,26,20
27,27,20
27,27,20
27,27,20
27,27,20
27,27,20
27,27,20
27,27,20
27,27,20
27,27,20
67,77,20
67,77,20
67,77,20
67,77,20
67,77,20
67,77,20
67,77,20
67,77,20
67,77,20
67,77,20
67,77,20
67,77,20
67,77,20
67,77,20
67,77,20
67,77,20
67,77,20
67,77,20
67,77,20
67,46,20
67,46,20
67,46,20
67,46,20
67,46,20
67,46,20
67,46,20
67,46,20
67,46,20
67,46,20
67,46,20
67,46,20
67,46,20
67,46,20
67,46,20
67,46,20
67,46,20
67,46,20
67,46,20
67,46,20
67,46,20
67,46,20
67,46,20
67,46,20
67,46,20
67,46,20
67,46,20
67,46,20
67,46,20
67,46,20
67,46,20
67,46,20
67,89,20
67,89,20
67,89,20
67,89,20
67,89,20
67,89,20
67,89,20
67,89,20
67,89,20
67,89,20
67,89,20
67,89,20
67,89,20
67,89,20
67,89,20
67,89,20
67,89,20
67,89,20
67,89,20
67,89,20
67,89,20
67,89,20
67,89,20
67,89,20
67,89,20
67,89,20
67,89,20
67,89,20
67,89,20
67,89,20
67,89,20
67,89,20
67,36,20
67,36,20
67,36,20
67,36,20
67,36,20
67,36,20
67,36,20
67,36,20
67,36,20
67,36,20
67,36,20
67,36,20
67,36,20
67,36,20
67,36,20
67,36,20
67,84,20
67,84,20
67,84,20
67,84,20
67,84,20
67,84,20
67,84,20
67,84,20
67,43,20
67,43,20
67,43,20
67,43,20
67,43,20
67,43,20
67,43,20
67,43,20
67,43,20
67,43,20
67,43,20
67,43,20
67,43,20
67,43,20
67,43,20
67,43,20
67,43,20
67,43,20
67,43,20
67,43,20
67,43,20
67,43,20
67,43,20
67,43,20
67,43,20
67,43,20
67,43,20
67,43,20
67,43,20
67,43,20
67,43,20
67,43,20
67,43,20
67,43,20
67,43,20
67,43,20
67,43,20
67,43,20
67,43,20
47,63,20
47,63,20
47,63,20
47,63,20
47,63,20
47,63,20
47,63,20
47,63,20
47,63,20
47,63,20
47,63,20
47,63,20
47,63,20
47,63,20
47,72,20
47,72,20
47,72,20
47,72,20
47,72,20
47,72,20
47,72,20
47,72,20
47,72,20
47,72,20
47,72,20
47,72,20
47,72,20
47,72,20
47,72,20
47,72,20
47,72,20
47,72,20
47,72,20
47,72,20
47,72,20
47,72,20
47,72,20
47,33,20
47,33,20
47,33,20
47,33,20
47,33,20
47,33,20
47,33,20
47,33,20
47,33,20
47,33,20
47,33,20
47,33,20
47,44,20
47,44,20
47,44,20
47,44,20
47,44,20
47,44,20
47,44,20
47,44,20
47,44,20
47,44,20
47,44,20
47,44,20
47,44,20
47,44,20
47,53,20
47,53,20
47,53,20
47,53,20
47,53,20
47,53,20
47,53,20
47,53,20
47,53,20
47,53,20
47,53,20
47,53,20
47,53,20
47,53,20
47,53,20
47,53,20
47,53,20
47,53,20
47,53,20
47,43,20
47,43,20
47,43,20
47,43,20
47,43,20
47,43,20
47,43,20
47,43,20
47,43,20
47,43,20
47,43,20
47,43,20
47,43,20
47,43,20
47,43,20
47,43,20
47,43,20
47,43,20
47,63,20
47,63,20
47,63,20
47,63,20
47,63,20
47,63,20
47,63,20
47,63,20
47,63,20
47,63,20
47,63,20
47,63,20
47,63,20
47,63,20
47,63,20
47,63,20
47,63,20
47,63,20
47,63,20
47,63,20
47,63,20
47,63,20
47,20,20
47,20,20
47,20,20
47,20,20
47,20,20
47,20,20
47,20,20
47,20,20
47,20,20
47,20,20
47,20,20
47,20,20
47,20,20
47,20,20
47,20,20
47,20,20
47,20,20
47,20,20
47,20,20
47,20,20
47,20,20
47,20,20
47,20,20
47,20,20
47,20,20
47,20,20
47,20,20
47,20,20
47,20,20
47,20,20
47,20,20
47,20,20
47,20,20
47,20,20
47,20,20
47,20,20
47,20,20
47,20,20
47,20,20
47,20,20
47,20,20
47,20,20
47,20,20
47,20,20
47,20,20
47,20,20
47,20,20
47,20,20
47,20,20
47,68,20
47,68,20
47,68,20
47,68,20
47,68,20
47,68,20
47,68,20
47,68,20
47,68,20
47,68,20
47,68,20
47,68,20
47,68,20
47,68,20
47,68,20
47,68,20
47,68,20
47,68,20
47,68,20
47,68,20
47,68,20
47,68,20
47,68,20
47,68,20
47,68,20
47,68,20
47,68,20
47,68,20
47,68,20
47,68,20
47,68,20
47,68,20
47,68,20
47,68,20
47,68,20
47,68,20
47,68,20
47,68,20
47,68,20
47,68,20
47,68,20
47,68,20
47,68,20
47,68,20
47,68,20
47,68,20
47,68,20
47,68,20
47,68,20
47,68,20
47,68,20
47,68,20
47,68,20
47,68,20
47,68,20
47,68,20
47,20,20
47,20,20
47,20,20
47,20,20
47,20,20
47,20,20
47,20,20
47,20,20
47,20,20
47,20,20
47,20,20
47,20,20
47,20,20
47,20,20
47,20,20
47,20,20
47,20,20
47,20,20
47,20,20
47,20,20
47,88,20
47,88,20
47,88,20
47,88,20
47,88,20
47,88,20
47,88,20
47,88,20
47,88,20
47,88,20
47,46,20
47,46,20
47,46,20
47,46,20
47,46,20
47,46,20
47,46,20
47,46,20
47,46,20
47,46,20
47,46,20
47,46,20
47,46,20
47,46,20
47,46,20
47,46,20
47,46,20
47,46,20
47,46,20
47,46,20
47,46,20
47,46,20
47,46,20
47,46,20
47,46,20
47,46,20
47,46,20
47,46,20
47,34,20
47,34,20
47,34,20
47,34,20
47,34,20
47,34,20
47,53,20
47,53,20
47,53,20
47,53,20
47,53,20
47,53,20
47,53,20
47,53,20
47,53,20
47,53,20
47,53,20
47,53,20
47,53,20
47,53,20
47,58,20
47,58,20
47,58,20
47,58,20
47,58,20
47,58,20
47,58,20
47,58,20
47,58,20
47,58,20
47,58,20
47,58,20
47,58,20
17,15,20
17,15,20
17,15,20
17,15,20
17,15,20
17,15,20
17,15,20
17,15,20
17,6,20
17,6,20
17,6,20
17,6,20
17,6,20
17,6,20
17,355,20
17,355,20
17,355,20
17,355,20
17,355,20
17,355,20
17,355,20
17,355,20
17,355,20
17,355,20
17,355,20
17,355,20
17,355,20
17,355,20
17,355,20
17,355,20
17,355,20
17,355,20
17,355,20
17,355,20
17,66,20
17,66,20
17,66,20
17,66,20
17,66,20
17,66,20
17,66,20
17,66,20
17,66,20
17,66,20
17,66,20
17,66,20
17,66,20
17,66,20
17,66,20
17,27,20
17,27,20
17,27,20
17,27,20
17,27,20
17,27,20
17,27,20
17,27,20
17,27,20
17,27,20
17,27,20
17,27,20
17,27,20
17,27,20
17,27,20
17,27,20
17,27,20
17,27,20
17,27,20
17,27,20
17,27,20
17,27,20
17,27,20
17,27,20
17,26,20
17,26,20
17,26,20
17,26,20
17,26,20
17,26,20
17,26,20
17,26,20
17,26,20
17,26,20
17,26,20
17,26,20
17,26,20
17,26,20
17,26,20
17,26,20
17,26,20
17,26,20
17,26,20
17,323,20
17,323,20
17,323,20
17,323,20
17,323,20
17,323,20
17,323,20
17,323,20
17,354,20
17,354,20
17,354,20
17,354,20
17,354,20
17,354,20
17,354,20
17,354,20
17,354,20
17,354,20
17,354,20
17,6,20
17,6,20
17,6,20
17,6,20
17,6,20
17,6,20
17,6,20
17,34,20
17,34,20
17,34,20
17,34,20
17,34,20
17,34,20
17,34,20
17,34,20
17,34,20
17,34,20
17,34,20
17,34,20
17,34,20
17,34,20
17,34,20
17,34,20
17,34,20
17,34,20
17,34,20
17,34,20
17,34,20
17,34,20
17,339,20
17,339,20
17,339,20
17,339,20
17,339,20
17,339,20
17,339,20
17,339,20
17,339,20
17,339,20
17,339,20
17,339,20
17,339,20
17,7,20
17,7,20
17,7,20
17,7,20
17,7,20
17,7,20
17,7,20
17,7,20
17,7,20
347,331,20
347,331,20
347,331,20
347,331,20
347,331,20
347,331,20
347,331,20
347,331,20
347,331,20
347,331,20
347,331,20
347,331,20
347,331,20
347,331,20
347,354,20
347,354,20
347,354,20
347,354,20
347,354,20
347,354,20
347,354,20
347,354,20
347,354,20
347,354,20
347,354,20
347,354,20
347,354,20
347,354,20
347,354,20
347,354,20
347,354,20
347,354,20
347,354,20
347,354,20
347,354,20
347,354,20
347,354,20
347,354,20
347,354,20
347,354,20
347,354,20
347,354,20
347,354,20
347,354,20
347,354,20
347,354,20
347,354,20
347,354,20
347,354,20
347,354,20
347,354,20
347,344,20
347,344,20
347,344,20
347,344,20
347,344,20
347,344,20
347,344,20
347,344,20
347,344,20
347,344,20
347,344,20
347,344,20
347,344,20
347,344,20
347,344,20
347,344,20
347,351,20
347,351,20
347,351,20
347,351,20
347,351,20
347,351,20
347,351,20
347,351,20
347,351,20
347,351,20
347,351,20
347,351,20
347,351,20
347,351,20
347,351,20
347,351,20
347,351,20
347,351,20
347,351,20
347,351,20
347,351,20
347,351,20
347,0,20
347,0,20
347,0,20
347,0,20
347,0,20
347,0,20
347,0,20
347,0,20
347,0,20
347,0,20
347,0,20
347,0,20
347,0,20
347,0,20
347,0,20
347,0,20
347,329,20
347,329,20
347,329,20
347,329,20
347,329,20
347,329,20
347,329,20
347,329,20
347,329,20
347,329,20
347,329,20
347,324,20
347,324,20
347,324,20
347,324,20
347,324,20
347,324,20
347,324,20
347,324,20
347,324,20
347,324,20
347,324,20
347,324,20
347,324,20
347,324,20
347,324,20
347,324,20
347,324,20
347,324,20
347,324,20
347,324,20
347,324,20
347,324,20
347,324,20
347,324,20
347,0,20
347,0,20
347,0,20
347,0,20
347,0,20
347,0,20
347,0,20
347,0,20
347,0,20
347,0,20
347,0,20
347,0,20
347,0,20
347,0,20
347,333,20
347,333,20
347,333,20
347,333,20
347,333,20
347,333,20
347,333,20
347,333,20
347,333,20
347,333,20
347,333,20
347,333,20
347,333,20
347,333,20
347,333,20
347,333,20
347,335,20
347,335,20
347,335,20
347,335,20
347,335,20
347,335,20
347,335,20
347,335,20
347,335,20
347,335,20
347,335,20
347,335,20
347,335,20
347,335,20
347,335,20
347,335,20
347,335,20
347,335,20
347,335,20
347,335,20
347,335,20
347,335,20
347,335,20
347,335,20
347,335,20
347,335,20
347,335,20
347,335,20
347,335,20
347,335,20
347,345,20
347,345,20
347,345,20
347,345,20
347,345,20
347,345,20
347,345,20
347,345,20
347,345,20
347,345,20
347,345,20
347,345,20
347,345,20
347,345,20
347,345,20
347,345,20
347,345,20
347,345,20
347,345,20
347,345,20
347,345,20
347,345,20
347,345,20
347,345,20
347,345,20
347,7,20
347,7,20
347,7,20
347,7,20
347,7,20
347,7,20
347,7,20
347,7,20
347,7,20
347,7,20
347,7,20
347,7,20
347,7,20
347,359,20
347,359,20
347,359,20
347,359,20
347,359,20
347,359,20
347,359,20
347,359,20
347,359,20
347,359,20
347,359,20
347,359,20
347,359,20
347,359,20
347,359,20
347,359,20
347,359,20
347,359,20
347,359,20
347,359,20
347,346,20
347,346,20
347,346,20
347,346,20
347,346,20
347,346,20
347,346,20
27,17,20
27,17,20
27,17,20
27,17,20
27,17,20
27,17,20
27,17,20
27,17,20
27,17,20
27,17,20
27,17,20
27,17,20
27,17,20
27,17,20
27,17,20
27,17,20
27,17,20
27,17,20
27,17,20
27,35,20
27,35,20
27,35,20
27,35,20
27,35,20
27,35,20
27,35,20
27,35,20
27,4,20
27,4,20
27,4,20
27,4,20
27,4,20
27,4,20
27,4,20
27,4,20
27,4,20
27,4,20
27,4,20
27,4,20
27,4,20
27,4,20
27,4,20
27,4,20
27,4,20
27,4,20
27,4,20
27,4,20
27,4,20
27,4,20
27,4,20
27,357,20
27,357,20
27,357,20
27,357,20
27,357,20
27,357,20
27,357,20
27,357,20
27,357,20
27,357,20
27,357,20
27,357,20
27,357,20
27,357,20
27,357,20
27,357,20
27,357,20
27,357,20
27,31,20
27,31,20
27,31,20
27,31,20
27,31,20
27,31,20
27,31,20
27,31,20
27,31,20
27,31,20
27,31,20
27,31,20
27,31,20
27,31,20
27,31,20
27,31,20
27,1,20
27,1,20
27,1,20
27,1,20
27,1,20
27,1,20
27,1,20
27,1,20
27,1,20
27,1,20
27,1,20
27,1,20
27,1,20
27,1,20
27,1,20
27,1,20
27,1,20
27,1,20
27,1,20
27,1,20
27,1,20
27,1,20
27,1,20
27,1,20
27,29,20
27,29,20
27,29,20
27,29,20
27,29,20
27,29,20
27,29,20
27,29,20
27,29,20
27,29,20
27,29,20
27,29,20
27,29,20
27,29,20
27,29,20
27,29,20
27,29,20
27,29,20
27,29,20
27,29,20
27,29,20
27,29,20
27,29,20
27,29,20
27,29,20
27,29,20
27,29,20
27,29,20
27,29,20
27,29,20
27,29,20
27,29,20
27,29,20
27,29,20
27,29,20
27,29,20
27,29,20
27,29,20
27,29,20
27,29,20
27,29,20
27,29,20
27,29,20
27,29,20
27,29,20
27,29,20
27,29,20
27,29,20
27,29,20
27,29,20
27,29,20
27,29,20
27,29,20
27,29,20
27,29,20
27,29,20
27,29,20
27,29,20
27,29,20
27,29,20
27,34,20
27,34,20
27,34,20
27,34,20
27,34,20
27,34,20
27,34,20
27,34,20
27,34,20
27,19,20
27,19,20
27,19,20
27,19,20
27,19,20
27,19,20
27,19,20
27,19,20
27,19,20
27,19,20
27,19,20
27,23,20
27,23,20
27,23,20
27,23,20
27,23,20
27,23,20
27,23,20
27,63,20
27,63,20
27,63,20
27,63,20
27,63,20
27,63,20
27,63,20
27,63,20
27,36,20
27,36,20
27,36,20
27,36,20
27,36,20
27,36,20
27,36,20
27,36,20
27,36,20
27,36,20
27,36,20
27,36,20
27,36,20
27,36,20
27,36,20
27,36,20
27,36,20
27,36,20
27,36,20
27,36,20
27,36,20
27,36,20
27,36,20
27,36,20
27,36,20
27,36,20
27,36,20
27,36,20
27,36,20
27,36,20
27,36,20
27,36,20
27,36,20
27,27,20
27,27,20
27,27,20
27,27,20
27,27,20
27,27,20
27,27,20
27,27,20
27,27,20
27,27,20
27,27,20
27,27,20
27,27,20
27,27,20
27,27,20
27,27,20
27,27,20
27,27,20
27,27,20
27,27,20
27,27,20
27,27,20
27,27,20
27,27,20
27,27,20
27,27,20
27,27,20
27,27,20
27,27,20
27,27,20
27,27,20
27,27,20
27,27,20
27,27,20
47,66,20
47,66,20
47,66,20
47,66,20
47,66,20
47,66,20
47,66,20
47,66,20
47,66,20
47,66,20
47,66,20
47,66,20
47,66,20
47,66,20
47,66,20
47,66,20
47,66,20
47,66,20
47,66,20
47,66,20
47,66,20
47,66,20
47,66,20
47,66,20
47,66,20
47,66,20
47,66,20
47,102,20
47,102,20
47,102,20
47,102,20
47,102,20
47,102,20
47,102,20
47,102,20
47,102,20
47,102,20
47,102,20
47,102,20
47,102,20
47,102,20
47,102,20
47,102,20
47,89,20
47,89,20
47,89,20
47,89,20
47,89,20
47,89,20
47,89,20
47,67,20
47,67,20
47,67,20
47,67,20
47,67,20
47,67,20
47,67,20
47,67,20
47,67,20
47,67,20
47,22,20
47,22,20
47,22,20
47,22,20
47,22,20
47,22,20
47,22,20
47,22,20
47,22,20
47,22,20
47,22,20
47,22,20
47,88,20
47,88,20
47,88,20
47,88,20
47,88,20
47,88,20
47,88,20
47,88,20
47,88,20
47,88,20
47,88,20
47,88,20
47,62,20
47,62,20
47,62,20
47,62,20
47,62,20
47,62,20
47,62,20
47,49,20
47,49,20
47,49,20
47,49,20
47,49,20
47,49,20
47,49,20
47,49,20
47,49,20
47,49,20
47,49,20
47,49,20
47,49,20
47,49,20
47,49,20
47,49,20
47,49,20
47,49,20
47,49,20
47,49,20
47,49,20
47,49,20
47,49,20
47,49,20
47,49,20
47,49,20
47,49,20
47,49,20
47,49,20
47,49,20
47,49,20
47,49,20
47,49,20
47,49,20
47,49,20
47,49,20
47,49,20
47,49,20
47,49,20
47,49,20
47,49,20
47,49,20
47,49,20
47,49,20
47,49,20
47,49,20
47,49,20
47,49,20
47,49,20
47,49,20
47,49,20
47,49,20
47,51,20
47,51,20
47,51,20
47,51,20
47,51,20
47,51,20
47,51,20
47,51,20
47,51,20
47,51,20
47,51,20
47,51,20
47,51,20
47,51,20
47,51,20
47,51,20
47,51,20
47,51,20
47,51,20
47,51,20
47,51,20
47,51,20
47,51,20
47,51,20
47,51,20
47,51,20
47,51,20
47,51,20
67,92,20
67,92,20
67,92,20
67,92,20
67,92,20
67,92,20
67,92,20
67,92,20
67,92,20
67,92,20
67,92,20
67,92,20
67,92,20
67,92,20
67,92,20
67,92,20
67,92,20
67,92,20
67,92,20
67,92,20
67,92,20
67,92,20
67,92,20
67,92,20
67,92,20
67,92,20
67,92,20
67,92,20
67,92,20
67,92,20
67,92,20
67,92,20
67,92,20
67,92,20
67,92,20
67,92,20
67,92,20
67,92,20
67,92,20
67,92,20
67,92,20
67,92,20
67,92,20
67,92,20
67,92,20
67,92,20
67,92,20
67,92,20
67,92,20
67,92,20
67,92,20
67,92,20
67,92,20
67,92,20
67,92,20
67,92,20
67,92,20
67,92,20
67,92,20
67,65,20
67,65,20
67,65,20
67,65,20
67,65,20
67,65,20
67,65,20
67,65,20
67,65,20
67,65,20
67,65,20
67,65,20
67,65,20
67,107,20
67,107,20
67,107,20
67,107,20
67,107,20
67,107,20
67,107,20
67,107,20
67,107,20
67,107,20
67,107,20
67,107,20
67,107,20
67,107,20
67,107,20
67,107,20
67,107,20
67,107,20
67,107,20
67,107,20
67,107,20
67,107,20
67,107,20
67,107,20
67,107,20
67,107,20
67,107,20
67,107,20
67,107,20
67,107,20
67,107,20
67,107,20
67,69,20
67,69,20
67,69,20
67,69,20
67,69,20
67,69,20
67,69,20
67,69,20
67,69,20
67,69,20
67,69,20
67,69,20
67,69,20
67,69,20
67,69,20
67,69,20
67,69,20
67,69,20
67,69,20
67,69,20
67,69,20
67,69,20
67,69,20
67,69,20
67,69,20
67,69,20
67,69,20
67,69,20
67,69,20
67,69,20
67,93,20
67,93,20
67,93,20
67,93,20
67,93,20
67,93,20
67,93,20
67,93,20
67,93,20
67,93,20
67,93,20
67,93,20
67,93,20
67,93,20
67,93,20
67,93,20
67,93,20
67,93,20
67,93,20
67,93,20
67,93,20
67,93,20
67,93,20
67,93,20
67,93,20
67,93,20
67,93,20
67,93,20
67,93,20
67,93,20
67,93,20
67,93,20
67,93,20
67,93,20
67,93,20
67,68,20
67,68,20
67,68,20
67,68,20
67,68,20
67,68,20
67,68,20
67,68,20
67,68,20
67,68,20
67,68,20
67,68,20
67,68,20
67,68,20
67,68,20
67,34,20
67,34,20
67,34,20
67,34,20
67,34,20
67,34,20
67,34,20
67,34,20
67,34,20
67,34,20
67,34,20
67,34,20
67,34,20
67,34,20
67,34,20
67,34,20
67,34,20
67,34,20
67,34,20
67,34,20
67,34,20
67,34,20
67,34,20
67,34,20
67,34,20
67,64,20
67,64,20
67,64,20
67,64,20
67,64,20
67,64,20
67,64,20
67,120,20
67,120,20
67,120,20
67,120,20
67,120,20
67,120,20
67,120,20
67,120,20
67,120,20
67,61,20
67,61,20
67,61,20
67,61,20
67,61,20
67,61,20
67,61,20
67,61,20
67,61,20
67,47,20
67,47,20
67,47,20
67,47,20
67,47,20
67,47,20
67,47,20
67,47,20
67,47,20
67,47,20
67,47,20
67,69,20
67,69,20
67,69,20
67,69,20
67,69,20
67,69,20
67,69,20
67,69,20
67,69,20
67,69,20
67,69,20
67,69,20
67,69,20
67,69,20
67,69,20
67,81,20
67,81,20
67,81,20
67,81,20
67,81,20
67,81,20
67,81,20
67,81,20
67,81,20
67,81,20
67,81,20
67,81,20
67,81,20
67,81,20
67,81,20
67,81,20
67,81,20
67,81,20
67,81,20
67,81,20
67,81,20
67,81,20
67,81,20
67,81,20
67,81,20
67,81,20
67,81,20
67,81,20
67,81,20
67,81,20
67,81,20
67,81,20
67,81,20
67,81,20
67,81,20
67,81,20
67,81,20
67,81,20
67,81,20
67,81,20
67,81,20
87,87,20
87,87,20
87,87,20
87,87,20
87,87,20
87,87,20
87,87,20
87,87,20
87,87,20
87,87,20
87,87,20
87,87,20
87,87,20
87,87,20
87,87,20
87,87,20
87,87,20
87,87,20
87,87,20
87,87,20
87,87,20
87,87,20
87,87,20
87,87,20
87,87,20
87,87,20
87,87,20
87,87,20
87,87,20
87,87,20
87,87,20
87,87,20
87,87,20
87,87,20
87,87,20
87,87,20
87,87,20
87,87,20
87,87,20
87,87,20
87,87,20
87,87,20
87,65,20
87,65,20
87,65,20
87,65,20
87,65,20
87,65,20
87,65,20
87,65,20
87,121,20
87,121,20
87,121,20
87,121,20
87,121,20
87,121,20
87,121,20
87,121,20
87,121,20
87,121,20
87,121,20
87,121,20
87,121,20
87,121,20
87,111,20
87,111,20
87,111,20
87,111,20
87,111,20
87,111,20
87,111,20
87,111,20
87,111,20
87,111,20
87,111,20
87,111,20
87,111,20
87,111,20
87,111,20
87,111,20
87,111,20
87,111,20
87,111,20
87,111,20
87,111,20
87,111,20
87,111,20
87,111,20
87,111,20
87,111,20
87,111,20
87,111,20
87,111,20
87,111,20
87,111,20
87,111,20
87,111,20
87,111,20
87,111,20
87,111,20
87,111,20
87,111,20
87,111,20
87,111,20
87,111,20
87,111,20
87,111,20
87,111,20
87,111,20
87,111,20
87,67,20
87,67,20
87,67,20
87,67,20
87,67,20
87,67,20
87,67,20
87,67,20
87,67,20
87,67,20
87,54,20
87,54,20
87,54,20
87,54,20
87,54,20
87,54,20
87,77,20
87,77,20
87,77,20
87,77,20
87,77,20
87,77,20
87,77,20
87,77,20
87,101,20
87,101,20
87,101,20
87,101,20
87,101,20
87,101,20
87,101,20
87,101,20
87,101,20
87,101,20
87,101,20
87,101,20
87,101,20
87,101,20
87,101,20
87,101,20
87,101,20
87,101,20
87,101,20
87,101,20
87,101,20
87,101,20
87,101,20
87,101,20
87,101,20
87,101,20
87,101,20
87,101,20
87,101,20
87,101,20
87,101,20
87,101,20
87,101,20
87,101,20
87,101,20
87,101,20
87,101,20
87,101,20
87,68,20
87,68,20
87,68,20
87,68,20
87,68,20
87,68,20
87,68,20
87,68,20
87,68,20
87,68,20
87,68,20
87,68,20
117,126,20
117,126,20
117,126,20
117,126,20
117,126,20
117,126,20
117,126,20
117,126,20
117,126,20
117,126,20
117,126,20
117,97,20
117,97,20
117,97,20
117,97,20
117,97,20
117,97,20
117,97,20
117,97,20
117,97,20
117,97,20
117,97,20
117,97,20
117,97,20
117,97,20
117,103,20
117,103,20
117,103,20
117,103,20
117,103,20
117,103,20
117,103,20
117,103,20
117,103,20
117,103,20
117,103,20
117,103,20
117,103,20
117,103,20
117,103,20
117,103,20
117,103,20
117,103,20
117,103,20
117,94,20
117,94,20
117,94,20
117,94,20
117,94,20
117,94,20
117,94,20
117,94,20
117,94,20
117,94,20
117,94,20
117,94,20
117,94,20
117,94,20
117,94,20
117,94,20
117,94,20
117,94,20
117,94,20
117,94,20
117,94,20
117,94,20
117,94,20
117,94,20
117,94,20
117,94,20
117,94,20
117,94,20
117,94,20
117,94,20
117,94,20
117,94,20
117,94,20
117,94,20
117,94,20
117,94,20
117,94,20
117,94,20
117,140,20
117,140,20
117,140,20
117,140,20
117,140,20
117,140,20
117,140,20
117,140,20
117,106,20
117,106,20
117,106,20
117,106,20
117,106,20
117,106,20
117,106,20
117,106,20
117,146,20
117,146,20
117,146,20
117,146,20
117,146,20
117,146,20
117,146,20
117,146,20
117,146,20
117,146,20
117,146,20
117,146,20
117,146,20
117,146,20
117,146,20
117,146,20
117,146,20
117,146,20
117,146,20
117,146,20
117,146,20
117,146,20
117,146,20
117,146,20
117,146,20
117,146,20
117,146,20
117,146,20
117,146,20
117,146,20
117,146,20
117,146,20
117,146,20
117,146,20
117,146,20
117,146,20
117,146,20
117,146,20
117,146,20
117,146,20
117,146,20
117,146,20
117,146,20
117,146,20
117,146,20
117,146,20
117,146,20
117,146,20
117,146,20
117,146,20
117,146,20
117,146,20
117,146,20
117,146,20
117,146,20
117,146,20
117,146,20
117,142,20
117,142,20
117,142,20
117,142,20
117,142,20
117,142,20
117,142,20
117,142,20
117,142,20
117,142,20
117,142,20
117,142,20
117,142,20
117,142,20
117,142,20
117,142,20
117,142,20
117,142,20
117,142,20
117,142,20
117,142,20
117,142,20
117,142,20
117,142,20
117,142,20
117,142,20
117,142,20
117,142,20
117,142,20
117,142,20
117,142,20
117,142,20
117,142,20
117,142,20
117,142,20
117,142,20
117,142,20
117,142,20
117,142,20
117,142,20
117,142,20
117,142,20
117,142,20
117,142,20
117,142,20
117,142,20
117,142,20
117,142,20
117,142,20
117,142,20
117,142,20
117,142,20
117,142,20
117,142,20
117,142,20
117,142,20
117,142,20
117,142,20
117,142,20
117,142,20
117,142,20
117,142,20
117,142,20
117,142,20
117,142,20
117,142,20
117,142,20
117,151,20
117,151,20
117,151,20
117,151,20
117,151,20
117,151,20
117,151,20
117,151,20
117,151,20
117,151,20
117,151,20
117,151,20
117,151,20
117,151,20
117,151,20
117,151,20
117,151,20
117,151,20
117,151,20
117,151,20
117,151,20
117,151,20
117,151,20
117,151,20
117,151,20
117,151,20
117,151,20
117,151,20
117,151,20
117,151,20
117,151,20
117,151,20
117,151,20
117,151,20
117,151,20
117,151,20
117,151,20
117,151,20
117,151,20
117,151,20
117,111,20
117,111,20
117,111,20
117,111,20
117,111,20
117,111,20
117,111,20
117,111,20
117,111,20
117,111,20
117,111,20
117,111,20
117,111,20
117,111,20
117,111,20
117,111,20
117,111,20
117,111,20
117,111,20
117,111,20
117,111,20
117,111,20
117,111,20
117,111,20
87,91,20
87,91,20
87,91,20
87,91,20
87,91,20
87,91,20
87,91,20
87,91,20
87,91,20
87,91,20
87,86,20
87,86,20
87,86,20
87,86,20
87,86,20
87,86,20
87,86,20
87,86,20
87,86,20
87,86,20
87,86,20
87,86,20
87,86,20
87,86,20
87,86,20
87,86,20
87,86,20
87,86,20
87,86,20
87,86,20
87,86,20
87,86,20
87,86,20
87,86,20
87,111,20
87,111,20
87,111,20
87,111,20
87,111,20
87,111,20
87,111,20
87,111,20
87,106,20
87,106,20
87,106,20
87,106,20
87,106,20
87,106,20
87,106,20
87,106,20
87,106,20
87,106,20
87,106,20
87,106,20
87,83,20
87,83,20
87,83,20
87,83,20
87,83,20
87,83,20
87,83,20
87,83,20
87,83,20
87,83,20
87,83,20
87,83,20
87,83,20
87,83,20
87,83,20
87,83,20
87,83,20
87,83,20
87,83,20
87,83,20
87,83,20
87,83,20
87,83,20
87,83,20
87,83,20
87,83,20
87,83,20
87,83,20
87,83,20
87,83,20
87,83,20
87,83,20
87,83,20
87,83,20
87,83,20
87,83,20
87,83,20
87,83,20
87,83,20
87,83,20
87,83,20
87,83,20
87,83,20
87,83,20
87,83,20
87,108,20
87,108,20
87,108,20
87,108,20
87,108,20
87,108,20
87,108,20
87,108,20
87,108,20
87,108,20
87,108,20
87,108,20
87,108,20
87,108,20
87,108,20
87,109,20
87,109,20
87,109,20
87,109,20
87,109,20
87,109,20
87,109,20
87,97,20
87,97,20
87,97,20
87,97,20
87,97,20
87,97,20
87,97,20
87,97,20
87,97,20
87,97,20
87,97,20
87,97,20
87,88,20
87,88,20
87,88,20
87,88,20
87,88,20
87,88,20
87,88,20
87,88,20
87,88,20
87,88,20
87,88,20
87,88,20
87,88,20
87,88,20
87,88,20
87,88,20
87,88,20
87,88,20
87,88,20
87,88,20
87,88,20
87,88,20
87,85,20
87,85,20
87,85,20
87,85,20
87,85,20
87,85,20
87,85,20
87,85,20
87,85,20
87,85,20
87,85,20
87,85,20
87,85,20
87,85,20
87,85,20
87,85,20
87,85,20
87,85,20
87,85,20
87,85,20
87,85,20
87,85,20
87,85,20
107,131,20
107,131,20
107,131,20
107,131,20
107,131,20
107,131,20
107,131,20
107,131,20
107,131,20
107,85,20
107,85,20
107,85,20
107,85,20
107,85,20
107,85,20
107,85,20
107,85,20
107,85,20
107,85,20
107,85,20
107,85,20
107,85,20
107,85,20
107,85,20
107,112,20
107,112,20
107,112,20
107,112,20
107,112,20
107,112,20
107,112,20
107,112,20
107,112,20
107,112,20
107,112,20
107,112,20
107,112,20
107,112,20
107,112,20
107,112,20
107,125,20
107,125,20
107,125,20
107,125,20
107,125,20
107,125,20
107,125,20
107,125,20
107,125,20
107,125,20
107,125,20
107,125,20
107,125,20
107,125,20
107,125,20
107,125,20
107,125,20
107,125,20
107,125,20
107,125,20
107,125,20
107,125,20
107,125,20
107,125,20
107,125,20
107,125,20
107,125,20
107,125,20
107,125,20
107,125,20
107,125,20
107,125,20
107,125,20
107,125,20
107,125,20
107,125,20
107,125,20
107,125,20
107,125,20
107,125,20
107,125,20
107,125,20
107,125,20
107,125,20
107,99,20
107,99,20
107,99,20
107,99,20
107,99,20
107,99,20
107,99,20
107,99,20
107,99,20
107,99,20
107,99,20
107,99,20
107,99,20
107,99,20
107,99,20
107,99,20
107,99,20
107,99,20
107,99,20
107,99,20
107,77,20
107,77,20
107,77,20
107,77,20
107,77,20
107,77,20
107,77,20
107,96,20
107,96,20
107,96,20
107,96,20
107,96,20
107,96,20
107,96,20
107,96,20
107,96,20
107,96,20
107,96,20
107,96,20
107,96,20
107,96,20
107,96,20
107,96,20
107,96,20
107,96,20
107,96,20
107,96,20
107,96,20
107,96,20
107,96,20
107,96,20
107,96,20
107,96,20
107,96,20
107,96,20
107,96,20
107,96,20
107,96,20
107,96,20
107,96,20
107,96,20
107,96,20
107,96,20
107,96,20
107,96,20
107,96,20
107,96,20
107,96,20
107,96,20
107,120,20
107,120,20
107,120,20
107,120,20
107,120,20
107,120,20
107,120,20
107,120,20
107,120,20
107,120,20
107,120,20
107,120,20
107,120,20
107,120,20
107,120,20
107,120,20
107,120,20
107,120,20
107,120,20
107,120,20
107,120,20
107,120,20
107,120,20
107,120,20
107,120,20
107,120,20
107,120,20
107,120,20
107,120,20
107,120,20
107,120,20
107,120,20
107,120,20
107,120,20
107,120,20
107,120,20
107,120,20
107,120,20
107,120,20
107,120,20
107,120,20
107,120,20
107,120,20
107,120,20
107,120,20
107,120,20
107,120,20
107,120,20
107,120,20
107,120,20
107,120,20
107,120,20
107,120,20
107,120,20
107,120,20
107,120,20
107,120,20
107,120,20
107,120,20
107,89,20
107,89,20
107,89,20
107,89,20
107,89,20
107,89,20
107,89,20
107,89,20
107,89,20
107,89,20
107,89,20
107,89,20
107,89,20
107,89,20
107,89,20
107,89,20
107,89,20
107,89,20
107,89,20
107,89,20
107,89,20
107,106,20
107,106,20
107,106,20
107,106,20
107,106,20
107,106,20
107,106,20
107,106,20
107,106,20
107,106,20
107,118,20
107,118,20
107,118,20
107,118,20
107,118,20
107,118,20
107,118,20
107,118,20
107,118,20
107,118,20
107,118,20
107,118,20
107,118,20
107,118,20
107,118,20
107,118,20
107,118,20
107,118,20
107,118,20
107,118,20
107,118,20
107,118,20
107,118,20
107,118,20
107,118,20
137,134,20
137,134,20
137,134,20
137,134,20
137,134,20
137,134,20
137,134,20
137,134,20
137,134,20
137,134,20
137,134,20
137,134,20
137,134,20
137,134,20
137,134,20
137,134,20
137,134,20
137,134,20
137,134,20
137,134,20
137,134,20
137,159,20
137,159,20
137,159,20
137,159,20
137,159,20
137,159,20
137,159,20
137,159,20
137,159,20
137,159,20
137,159,20
137,159,20
137,159,20
137,159,20
137,159,20
137,120,20
137,120,20
137,120,20
137,120,20
137,120,20
137,120,20
137,120,20
137,120,20
137,120,20
137,120,20
137,120,20
137,120,20
137,120,20
137,120,20
137,120,20
137,120,20
137,120,20
137,120,20
137,115,20
137,115,20
137,115,20
137,115,20
137,115,20
137,115,20
137,115,20
137,115,20
137,115,20
137,115,20
137,115,20
137,115,20
137,115,20
137,115,20
137,115,20
137,115,20
137,115,20
137,115,20
137,115,20
137,115,20
137,115,20
137,115,20
137,115,20
137,115,20
137,115,20
137,140,20
137,140,20
137,140,20
137,140,20
137,140,20
137,140,20
137,140,20
137,140,20
137,140,20
137,140,20
137,140,20
137,140,20
137,116,20
137,116,20
137,116,20
137,116,20
137,116,20
137,116,20
137,116,20
137,116,20
137,116,20
137,116,20
137,116,20
137,116,20
137,116,20
137,116,20
137,116,20
137,116,20
137,116,20
137,116,20
137,116,20
137,116,20
137,116,20
137,116,20
137,116,20
137,116,20
137,116,20
137,116,20
137,116,20
137,116,20
137,116,20
137,116,20
137,116,20
137,116,20
137,116,20
137,116,20
137,116,20
137,134,20
137,134,20
137,134,20
137,134,20
137,134,20
137,134,20
137,134,20
137,134,20
137,134,20
137,134,20
137,134,20
137,134,20
137,171,20
137,171,20
137,171,20
137,171,20
137,171,20
137,171,20
137,171,20
137,171,20
137,171,20
137,171,20
137,171,20
137,171,20
137,171,20
137,171,20
137,171,20
137,107,20
137,107,20
137,107,20
137,107,20
137,107,20
137,107,20
137,107,20
137,138,20
137,138,20
137,138,20
137,138,20
137,138,20
137,138,20
137,138,20
137,138,20
137,138,20
137,138,20
137,138,20
137,138,20
137,138,20
137,138,20
137,138,20
137,132,20
137,132,20
137,132,20
137,132,20
137,132,20
137,132,20
137,131,20
137,131,20
137,131,20
137,131,20
137,131,20
137,131,20
137,131,20
137,119,20
137,119,20
137,119,20
137,119,20
137,119,20
137,119,20
137,119,20
137,119,20
137,119,20
137,119,20
137,119,20
137,119,20
137,119,20
137,119,20
137,119,20
177,172,20
177,172,20
177,172,20
177,172,20
177,172,20
177,172,20
177,172,20
177,172,20
177,172,20
177,172,20
177,172,20
177,172,20
177,172,20
177,172,20
177,172,20
177,172,20
177,172,20
177,172,20
177,172,20
177,172,20
177,172,20
177,172,20
177,172,20
177,182,20
177,182,20
177,182,20
177,182,20
177,182,20
177,182,20
177,182,20
177,182,20
177,182,20
177,182,20
177,182,20
177,182,20
177,182,20
177,182,20
177,182,20
177,182,20
177,182,20
177,182,20
177,182,20
177,182,20
177,182,20
177,182,20
177,168,20
177,168,20
177,168,20
177,168,20
177,168,20
177,168,20
177,168,20
177,168,20
177,168,20
177,168,20
177,168,20
177,168,20
177,168,20
177,168,20
177,168,20
177,168,20
177,168,20
177,168,20
177,168,20
177,168,20
177,168,20
177,168,20
177,168,20
177,168,20
177,168,20
177,168,20
177,168,20
177,168,20
177,168,20
177,182,20
177,182,20
177,182,20
177,182,20
177,182,20
177,182,20
177,161,20
177,161,20
177,161,20
177,161,20
177,161,20
177,161,20
177,161,20
177,170,20
177,170,20
177,170,20
177,170,20
177,170,20
177,170,20
177,170,20
177,170,20
177,170,20
177,170,20
177,170,20
177,170,20
177,170,20
177,170,20
177,170,20
177,170,20
177,170,20
177,170,20
177,170,20
177,170,20
177,170,20
177,170,20
177,170,20
177,225,20
177,225,20
177,225,20
177,225,20
177,225,20
177,225,20
177,225,20
177,225,20
177,225,20
177,225,20
177,225,20
177,225,20
177,225,20
177,225,20
177,225,20
177,225,20
177,225,20
177,225,20
177,225,20
177,225,20
177,225,20
177,225,20
177,225,20
177,225,20
177,225,20
177,225,20
177,225,20
177,225,20
177,225,20
177,225,20
177,225,20
177,225,20
177,225,20
177,225,20
177,225,20
177,225,20
177,225,20
177,225,20
177,225,20
177,225,20
177,225,20
177,225,20
177,225,20
177,225,20
177,225,20
177,225,20
177,225,20
177,225,20
177,225,20
177,225,20
177,225,20
177,225,20
177,225,20
177,225,20
177,225,20
177,225,20
177,225,20
177,225,20
177,225,20
177,222,20
177,222,20
177,222,20
177,222,20
177,222,20
177,222,20
177,222,20
177,222,20
177,222,20
177,222,20
177,222,20
177,172,20
177,172,20
177,172,20
177,172,20
177,172,20
177,172,20
177,172,20
177,172,20
177,172,20
177,172,20
177,172,20
177,172,20
177,172,20
207,175,20
207,175,20
207,175,20
207,175,20
207,175,20
207,175,20
207,175,20
207,175,20
207,175,20
207,175,20
207,175,20
207,175,20
207,175,20
207,175,20
207,175,20
207,175,20
207,175,20
207,175,20
207,175,20
207,175,20
207,175,20
207,175,20
207,160,20
207,160,20
207,160,20
207,160,20
207,160,20
207,160,20
207,160,20
207,160,20
207,160,20
207,160,20
207,160,20
207,160,20
207,160,20
207,160,20
207,160,20
207,160,20
207,160,20
207,160,20
207,160,20
207,160,20
207,213,20
207,213,20
207,213,20
207,213,20
207,213,20
207,213,20
207,213,20
207,213,20
207,213,20
207,213,20
207,213,20
207,213,20
207,209,20
207,209,20
207,209,20
207,209,20
207,209,20
207,209,20
207,209,20
207,209,20
207,209,20
207,209,20
207,209,20
207,209,20
207,209,20
207,209,20
207,209,20
207,209,20
207,209,20
207,209,20
207,209,20
207,205,20
207,205,20
207,205,20
207,205,20
207,205,20
207,205,20
207,205,20
207,205,20
207,205,20
207,205,20
207,205,20
207,205,20
207,205,20
207,205,20
207,205,20
207,205,20
207,205,20
207,205,20
207,222,20
207,222,20
207,222,20
207,222,20
207,222,20
207,222,20
207,222,20
207,222,20
207,186,20
207,186,20
207,186,20
207,186,20
207,186,20
207,186,20
207,186,20
207,186,20
207,216,20
207,216,20
207,216,20
207,216,20
207,216,20
207,216,20
207,216,20
207,216,20
207,216,20
207,216,20
207,216,20
207,216,20
207,216,20
207,216,20
207,216,20
207,216,20
207,216,20
207,181,20
207,181,20
207,181,20
207,181,20
207,181,20
207,181,20
207,181,20
207,181,20
207,181,20
207,181,20
207,181,20
207,181,20
207,181,20
207,181,20
207,181,20
207,181,20
207,181,20
207,181,20
207,181,20
207,181,20
207,181,20
207,181,20
207,181,20
207,181,20
207,181,20
207,181,20
207,181,20
207,181,20
237,224,20
237,224,20
237,224,20
237,224,20
237,224,20
237,224,20
237,224,20
237,224,20
237,224,20
237,224,20
237,224,20
237,224,20
237,224,20
237,224,20
237,224,20
237,224,20
237,224,20
237,248,20
237,248,20
237,248,20
237,248,20
237,248,20
237,248,20
237,248,20
237,248,20
237,248,20
237,248,20
237,226,20
237,226,20
237,226,20
237,226,20
237,226,20
237,226,20
237,226,20
237,226,20
237,226,20
237,226,20
237,226,20
237,226,20
237,226,20
237,226,20
237,226,20
237,226,20
237,226,20
237,226,20
237,264,20
237,264,20
237,264,20
237,264,20
237,264,20
237,264,20
237,264,20
237,264,20
237,264,20
237,264,20
237,264,20
237,264,20
237,264,20
237,264,20
237,264,20
237,264,20
237,264,20
237,264,20
237,264,20
237,264,20
237,264,20
237,264,20
237,264,20
237,264,20
237,264,20
237,264,20
237,264,20
237,264,20
237,264,20
237,264,20
237,264,20
237,264,20
237,264,20
237,264,20
237,264,20
237,264,20
237,264,20
237,264,20
237,264,20
237,264,20
237,264,20
237,264,20
237,264,20
237,264,20
237,264,20
237,264,20
237,264,20
237,264,20
237,264,20
237,264,20
237,198,20
237,198,20
237,198,20
237,198,20
237,198,20
237,198,20
237,198,20
237,198,20
237,198,20
237,198,20
237,198,20
237,198,20
237,198,20
237,198,20
237,198,20
237,198,20
237,198,20
237,198,20
237,198,20
237,198,20
237,198,20
237,198,20
237,181,20
237,181,20
237,181,20
237,181,20
237,181,20
237,181,20
237,181,20
237,181,20
237,181,20
237,199,20
237,199,20
237,199,20
237,199,20
237,199,20
237,199,20
237,199,20
237,199,20
237,238,20
237,238,20
237,238,20
237,238,20
237,238,20
237,238,20
237,238,20
237,238,20
237,238,20
237,238,20
237,238,20
237,218,20
237,218,20
237,218,20
237,218,20
237,218,20
237,218,20
237,218,20
237,218,20
237,218,20
237,228,20
237,228,20
237,228,20
237,228,20
237,228,20
237,228,20
237,228,20
237,228,20
237,228,20
237,228,20
237,228,20
237,228,20
237,228,20
237,228,20
237,228,20
237,218,20
237,218,20
237,218,20
237,218,20
237,218,20
237,218,20
237,218,20
237,240,20
237,240,20
237,240,20
237,240,20
237,240,20
237,240,20
237,240,20
237,255,20
237,255,20
237,255,20
237,255,20
237,255,20
237,255,20
237,255,20
237,255,20
237,255,20
237,255,20
237,255,20
237,255,20
237,255,20
217,246,20
217,246,20
217,246,20
217,246,20
217,246,20
217,246,20
217,246,20
217,246,20
217,246,20
217,246,20
217,246,20
217,246,20
217,246,20
217,246,20
217,246,20
217,246,20
217,246,20
217,246,20
217,246,20
217,246,20
217,246,20
217,216,20
217,216,20
217,216,20
217,216,20
217,216,20
217,216,20
217,216,20
217,216,20
217,216,20
217,216,20
217,216,20
217,216,20
217,216,20
217,216,20
217,216,20
217,216,20
217,216,20
217,216,20
217,216,20
217,216,20
217,216,20
217,216,20
217,216,20
217,216,20
217,216,20
217,216,20
217,216,20
217,216,20
217,216,20
217,216,20
217,216,20
217,216,20
217,216,20
217,216,20
217,216,20
217,216,20
217,216,20
217,216,20
217,216,20
217,216,20
217,216,20
217,201,20
217,201,20
217,201,20
217,201,20
217,201,20
217,201,20
217,201,20
217,201,20
217,258,20
217,258,20
217,258,20
217,258,20
217,258,20
217,258,20
217,258,20
217,258,20
217,258,20
217,258,20
217,258,20
217,258,20
217,258,20
217,258,20
217,258,20
217,258,20
217,258,20
217,214,20
217,214,20
217,214,20
217,214,20
217,214,20
217,214,20
217,214,20
217,214,20
217,214,20
217,214,20
217,214,20
217,214,20
217,214,20
217,214,20
217,214,20
217,214,20
217,214,20
217,214,20
217,214,20
217,229,20
217,229,20
217,229,20
217,229,20
217,229,20
217,229,20
217,229,20
217,229,20
217,229,20
217,229,20
217,229,20
217,229,20
217,229,20
217,229,20
217,229,20
217,229,20
217,229,20
217,229,20
217,229,20
217,229,20
217,229,20
217,229,20
217,229,20
217,229,20
217,229,20
217,229,20
217,229,20
217,229,20
217,229,20
217,229,20
217,229,20
217,229,20
217,229,20
217,229,20
217,229,20
217,229,20
217,229,20
217,229,20
217,229,20
217,229,20
217,229,20
217,229,20
217,229,20
217,229,20
217,229,20
217,204,20
217,204,20
217,204,20
217,204,20
217,204,20
217,204,20
217,204,20
217,185,20
217,185,20
217,185,20
217,185,20
217,185,20
217,185,20
217,185,20
217,185,20
217,185,20
217,185,20
217,185,20
217,182,20
217,182,20
217,182,20
217,182,20
217,182,20
217,182,20
217,182,20
217,182,20
247,267,20
247,267,20
247,267,20
247,267,20
247,267,20
247,267,20
247,267,20
247,267,20
247,267,20
247,267,20
247,267,20
247,267,20
247,267,20
247,267,20
247,267,20
247,267,20
247,267,20
247,249,20
247,249,20
247,249,20
247,249,20
247,249,20
247,249,20
247,249,20
247,249,20
247,249,20
247,249,20
247,249,20
247,249,20
247,249,20
247,249,20
247,249,20
247,249,20
247,249,20
247,249,20
247,249,20
247,249,20
247,249,20
247,249,20
247,244,20
247,244,20
247,244,20
247,244,20
247,244,20
247,244,20
247,244,20
247,244,20
247,244,20
247,244,20
247,245,20
247,245,20
247,245,20
247,245,20
247,245,20
247,245,20
247,245,20
247,245,20
247,243,20
247,243,20
247,243,20
247,243,20
247,243,20
247,243,20
247,243,20
247,243,20
247,243,20
247,243,20
247,243,20
247,243,20
247,260,20
247,260,20
247,260,20
247,260,20
247,260,20
247,260,20
247,260,20
247,260,20
247,260,20
247,260,20
247,260,20
247,260,20
247,260,20
247,251,20
247,251,20
247,251,20
247,251,20
247,251,20
247,251,20
247,251,20
247,251,20
247,251,20
247,251,20
247,251,20
247,251,20
247,251,20
247,251,20
247,251,20
247,251,20
247,250,20
247,250,20
247,250,20
247,250,20
247,250,20
247,250,20
247,250,20
247,250,20
247,250,20
247,250,20
247,250,20
247,250,20
247,250,20
247,250,20
247,250,20
247,250,20
247,273,20
247,273,20
247,273,20
247,273,20
247,273,20
247,273,20
247,273,20
247,273,20
247,273,20
247,273,20
247,273,20
247,273,20
247,261,20
247,261,20
247,261,20
247,261,20
247,261,20
247,261,20
247,261,20
247,261,20
247,261,20
247,261,20
247,261,20
247,261,20
247,261,20
247,261,20
247,261,20
247,261,20
247,261,20
247,261,20
247,261,20
247,261,20
247,261,20
247,261,20
247,261,20
247,261,20
247,261,20
247,261,20
247,261,20
247,248,20
247,248,20
247,248,20
247,248,20
247,248,20
247,248,20
247,248,20
247,248,20
247,248,20
247,248,20
247,248,20
247,248,20
247,248,20
247,248,20
247,248,20
247,248,20
247,248,20
247,248,20
247,248,20
247,248,20
247,248,20
247,248,20
247,248,20
247,248,20
247,248,20
247,248,20
247,248,20
247,248,20
247,248,20
247,248,20
247,248,20
247,248,20
247,248,20
247,248,20
247,248,20
247,248,20
247,248,20
247,248,20
247,248,20
247,248,20
247,248,20
247,217,20
247,217,20
247,217,20
247,217,20
247,217,20
247,217,20
247,217,20
247,217,20
247,230,20
247,230,20
247,230,20
247,230,20
247,230,20
247,230,20
247,230,20
247,216,20
247,216,20
247,216,20
247,216,20
247,216,20
247,216,20
267,293,20
267,293,20
267,293,20
267,293,20
267,293,20
267,293,20
267,293,20
267,293,20
267,293,20
267,293,20
267,293,20
267,293,20
267,293,20
267,293,20
267,293,20
267,293,20
267,293,20
267,293,20
267,293,20
267,293,20
267,293,20
267,293,20
267,293,20
267,293,20
267,293,20
267,293,20
267,293,20
267,293,20
267,293,20
267,293,20
267,293,20
267,271,20
267,271,20
267,271,20
267,271,20
267,271,20
267,271,20
267,271,20
267,271,20
267,271,20
267,271,20
267,271,20
267,271,20
267,271,20
267,271,20
267,271,20
267,271,20
267,271,20
267,266,20
267,266,20
267,266,20
267,266,20
267,266,20
267,266,20
267,266,20
267,266,20
267,266,20
267,266,20
267,288,20
267,288,20
267,288,20
267,288,20
267,288,20
267,288,20
267,288,20
267,288,20
267,288,20
267,288,20
267,288,20
267,278,20
267,278,20
267,278,20
267,278,20
267,278,20
267,278,20
267,278,20
267,278,20
267,278,20
267,278,20
267,278,20
267,278,20
267,278,20
267,278,20
267,278,20
267,278,20
267,278,20
267,278,20
267,278,20
267,278,20
267,278,20
267,278,20
267,245,20
267,245,20
267,245,20
267,245,20
267,245,20
267,245,20
267,245,20
267,245,20
267,245,20
267,245,20
267,245,20
267,245,20
267,245,20
267,245,20
267,245,20
267,245,20
267,245,20
267,245,20
267,245,20
267,245,20
267,245,20
267,245,20
267,245,20
267,245,20
267,245,20
267,245,20
267,245,20
267,245,20
267,245,20
267,245,20
267,245,20
267,245,20
267,245,20
267,245,20
267,245,20
267,220,20
267,220,20
267,220,20
267,220,20
267,220,20
267,220,20
267,220,20
267,220,20
267,220,20
267,220,20
267,220,20
267,220,20
267,220,20
267,220,20
267,220,20
267,220,20
267,220,20
267,220,20
267,220,20
267,220,20
267,220,20
267,220,20
267,220,20
267,220,20
267,220,20
267,220,20
267,220,20
267,220,20
267,220,20
267,220,20
267,220,20
267,220,20
267,220,20
267,220,20
267,220,20
267,220,20
267,220,20
267,220,20
267,220,20
267,220,20
267,220,20
267,220,20
267,220,20
267,220,20
267,220,20
267,220,20
267,220,20
267,220,20
267,220,20
267,220,20
267,220,20
267,220,20
267,220,20
267,220,20
267,316,20
267,316,20
267,316,20
267,316,20
267,316,20
267,316,20
267,316,20
267,316,20
267,316,20
267,316,20
267,316,20
267,316,20
267,316,20
267,316,20
267,316,20
267,316,20
267,316,20
267,316,20
267,316,20
267,316,20
267,316,20
267,316,20
267,316,20
267,316,20
267,316,20
267,316,20
267,316,20
267,316,20
267,316,20
267,316,20
267,316,20
267,316,20
267,316,20
267,316,20
267,316,20
267,316,20
267,316,20
267,316,20
267,316,20
267,316,20
267,316,20
267,316,20
267,316,20
267,316,20
267,316,20
267,316,20
267,316,20
267,256,20
267,256,20
267,256,20
267,256,20
267,256,20
267,256,20
267,227,20
267,227,20
267,227,20
267,227,20
267,227,20
267,227,20
267,227,20
267,227,20
267,227,20
267,227,20
267,278,20
267,278,20
267,278,20
267,278,20
267,278,20
267,278,20
267,278,20
267,278,20
267,278,20
297,293,20
297,293,20
297,293,20
297,293,20
297,293,20
297,293,20
297,293,20
297,293,20
297,293,20
297,298,20
297,298,20
297,298,20
297,298,20
297,298,20
297,298,20
297,298,20
297,298,20
297,298,20
297,298,20
297,298,20
297,298,20
297,298,20
297,298,20
297,298,20
297,298,20
297,298,20
297,298,20
297,326,20
297,326,20
297,326,20
297,326,20
297,326,20
297,326,20
297,326,20
297,326,20
297,326,20
297,326,20
297,326,20
297,326,20
297,326,20
297,326,20
297,326,20
297,326,20
297,326,20
297,326,20
297,326,20
297,326,20
297,326,20
297,326,20
297,326,20
297,326,20
297,326,20
297,326,20
297,326,20
297,274,20
297,274,20
297,274,20
297,274,20
297,274,20
297,274,20
297,274,20
297,274,20
297,274,20
297,274,20
297,274,20
297,274,20
297,274,20
297,274,20
297,274,20
297,274,20
297,274,20
297,274,20
297,274,20
297,274,20
297,274,20
297,274,20
297,274,20
297,274,20
297,274,20
297,274,20
297,274,20
297,274,20
297,274,20
297,274,20
297,274,20
297,274,20
297,292,20
297,292,20
297,292,20
297,292,20
297,292,20
297,292,20
297,292,20
297,292,20
297,292,20
297,292,20
297,292,20
297,292,20
297,292,20
297,292,20
297,292,20
297,292,20
297,292,20
297,292,20
297,292,20
297,301,20
297,301,20
297,301,20
297,301,20
297,301,20
297,301,20
297,301,20
297,301,20
297,301,20
297,301,20
297,301,20
297,301,20
297,290,20
297,290,20
297,290,20
297,290,20
297,290,20
297,290,20
297,290,20
297,290,20
297,290,20
297,290,20
297,290,20
297,290,20
297,290,20
297,290,20
297,290,20
297,290,20
297,290,20
297,290,20
297,285,20
297,285,20
297,285,20
297,285,20
297,285,20
297,285,20
297,285,20
297,285,20
297,285,20
297,285,20
297,285,20
297,311,20
297,311,20
297,311,20
297,311,20
297,311,20
297,311,20
297,311,20
297,311,20
297,311,20
297,311,20
297,311,20
297,311,20
297,311,20
297,311,20
297,311,20
297,311,20
297,311,20
297,311,20
297,311,20
297,311,20
297,311,20
297,311,20
297,311,20
297,311,20
297,311,20
297,311,20
297,311,20
297,311,20
297,311,20
297,311,20
297,311,20
297,311,20
297,311,20
297,311,20
297,311,20
297,311,20
297,311,20
297,311,20
297,311,20
297,311,20
297,311,20
297,311,20
277,274,20
277,274,20
277,274,20
277,274,20
277,274,20
277,274,20
277,274,20
277,274,20
277,274,20
277,274,20
277,274,20
277,274,20
277,274,20
277,274,20
277,274,20
277,274,20
277,274,20
277,274,20
277,282,20
277,282,20
277,282,20
277,282,20
277,282,20
277,282,20
277,282,20
277,282,20
277,282,20
277,282,20
277,282,20
277,282,20
277,282,20
277,282,20
277,304,20
277,304,20
277,304,20
277,304,20
277,304,20
277,304,20
277,304,20
277,304,20
277,304,20
277,304,20
277,304,20
277,304,20
277,304,20
277,304,20
277,304,20
277,304,20
277,304,20
277,304,20
277,304,20
277,304,20
277,304,20
277,304,20
277,304,20
277,304,20
277,304,20
277,304,20
277,304,20
277,304,20
277,304,20
277,304,20
277,304,20
277,304,20
277,304,20
277,304,20
277,304,20
277,304,20
277,304,20
277,304,20
277,304,20
277,304,20
277,304,20
277,304,20
277,304,20
277,304,20
277,304,20
277,304,20
277,304,20
277,304,20
277,304,20
277,304,20
277,304,20
277,304,20
277,304,20
277,269,20
277,269,20
277,269,20
277,269,20
277,269,20
277,269,20
277,269,20
277,269,20
277,269,20
277,269,20
277,242,20
277,242,20
277,242,20
277,242,20
277,242,20
277,242,20
277,242,20
277,242,20
277,242,20
277,242,20
277,242,20
277,242,20
277,242,20
277,242,20
277,242,20
277,242,20
277,242,20
277,242,20
277,242,20
277,242,20
277,242,20
277,242,20
277,242,20
277,242,20
277,242,20
277,242,20
277,255,20
277,255,20
277,255,20
277,255,20
277,255,20
277,255,20
277,255,20
277,255,20
277,266,20
277,266,20
277,266,20
277,266,20
277,266,20
277,266,20
277,266,20
277,266,20
277,266,20
277,266,20
277,266,20
277,266,20
277,266,20
277,266,20
277,266,20
277,266,20
277,266,20
277,266,20
277,290,20
277,290,20
277,290,20
277,290,20
277,290,20
277,290,20
277,290,20
277,290,20
277,290,20
277,290,20
277,290,20
277,290,20
277,290,20
277,290,20
277,290,20
277,290,20
277,290,20
277,290,20
277,290,20
277,290,20
277,290,20
277,290,20
277,290,20
277,290,20
277,290,20
277,290,20
277,290,20
277,290,20
277,290,20
277,290,20
277,290,20
277,290,20
277,259,20
277,259,20
277,259,20
277,259,20
277,259,20
277,259,20
277,259,20
277,259,20
277,259,20
277,259,20
277,259,20
277,259,20
277,259,20
277,259,20
277,259,20
277,259,20
277,259,20
277,259,20
277,259,20
277,259,20
277,259,20
277,259,20
277,259,20
277,259,20
277,259,20
277,259,20
277,259,20
277,259,20
277,259,20
277,259,20
277,259,20
277,259,20
277,259,20
277,259,20
277,259,20
277,259,20
277,259,20
277,259,20
277,259,20
277,259,20
277,259,20
277,259,20
277,259,20
277,259,20
277,239,20
277,239,20
277,239,20
277,239,20
277,239,20
277,239,20
277,239,20
277,239,20
277,239,20
277,307,20
277,307,20
277,307,20
277,307,20
277,307,20
277,307,20
277,307,20
237,233,20
237,233,20
237,233,20
237,233,20
237,233,20
237,233,20
237,233,20
237,233,20
237,233,20
237,233,20
237,233,20
237,233,20
237,233,20
237,215,20
237,215,20
237,215,20
237,215,20
237,215,20
237,215,20
237,215,20
237,215,20
237,215,20
237,215,20
237,215,20
237,215,20
237,215,20
237,215,20
237,215,20
237,215,20
237,215,20
237,215,20
237,215,20
237,215,20
237,215,20
237,215,20
237,215,20
237,215,20
237,215,20
237,215,20
237,215,20
237,215,20
237,215,20
237,215,20
237,215,20
237,215,20
237,215,20
237,213,20
237,213,20
237,213,20
237,213,20
237,213,20
237,213,20
237,213,20
237,213,20
237,213,20
237,213,20
237,290,20
237,290,20
237,290,20
237,290,20
237,290,20
237,290,20
237,290,20
237,290,20
237,290,20
237,290,20
237,290,20
237,290,20
237,290,20
237,290,20
237,290,20
237,290,20
237,290,20
237,290,20
237,290,20
237,290,20
237,290,20
237,290,20
237,251,20
237,251,20
237,251,20
237,251,20
237,251,20
237,251,20
237,251,20
237,251,20
237,251,20
237,251,20
237,251,20
237,251,20
237,251,20
237,251,20
237,251,20
237,251,20
237,251,20
237,251,20
237,251,20
237,251,20
237,251,20
237,251,20
237,251,20
237,251,20
237,251,20
237,251,20
237,251,20
237,251,20
237,251,20
237,251,20
237,251,20
237,251,20
237,251,20
237,251,20
237,251,20
237,251,20
237,251,20
237,251,20
237,251,20
237,251,20
237,251,20
237,251,20
237,239,20
237,239,20
237,239,20
237,239,20
237,239,20
237,239,20
237,239,20
237,239,20
237,239,20
237,239,20
237,239,20
237,239,20
237,239,20
237,239,20
237,239,20
237,239,20
237,239,20
237,239,20
237,239,20
237,239,20
237,239,20
237,239,20
237,239,20
237,239,20
237,236,20
237,236,20
237,236,20
237,236,20
237,236,20
237,236,20
237,236,20
237,236,20
237,236,20
237,236,20
237,236,20
237,210,20
237,210,20
237,210,20
237,210,20
237,210,20
237,210,20
237,210,20
237,210,20
237,210,20
237,210,20
237,210,20
237,210,20
237,210,20
237,210,20
237,210,20
237,210,20
237,210,20
237,210,20
237,210,20
237,210,20
237,255,20
237,255,20
237,255,20
237,255,20
237,255,20
237,255,20
237,255,20
237,255,20
237,255,20
237,255,20
237,255,20
237,255,20
237,255,20
237,255,20
237,255,20
237,255,20
237,255,20
237,255,20
237,255,20
237,255,20
237,255,20
237,255,20
237,255,20
237,255,20
237,255,20
237,255,20
237,255,20
237,229,20
237,229,20
237,229,20
237,229,20
237,229,20
237,229,20
237,229,20
237,229,20
237,229,20
237,229,20
237,229,20
237,229,20
237,229,20
237,217,20
237,217,20
237,217,20
237,217,20
237,217,20
237,217,20
237,217,20
237,279,20
237,279,20
237,279,20
237,279,20
237,279,20
237,279,20
237,279,20
237,279,20
237,279,20
237,279,20
237,279,20
237,279,20
237,279,20
237,279,20
237,279,20
237,279,20
237,279,20
257,258,20
257,258,20
257,258,20
257,258,20
257,258,20
257,258,20
257,258,20
257,230,20
257,230,20
257,230,20
257,230,20
257,230,20
257,230,20
257,230,20
257,230,20
257,230,20
257,230,20
257,230,20
257,230,20
257,230,20
257,230,20
257,230,20
257,230,20
257,230,20
257,230,20
257,230,20
257,230,20
257,230,20
257,230,20
257,230,20
257,230,20
257,230,20
257,250,20
257,250,20
257,250,20
257,250,20
257,250,20
257,250,20
257,250,20
257,250,20
257,250,20
257,250,20
257,250,20
257,250,20
257,250,20
257,250,20
257,250,20
257,250,20
257,250,20
257,250,20
257,250,20
257,250,20
257,250,20
257,250,20
257,250,20
257,250,20
257,250,20
257,250,20
257,250,20
257,250,20
257,250,20
257,250,20
257,250,20
257,250,20
257,250,20
257,250,20
257,250,20
257,250,20
257,250,20
257,250,20
257,250,20
257,250,20
257,250,20
257,250,20
257,250,20
257,250,20
257,250,20
257,250,20
257,250,20
257,250,20
257,250,20
257,250,20
257,250,20
257,250,20
257,250,20
257,250,20
257,250,20
257,250,20
257,215,20
257,215,20
257,215,20
257,215,20
257,215,20
257,215,20
257,215,20
257,215,20
257,215,20
257,215,20
257,215,20
257,215,20
257,215,20
257,215,20
257,215,20
257,215,20
257,215,20
257,215,20
257,215,20
257,215,20
257,215,20
257,215,20
257,215,20
257,215,20
257,215,20
257,215,20
257,215,20
257,215,20
257,215,20
257,215,20
257,215,20
257,215,20
257,215,20
257,215,20
257,215,20
257,215,20
257,215,20
257,215,20
257,215,20
257,215,20
257,215,20
257,215,20
257,215,20
257,215,20
257,215,20
257,215,20
257,215,20
257,215,20
257,215,20
257,215,20
257,215,20
257,215,20
257,215,20
257,215,20
257,245,20
257,245,20
257,245,20
257,245,20
257,245,20
257,245,20
257,245,20
257,245,20
257,245,20
257,245,20
257,245,20
257,245,20
257,245,20
257,252,20
257,252,20
257,252,20
257,252,20
257,252,20
257,252,20
257,252,20
257,252,20
257,252,20
257,252,20
257,252,20
257,252,20
257,252,20
257,252,20
257,252,20
257,252,20
257,252,20
257,252,20
257,252,20
257,273,20
257,273,20
257,273,20
257,273,20
257,273,20
257,273,20
257,273,20
257,273,20
257,273,20
257,273,20
257,273,20
257,273,20
257,273,20
257,273,20
257,273,20
257,273,20
257,273,20
257,273,20
257,273,20
257,273,20
257,273,20
257,273,20
257,273,20
257,273,20
257,273,20
257,273,20
257,273,20
257,276,20
257,276,20
257,276,20
257,276,20
257,276,20
257,276,20
257,276,20
257,276,20
257,254,20
257,254,20
257,254,20
257,254,20
257,254,20
257,254,20
257,242,20
257,242,20
257,242,20
257,242,20
257,242,20
257,242,20
257,242,20
257,242,20
257,242,20
257,242,20
257,242,20
257,242,20
257,242,20
257,242,20
257,242,20
257,242,20
257,242,20
257,242,20
257,235,20
257,235,20
257,235,20
257,235,20
257,235,20
257,235,20
257,235,20
257,242,20
257,242,20
257,242,20
257,242,20
257,242,20
257,242,20
257,242,20
257,242,20
257,242,20
257,242,20
257,242,20
257,242,20
257,242,20
257,242,20
257,242,20
257,242,20
257,242,20
257,242,20
257,242,20
257,242,20
257,242,20
257,242,20
257,242,20
257,242,20
257,242,20
257,242,20
257,242,20
257,242,20
257,242,20
257,242,20
257,242,20
257,242,20
257,242,20
257,242,20
257,242,20
257,242,20
257,242,20
257,242,20
277,278,20
277,278,20
277,278,20
277,278,20
277,278,20
277,278,20
277,278,20
277,278,20
277,278,20
277,278,20
277,278,20
277,278,20
277,278,20
277,278,20
277,278,20
277,278,20
277,278,20
277,278,20
277,278,20
277,278,20
277,278,20
277,278,20
277,278,20
277,278,20
277,278,20
277,278,20
277,278,20
277,278,20
277,278,20
277,312,20
277,312,20
277,312,20
277,312,20
277,312,20
277,312,20
277,312,20
277,312,20
277,312,20
277,312,20
277,312,20
277,312,20
277,312,20
277,312,20
277,312,20
277,312,20
277,312,20
277,312,20
277,312,20
277,312,20
277,312,20
277,312,20
277,312,20
277,312,20
277,312,20
277,312,20
277,312,20
277,312,20
277,312,20
277,312,20
277,312,20
277,312,20
277,285,20
277,285,20
277,285,20
277,285,20
277,285,20
277,285,20
277,285,20
277,285,20
277,285,20
277,285,20
277,285,20
277,285,20
277,285,20
277,285,20
277,285,20
277,285,20
277,285,20
277,285,20
277,285,20
277,285,20
277,285,20
277,285,20
277,285,20
277,285,20
277,285,20
277,285,20
277,285,20
277,285,20
277,285,20
277,285,20
277,285,20
277,285,20
277,285,20
277,313,20
277,313,20
277,313,20
277,313,20
277,313,20
277,313,20
277,313,20
277,313,20
277,313,20
277,313,20
277,313,20
277,313,20
277,313,20
277,313,20
277,313,20
277,313,20
277,313,20
277,242,20
277,242,20
277,242,20
277,242,20
277,242,20
277,242,20
277,242,20
277,242,20
277,242,20
277,242,20
277,242,20
277,242,20
277,242,20
277,242,20
277,242,20
277,242,20
277,242,20
277,242,20
277,242,20
277,242,20
277,242,20
277,301,20
277,301,20
277,301,20
277,301,20
277,301,20
277,301,20
277,301,20
277,301,20
277,301,20
277,301,20
277,301,20
277,301,20
277,301,20
277,301,20
277,301,20
277,301,20
277,301,20
277,301,20
277,301,20
277,301,20
277,301,20
277,301,20
277,301,20
277,301,20
277,301,20
277,301,20
277,301,20
277,301,20
277,301,20
277,301,20
277,301,20
277,301,20
277,301,20
277,301,20
277,301,20
277,301,20
277,301,20
277,301,20
277,301,20
277,301,20
277,301,20
277,301,20
277,301,20
277,301,20
277,301,20
277,301,20
277,301,20
277,301,20
277,301,20
277,301,20
277,260,20
277,260,20
277,260,20
277,260,20
277,260,20
277,260,20
277,260,20
277,260,20
277,260,20
277,260,20
277,260,20
307,282,20
307,282,20
307,282,20
307,282,20
307,282,20
307,282,20
307,282,20
307,282,20
307,282,20
307,282,20
307,282,20
307,282,20
307,282,20
307,282,20
307,282,20
307,282,20
307,282,20
307,282,20
307,282,20
307,282,20
307,282,20
307,282,20
307,282,20
307,282,20
307,282,20
307,282,20
307,282,20
307,282,20
307,282,20
307,282,20
307,282,20
307,282,20
307,282,20
307,282,20
307,282,20
307,282,20
307,282,20
307,282,20
307,282,20
307,282,20
307,282,20
307,282,20
307,282,20
307,282,20
307,282,20
307,282,20
307,282,20
307,282,20
307,282,20
307,291,20
307,291,20
307,291,20
307,291,20
307,291,20
307,291,20
307,291,20
307,291,20
307,291,20
307,291,20
307,291,20
307,291,20
307,291,20
307,291,20
307,291,20
307,291,20
307,291,20
307,291,20
307,291,20
307,291,20
307,291,20
307,291,20
307,291,20
307,291,20
307,291,20
307,291,20
307,291,20
307,291,20
307,291,20
307,291,20
307,291,20
307,291,20
307,291,20
307,291,20
307,291,20
307,291,20
307,291,20
307,291,20
307,291,20
307,291,20
307,291,20
307,291,20
307,291,20
307,291,20
307,291,20
307,291,20
307,291,20
307,291,20
307,291,20
307,291,20
307,285,20
307,285,20
307,285,20
307,285,20
307,285,20
307,285,20
307,326,20
307,326,20
307,326,20
307,326,20
307,326,20
307,326,20
307,326,20
307,326,20
307,326,20
307,326,20
307,326,20
307,326,20
307,312,20
307,312,20
307,312,20
307,312,20
307,312,20
307,312,20
307,312,20
307,312,20
307,312,20
307,312,20
307,312,20
307,312,20
307,312,20
307,312,20
307,312,20
337,358,20
337,358,20
337,358,20
337,358,20
337,358,20
337,358,20
337,358,20
337,358,20
337,358,20
337,358,20
337,358,20
337,358,20
337,358,20
337,358,20
337,358,20
337,358,20
337,358,20
337,358,20
337,358,20
337,358,20
337,358,20
337,358,20
337,358,20
337,358,20
337,358,20
337,358,20
337,358,20
337,358,20
337,358,20
337,358,20
337,358,20
337,358,20
337,358,20
337,358,20
337,358,20
337,358,20
337,358,20
337,358,20
337,358,20
337,358,20
337,358,20
337,358,20
337,358,20
337,349,20
337,349,20
337,349,20
337,349,20
337,349,20
337,349,20
337,349,20
337,349,20
337,349,20
337,349,20
337,349,20
337,349,20
337,349,20
337,349,20
337,349,20
337,311,20
337,311,20
337,311,20
337,311,20
337,311,20
337,311,20
337,311,20
337,311,20
337,311,20
337,311,20
337,311,20
337,311,20
337,311,20
337,311,20
337,311,20
337,311,20
337,311,20
337,311,20
337,311,20
337,351,20
337,351,20
337,351,20
337,351,20
337,351,20
337,351,20
337,351,20
337,351,20
337,351,20
337,351,20
337,351,20
337,351,20
337,351,20
337,351,20
337,351,20
337,351,20
337,351,20
337,351,20
337,351,20
337,351,20
337,351,20
337,357,20
337,357,20
337,357,20
337,357,20
337,357,20
337,357,20
337,357,20
337,357,20
337,357,20
337,357,20
337,357,20
337,357,20
337,357,20
337,357,20
337,357,20
337,357,20
337,357,20
337,357,20
337,357,20
337,357,20
337,357,20
337,357,20
337,357,20
337,357,20
337,357,20
337,357,20
337,357,20
337,357,20
337,357,20
337,357,20
337,357,20
337,357,20
337,357,20
337,357,20
337,357,20
337,357,20
337,357,20
337,346,20
337,346,20
337,346,20
337,346,20
337,346,20
337,346,20
337,346,20
337,346,20
337,346,20
337,346,20
337,346,20
337,346,20
337,346,20
337,346,20
337,346,20
337,346,20
357,346,20
357,346,20
357,346,20
357,346,20
357,346,20
357,346,20
357,346,20
357,346,20
357,346,20
357,346,20
357,346,20
357,346,20
357,346,20
357,346,20
357,346,20
357,346,20
357,346,20
357,346,20
357,346,20
357,346,20
357,346,20
357,339,20
357,339,20
357,339,20
357,339,20
357,339,20
357,339,20
357,339,20
357,339,20
357,339,20
357,350,20
357,350,20
357,350,20
357,350,20
357,350,20
357,350,20
357,350,20
357,350,20
357,350,20
357,350,20
357,350,20
357,350,20
357,350,20
357,350,20
357,350,20
357,350,20
357,350,20
357,350,20
357,350,20
357,350,20
357,350,20
357,350,20
357,350,20
357,323,20
357,323,20
357,323,20
357,323,20
357,323,20
357,323,20
357,323,20
357,323,20
357,323,20
357,323,20
357,323,20
357,323,20
357,323,20
357,323,20
357,323,20
357,323,20
357,323,20
357,323,20
357,323,20
357,323,20
357,323,20
357,323,20
357,323,20
357,323,20
357,43,20
357,43,20
357,43,20
357,43,20
357,43,20
357,43,20
357,43,20
357,43,20
357,43,20
357,43,20
357,1,20
357,1,20
357,1,20
357,1,20
357,1,20
357,1,20
357,1,20
357,1,20
357,1,20
357,1,20
357,1,20
357,1,20
357,1,20
357,1,20
357,1,20
357,1,20
357,1,20
357,1,20
357,1,20
357,1,20
357,1,20
357,1,20
357,1,20
357,317,20
357,317,20
357,317,20
357,317,20
357,317,20
357,317,20
357,317,20
357,317,20
357,317,20
357,317,20
357,317,20
357,317,20
357,317,20
357,317,20
357,317,20
357,317,20
357,317,20
357,317,20
357,317,20
357,317,20
357,317,20
357,317,20
357,317,20
357,317,20
357,317,20
357,317,20
357,317,20
357,317,20
357,317,20
357,317,20
357,317,20
357,317,20
357,317,20
357,317,20
357,317,20
357,317,20
357,317,20
357,317,20
357,317,20
357,317,20
357,317,20
357,317,20
357,317,20
357,317,20
357,317,20
357,358,20
357,358,20
357,358,20
357,358,20
357,358,20
357,358,20
357,358,20
357,358,20
357,358,20
357,358,20
27,10,20
27,10,20
27,10,20
27,10,20
27,10,20
27,10,20
27,10,20
27,10,20
27,10,20
27,10,20
27,10,20
27,10,20
27,10,20
27,10,20
27,10,20
27,10,20
27,10,20
27,10,20
27,10,20
27,10,20
27,10,20
27,10,20
27,10,20
27,10,20
27,10,20
27,10,20
27,10,20
27,10,20
27,10,20
27,10,20
27,10,20
27,10,20
27,10,20
27,353,20
27,353,20
27,353,20
27,353,20
27,353,20
27,353,20
27,353,20
27,353,20
27,25,20
27,25,20
27,25,20
27,25,20
27,25,20
27,25,20
27,25,20
27,25,20
27,25,20
27,25,20
27,25,20
27,25,20
27,25,20
27,25,20
27,52,20
27,52,20
27,52,20
27,52,20
27,52,20
27,52,20
27,52,20
27,52,20
27,52,20
27,52,20
27,52,20
27,52,20
27,52,20
27,52,20
27,52,20
27,52,20
27,52,20
27,52,20
27,52,20
27,52,20
27,52,20
27,52,20
27,52,20
27,52,20
27,52,20
27,52,20
27,52,20
27,52,20
27,52,20
27,52,20
27,52,20
27,52,20
27,52,20
27,52,20
27,52,20
27,52,20
27,52,20
27,52,20
27,52,20
27,52,20
27,52,20
27,52,20
27,52,20
27,52,20
27,52,20
27,52,20
27,52,20
27,52,20
27,52,20
27,52,20
27,52,20
27,54,20
27,54,20
27,54,20
27,54,20
27,54,20
27,54,20
27,54,20
27,54,20
27,54,20
27,54,20
27,54,20
27,54,20
27,54,20
27,54,20
27,54,20
27,54,20
27,54,20
27,54,20
27,54,20
27,54,20
27,54,20
27,54,20
27,54,20
27,54,20
27,335,20
27,335,20
27,335,20
27,335,20
27,335,20
27,335,20
27,335,20
27,335,20
27,335,20
27,335,20
27,335,20
27,335,20
27,29,20
27,29,20
27,29,20
27,29,20
27,29,20
27,29,20
27,60,20
27,60,20
27,60,20
27,60,20
27,60,20
27,60,20
27,60,20
27,60,20
27,60,20
27,60,20
27,41,20
27,41,20
27,41,20
27,41,20
27,41,20
27,41,20
27,41,20
27,41,20
27,51,20
27,51,20
27,51,20
27,51,20
27,51,20
27,51,20
27,51,20
27,44,20
27,44,20
27,44,20
27,44,20
27,44,20
27,44,20
27,44,20
27,44,20
27,25,20
27,25,20
27,25,20
27,25,20
27,25,20
27,25,20
27,25,20
27,25,20
27,25,20
27,25,20
27,25,20
27,25,20
27,25,20
27,25,20
27,25,20
27,38,20
27,38,20
27,38,20
27,38,20
27,38,20
27,38,20
27,38,20
27,38,20
27,38,20
27,38,20
27,38,20
27,38,20
27,38,20
27,38,20
27,38,20
27,38,20
27,38,20
27,38,20
27,38,20
27,38,20
27,38,20
27,38,20
27,38,20
27,38,20
27,38,20
27,38,20
27,38,20
27,38,20
27,38,20
27,38,20
47,36,20
47,36,20
47,36,20
47,36,20
47,36,20
47,36,20
47,36,20
47,36,20
47,36,20
47,36,20
47,36,20
47,36,20
47,36,20
47,36,20
47,36,20
47,36,20
47,36,20
47,36,20
47,36,20
47,36,20
47,36,20
47,36,20
47,36,20
47,36,20
47,36,20
47,36,20
47,36,20
47,36,20
47,36,20
47,36,20
47,36,20
47,36,20
47,36,20
47,36,20
47,36,20
47,36,20
47,36,20
47,36,20
47,36,20
47,36,20
47,36,20
47,36,20
47,36,20
47,35,20
47,35,20
47,35,20
47,35,20
47,35,20
47,35,20
47,35,20
47,35,20
47,35,20
47,35,20
47,35,20
47,35,20
47,35,20
47,32,20
47,32,20
47,32,20
47,32,20
47,32,20
47,32,20
47,32,20
47,14,20
47,14,20
47,14,20
47,14,20
47,14,20
47,14,20
47,52,20
47,52,20
47,52,20
47,52,20
47,52,20
47,52,20
47,65,20
47,65,20
47,65,20
47,65,20
47,65,20
47,65,20
47,65,20
47,65,20
47,65,20
47,65,20
47,65,20
47,65,20
47,65,20
47,65,20
47,65,20
47,65,20
47,65,20
47,65,20
47,65,20
47,65,20
47,65,20
47,65,20
47,65,20
47,65,20
47,65,20
47,65,20
47,65,20
47,65,20
47,65,20
47,65,20
47,65,20
47,65,20
47,65,20
47,65,20
47,65,20
47,65,20
47,65,20
47,65,20
47,65,20
47,65,20
47,65,20
47,65,20
47,65,20
47,65,20
47,65,20
47,65,20
47,65,20
47,65,20
47,65,20
47,65,20
47,65,20
47,65,20
47,65,20
47,29,20
47,29,20
47,29,20
47,29,20
47,29,20
47,29,20
47,29,20
47,29,20
47,29,20
47,29,20
47,29,20
47,29,20
47,29,20
47,29,20
47,29,20
47,29,20
47,352,20
47,352,20
47,352,20
47,352,20
47,352,20
47,352,20
47,352,20
47,352,20
47,352,20
47,352,20
47,352,20
47,352,20
47,352,20
47,352,20
47,352,20
47,352,20
47,352,20
47,352,20
47,352,20
47,352,20
47,352,20
47,352,20
47,352,20
47,352,20
47,352,20
47,352,20
47,352,20
47,352,20
47,352,20
47,352,20
47,352,20
47,352,20
47,352,20
47,352,20
47,352,20
47,352,20
47,352,20
47,352,20
87,84,20
87,84,20
87,84,20
87,84,20
87,84,20
87,84,20
87,84,20
87,84,20
87,84,20
87,84,20
87,84,20
87,84,20
87,84,20
87,84,20
87,84,20
87,84,20
87,84,20
87,84,20
87,84,20
87,84,20
87,84,20
87,84,20
87,84,20
87,84,20
87,84,20
87,123,20
87,123,20
87,123,20
87,123,20
87,123,20
87,123,20
87,123,20
87,123,20
87,123,20
87,123,20
87,123,20
87,76,20
87,76,20
87,76,20
87,76,20
87,76,20
87,76,20
87,76,20
87,76,20
87,76,20
87,76,20
87,76,20
87,76,20
87,76,20
87,76,20
87,76,20
87,76,20
87,76,20
87,76,20
87,76,20
87,76,20
87,76,20
87,76,20
87,76,20
87,76,20
87,76,20
87,76,20
87,76,20
87,76,20
87,76,20
87,76,20
87,76,20
87,76,20
87,123,20
87,123,20
87,123,20
87,123,20
87,123,20
87,123,20
87,123,20
87,123,20
87,123,20
87,123,20
87,123,20
87,123,20
87,123,20
87,123,20
87,123,20
87,123,20
87,123,20
87,123,20
87,73,20
87,73,20
87,73,20
87,73,20
87,73,20
87,73,20
87,73,20
87,73,20
87,73,20
87,73,20
87,73,20
87,73,20
87,73,20
87,73,20
87,73,20
87,73,20
87,73,20
87,73,20
87,73,20
87,73,20
87,73,20
87,73,20
87,73,20
87,89,20
87,89,20
87,89,20
87,89,20
87,89,20
87,89,20
87,89,20
87,89,20
87,89,20
87,89,20
87,99,20
87,99,20
87,99,20
87,99,20
87,99,20
87,99,20
87,99,20
87,99,20
87,99,20
87,99,20
87,99,20
87,99,20
87,99,20
87,99,20
87,99,20
87,68,20
87,68,20
87,68,20
87,68,20
87,68,20
87,68,20
87,68,20
87,68,20
87,68,20
87,68,20
87,68,20
87,68,20
87,68,20
87,68,20
87,68,20
87,68,20
87,68,20
87,68,20
87,68,20
87,68,20
87,68,20
87,68,20
87,68,20
87,68,20
87,68,20
87,68,20
87,68,20
87,68,20
87,68,20
87,68,20
87,68,20
87,68,20
87,68,20
87,68,20
87,68,20
87,68,20
87,68,20
87,68,20
87,68,20
87,68,20
87,68,20
87,68,20
87,68,20
87,68,20
87,68,20
87,68,20
87,68,20
87,68,20
87,68,20
87,68,20
87,83,20
87,83,20
87,83,20
87,83,20
87,83,20
87,83,20
87,83,20
87,83,20
87,83,20
87,83,20
87,83,20
87,83,20
87,83,20
87,83,20
87,83,20
87,83,20
87,83,20
87,83,20
87,83,20
87,83,20
87,83,20
87,83,20
87,83,20
87,83,20
87,83,20
87,83,20
87,83,20
87,83,20
87,83,20
87,83,20
87,83,20
87,83,20
87,83,20
87,83,20
87,83,20
87,113,20
87,113,20
87,113,20
87,113,20
87,113,20
87,113,20
87,113,20
87,113,20
87,113,20
87,113,20
87,113,20
87,113,20
87,113,20
87,113,20
87,113,20
87,113,20
87,122,20
87,122,20
87,122,20
87,122,20
87,122,20
87,122,20
87,122,20
87,122,20
87,122,20
87,122,20
87,122,20
87,122,20
67,76,20
67,76,20
67,76,20
67,76,20
67,76,20
67,76,20
67,76,20
67,74,20
67,74,20
67,74,20
67,74,20
67,74,20
67,74,20
67,74,20
67,74,20
67,74,20
67,60,20
67,60,20
67,60,20
67,60,20
67,60,20
67,60,20
67,60,20
67,60,20
67,60,20
67,60,20
67,60,20
67,50,20
67,50,20
67,50,20
67,50,20
67,50,20
67,50,20
67,50,20
67,85,20
67,85,20
67,85,20
67,85,20
67,85,20
67,85,20
67,85,20
67,85,20
67,85,20
67,85,20
67,85,20
67,85,20
67,90,20
67,90,20
67,90,20
67,90,20
67,90,20
67,90,20
67,90,20
67,90,20
67,45,20
67,45,20
67,45,20
67,45,20
67,45,20
67,45,20
67,45,20
67,45,20
67,45,20
67,45,20
67,45,20
67,45,20
67,45,20
67,45,20
67,45,20
67,45,20
67,45,20
67,73,20
67,73,20
67,73,20
67,73,20
67,73,20
67,73,20
67,73,20
67,73,20
67,73,20
67,73,20
67,42,20
67,42,20
67,42,20
67,42,20
67,42,20
67,42,20
67,42,20
67,42,20
67,42,20
67,42,20
67,42,20
67,42,20
67,42,20
67,42,20
67,42,20
67,42,20
67,42,20
67,42,20
67,42,20
67,42,20
67,42,20
67,42,20
67,42,20
67,42,20
67,42,20
67,42,20
67,42,20
67,42,20
67,42,20
67,42,20
67,42,20
67,42,20
67,42,20
67,42,20
67,42,20
67,102,20
67,102,20
67,102,20
67,102,20
67,102,20
67,102,20
67,102,20
67,102,20
67,102,20
67,102,20
67,102,20
67,102,20
67,102,20
67,102,20
67,102,20
67,102,20
67,102,20
67,102,20
67,102,20
67,102,20
67,102,20
67,102,20
67,102,20
67,102,20
67,102,20
67,102,20
67,102,20
67,102,20
67,102,20
67,102,20
67,102,20
67,102,20
67,102,20
67,102,20
67,102,20
67,102,20
67,102,20
67,102,20
67,82,20
67,82,20
67,82,20
67,82,20
67,82,20
67,82,20
67,82,20
67,82,20
67,82,20
67,82,20
67,82,20
67,82,20
67,82,20
67,82,20
67,82,20
67,82,20
67,82,20
67,82,20
67,82,20
67,82,20
67,82,20
67,82,20
67,82,20
67,82,20
67,82,20
67,82,20
67,82,20
67,82,20
67,82,20
67,82,20
67,82,20
67,82,20
67,82,20
67,82,20
67,82,20
67,82,20
67,82,20
67,82,20
67,82,20
67,82,20
67,82,20
67,82,20
67,82,20
67,82,20
67,82,20
67,82,20
67,82,20
67,82,20
67,82,20
67,82,20
67,82,20
67,82,20
67,82,20
67,82,20
67,82,20
67,82,20
67,82,20
67,82,20
67,82,20
67,73,20
67,73,20
67,73,20
67,73,20
67,73,20
67,73,20
67,73,20
67,73,20
67,73,20
67,73,20
67,73,20
67,73,20
67,73,20
67,73,20
67,73,20
67,61,20
67,61,20
67,61,20
67,61,20
67,61,20
67,61,20
67,61,20
67,61,20
67,61,20
67,61,20
67,61,20
67,61,20
67,61,20
67,61,20
67,61,20
67,61,20
67,61,20
67,61,20
67,61,20
67,75,20
67,75,20
67,75,20
67,75,20
67,75,20
67,75,20
67,75,20
67,75,20
67,75,20
67,75,20
67,75,20
67,75,20
67,75,20
67,75,20
67,75,20
67,75,20
67,75,20
67,75,20
67,75,20
67,75,20
67,75,20
67,75,20
67,75,20
67,75,20
67,75,20
67,75,20
67,75,20
67,75,20
67,75,20
67,75,20
67,75,20
47,44,20
47,44,20
47,44,20
47,44,20
47,44,20
47,44,20
47,44,20
47,44,20
47,44,20
47,44,20
47,14,20
47,14,20
47,14,20
47,14,20
47,14,20
47,14,20
47,14,20
47,14,20
47,14,20
47,14,20
47,14,20
47,14,20
47,14,20
47,14,20
47,14,20
47,14,20
47,14,20
47,14,20
47,14,20
47,14,20
47,19,20
47,19,20
47,19,20
47,19,20
47,19,20
47,19,20
47,19,20
47,19,20
47,19,20
47,19,20
47,19,20
47,19,20
47,19,20
47,19,20
47,19,20
47,19,20
47,19,20
47,19,20
47,19,20
47,52,20
47,52,20
47,52,20
47,52,20
47,52,20
47,52,20
47,52,20
47,52,20
47,52,20
47,52,20
47,52,20
47,52,20
47,52,20
47,52,20
47,52,20
47,52,20
47,52,20
47,52,20
47,52,20
47,52,20
47,52,20
47,52,20
47,52,20
47,52,20
47,52,20
47,33,20
47,33,20
47,33,20
47,33,20
47,33,20
47,33,20
47,33,20
47,33,20
47,33,20
47,33,20
47,33,20
47,33,20
47,33,20
47,33,20
47,43,20
47,43,20
47,43,20
47,43,20
47,43,20
47,43,20
47,43,20
47,43,20
47,43,20
47,43,20
47,43,20
47,43,20
47,43,20
47,43,20
47,43,20
47,43,20
47,43,20
47,43,20
47,43,20
47,43,20
47,43,20
47,43,20
47,43,20
47,43,20
47,43,20
47,43,20
47,43,20
47,43,20
47,43,20
47,43,20
47,43,20
47,43,20
47,43,20
47,43,20
47,43,20
47,43,20
47,43,20
47,43,20
47,21,20
47,21,20
47,21,20
47,21,20
47,21,20
47,21,20
47,21,20
47,21,20
47,21,20
47,21,20
47,21,20
47,21,20
47,21,20
47,21,20
47,21,20
47,21,20
47,21,20
47,21,20
47,21,20
47,21,20
47,21,20
47,21,20
47,21,20
47,21,20
47,21,20
47,21,20
47,21,20
47,21,20
47,21,20
47,21,20
47,21,20
47,21,20
47,21,20
47,21,20
47,35,20
47,35,20
47,35,20
47,35,20
47,35,20
47,35,20
47,35,20
47,35,20
47,35,20
47,35,20
47,35,20
47,35,20
47,35,20
47,35,20
47,35,20
47,35,20
47,35,20
47,35,20
47,35,20
47,35,20
47,35,20
47,35,20
47,35,20
47,35,20
47,35,20
47,35,20
47,35,20
7,24,20
7,24,20
7,24,20
7,24,20
7,24,20
7,24,20
7,24,20
7,24,20
7,24,20
7,24,20
7,24,20
7,24,20
7,24,20
7,24,20
7,24,20
7,24,20
7,24,20
7,24,20
7,24,20
7,24,20
7,24,20
7,24,20
7,24,20
7,24,20
7,24,20
7,24,20
7,16,20
7,16,20
7,16,20
7,16,20
7,16,20
7,16,20
7,16,20
7,16,20
7,16,20
7,16,20
7,16,20
7,16,20
7,16,20
7,16,20
7,16,20
7,16,20
7,16,20
7,16,20
7,16,20
7,16,20
7,16,20
7,16,20
7,16,20
7,16,20
7,16,20
7,16,20
7,16,20
7,16,20
7,16,20
7,16,20
7,16,20
7,16,20
7,16,20
7,16,20
7,16,20
7,16,20
7,16,20
7,16,20
7,16,20
7,16,20
7,16,20
7,16,20
7,16,20
7,16,20
7,16,20
7,16,20
7,16,20
7,16,20
7,16,20
7,16,20
7,16,20
7,16,20
7,16,20
7,16,20
7,2,20
7,2,20
7,2,20
7,2,20
7,2,20
7,2,20
7,2,20
7,2,20
7,2,20
7,2,20
7,2,20
7,2,20
7,2,20
7,2,20
7,2,20
7,2,20
7,2,20
7,2,20
7,2,20
7,2,20
7,2,20
7,2,20
7,2,20
7,2,20
7,2,20
7,2,20
7,2,20
7,2,20
7,2,20
7,356,20
7,356,20
7,356,20
7,356,20
7,356,20
7,356,20
7,356,20
7,356,20
7,356,20
7,356,20
7,356,20
7,356,20
7,356,20
7,356,20
7,356,20
7,356,20
7,356,20
327,357,20
327,357,20
327,357,20
327,357,20
327,357,20
327,357,20
327,357,20
327,357,20
327,357,20
327,357,20
327,357,20
327,357,20
327,357,20
327,333,20
327,333,20
327,333,20
327,333,20
327,333,20
327,333,20
327,333,20
327,333,20
327,333,20
327,333,20
327,333,20
327,333,20
327,333,20
327,333,20
327,333,20
327,333,20
327,333,20
327,333,20
327,333,20
327,333,20
327,333,20
327,333,20
327,333,20
327,333,20
327,333,20
327,333,20
327,333,20
327,6,20
327,6,20
327,6,20
327,6,20
327,6,20
327,6,20
327,6,20
327,6,20
327,303,20
327,303,20
327,303,20
327,303,20
327,303,20
327,303,20
327,303,20
327,303,20
327,303,20
327,303,20
327,343,20
327,343,20
327,343,20
327,343,20
327,343,20
327,343,20
327,343,20
327,343,20
327,343,20
327,343,20
327,343,20
327,343,20
327,343,20
327,343,20
327,343,20
327,343,20
327,343,20
327,343,20
327,343,20
327,343,20
327,343,20
327,343,20
327,343,20
327,343,20
327,343,20
327,343,20
327,343,20
327,343,20
327,343,20
327,343,20
327,343,20
327,343,20
327,343,20
327,343,20
327,343,20
327,343,20
327,343,20
327,343,20
327,343,20
327,343,20
327,343,20
327,343,20
327,343,20
327,343,20
327,343,20
327,343,20
327,343,20
327,343,20
327,343,20
327,343,20
327,343,20
327,343,20
327,343,20
327,343,20
327,343,20
327,343,20
327,343,20
327,315,20
327,315,20
327,315,20
327,315,20
327,315,20
327,315,20
327,315,20
327,315,20
327,315,20
327,315,20
327,335,20
327,335,20
327,335,20
327,335,20
327,335,20
327,335,20
327,335,20
327,335,20
327,335,20
327,335,20
327,335,20
327,335,20
327,335,20
327,335,20
327,335,20
327,335,20
327,293,20
327,293,20
327,293,20
327,293,20
327,293,20
327,293,20
327,293,20
327,293,20
327,293,20
327,293,20
327,293,20
327,293,20
327,293,20
327,293,20
327,293,20
327,293,20
327,293,20
327,293,20
327,293,20
327,293,20
327,293,20
327,293,20
327,293,20
327,293,20
287,303,20
287,303,20
287,303,20
287,303,20
287,303,20
287,303,20
287,303,20
287,303,20
287,303,20
287,303,20
287,303,20
287,303,20
287,303,20
287,303,20
287,303,20
287,303,20
287,303,20
287,303,20
287,303,20
287,303,20
287,303,20
287,303,20
287,303,20
287,303,20
287,303,20
287,303,20
287,303,20
287,261,20
287,261,20
287,261,20
287,261,20
287,261,20
287,261,20
287,261,20
287,261,20
287,261,20
287,261,20
287,261,20
287,261,20
287,261,20
287,261,20
287,261,20
287,261,20
287,261,20
287,261,20
287,261,20
287,261,20
287,261,20
287,261,20
287,261,20
287,261,20
287,261,20
287,261,20
287,261,20
287,261,20
287,261,20
287,261,20
287,261,20
287,261,20
287,261,20
287,261,20
287,261,20
287,261,20
287,261,20
287,261,20
287,261,20
287,261,20
287,261,20
287,261,20
287,261,20
287,261,20
287,261,20
287,261,20
287,261,20
287,261,20
287,261,20
287,294,20
287,294,20
287,294,20
287,294,20
287,294,20
287,294,20
287,294,20
287,294,20
287,294,20
287,294,20
287,294,20
287,294,20
287,294,20
287,294,20
287,294,20
287,294,20
287,294,20
287,294,20
287,294,20
287,294,20
287,294,20
287,294,20
287,294,20
287,294,20
287,294,20
287,294,20
287,294,20
287,294,20
287,294,20
287,294,20
287,294,20
287,294,20
287,294,20
287,319,20
287,319,20
287,319,20
287,319,20
287,319,20
287,319,20
287,319,20
287,319,20
287,319,20
287,319,20
287,319,20
287,319,20
287,319,20
287,319,20
287,319,20
287,319,20
287,319,20
287,319,20
287,319,20
287,319,20
287,319,20
287,319,20
287,319,20
287,319,20
287,319,20
287,319,20
287,319,20
287,319,20
287,319,20
287,283,20
287,283,20
287,283,20
287,283,20
287,283,20
287,283,20
287,283,20
287,283,20
287,283,20
287,283,20
287,283,20
287,283,20
287,283,20
287,283,20
287,283,20
287,283,20
287,283,20
287,283,20
287,283,20
287,283,20
287,283,20
287,283,20
287,283,20
287,283,20
287,283,20
287,283,20
287,283,20
287,283,20
287,283,20
287,283,20
267,288,20
267,288,20
267,288,20
267,288,20
267,288,20
267,288,20
267,288,20
267,288,20
267,288,20
267,288,20
267,288,20
267,246,20
267,246,20
267,246,20
267,246,20
267,246,20
267,246,20
267,246,20
267,246,20
267,246,20
267,246,20
267,246,20
267,263,20
267,263,20
267,263,20
267,263,20
267,263,20
267,263,20
267,263,20
267,263,20
267,263,20
267,263,20
267,263,20
267,263,20
267,263,20
267,263,20
267,263,20
267,263,20
267,263,20
267,263,20
267,263,20
267,263,20
267,263,20
267,263,20
267,252,20
267,252,20
267,252,20
267,252,20
267,252,20
267,252,20
267,252,20
267,252,20
267,252,20
267,252,20
267,252,20
267,252,20
267,252,20
267,252,20
267,252,20
267,252,20
267,252,20
267,277,20
267,277,20
267,277,20
267,277,20
267,277,20
267,277,20
267,277,20
267,277,20
267,277,20
267,277,20
267,277,20
267,277,20
267,277,20
267,277,20
267,277,20
267,277,20
267,277,20
267,277,20
267,280,20
267,280,20
267,280,20
267,280,20
267,280,20
267,280,20
267,280,20
267,280,20
267,280,20
267,280,20
267,280,20
267,280,20
267,280,20
267,280,20
267,280,20
267,280,20
267,280,20
267,280,20
267,280,20
267,280,20
267,280,20
267,280,20
267,280,20
267,280,20
267,280,20
267,280,20
267,280,20
267,285,20
267,285,20
267,285,20
267,285,20
267,285,20
267,285,20
267,285,20
267,285,20
267,285,20
267,285,20
267,285,20
267,285,20
267,285,20
267,285,20
267,285,20
267,285,20
267,285,20
267,285,20
267,285,20
267,286,20
267,286,20
267,286,20
267,286,20
267,286,20
267,286,20
267,268,20
267,268,20
267,268,20
267,268,20
267,268,20
267,268,20
267,268,20
267,268,20
267,268,20
267,268,20
267,268,20
267,268,20
267,268,20
267,268,20
267,268,20
267,268,20
267,268,20
267,268,20
267,268,20
267,268,20
267,268,20
267,268,20
267,268,20
267,268,20
267,268,20
267,268,20
267,268,20
267,268,20
267,268,20
267,268,20
267,268,20
267,268,20
267,268,20
267,268,20
267,268,20
267,268,20
267,268,20
267,268,20
267,268,20
287,281,20
287,281,20
287,281,20
287,281,20
287,281,20
287,281,20
287,281,20
287,281,20
287,281,20
287,281,20
287,281,20
287,281,20
287,281,20
287,281,20
287,281,20
287,281,20
287,281,20
287,281,20
287,281,20
287,281,20
287,281,20
287,281,20
287,281,20
287,281,20
287,281,20
287,281,20
287,281,20
287,281,20
287,281,20
287,281,20
287,281,20
287,281,20
287,281,20
287,281,20
287,281,20
287,281,20
287,281,20
287,281,20
287,281,20
287,281,20
287,281,20
287,281,20
287,281,20
287,281,20
287,294,20
287,294,20
287,294,20
287,294,20
287,294,20
287,294,20
287,294,20
287,294,20
287,294,20
287,294,20
287,294,20
287,294,20
287,294,20
287,294,20
287,294,20
287,294,20
287,294,20
287,294,20
287,294,20
287,294,20
287,294,20
287,267,20
287,267,20
287,267,20
287,267,20
287,267,20
287,267,20
287,280,20
287,280,20
287,280,20
287,280,20
287,280,20
287,280,20
287,280,20
287,280,20
287,280,20
287,280,20
287,280,20
287,280,20
287,280,20
287,280,20
287,280,20
287,280,20
287,280,20
287,280,20
287,280,20
287,280,20
287,280,20
287,280,20
287,280,20
287,280,20
287,280,20
287,280,20
287,280,20
287,309,20
287,309,20
287,309,20
287,309,20
287,309,20
287,309,20
287,309,20
287,309,20
287,309,20
287,309,20
287,309,20
287,309,20
287,309,20
287,309,20
287,309,20
287,309,20
287,309,20
287,309,20
287,309,20
287,309,20
287,304,20
287,304,20
287,304,20
287,304,20
287,304,20
287,304,20
287,304,20
287,304,20
287,304,20
287,304,20
287,304,20
287,304,20
287,304,20
287,304,20
287,304,20
287,304,20
287,304,20
287,304,20
287,304,20
287,304,20
287,304,20
287,304,20
287,304,20
287,304,20
287,304,20
287,304,20
287,304,20
287,304,20
287,304,20
287,304,20
287,304,20
287,304,20
287,304,20
287,304,20
287,304,20
287,304,20
287,311,20
287,311,20
287,311,20
287,311,20
287,311,20
287,311,20
287,311,20
287,311,20
287,311,20
287,311,20
287,311,20
287,311,20
287,311,20
287,311,20
287,311,20
287,311,20
287,311,20
287,311,20
287,311,20
287,311,20
287,311,20
287,311,20
287,311,20
287,311,20
287,311,20
287,311,20
287,311,20
287,311,20
287,311,20
287,311,20
287,311,20
287,311,20
287,311,20
287,311,20
287,311,20
287,311,20
287,311,20
287,311,20
287,311,20
287,311,20
287,311,20
287,311,20
287,311,20
287,311,20
287,311,20
287,311,20
287,311,20
287,311,20
287,311,20
317,304,20
317,304,20
317,304,20
317,304,20
317,304,20
317,304,20
317,304,20
317,304,20
317,304,20
317,304,20
317,304,20
317,304,20
317,304,20
317,304,20
317,304,20
317,304,20
317,304,20
317,304,20
317,304,20
317,304,20
317,304,20
317,304,20
317,304,20
317,304,20
317,304,20
317,304,20
317,304,20
317,304,20
317,304,20
317,304,20
317,304,20
317,322,20
317,322,20
317,322,20
317,322,20
317,322,20
317,322,20
317,322,20
317,322,20
317,322,20
317,322,20
317,322,20
317,322,20
317,322,20
317,322,20
317,322,20
317,322,20
317,322,20
317,322,20
317,314,20
317,314,20
317,314,20
317,314,20
317,314,20
317,314,20
317,314,20
317,314,20
317,321,20
317,321,20
317,321,20
317,321,20
317,321,20
317,321,20
317,321,20
317,321,20
317,321,20
317,321,20
317,321,20
317,302,20
317,302,20
317,302,20
317,302,20
317,302,20
317,302,20
317,302,20
317,302,20
317,302,20
317,302,20
317,302,20
317,302,20
317,302,20
317,302,20
317,302,20
317,302,20
317,302,20
317,302,20
317,302,20
317,302,20
317,302,20
317,302,20
317,302,20
317,302,20
317,302,20
317,302,20
317,302,20
317,302,20
317,302,20
317,302,20
317,302,20
317,302,20
317,302,20
317,302,20
317,302,20
317,302,20
317,309,20
317,309,20
317,309,20
317,309,20
317,309,20
317,309,20
317,309,20
317,292,20
317,292,20
317,292,20
317,292,20
317,292,20
317,292,20
317,292,20
317,292,20
317,292,20
317,292,20
317,292,20
317,292,20
317,292,20
317,292,20
317,292,20
317,292,20
317,292,20
317,332,20
317,332,20
317,332,20
317,332,20
317,332,20
317,332,20
317,326,20
317,326,20
317,326,20
317,326,20
317,326,20
317,326,20
317,326,20
317,287,20
317,287,20
317,287,20
317,287,20
317,287,20
317,287,20
317,287,20
317,287,20
317,287,20
317,287,20
317,287,20
317,287,20
317,287,20
317,287,20
317,321,20
317,321,20
317,321,20
317,321,20
317,321,20
317,321,20
317,278,20
317,278,20
317,278,20
317,278,20
317,278,20
317,278,20
317,278,20
317,278,20
317,278,20
317,326,20
317,326,20
317,326,20
317,326,20
317,326,20
317,326,20
317,326,20
317,326,20
317,326,20
317,326,20
317,326,20
317,326,20
317,326,20
317,326,20
317,326,20
317,326,20
317,326,20
317,326,20
317,326,20
317,326,20
317,326,20
317,308,20
317,308,20
317,308,20
317,308,20
317,308,20
317,308,20
317,2,20
317,2,20
317,2,20
317,2,20
317,2,20
317,2,20
317,2,20
317,2,20
317,2,20
317,2,20
357,354,20
357,354,20
357,354,20
357,354,20
357,354,20
357,354,20
357,354,20
357,354,20
357,354,20
357,354,20
357,354,20
357,354,20
357,354,20
357,354,20
357,354,20
357,354,20
357,354,20
357,354,20
357,354,20
357,354,20
357,343,20
357,343,20
357,343,20
357,343,20
357,343,20
357,343,20
357,343,20
357,343,20
357,343,20
357,343,20
357,343,20
357,343,20
357,343,20
357,343,20
357,343,20
357,343,20
357,343,20
357,343,20
357,343,20
357,343,20
357,343,20
357,343,20
357,343,20
357,343,20
357,343,20
357,343,20
357,354,20
357,354,20
357,354,20
357,354,20
357,354,20
357,354,20
357,354,20
357,354,20
357,354,20
357,355,20
357,355,20
357,355,20
357,355,20
357,355,20
357,355,20
357,355,20
357,355,20
357,355,20
357,355,20
357,355,20
357,341,20
357,341,20
357,341,20
357,341,20
357,341,20
357,341,20
357,341,20
357,341,20
357,341,20
357,341,20
357,341,20
357,341,20
357,341,20
357,341,20
357,341,20
357,341,20
357,341,20
357,341,20
357,341,20
357,341,20
357,341,20
357,341,20
357,341,20
357,341,20
357,341,20
357,341,20
357,341,20
357,341,20
357,341,20
357,341,20
357,341,20
357,341,20
357,341,20
357,341,20
357,335,20
357,335,20
357,335,20
357,335,20
357,335,20
357,335,20
357,335,20
357,335,20
357,335,20
357,335,20
357,335,20
357,335,20
357,335,20
357,335,20
357,335,20
357,335,20
357,335,20
357,335,20
357,335,20
357,335,20
357,335,20
357,335,20
357,335,20
357,335,20
357,335,20
357,335,20
357,335,20
357,335,20
357,335,20
357,335,20
357,335,20
357,335,20
357,335,20
357,335,20
357,335,20
357,335,20
357,335,20
357,335,20
357,335,20
357,341,20
357,341,20
357,341,20
357,341,20
357,341,20
357,341,20
357,341,20
357,341,20
357,341,20
357,341,20
357,341,20
357,341,20
357,341,20
357,341,20
357,341,20
357,341,20
357,341,20
357,341,20
357,341,20
357,341,20
357,341,20
357,341,20
357,341,20
357,341,20
357,341,20
357,341,20
357,341,20
357,358,20
357,358,20
357,358,20
357,358,20
357,358,20
357,358,20
357,358,20
357,358,20
357,358,20
357,358,20
357,358,20
357,358,20
357,358,20
357,358,20
357,358,20
357,358,20
357,358,20
357,353,20
357,353,20
357,353,20
357,353,20
357,353,20
357,353,20
357,353,20
357,353,20
357,353,20
357,353,20
357,353,20
357,353,20
357,353,20
357,353,20
357,353,20
357,353,20
357,353,20
357,353,20
357,353,20
357,353,20
357,353,20
357,353,20
357,353,20
357,353,20
357,353,20
357,353,20
357,353,20
357,353,20
357,341,20
357,341,20
357,341,20
357,341,20
357,341,20
357,341,20
357,341,20
357,341,20
357,341,20
357,341,20
357,341,20
357,341,20
357,341,20
357,351,20
357,351,20
357,351,20
357,351,20
357,351,20
357,351,20
27,9,20
27,9,20
27,9,20
27,9,20
27,9,20
27,9,20
27,9,20
27,9,20
27,9,20
27,9,20
27,9,20
27,9,20
27,5,20
27,5,20
27,5,20
27,5,20
27,5,20
27,5,20
27,5,20
27,5,20
27,5,20
27,5,20
27,5,20
27,5,20
27,5,20
27,5,20
27,5,20
27,5,20
27,5,20
27,5,20
27,5,20
27,5,20
27,5,20
27,5,20
27,5,20
27,5,20
27,24,20
27,24,20
27,24,20
27,24,20
27,24,20
27,24,20
27,15,20
27,15,20
27,15,20
27,15,20
27,15,20
27,15,20
27,15,20
27,15,20
27,41,20
27,41,20
27,41,20
27,41,20
27,41,20
27,41,20
27,41,20
27,41,20
27,41,20
27,41,20
27,41,20
27,41,20
27,41,20
27,41,20
27,41,20
27,41,20
27,41,20
27,41,20
27,41,20
27,41,20
27,41,20
27,41,20
27,41,20
27,41,20
27,15,20
27,15,20
27,15,20
27,15,20
27,15,20
27,15,20
27,15,20
27,0,20
27,0,20
27,0,20
27,0,20
27,0,20
27,0,20
27,0,20
27,0,20
27,0,20
27,0,20
27,0,20
27,0,20
27,0,20
27,0,20
27,0,20
27,0,20
27,0,20
27,0,20
27,0,20
27,0,20
27,0,20
27,0,20
27,0,20
27,0,20
27,0,20
27,0,20
27,0,20
27,0,20
27,0,20
27,34,20
27,34,20
27,34,20
27,34,20
27,34,20
27,34,20
27,34,20
27,34,20
27,34,20
27,34,20
27,34,20
27,22,20
27,22,20
27,22,20
27,22,20
27,22,20
27,22,20
27,22,20
27,22,20
27,22,20
27,22,20
27,22,20
27,22,20
27,22,20
27,22,20
27,22,20
27,358,20
27,358,20
27,358,20
27,358,20
27,358,20
27,358,20
27,358,20
27,358,20
27,358,20
27,358,20
27,358,20
27,358,20
27,358,20
27,358,20
27,358,20
27,358,20
27,358,20
27,358,20
27,358,20
27,358,20
27,358,20
27,358,20
27,358,20
27,358,20
27,358,20
27,358,20
27,358,20
27,358,20
27,358,20
27,358,20
27,358,20
27,7,20
27,7,20
27,7,20
27,7,20
27,7,20
27,7,20
27,7,20
27,7,20
27,7,20
27,7,20
27,7,20
27,7,20
27,7,20
27,7,20
27,7,20
27,7,20
27,7,20
27,7,20
27,7,20
27,7,20
27,7,20
27,7,20
27,7,20
27,7,20
27,7,20
27,7,20
27,7,20
27,7,20
27,7,20
27,7,20
27,7,20
27,7,20
27,7,20
27,7,20
27,7,20
27,7,20
27,7,20
27,7,20
27,7,20
27,7,20
27,7,20
27,7,20
27,49,20
27,49,20
27,49,20
27,49,20
27,49,20
27,49,20
27,49,20
27,49,20
27,49,20
27,49,20
27,49,20
27,49,20
27,49,20
27,49,20
27,52,20
27,52,20
27,52,20
27,52,20
27,52,20
27,52,20
27,52,20
27,52,20
27,52,20
27,52,20
27,341,20
27,341,20
27,341,20
27,341,20
27,341,20
27,341,20
27,341,20
27,341,20
27,341,20
27,341,20
27,341,20
27,341,20
27,341,20
27,341,20
27,341,20
27,341,20
27,341,20
27,341,20
27,341,20
27,341,20
27,341,20
27,341,20
27,341,20
357,330,20
357,330,20
357,330,20
357,330,20
357,330,20
357,330,20
357,330,20
357,330,20
357,330,20
357,16,20
357,16,20
357,16,20
357,16,20
357,16,20
357,16,20
357,16,20
357,16,20
357,16,20
357,16,20
357,16,20
357,16,20
357,16,20
357,16,20
357,16,20
357,16,20
357,16,20
357,16,20
357,16,20
357,16,20
357,16,20
357,16,20
357,16,20
357,6,20
357,6,20
357,6,20
357,6,20
357,6,20
357,6,20
357,6,20
357,6,20
357,6,20
357,6,20
357,6,20
357,6,20
357,6,20
357,6,20
357,6,20
357,6,20
357,6,20
357,6,20
357,6,20
357,6,20
357,6,20
357,6,20
357,6,20
357,6,20
357,6,20
357,6,20
357,6,20
357,6,20
357,6,20
357,6,20
357,6,20
357,6,20
357,6,20
357,6,20
357,6,20
357,6,20
357,6,20
357,6,20
357,6,20
357,6,20
357,6,20
357,6,20
357,6,20
357,20,20
357,20,20
357,20,20
357,20,20
357,20,20
357,20,20
357,20,20
357,20,20
357,20,20
357,20,20
357,20,20
357,20,20
357,20,20
357,20,20
357,20,20
357,20,20
357,20,20
357,20,20
357,20,20
357,20,20
357,20,20
357,20,20
357,20,20
357,20,20
357,20,20
357,20,20
357,20,20
357,20,20
357,20,20
357,20,20
357,20,20
357,20,20
357,20,20
357,20,20
357,20,20
357,20,20
357,20,20
357,20,20
357,20,20
357,20,20
357,20,20
357,20,20
357,20,20
357,342,20
357,342,20
357,342,20
357,342,20
357,342,20
357,342,20
357,342,20
357,344,20
357,344,20
357,344,20
357,344,20
357,344,20
357,344,20
357,344,20
357,344,20
357,344,20
357,344,20
357,344,20
357,344,20
357,344,20
357,344,20
357,344,20
357,344,20
357,344,20
357,344,20
357,344,20
357,344,20
357,344,20
357,344,20
357,344,20
357,344,20
357,344,20
357,344,20
357,344,20
357,344,20
357,344,20
357,344,20
357,344,20
357,344,20
357,344,20
357,344,20
357,344,20
357,344,20
357,344,20
357,344,20
357,344,20
357,344,20
357,344,20
357,344,20
357,344,20
357,0,20
357,0,20
357,0,20
357,0,20
357,0,20
357,0,20
357,0,20
357,0,20
357,0,20
357,0,20
357,0,20
357,0,20
357,0,20
357,0,20
357,0,20
357,0,20
357,0,20
357,0,20
357,0,20
357,0,20
357,0,20
357,0,20
357,0,20
357,0,20
357,0,20
357,0,20
357,0,20
357,0,20
357,0,20
357,0,20
357,0,20
357,0,20
357,0,20
357,0,20
337,341,20
337,341,20
337,341,20
337,341,20
337,341,20
337,341,20
337,341,20
337,341,20
337,341,20
337,341,20
337,341,20
337,341,20
337,341,20
337,341,20
337,341,20
337,341,20
337,341,20
337,333,20
337,333,20
337,333,20
337,333,20
337,333,20
337,333,20
337,333,20
337,333,20
337,333,20
337,333,20
337,314,20
337,314,20
337,314,20
337,314,20
337,314,20
337,314,20
337,314,20
337,314,20
337,314,20
337,314,20
337,20,20
337,20,20
337,20,20
337,20,20
337,20,20
337,20,20
337,20,20
337,20,20
337,20,20
337,20,20
337,330,20
337,330,20
337,330,20
337,330,20
337,330,20
337,330,20
337,330,20
337,330,20
337,330,20
337,330,20
337,330,20
337,330,20
337,330,20
337,330,20
337,330,20
337,330,20
337,330,20
337,330,20
337,330,20
337,330,20
337,330,20
337,330,20
337,330,20
337,330,20
337,330,20
337,330,20
337,330,20
337,330,20
337,330,20
337,334,20
337,334,20
337,334,20
337,334,20
337,334,20
337,334,20
337,334,20
337,334,20
337,334,20
337,334,20
337,334,20
337,323,20
337,323,20
337,323,20
337,323,20
337,323,20
337,323,20
337,323,20
337,323,20
337,323,20
337,323,20
337,323,20
337,323,20
337,323,20
337,323,20
337,321,20
337,321,20
337,321,20
337,321,20
337,321,20
337,321,20
337,321,20
337,321,20
337,321,20
337,321,20
337,321,20
337,321,20
337,321,20
337,321,20
337,321,20
337,321,20
337,321,20
337,321,20
337,321,20
337,321,20
337,321,20
337,321,20
337,321,20
337,321,20
337,321,20
337,321,20
337,321,20
337,321,20
337,321,20
337,321,20
337,321,20
337,321,20
337,321,20
337,321,20
337,321,20
337,321,20
337,321,20
337,321,20
337,321,20
337,321,20
337,321,20
337,321,20
337,321,20
337,321,20
337,321,20
337,321,20
337,321,20
337,317,20
337,317,20
337,317,20
337,317,20
337,317,20
337,317,20
337,317,20
337,317,20
337,317,20
337,317,20
337,317,20
337,317,20
337,317,20
337,317,20
337,317,20
337,317,20
337,317,20
337,317,20
337,317,20
337,317,20
337,317,20
337,317,20
337,317,20
337,317,20
337,317,20
337,317,20
337,317,20
337,317,20
337,317,20
337,317,20
337,317,20
337,309,20
337,309,20
337,309,20
337,309,20
337,309,20
337,309,20
337,309,20
337,309,20
337,309,20
337,309,20
17,11,20
17,11,20
17,11,20
17,11,20
17,11,20
17,11,20
17,11,20
17,11,20
17,11,20
17,11,20
17,11,20
17,11,20
17,11,20
17,14,20
17,14,20
17,14,20
17,14,20
17,14,20
17,14,20
17,14,20
17,14,20
17,14,20
17,14,20
17,14,20
17,14,20
17,14,20
17,7,20
17,7,20
17,7,20
17,7,20
17,7,20
17,7,20
17,7,20
17,7,20
17,7,20
17,7,20
17,6,20
17,6,20
17,6,20
17,6,20
17,6,20
17,6,20
17,6,20
17,6,20
17,6,20
17,6,20
17,6,20
17,6,20
17,6,20
17,6,20
17,6,20
17,6,20
17,6,20
17,6,20
17,6,20
17,6,20
17,6,20
17,6,20
17,6,20
17,6,20
17,6,20
17,6,20
17,6,20
17,6,20
17,6,20
17,32,20
17,32,20
17,32,20
17,32,20
17,32,20
17,32,20
17,32,20
17,32,20
17,32,20
17,32,20
17,32,20
17,32,20
17,32,20
17,32,20
17,32,20
17,32,20
17,32,20
17,32,20
17,32,20
17,32,20
17,32,20
17,32,20
17,32,20
17,32,20
17,32,20
17,32,20
17,32,20
17,32,20
17,32,20
17,32,20
17,32,20
17,32,20
17,32,20
17,32,20
17,32,20
17,32,20
17,32,20
17,32,20
17,32,20
17,32,20
17,32,20
17,32,20
17,32,20
17,32,20
17,32,20
17,32,20
17,32,20
17,32,20
17,32,20
17,32,20
17,32,20
17,32,20
17,32,20
17,32,20
17,32,20
17,32,20
17,44,20
17,44,20
17,44,20
17,44,20
17,44,20
17,44,20
17,44,20
17,44,20
17,44,20
17,44,20
17,44,20
17,44,20
17,44,20
17,44,20
357,354,20
357,354,20
357,354,20
357,354,20
357,354,20
357,354,20
357,354,20
357,354,20
357,354,20
357,354,20
357,354,20
357,354,20
357,354,20
357,354,20
357,354,20
357,354,20
357,354,20
357,354,20
357,354,20
357,354,20
357,354,20
357,354,20
357,354,20
357,354,20
357,354,20
357,354,20
357,354,20
357,354,20
357,354,20
357,354,20
357,354,20
357,33,20
357,33,20
357,33,20
357,33,20
357,33,20
357,33,20
357,33,20
357,33,20
357,33,20
357,33,20
357,33,20
357,33,20
357,33,20
357,33,20
357,33,20
357,33,20
357,33,20
357,33,20
357,33,20
357,33,20
357,33,20
357,33,20
357,33,20
357,33,20
357,1,20
357,1,20
357,1,20
357,1,20
357,1,20
357,1,20
357,1,20
357,1,20
357,1,20
357,350,20
357,350,20
357,350,20
357,350,20
357,350,20
357,350,20
357,350,20
357,350,20
357,350,20
357,350,20
357,350,20
357,354,20
357,354,20
357,354,20
357,354,20
357,354,20
357,354,20
357,354,20
357,354,20
357,354,20
357,354,20
357,354,20
357,354,20
357,354,20
357,354,20
357,354,20
357,354,20
357,354,20
357,354,20
357,354,20
357,354,20
357,354,20
357,26,20
357,26,20
357,26,20
357,26,20
357,26,20
357,26,20
357,26,20
357,26,20
357,26,20
357,26,20
357,26,20
357,26,20
357,26,20
357,26,20
357,26,20
357,26,20
357,26,20
357,26,20
357,26,20
357,26,20
357,26,20
357,26,20
357,10,20
357,10,20
357,10,20
357,10,20
357,10,20
357,10,20
357,10,20
357,354,20
357,354,20
357,354,20
357,354,20
357,354,20
357,354,20
357,354,20
357,354,20
357,354,20
357,354,20
357,354,20
357,354,20
357,354,20
357,354,20
357,354,20
357,335,20
357,335,20
357,335,20
357,335,20
357,335,20
357,335,20
357,335,20
357,335,20
357,335,20
357,335,20
357,335,20
357,335,20
357,335,20
357,335,20
357,335,20
357,335,20
357,335,20
357,335,20
357,335,20
357,335,20
357,335,20
357,335,20
357,335,20
357,335,20
357,335,20
357,335,20
357,335,20
357,335,20
357,3,20
357,3,20
357,3,20
357,3,20
357,3,20
357,3,20
357,3,20
357,0,20
357,0,20
357,0,20
357,0,20
357,0,20
357,0,20
357,0,20
357,9,20
357,9,20
357,9,20
357,9,20
357,9,20
357,9,20
357,9,20
357,9,20
357,9,20
357,346,20
357,346,20
357,346,20
357,346,20
357,346,20
357,346,20
27,92,20
27,92,20
27,92,20
27,92,20
27,92,20
27,92,20
27,92,20
27,92,20
27,6,20
27,6,20
27,6,20
27,6,20
27,6,20
27,6,20
27,6,20
27,6,20
27,6,20
27,6,20
