true_pos,obs_pos,true_var
142,149,10
142,149,10
142,149,10
142,149,10
142,149,10
142,149,10
142,149,10
142,149,10
142,149,10
142,149,10
142,149,10
142,149,10
142,149,10
142,145,10
142,145,10
142,145,10
142,145,10
142,145,10
142,145,10
142,145,10
142,151,10
142,151,10
142,151,10
142,151,10
142,151,10
142,151,10
142,151,10
142,151,10
142,151,10
142,151,10
142,151,10
142,151,10
142,151,10
142,134,10
142,134,10
142,134,10
142,134,10
142,134,10
142,134,10
142,134,10
142,134,10
142,134,10
142,134,10
142,134,10
142,134,10
142,134,10
142,134,10
142,134,10
142,134,10
142,134,10
142,134,10
142,134,10
142,134,10
142,134,10
142,134,10
142,134,10
142,134,10
142,134,10
142,134,10
142,134,10
142,134,10
142,134,10
142,134,10
142,134,10
142,134,10
142,134,10
142,134,10
142,134,10
142,134,10
142,134,10
142,134,10
142,134,10
142,134,10
142,134,10
142,134,10
142,134,10
142,133,10
142,133,10
142,133,10
142,133,10
142,133,10
142,133,10
142,133,10
142,133,10
142,133,10
142,133,10
142,133,10
142,133,10
142,133,10
142,133,10
142,147,10
142,147,10
142,147,10
142,147,10
142,147,10
142,147,10
142,147,10
142,147,10
142,147,10
142,147,10
142,147,10
142,147,10
142,147,10
142,147,10
142,142,10
142,142,10
142,142,10
142,142,10
142,142,10
142,142,10
142,142,10
142,133,10
142,133,10
142,133,10
142,133,10
142,133,10
142,133,10
142,133,10
142,133,10
142,133,10
142,133,10
142,133,10
142,133,10
142,133,10
142,133,10
142,133,10
142,133,10
142,133,10
142,133,10
142,133,10
142,133,10
142,133,10
142,154,10
142,154,10
142,154,10
142,154,10
142,154,10
142,154,10
142,154,10
142,154,10
142,154,10
142,154,10
142,154,10
142,154,10
142,154,10
142,154,10
142,154,10
142,154,10
142,154,10
142,154,10
142,154,10
142,154,10
142,154,10
142,154,10
142,154,10
142,154,10
142,154,10
142,154,10
142,154,10
142,154,10
142,154,10
142,154,10
142,154,10
142,154,10
142,154,10
142,136,10
142,136,10
142,136,10
142,136,10
142,136,10
142,136,10
142,136,10
142,136,10
142,136,10
142,136,10
142,136,10
142,136,10
162,167,10
162,167,10
162,167,10
162,167,10
162,167,10
162,167,10
162,167,10
162,167,10
162,167,10
162,167,10
162,167,10
162,167,10
162,167,10
162,167,10
162,167,10
162,167,10
162,167,10
162,167,10
162,174,10
162,174,10
162,174,10
162,174,10
162,174,10
162,174,10
162,174,10
162,174,10
162,174,10
162,174,10
162,174,10
162,174,10
162,174,10
162,174,10
162,174,10
162,174,10
162,174,10
162,174,10
162,174,10
162,174,10
162,174,10
162,174,10
162,174,10
162,174,10
162,174,10
162,174,10
162,174,10
162,174,10
162,174,10
162,174,10
162,174,10
162,174,10
162,174,10
162,174,10
162,174,10
162,176,10
162,176,10
162,176,10
162,176,10
162,176,10
162,176,10
162,176,10
162,176,10
162,176,10
162,176,10
162,176,10
162,176,10
162,176,10
162,176,10
162,176,10
162,176,10
162,176,10
162,176,10
162,176,10
162,176,10
162,176,10
162,176,10
162,176,10
162,176,10
162,176,10
162,176,10
162,176,10
162,176,10
162,176,10
162,176,10
162,170,10
162,170,10
162,170,10
162,170,10
162,170,10
162,170,10
162,170,10
162,170,10
162,170,10
162,170,10
162,170,10
162,170,10
162,170,10
162,170,10
162,170,10
162,170,10
162,170,10
162,170,10
162,170,10
162,170,10
162,173,10
162,173,10
162,173,10
162,173,10
162,173,10
162,173,10
162,173,10
162,173,10
162,173,10
162,173,10
162,173,10
162,173,10
162,173,10
162,173,10
162,173,10
162,173,10
162,173,10
162,173,10
162,173,10
162,173,10
162,173,10
162,173,10
162,173,10
162,173,10
162,173,10
162,164,10
162,164,10
162,164,10
162,164,10
162,164,10
162,164,10
162,164,10
162,164,10
162,164,10
162,164,10
162,164,10
162,164,10
162,164,10
162,164,10
162,164,10
162,164,10
162,164,10
162,164,10
162,164,10
162,164,10
162,164,10
162,164,10
162,164,10
162,164,10
162,164,10
162,157,10
162,157,10
162,157,10
162,157,10
162,157,10
162,157,10
162,157,10
162,157,10
162,157,10
162,157,10
162,157,10
162,157,10
162,157,10
162,157,10
162,157,10
162,157,10
162,157,10
162,157,10
192,216,10
192,216,10
192,216,10
192,216,10
192,216,10
192,216,10
192,216,10
192,216,10
192,216,10
192,216,10
192,216,10
192,216,10
192,216,10
192,216,10
192,216,10
192,216,10
192,216,10
192,216,10
192,216,10
192,216,10
192,216,10
192,216,10
192,216,10
192,216,10
192,206,10
192,206,10
192,206,10
192,206,10
192,206,10
192,206,10
192,206,10
192,193,10
192,193,10
192,193,10
192,193,10
192,193,10
192,193,10
192,193,10
192,193,10
192,193,10
192,192,10
192,192,10
192,192,10
192,192,10
192,192,10
192,192,10
192,192,10
192,192,10
192,192,10
192,192,10
192,192,10
192,192,10
192,192,10
192,192,10
192,192,10
192,188,10
192,188,10
192,188,10
192,188,10
192,188,10
192,188,10
192,188,10
192,188,10
192,188,10
192,188,10
192,188,10
192,188,10
192,188,10
192,188,10
192,188,10
192,188,10
192,188,10
192,188,10
192,188,10
192,188,10
192,188,10
192,188,10
192,188,10
192,188,10
192,188,10
192,188,10
192,188,10
192,188,10
192,188,10
192,188,10
192,188,10
192,188,10
192,188,10
192,188,10
192,188,10
192,206,10
192,206,10
192,206,10
192,206,10
192,206,10
192,206,10
192,206,10
192,206,10
192,206,10
192,206,10
192,181,10
192,181,10
192,181,10
192,181,10
192,181,10
192,181,10
192,181,10
192,181,10
192,181,10
192,181,10
192,181,10
192,181,10
192,181,10
192,181,10
192,181,10
192,181,10
192,181,10
192,181,10
192,181,10
192,181,10
192,181,10
192,181,10
192,181,10
192,181,10
192,181,10
192,181,10
192,181,10
192,181,10
192,181,10
192,181,10
192,181,10
192,181,10
192,181,10
192,181,10
192,181,10
192,181,10
192,181,10
192,181,10
192,181,10
192,181,10
192,181,10
192,181,10
192,181,10
192,181,10
192,181,10
192,181,10
192,181,10
192,181,10
192,181,10
192,188,10
192,188,10
192,188,10
192,188,10
192,188,10
192,188,10
192,188,10
192,188,10
192,188,10
192,188,10
192,188,10
192,188,10
192,188,10
192,180,10
192,180,10
192,180,10
192,180,10
192,180,10
192,180,10
192,180,10
192,197,10
192,197,10
192,197,10
192,197,10
192,197,10
192,197,10
192,197,10
192,197,10
192,197,10
192,197,10
192,197,10
192,197,10
192,197,10
192,197,10
192,197,10
192,187,10
192,187,10
192,187,10
192,187,10
192,187,10
192,187,10
192,187,10
192,187,10
192,187,10
192,187,10
192,187,10
192,187,10
192,187,10
192,187,10
192,187,10
192,187,10
192,187,10
192,187,10
192,187,10
192,187,10
192,187,10
192,187,10
192,187,10
192,187,10
192,187,10
192,191,10
192,191,10
192,191,10
192,191,10
192,191,10
192,191,10
192,191,10
192,191,10
192,191,10
192,191,10
192,191,10
192,191,10
192,191,10
192,191,10
192,191,10
192,191,10
192,191,10
192,191,10
192,191,10
192,191,10
192,191,10
192,191,10
192,191,10
192,191,10
192,191,10
192,191,10
192,191,10
192,191,10
192,191,10
192,191,10
192,191,10
192,191,10
192,191,10
192,201,10
192,201,10
192,201,10
192,201,10
192,201,10
192,201,10
192,201,10
192,201,10
192,201,10
192,201,10
192,201,10
192,201,10
192,201,10
192,201,10
192,201,10
192,201,10
192,201,10
192,201,10
192,201,10
192,201,10
192,201,10
192,201,10
192,201,10
192,201,10
192,201,10
192,201,10
192,201,10
192,201,10
192,201,10
192,201,10
192,201,10
192,201,10
192,201,10
192,201,10
192,201,10
192,201,10
192,201,10
152,154,10
152,154,10
152,154,10
152,154,10
152,154,10
152,154,10
152,154,10
152,154,10
152,154,10
152,154,10
152,154,10
152,152,10
152,152,10
152,152,10
152,152,10
152,152,10
152,152,10
152,152,10
152,152,10
152,152,10
152,152,10
152,152,10
152,152,10
152,152,10
152,152,10
152,152,10
152,152,10
152,152,10
152,152,10
152,152,10
152,152,10
152,152,10
152,152,10
152,152,10
152,152,10
152,152,10
152,152,10
152,152,10
152,152,10
152,152,10
152,152,10
152,152,10
152,152,10
152,152,10
152,152,10
152,152,10
152,162,10
152,162,10
152,162,10
152,162,10
152,162,10
152,162,10
152,162,10
152,162,10
152,162,10
152,162,10
152,162,10
152,162,10
152,162,10
152,162,10
152,162,10
152,162,10
152,162,10
152,162,10
152,162,10
152,162,10
152,162,10
152,162,10
152,162,10
152,162,10
152,162,10
152,162,10
152,162,10
152,162,10
152,162,10
152,162,10
152,161,10
152,161,10
152,161,10
152,161,10
152,161,10
152,161,10
152,161,10
152,161,10
152,161,10
152,161,10
152,161,10
152,161,10
152,161,10
152,161,10
152,161,10
152,161,10
152,161,10
152,161,10
152,161,10
152,161,10
152,140,10
152,140,10
152,140,10
152,140,10
152,140,10
152,140,10
152,140,10
152,162,10
152,162,10
152,162,10
152,162,10
152,162,10
152,162,10
152,162,10
152,162,10
152,162,10
152,162,10
152,162,10
152,162,10
152,162,10
152,162,10
152,162,10
152,162,10
152,162,10
152,162,10
152,161,10
152,161,10
152,161,10
152,161,10
152,161,10
152,161,10
152,161,10
152,161,10
152,161,10
152,161,10
152,161,10
152,161,10
152,161,10
152,161,10
152,161,10
152,161,10
152,161,10
152,161,10
152,161,10
152,161,10
152,161,10
152,161,10
152,161,10
152,161,10
152,161,10
152,161,10
152,161,10
152,161,10
152,161,10
152,161,10
152,161,10
152,156,10
152,156,10
152,156,10
152,156,10
152,156,10
152,156,10
152,156,10
152,156,10
152,156,10
152,156,10
152,156,10
152,156,10
152,156,10
152,156,10
152,156,10
152,156,10
152,156,10
152,156,10
152,156,10
152,156,10
152,156,10
152,156,10
152,146,10
152,146,10
152,146,10
152,146,10
152,146,10
152,146,10
152,146,10
152,146,10
152,146,10
152,146,10
152,146,10
152,146,10
152,146,10
152,146,10
152,146,10
152,146,10
152,146,10
152,146,10
152,146,10
152,146,10
152,152,10
152,152,10
152,152,10
152,152,10
152,152,10
152,152,10
152,152,10
152,152,10
152,152,10
152,152,10
152,152,10
152,152,10
152,152,10
152,152,10
152,152,10
152,152,10
152,152,10
152,152,10
152,152,10
152,152,10
152,152,10
152,152,10
152,152,10
152,152,10
152,152,10
152,152,10
152,152,10
152,152,10
152,152,10
152,152,10
152,152,10
152,152,10
152,152,10
152,152,10
152,152,10
152,152,10
152,152,10
152,165,10
152,165,10
152,165,10
152,165,10
152,165,10
152,165,10
152,165,10
152,165,10
152,165,10
152,165,10
152,165,10
152,165,10
152,165,10
152,165,10
152,165,10
152,165,10
152,165,10
152,165,10
152,165,10
152,165,10
152,165,10
152,165,10
152,165,10
152,165,10
152,165,10
152,165,10
152,165,10
152,165,10
152,165,10
152,165,10
152,165,10
152,165,10
152,165,10
152,157,10
152,157,10
152,157,10
152,157,10
152,157,10
152,157,10
152,157,10
152,157,10
152,157,10
152,157,10
152,157,10
152,157,10
152,157,10
152,157,10
152,157,10
152,157,10
152,157,10
152,157,10
152,157,10
152,157,10
152,157,10
152,157,10
152,157,10
152,157,10
152,157,10
152,157,10
152,150,10
152,150,10
152,150,10
152,150,10
152,150,10
152,150,10
152,150,10
152,150,10
152,150,10
152,150,10
152,150,10
152,150,10
152,150,10
152,150,10
152,150,10
152,150,10
152,155,10
152,155,10
152,155,10
152,155,10
152,155,10
152,155,10
152,155,10
152,155,10
152,155,10
152,155,10
152,155,10
152,155,10
152,155,10
152,155,10
152,155,10
152,155,10
152,155,10
152,155,10
152,155,10
152,155,10
152,144,10
152,144,10
152,144,10
152,144,10
152,144,10
152,144,10
152,144,10
152,144,10
152,144,10
152,144,10
152,144,10
152,144,10
152,144,10
152,144,10
112,113,10
112,113,10
112,113,10
112,113,10
112,113,10
112,113,10
112,113,10
112,113,10
112,113,10
112,113,10
112,113,10
112,113,10
112,113,10
112,113,10
112,113,10
112,113,10
112,113,10
112,113,10
112,113,10
112,113,10
112,113,10
112,113,10
112,113,10
112,113,10
112,113,10
112,113,10
112,113,10
112,113,10
112,113,10
112,113,10
112,113,10
112,113,10
112,113,10
112,113,10
112,113,10
112,113,10
112,113,10
112,113,10
112,113,10
112,113,10
112,113,10
112,113,10
112,113,10
112,113,10
112,103,10
112,103,10
112,103,10
112,103,10
112,103,10
112,103,10
112,103,10
112,103,10
112,103,10
112,103,10
112,103,10
112,103,10
112,103,10
112,103,10
112,103,10
112,103,10
112,103,10
112,103,10
112,103,10
112,103,10
112,103,10
112,103,10
112,123,10
112,123,10
112,123,10
112,123,10
112,123,10
112,123,10
112,123,10
112,123,10
112,123,10
112,123,10
112,123,10
112,123,10
112,123,10
112,123,10
112,123,10
112,123,10
112,123,10
112,123,10
112,123,10
112,123,10
112,123,10
112,123,10
112,123,10
112,123,10
112,123,10
112,123,10
112,123,10
112,123,10
112,123,10
112,123,10
112,117,10
112,117,10
112,117,10
112,117,10
112,117,10
112,117,10
112,117,10
112,117,10
112,117,10
112,117,10
112,117,10
112,117,10
112,117,10
112,117,10
112,117,10
112,101,10
112,101,10
112,101,10
112,101,10
112,101,10
112,101,10
112,101,10
112,101,10
112,101,10
112,101,10
112,101,10
112,101,10
112,101,10
112,101,10
112,120,10
112,120,10
112,120,10
112,120,10
112,120,10
112,120,10
112,120,10
132,132,10
132,132,10
132,132,10
132,132,10
132,132,10
132,132,10
132,132,10
132,132,10
132,132,10
132,132,10
132,132,10
132,114,10
132,114,10
132,114,10
132,114,10
132,114,10
132,114,10
132,114,10
132,114,10
132,114,10
132,114,10
132,114,10
132,114,10
132,114,10
132,114,10
132,114,10
132,114,10
132,114,10
132,114,10
132,114,10
132,114,10
132,114,10
132,114,10
132,114,10
132,114,10
132,114,10
132,114,10
132,114,10
132,114,10
132,114,10
132,114,10
132,114,10
132,114,10
132,114,10
132,114,10
132,114,10
132,114,10
132,114,10
132,114,10
132,114,10
132,114,10
132,114,10
132,114,10
132,114,10
132,114,10
132,114,10
132,114,10
132,114,10
132,114,10
132,114,10
132,114,10
132,114,10
132,114,10
132,114,10
132,114,10
132,122,10
132,122,10
132,122,10
132,122,10
132,122,10
132,122,10
132,122,10
132,122,10
132,122,10
132,122,10
132,122,10
132,122,10
132,122,10
132,122,10
132,122,10
132,122,10
132,122,10
132,122,10
132,122,10
132,122,10
132,122,10
132,122,10
132,122,10
132,122,10
132,122,10
132,122,10
132,122,10
132,122,10
132,122,10
132,122,10
132,122,10
132,122,10
132,122,10
132,122,10
132,122,10
132,122,10
132,122,10
132,122,10
132,122,10
132,122,10
132,122,10
132,122,10
132,122,10
132,122,10
132,122,10
132,122,10
132,122,10
132,122,10
132,122,10
132,122,10
132,122,10
132,148,10
132,148,10
132,148,10
132,148,10
132,148,10
132,148,10
132,148,10
132,148,10
132,148,10
132,148,10
132,148,10
132,148,10
132,148,10
132,148,10
132,148,10
132,148,10
132,148,10
132,148,10
132,148,10
132,148,10
132,148,10
132,148,10
132,148,10
132,148,10
132,148,10
132,148,10
132,148,10
132,148,10
132,148,10
132,148,10
132,148,10
132,148,10
132,148,10
132,148,10
132,148,10
132,137,10
132,137,10
132,137,10
132,137,10
132,137,10
132,137,10
132,137,10
132,137,10
132,137,10
132,137,10
132,137,10
132,137,10
132,137,10
132,137,10
132,137,10
132,137,10
132,137,10
132,137,10
132,137,10
132,137,10
132,137,10
132,137,10
132,137,10
132,137,10
132,137,10
132,137,10
132,137,10
132,137,10
132,137,10
132,137,10
132,137,10
132,137,10
132,137,10
132,137,10
132,137,10
132,137,10
132,137,10
132,137,10
132,137,10
132,143,10
132,143,10
132,143,10
132,143,10
132,143,10
132,143,10
132,143,10
132,130,10
132,130,10
132,130,10
132,130,10
132,130,10
132,130,10
132,130,10
132,130,10
132,130,10
132,130,10
132,130,10
132,130,10
132,130,10
132,130,10
132,130,10
132,130,10
132,130,10
132,130,10
132,130,10
132,130,10
132,130,10
132,135,10
132,135,10
132,135,10
132,135,10
132,135,10
132,135,10
132,135,10
132,135,10
132,135,10
132,135,10
132,135,10
132,135,10
132,135,10
132,135,10
132,135,10
132,135,10
132,135,10
132,135,10
132,135,10
132,135,10
132,135,10
132,135,10
132,135,10
132,135,10
132,135,10
132,135,10
132,135,10
132,135,10
132,135,10
132,135,10
132,135,10
132,132,10
132,132,10
132,132,10
132,132,10
132,132,10
132,132,10
132,132,10
132,132,10
132,132,10
172,178,10
172,178,10
172,178,10
172,178,10
172,178,10
172,178,10
172,178,10
172,178,10
172,178,10
172,178,10
172,178,10
172,178,10
172,178,10
172,178,10
172,178,10
172,178,10
172,178,10
172,178,10
172,178,10
172,178,10
172,178,10
172,178,10
172,178,10
172,178,10
172,178,10
172,178,10
172,178,10
172,178,10
172,178,10
172,178,10
172,178,10
172,178,10
172,179,10
172,179,10
172,179,10
172,179,10
172,179,10
172,179,10
172,179,10
172,179,10
172,179,10
172,179,10
172,179,10
172,179,10
172,179,10
172,179,10
172,179,10
172,179,10
172,164,10
172,164,10
172,164,10
172,164,10
172,164,10
172,164,10
172,164,10
172,182,10
172,182,10
172,182,10
172,182,10
172,182,10
172,182,10
172,182,10
172,182,10
172,182,10
172,182,10
172,182,10
172,182,10
172,182,10
172,182,10
172,182,10
172,182,10
172,182,10
172,182,10
172,182,10
172,182,10
172,182,10
172,182,10
172,182,10
172,173,10
172,173,10
172,173,10
172,173,10
172,173,10
172,173,10
172,173,10
172,173,10
172,173,10
172,173,10
172,173,10
172,173,10
172,173,10
172,173,10
172,173,10
172,173,10
172,173,10
172,173,10
172,173,10
172,173,10
172,173,10
172,173,10
172,173,10
172,173,10
172,173,10
172,173,10
172,173,10
172,173,10
172,173,10
172,173,10
172,173,10
172,173,10
172,173,10
172,177,10
172,177,10
172,177,10
172,177,10
172,177,10
172,177,10
172,177,10
172,177,10
172,177,10
172,177,10
172,177,10
172,177,10
172,177,10
172,177,10
172,177,10
172,177,10
172,177,10
172,177,10
172,177,10
172,177,10
172,177,10
172,177,10
172,177,10
172,177,10
172,177,10
172,177,10
172,177,10
172,175,10
172,175,10
172,175,10
172,175,10
172,175,10
172,175,10
172,175,10
172,175,10
172,175,10
172,175,10
172,175,10
172,175,10
172,175,10
172,175,10
172,175,10
172,175,10
172,175,10
172,175,10
172,175,10
172,175,10
172,175,10
172,175,10
172,175,10
172,175,10
172,175,10
172,175,10
172,175,10
172,175,10
172,175,10
172,166,10
172,166,10
172,166,10
172,166,10
172,166,10
172,166,10
172,166,10
172,166,10
172,166,10
172,166,10
172,166,10
172,166,10
172,166,10
172,166,10
172,166,10
172,166,10
172,166,10
172,166,10
172,166,10
172,166,10
172,166,10
172,166,10
172,166,10
172,166,10
172,166,10
172,166,10
172,166,10
212,225,10
212,225,10
212,225,10
212,225,10
212,225,10
212,225,10
212,225,10
212,225,10
212,225,10
212,225,10
212,225,10
212,225,10
212,225,10
212,225,10
212,225,10
212,225,10
212,225,10
212,225,10
212,225,10
212,225,10
212,225,10
212,225,10
212,225,10
212,225,10
212,225,10
212,225,10
212,225,10
212,225,10
212,225,10
212,225,10
212,225,10
212,225,10
212,225,10
212,225,10
212,225,10
212,225,10
212,216,10
212,216,10
212,216,10
212,216,10
212,216,10
212,216,10
212,216,10
212,216,10
212,216,10
212,216,10
212,216,10
212,216,10
212,216,10
212,216,10
212,208,10
212,208,10
212,208,10
212,208,10
212,208,10
212,208,10
212,208,10
212,214,10
212,214,10
212,214,10
212,214,10
212,214,10
212,214,10
212,214,10
212,214,10
212,216,10
212,216,10
212,216,10
212,216,10
212,216,10
212,216,10
212,216,10
212,216,10
212,216,10
212,216,10
212,216,10
212,216,10
212,216,10
212,216,10
212,216,10
212,216,10
212,200,10
212,200,10
212,200,10
212,200,10
212,200,10
212,200,10
212,209,10
212,209,10
212,209,10
212,209,10
212,209,10
212,209,10
212,209,10
212,209,10
212,209,10
212,209,10
212,209,10
212,209,10
212,209,10
212,209,10
212,216,10
212,216,10
212,216,10
212,216,10
212,216,10
212,216,10
212,216,10
212,216,10
212,216,10
212,216,10
212,216,10
212,216,10
212,216,10
212,216,10
212,216,10
212,226,10
212,226,10
212,226,10
212,226,10
212,226,10
212,226,10
212,226,10
212,226,10
212,226,10
212,226,10
212,226,10
212,226,10
212,226,10
212,226,10
212,226,10
212,226,10
212,217,10
212,217,10
212,217,10
212,217,10
212,217,10
212,217,10
212,217,10
212,217,10
212,217,10
212,217,10
212,217,10
212,217,10
212,217,10
212,217,10
212,217,10
212,217,10
212,217,10
212,217,10
212,217,10
212,217,10
212,217,10
212,217,10
212,221,10
212,221,10
212,221,10
212,221,10
212,221,10
212,221,10
212,221,10
212,221,10
212,221,10
212,221,10
212,221,10
212,221,10
212,221,10
212,221,10
212,221,10
212,221,10
212,221,10
212,221,10
212,221,10
212,221,10
212,221,10
212,221,10
212,221,10
212,221,10
212,221,10
212,221,10
212,221,10
212,221,10
212,221,10
212,221,10
212,221,10
212,221,10
212,221,10
212,221,10
212,221,10
212,221,10
212,221,10
212,221,10
212,221,10
212,221,10
212,221,10
212,221,10
212,220,10
212,220,10
212,220,10
212,220,10
212,220,10
212,220,10
212,220,10
212,220,10
212,220,10
212,220,10
212,220,10
212,220,10
212,220,10
212,220,10
212,220,10
212,220,10
212,220,10
212,220,10
212,220,10
212,220,10
212,203,10
212,203,10
212,203,10
212,203,10
212,203,10
212,203,10
212,206,10
212,206,10
212,206,10
212,206,10
212,206,10
212,206,10
212,210,10
212,210,10
212,210,10
212,210,10
212,210,10
212,210,10
212,210,10
212,203,10
212,203,10
212,203,10
212,203,10
212,203,10
212,203,10
212,203,10
212,203,10
212,203,10
212,203,10
212,203,10
212,203,10
212,203,10
212,203,10
212,203,10
212,203,10
212,203,10
252,254,10
252,254,10
252,254,10
252,254,10
252,254,10
252,254,10
252,254,10
252,254,10
252,254,10
252,254,10
252,254,10
252,254,10
252,254,10
252,254,10
252,254,10
252,254,10
252,254,10
252,254,10
252,254,10
252,254,10
252,254,10
252,254,10
252,254,10
252,250,10
252,250,10
252,250,10
252,250,10
252,250,10
252,250,10
252,250,10
252,250,10
252,249,10
252,249,10
252,249,10
252,249,10
252,249,10
252,249,10
252,249,10
252,260,10
252,260,10
252,260,10
252,260,10
252,260,10
252,260,10
252,260,10
252,260,10
252,260,10
252,260,10
252,260,10
252,260,10
252,260,10
252,260,10
252,260,10
252,260,10
252,260,10
252,260,10
252,260,10
252,265,10
252,265,10
252,265,10
252,265,10
252,265,10
252,265,10
252,265,10
252,265,10
252,265,10
252,265,10
252,265,10
252,265,10
252,265,10
252,265,10
252,265,10
252,265,10
252,265,10
252,265,10
252,265,10
252,265,10
252,265,10
252,265,10
252,265,10
252,265,10
252,265,10
252,265,10
252,265,10
252,265,10
252,265,10
252,265,10
252,265,10
252,265,10
252,265,10
252,265,10
252,265,10
252,265,10
252,265,10
252,265,10
252,265,10
252,265,10
252,265,10
252,265,10
252,265,10
252,265,10
252,265,10
252,265,10
252,265,10
252,265,10
252,265,10
252,265,10
252,265,10
252,265,10
252,265,10
252,265,10
252,265,10
252,265,10
252,265,10
252,234,10
252,234,10
252,234,10
252,234,10
252,234,10
252,234,10
252,234,10
252,234,10
252,234,10
252,234,10
252,234,10
252,234,10
252,234,10
252,249,10
252,249,10
252,249,10
252,249,10
252,249,10
252,249,10
252,249,10
252,249,10
252,249,10
252,249,10
252,249,10
252,249,10
252,249,10
252,249,10
252,249,10
252,249,10
252,249,10
252,249,10
252,249,10
252,249,10
252,249,10
252,249,10
252,259,10
252,259,10
252,259,10
252,259,10
252,259,10
252,259,10
252,259,10
252,254,10
252,254,10
252,254,10
252,254,10
252,254,10
252,254,10
252,254,10
252,254,10
252,254,10
252,254,10
252,254,10
252,247,10
252,247,10
252,247,10
252,247,10
252,247,10
252,247,10
252,247,10
252,244,10
252,244,10
252,244,10
252,244,10
252,244,10
252,244,10
252,244,10
252,244,10
252,244,10
252,244,10
252,244,10
252,244,10
252,244,10
252,244,10
252,244,10
252,244,10
252,244,10
252,244,10
252,244,10
252,244,10
252,244,10
252,244,10
252,244,10
252,244,10
252,244,10
252,244,10
252,244,10
252,244,10
252,244,10
252,244,10
252,249,10
252,249,10
252,249,10
252,249,10
252,249,10
252,249,10
252,249,10
252,249,10
252,249,10
252,249,10
252,249,10
252,249,10
252,249,10
252,249,10
252,249,10
252,249,10
252,249,10
252,249,10
252,249,10
252,249,10
252,249,10
252,249,10
252,249,10
252,249,10
252,249,10
272,272,10
272,272,10
272,272,10
272,272,10
272,272,10
272,272,10
272,272,10
272,272,10
272,272,10
272,272,10
272,272,10
272,272,10
272,272,10
272,272,10
272,272,10
272,272,10
272,272,10
272,272,10
272,272,10
272,272,10
272,272,10
272,272,10
272,272,10
272,272,10
272,272,10
272,272,10
272,265,10
272,265,10
272,265,10
272,265,10
272,265,10
272,265,10
272,265,10
272,265,10
272,276,10
272,276,10
272,276,10
272,276,10
272,276,10
272,276,10
272,276,10
272,276,10
272,276,10
272,276,10
272,276,10
272,276,10
272,276,10
272,276,10
272,276,10
272,276,10
272,276,10
272,276,10
272,276,10
272,276,10
272,276,10
272,276,10
272,276,10
272,276,10
272,276,10
272,276,10
272,276,10
272,276,10
272,278,10
272,278,10
272,278,10
272,278,10
272,278,10
272,278,10
272,278,10
272,278,10
272,278,10
272,278,10
272,278,10
272,278,10
272,278,10
272,278,10
272,278,10
272,278,10
272,278,10
272,278,10
272,278,10
272,278,10
272,278,10
272,278,10
272,278,10
272,278,10
272,278,10
272,278,10
272,278,10
272,278,10
272,278,10
272,278,10
272,278,10
272,278,10
272,278,10
272,278,10
272,278,10
272,278,10
272,278,10
272,278,10
272,278,10
272,278,10
272,278,10
272,278,10
272,278,10
272,275,10
272,275,10
272,275,10
272,275,10
272,275,10
272,275,10
272,275,10
272,275,10
272,256,10
272,256,10
272,256,10
272,256,10
272,256,10
272,256,10
272,256,10
272,256,10
272,256,10
272,256,10
272,256,10
272,256,10
272,256,10
272,272,10
272,272,10
272,272,10
272,272,10
272,272,10
272,272,10
272,272,10
272,272,10
272,272,10
272,272,10
272,272,10
272,272,10
272,272,10
272,272,10
272,272,10
272,272,10
272,272,10
272,272,10
272,272,10
272,272,10
272,272,10
272,272,10
272,272,10
272,272,10
272,272,10
272,272,10
242,245,10
242,245,10
242,245,10
242,245,10
242,245,10
242,245,10
242,245,10
242,245,10
242,245,10
242,245,10
242,245,10
242,245,10
242,245,10
242,245,10
242,245,10
242,245,10
242,245,10
242,236,10
242,236,10
242,236,10
242,236,10
242,236,10
242,236,10
242,236,10
242,236,10
242,236,10
242,236,10
242,236,10
242,256,10
242,256,10
242,256,10
242,256,10
242,256,10
242,256,10
242,256,10
242,256,10
242,240,10
242,240,10
242,240,10
242,240,10
242,240,10
242,240,10
242,240,10
242,240,10
242,240,10
242,240,10
242,240,10
242,240,10
242,240,10
242,240,10
242,240,10
242,240,10
242,240,10
242,240,10
242,240,10
242,240,10
242,240,10
242,240,10
242,240,10
242,240,10
242,240,10
242,240,10
242,240,10
242,240,10
242,240,10
242,240,10
242,240,10
242,240,10
242,240,10
242,240,10
242,240,10
242,240,10
242,240,10
242,240,10
242,240,10
242,240,10
242,240,10
242,240,10
242,240,10
242,240,10
242,240,10
242,240,10
242,240,10
242,240,10
242,240,10
242,240,10
242,240,10
242,230,10
242,230,10
242,230,10
242,230,10
242,230,10
242,230,10
242,230,10
242,230,10
242,230,10
242,230,10
242,230,10
242,230,10
242,230,10
242,230,10
242,230,10
242,230,10
242,230,10
242,230,10
242,230,10
242,230,10
242,230,10
242,230,10
242,230,10
242,230,10
242,230,10
242,230,10
242,230,10
242,230,10
242,230,10
242,230,10
242,230,10
242,230,10
242,230,10
242,230,10
242,230,10
242,230,10
242,230,10
242,230,10
242,230,10
242,230,10
242,230,10
242,230,10
242,230,10
242,230,10
242,230,10
242,230,10
242,230,10
242,230,10
242,230,10
242,230,10
242,230,10
242,230,10
242,230,10
242,230,10
242,237,10
242,237,10
242,237,10
242,237,10
242,237,10
242,237,10
242,237,10
242,237,10
242,237,10
242,237,10
242,237,10
242,237,10
242,237,10
242,237,10
242,237,10
242,237,10
242,237,10
242,237,10
242,237,10
242,237,10
242,237,10
242,237,10
242,237,10
242,237,10
242,259,10
242,259,10
242,259,10
242,259,10
242,259,10
242,259,10
242,259,10
242,259,10
242,259,10
242,259,10
242,259,10
242,259,10
242,259,10
242,259,10
242,259,10
242,259,10
242,259,10
242,259,10
242,259,10
242,259,10
242,259,10
242,259,10
242,259,10
242,259,10
242,259,10
242,259,10
242,259,10
242,259,10
242,259,10
242,259,10
242,259,10
242,259,10
242,259,10
242,259,10
242,259,10
242,259,10
242,259,10
242,259,10
242,259,10
242,259,10
242,259,10
242,259,10
242,259,10
242,259,10
242,259,10
242,259,10
242,259,10
242,259,10
242,259,10
242,259,10
242,259,10
242,259,10
242,234,10
242,234,10
242,234,10
242,234,10
242,234,10
242,234,10
242,234,10
242,234,10
242,234,10
242,234,10
242,234,10
242,234,10
242,234,10
242,234,10
242,234,10
242,234,10
242,248,10
242,248,10
242,248,10
242,248,10
242,248,10
242,248,10
242,248,10
242,248,10
242,248,10
242,248,10
242,248,10
242,248,10
242,248,10
242,248,10
272,272,10
272,272,10
272,272,10
272,272,10
272,272,10
272,272,10
272,272,10
272,272,10
272,272,10
272,272,10
272,272,10
272,272,10
272,272,10
272,272,10
272,272,10
272,272,10
272,272,10
272,272,10
272,272,10
272,272,10
272,272,10
272,272,10
272,272,10
272,272,10
272,272,10
272,272,10
272,272,10
272,272,10
272,272,10
272,272,10
272,272,10
272,272,10
272,272,10
272,272,10
272,259,10
272,259,10
272,259,10
272,259,10
272,259,10
272,259,10
272,259,10
272,259,10
272,259,10
272,259,10
272,259,10
272,259,10
272,259,10
272,259,10
272,259,10
272,259,10
272,259,10
272,259,10
272,259,10
272,259,10
272,259,10
272,259,10
272,259,10
272,259,10
272,259,10
272,285,10
272,285,10
272,285,10
272,285,10
272,285,10
272,285,10
272,285,10
272,285,10
272,285,10
272,285,10
272,285,10
272,285,10
272,285,10
272,285,10
272,285,10
272,285,10
272,285,10
272,285,10
272,285,10
272,285,10
272,285,10
272,285,10
272,285,10
272,265,10
272,265,10
272,265,10
272,265,10
272,265,10
272,265,10
272,265,10
272,265,10
272,265,10
272,265,10
272,265,10
272,274,10
272,274,10
272,274,10
272,274,10
272,274,10
272,274,10
272,274,10
272,274,10
272,274,10
272,274,10
272,274,10
272,274,10
272,274,10
272,274,10
272,268,10
272,268,10
272,268,10
272,268,10
272,268,10
272,268,10
272,268,10
272,268,10
272,268,10
272,268,10
272,268,10
272,268,10
272,268,10
272,268,10
272,268,10
272,268,10
272,268,10
272,268,10
272,268,10
272,268,10
272,268,10
272,268,10
272,258,10
272,258,10
272,258,10
272,258,10
272,258,10
272,258,10
272,258,10
272,258,10
272,293,10
272,293,10
272,293,10
272,293,10
272,293,10
272,293,10
272,293,10
272,293,10
272,262,10
272,262,10
272,262,10
272,262,10
272,262,10
272,262,10
272,262,10
272,289,10
272,289,10
272,289,10
272,289,10
272,289,10
272,289,10
272,289,10
272,289,10
272,289,10
272,289,10
272,289,10
272,289,10
272,283,10
272,283,10
272,283,10
272,283,10
272,283,10
272,283,10
272,283,10
272,283,10
272,283,10
272,283,10
272,283,10
272,283,10
272,283,10
272,283,10
272,283,10
272,283,10
272,283,10
272,283,10
272,283,10
272,283,10
272,283,10
272,283,10
272,283,10
272,283,10
272,283,10
272,283,10
272,283,10
272,283,10
272,283,10
272,283,10
272,283,10
272,283,10
272,283,10
272,267,10
272,267,10
272,267,10
272,267,10
272,267,10
272,267,10
272,267,10
272,267,10
272,271,10
272,271,10
272,271,10
272,271,10
272,271,10
272,271,10
272,271,10
272,271,10
272,271,10
272,271,10
272,271,10
272,271,10
272,271,10
272,271,10
272,271,10
272,271,10
272,271,10
272,271,10
272,271,10
272,261,10
272,261,10
272,261,10
272,261,10
272,261,10
272,261,10
272,261,10
272,261,10
272,261,10
272,264,10
272,264,10
272,264,10
272,264,10
272,264,10
272,264,10
272,264,10
272,264,10
272,264,10
272,264,10
272,264,10
272,264,10
272,264,10
272,264,10
272,264,10
272,264,10
272,264,10
272,264,10
272,264,10
272,264,10
272,264,10
272,264,10
272,264,10
272,264,10
272,264,10
272,264,10
272,264,10
272,264,10
272,264,10
272,264,10
272,264,10
272,269,10
272,269,10
272,269,10
272,269,10
272,269,10
272,269,10
272,269,10
272,269,10
272,269,10
272,269,10
272,269,10
272,264,10
272,264,10
272,264,10
272,264,10
272,264,10
272,264,10
272,264,10
272,264,10
272,264,10
272,264,10
272,264,10
272,264,10
272,264,10
272,264,10
272,264,10
272,264,10
272,264,10
272,264,10
272,264,10
272,264,10
272,264,10
272,264,10
272,264,10
272,264,10
272,264,10
272,264,10
272,264,10
272,264,10
272,264,10
232,249,10
232,249,10
232,249,10
232,249,10
232,249,10
232,249,10
232,249,10
232,249,10
232,249,10
232,249,10
232,249,10
232,249,10
232,249,10
232,249,10
232,249,10
232,249,10
232,249,10
232,249,10
232,249,10
232,249,10
232,249,10
232,249,10
232,249,10
232,249,10
232,249,10
232,239,10
232,239,10
232,239,10
232,239,10
232,239,10
232,239,10
232,239,10
232,239,10
232,239,10
232,239,10
232,239,10
232,239,10
232,239,10
232,223,10
232,223,10
232,223,10
232,223,10
232,223,10
232,223,10
232,223,10
232,238,10
232,238,10
232,238,10
232,238,10
232,238,10
232,238,10
232,238,10
232,238,10
232,238,10
232,238,10
232,238,10
232,238,10
232,238,10
232,238,10
232,238,10
232,246,10
232,246,10
232,246,10
232,246,10
232,246,10
232,246,10
232,246,10
232,246,10
232,246,10
232,232,10
232,232,10
232,232,10
232,232,10
232,232,10
232,232,10
232,232,10
232,232,10
232,232,10
232,232,10
232,232,10
232,232,10
232,232,10
232,232,10
232,232,10
232,228,10
232,228,10
232,228,10
232,228,10
232,228,10
232,228,10
232,228,10
232,228,10
232,228,10
232,228,10
232,228,10
232,228,10
232,228,10
232,228,10
232,228,10
232,228,10
232,228,10
232,228,10
232,228,10
232,228,10
232,228,10
232,228,10
232,228,10
232,228,10
232,228,10
232,228,10
232,228,10
232,228,10
232,226,10
232,226,10
232,226,10
232,226,10
232,226,10
232,226,10
232,226,10
232,230,10
232,230,10
232,230,10
232,230,10
232,230,10
232,230,10
232,230,10
232,230,10
232,230,10
232,230,10
232,230,10
232,230,10
232,230,10
232,230,10
232,230,10
232,230,10
232,230,10
232,230,10
232,230,10
232,230,10
232,230,10
232,230,10
232,230,10
232,230,10
232,230,10
232,230,10
232,230,10
232,227,10
232,227,10
232,227,10
232,227,10
232,227,10
232,227,10
232,227,10
232,227,10
232,227,10
232,227,10
232,227,10
232,227,10
232,227,10
232,227,10
232,227,10
232,227,10
232,232,10
232,232,10
232,232,10
232,232,10
232,232,10
232,232,10
232,232,10
232,232,10
232,232,10
232,232,10
232,232,10
232,232,10
232,232,10
232,229,10
232,229,10
232,229,10
232,229,10
232,229,10
232,229,10
232,229,10
232,229,10
232,229,10
232,229,10
232,229,10
232,229,10
232,229,10
232,229,10
232,229,10
232,229,10
232,229,10
232,229,10
232,229,10
232,229,10
232,229,10
232,229,10
232,229,10
232,229,10
232,229,10
232,229,10
232,229,10
232,229,10
232,229,10
232,229,10
232,229,10
232,229,10
232,229,10
232,229,10
232,229,10
232,229,10
232,229,10
232,229,10
232,229,10
232,229,10
232,207,10
232,207,10
232,207,10
232,207,10
232,207,10
232,207,10
232,207,10
232,207,10
232,207,10
232,207,10
232,207,10
232,207,10
232,207,10
232,207,10
232,207,10
232,207,10
232,207,10
232,207,10
232,207,10
232,207,10
232,207,10
232,207,10
232,207,10
232,207,10
232,207,10
232,207,10
232,207,10
232,207,10
232,207,10
232,207,10
232,207,10
232,207,10
232,207,10
232,207,10
232,207,10
232,220,10
232,220,10
232,220,10
232,220,10
232,220,10
232,220,10
232,220,10
232,220,10
232,220,10
232,220,10
232,220,10
232,220,10
232,220,10
232,220,10
232,220,10
232,220,10
232,220,10
232,220,10
232,220,10
232,220,10
232,220,10
232,251,10
232,251,10
232,251,10
232,251,10
232,251,10
232,251,10
232,251,10
232,251,10
232,251,10
232,251,10
232,251,10
232,251,10
262,286,10
262,286,10
262,286,10
262,286,10
262,286,10
262,286,10
262,286,10
262,286,10
262,286,10
262,286,10
262,286,10
262,286,10
262,286,10
262,286,10
262,286,10
262,269,10
262,269,10
262,269,10
262,269,10
262,269,10
262,269,10
262,269,10
262,269,10
262,269,10
262,269,10
262,269,10
262,269,10
262,258,10
262,258,10
262,258,10
262,258,10
262,258,10
262,258,10
262,258,10
262,258,10
262,258,10
262,258,10
262,258,10
262,258,10
262,258,10
262,258,10
262,258,10
262,260,10
262,260,10
262,260,10
262,260,10
262,260,10
262,260,10
262,260,10
262,260,10
262,260,10
262,260,10
262,260,10
262,260,10
262,260,10
262,260,10
262,260,10
262,260,10
262,260,10
262,260,10
262,260,10
262,260,10
262,260,10
262,260,10
262,260,10
262,260,10
262,260,10
262,260,10
262,260,10
262,260,10
262,260,10
262,260,10
262,260,10
262,275,10
262,275,10
262,275,10
262,275,10
262,275,10
262,275,10
262,275,10
262,275,10
262,275,10
262,275,10
262,275,10
262,275,10
262,275,10
262,277,10
262,277,10
262,277,10
262,277,10
262,277,10
262,277,10
262,277,10
262,258,10
262,258,10
262,258,10
262,258,10
262,258,10
262,258,10
262,258,10
262,258,10
262,258,10
262,258,10
262,258,10
262,258,10
262,258,10
262,258,10
262,258,10
262,258,10
262,258,10
262,258,10
262,258,10
262,258,10
262,258,10
262,258,10
262,258,10
262,258,10
262,258,10
262,258,10
262,258,10
262,258,10
262,258,10
262,258,10
262,258,10
262,258,10
262,258,10
262,255,10
262,255,10
262,255,10
262,255,10
262,255,10
262,255,10
262,255,10
262,255,10
262,255,10
262,282,10
262,282,10
262,282,10
262,282,10
262,282,10
262,282,10
262,282,10
262,282,10
262,282,10
262,279,10
262,279,10
262,279,10
262,279,10
262,279,10
262,279,10
262,279,10
262,279,10
262,279,10
262,279,10
262,279,10
262,279,10
262,279,10
262,279,10
262,279,10
262,279,10
262,279,10
262,279,10
262,279,10
262,279,10
262,279,10
262,279,10
262,279,10
262,279,10
262,279,10
262,279,10
262,279,10
262,279,10
262,279,10
262,279,10
262,279,10
262,279,10
262,279,10
262,236,10
262,236,10
262,236,10
262,236,10
262,236,10
262,236,10
302,293,10
302,293,10
302,293,10
302,293,10
302,293,10
302,293,10
302,293,10
302,293,10
302,293,10
302,293,10
302,295,10
302,295,10
302,295,10
302,295,10
302,295,10
302,295,10
302,295,10
302,295,10
302,295,10
302,295,10
302,295,10
302,295,10
302,295,10
302,295,10
302,295,10
302,295,10
302,293,10
302,293,10
302,293,10
302,293,10
302,293,10
302,293,10
302,293,10
302,293,10
302,293,10
302,306,10
302,306,10
302,306,10
302,306,10
302,306,10
302,306,10
302,306,10
302,306,10
302,310,10
302,310,10
302,310,10
302,310,10
302,310,10
302,310,10
302,310,10
302,310,10
302,310,10
302,310,10
302,310,10
302,310,10
302,310,10
302,310,10
302,310,10
302,317,10
302,317,10
302,317,10
302,317,10
302,317,10
302,317,10
302,317,10
302,317,10
302,305,10
302,305,10
302,305,10
302,305,10
302,305,10
302,305,10
302,305,10
302,305,10
302,305,10
302,305,10
302,305,10
302,305,10
302,305,10
302,305,10
302,305,10
302,305,10
302,305,10
302,305,10
302,305,10
302,305,10
302,305,10
302,305,10
302,305,10
302,305,10
302,305,10
302,305,10
302,305,10
302,305,10
302,305,10
302,305,10
302,305,10
302,305,10
302,292,10
302,292,10
302,292,10
302,292,10
302,292,10
302,292,10
302,292,10
302,292,10
302,292,10
302,292,10
302,292,10
302,292,10
302,307,10
302,307,10
302,307,10
302,307,10
302,307,10
302,307,10
302,307,10
302,307,10
302,307,10
302,307,10
302,307,10
302,307,10
302,307,10
302,307,10
302,307,10
302,307,10
302,307,10
302,307,10
302,307,10
302,307,10
302,307,10
302,307,10
302,307,10
302,307,10
302,307,10
302,307,10
302,307,10
302,307,10
302,307,10
302,307,10
302,307,10
302,307,10
302,307,10
302,307,10
302,307,10
302,307,10
302,307,10
302,307,10
302,307,10
302,307,10
302,298,10
302,298,10
302,298,10
302,298,10
302,298,10
302,298,10
302,298,10
302,296,10
302,296,10
302,296,10
302,296,10
302,296,10
302,296,10
302,296,10
302,296,10
302,296,10
302,296,10
302,296,10
302,296,10
302,296,10
302,296,10
302,296,10
302,296,10
302,296,10
302,278,10
302,278,10
302,278,10
302,278,10
302,278,10
302,278,10
302,278,10
302,278,10
302,278,10
302,278,10
302,278,10
302,278,10
302,278,10
302,278,10
302,307,10
302,307,10
302,307,10
302,307,10
302,307,10
302,307,10
302,307,10
302,307,10
302,307,10
302,307,10
302,307,10
302,307,10
302,307,10
302,307,10
302,307,10
302,315,10
302,315,10
302,315,10
302,315,10
302,315,10
302,315,10
302,315,10
302,315,10
302,315,10
302,315,10
302,315,10
302,315,10
302,315,10
302,315,10
302,315,10
302,315,10
282,283,10
282,283,10
282,283,10
282,283,10
282,283,10
282,283,10
282,283,10
282,283,10
282,283,10
282,283,10
282,283,10
282,283,10
282,283,10
282,283,10
282,283,10
282,283,10
282,283,10
282,283,10
282,283,10
282,283,10
282,283,10
282,283,10
282,283,10
282,283,10
282,283,10
282,283,10
282,283,10
282,283,10
282,283,10
282,283,10
282,283,10
282,283,10
282,283,10
282,283,10
282,283,10
282,283,10
282,283,10
282,283,10
282,283,10
282,283,10
282,283,10
282,283,10
282,283,10
282,283,10
282,283,10
282,283,10
282,283,10
282,283,10
282,283,10
282,283,10
282,283,10
282,283,10
282,283,10
282,283,10
282,283,10
282,283,10
282,283,10
282,283,10
282,284,10
282,284,10
282,284,10
282,284,10
282,284,10
282,284,10
282,284,10
282,284,10
282,264,10
282,264,10
282,264,10
282,264,10
282,264,10
282,264,10
282,283,10
282,283,10
282,283,10
282,283,10
282,283,10
282,283,10
282,283,10
282,283,10
282,283,10
282,283,10
282,283,10
282,270,10
282,270,10
282,270,10
282,270,10
282,270,10
282,270,10
282,270,10
282,270,10
282,270,10
282,270,10
282,270,10
282,270,10
282,270,10
282,270,10
282,270,10
282,270,10
282,270,10
282,270,10
282,270,10
282,270,10
282,270,10
282,270,10
282,270,10
282,270,10
282,270,10
282,270,10
282,289,10
282,289,10
282,289,10
282,289,10
282,289,10
282,289,10
282,289,10
282,289,10
282,289,10
282,289,10
282,289,10
282,289,10
282,289,10
282,289,10
282,289,10
282,289,10
282,289,10
282,289,10
282,289,10
282,287,10
282,287,10
282,287,10
282,287,10
282,287,10
282,287,10
282,287,10
282,287,10
282,287,10
282,287,10
282,287,10
282,287,10
282,287,10
282,287,10
282,287,10
282,287,10
282,287,10
282,287,10
282,287,10
282,287,10
282,287,10
282,287,10
282,287,10
282,287,10
282,298,10
282,298,10
282,298,10
282,298,10
282,298,10
282,298,10
282,298,10
282,298,10
282,298,10
282,298,10
282,298,10
282,298,10
282,298,10
282,298,10
282,298,10
282,298,10
282,265,10
282,265,10
282,265,10
282,265,10
282,265,10
282,265,10
282,265,10
282,265,10
282,265,10
282,265,10
282,265,10
282,265,10
282,265,10
282,265,10
282,265,10
282,265,10
282,265,10
282,265,10
282,265,10
282,265,10
282,265,10
282,265,10
282,265,10
282,265,10
282,265,10
282,265,10
282,265,10
282,262,10
282,262,10
282,262,10
282,262,10
282,262,10
282,262,10
282,262,10
282,262,10
282,262,10
282,262,10
282,262,10
282,262,10
282,262,10
282,262,10
282,262,10
282,262,10
282,262,10
282,262,10
282,262,10
282,262,10
282,262,10
282,277,10
282,277,10
282,277,10
282,277,10
282,277,10
282,277,10
282,277,10
282,277,10
282,277,10
282,277,10
282,277,10
282,277,10
282,277,10
282,277,10
282,277,10
282,277,10
312,315,10
312,315,10
312,315,10
312,315,10
312,315,10
312,315,10
312,315,10
312,315,10
312,315,10
312,315,10
312,315,10
312,315,10
312,315,10
312,315,10
312,315,10
312,315,10
312,315,10
312,315,10
312,315,10
312,315,10
312,315,10
312,315,10
312,315,10
312,315,10
312,315,10
312,315,10
312,315,10
312,315,10
312,315,10
312,315,10
312,315,10
312,315,10
312,315,10
312,316,10
312,316,10
312,316,10
312,316,10
312,316,10
312,316,10
312,316,10
312,316,10
312,316,10
312,316,10
312,316,10
312,316,10
312,316,10
312,316,10
312,316,10
312,316,10
312,316,10
312,316,10
312,316,10
312,316,10
312,316,10
312,316,10
312,293,10
312,293,10
312,293,10
312,293,10
312,293,10
312,293,10
312,293,10
312,293,10
312,293,10
312,293,10
312,293,10
312,288,10
312,288,10
312,288,10
312,288,10
312,288,10
312,288,10
312,288,10
312,288,10
312,288,10
312,288,10
312,288,10
312,288,10
312,288,10
312,288,10
312,288,10
312,288,10
312,288,10
312,288,10
312,288,10
312,288,10
312,288,10
312,288,10
312,288,10
312,302,10
312,302,10
312,302,10
312,302,10
312,302,10
312,302,10
312,302,10
312,302,10
312,302,10
312,302,10
312,302,10
312,302,10
312,302,10
312,302,10
312,302,10
312,302,10
312,323,10
312,323,10
312,323,10
312,323,10
312,323,10
312,323,10
312,323,10
312,323,10
312,323,10
312,323,10
312,305,10
312,305,10
312,305,10
312,305,10
312,305,10
312,305,10
312,305,10
312,305,10
312,305,10
312,305,10
312,305,10
312,305,10
312,305,10
312,305,10
312,305,10
312,305,10
312,305,10
312,305,10
312,305,10
312,305,10
312,305,10
312,305,10
312,305,10
312,305,10
312,305,10
312,305,10
312,305,10
312,305,10
312,305,10
312,305,10
312,305,10
312,305,10
312,305,10
312,305,10
312,305,10
312,305,10
312,305,10
312,305,10
312,305,10
312,305,10
312,305,10
312,305,10
312,305,10
312,305,10
312,305,10
312,305,10
312,305,10
312,305,10
312,305,10
312,305,10
312,305,10
312,305,10
312,305,10
332,304,10
332,304,10
332,304,10
332,304,10
332,304,10
332,304,10
332,304,10
332,304,10
332,304,10
332,304,10
332,304,10
332,304,10
332,304,10
332,304,10
332,304,10
332,304,10
332,304,10
332,304,10
332,304,10
332,304,10
332,304,10
332,304,10
332,338,10
332,338,10
332,338,10
332,338,10
332,338,10
332,338,10
332,338,10
332,338,10
332,338,10
332,338,10
332,327,10
332,327,10
332,327,10
332,327,10
332,327,10
332,327,10
332,327,10
332,327,10
332,327,10
332,327,10
332,327,10
332,327,10
332,327,10
332,327,10
332,327,10
332,327,10
332,327,10
332,327,10
332,327,10
332,327,10
332,327,10
332,327,10
332,327,10
332,327,10
332,327,10
332,327,10
332,327,10
332,334,10
332,334,10
332,334,10
332,334,10
332,334,10
332,334,10
332,334,10
332,334,10
332,334,10
332,334,10
332,334,10
332,334,10
332,334,10
332,334,10
332,334,10
332,334,10
332,306,10
332,306,10
332,306,10
332,306,10
332,306,10
332,306,10
332,306,10
332,306,10
332,306,10
332,306,10
332,306,10
332,306,10
332,306,10
332,306,10
332,306,10
332,306,10
332,306,10
332,306,10
332,306,10
332,306,10
332,306,10
332,306,10
332,306,10
332,306,10
332,306,10
332,306,10
332,306,10
332,306,10
332,306,10
332,306,10
332,306,10
332,306,10
332,306,10
332,306,10
332,306,10
332,306,10
332,306,10
332,329,10
332,329,10
332,329,10
332,329,10
332,329,10
332,329,10
332,329,10
332,329,10
332,329,10
332,329,10
332,329,10
332,341,10
332,341,10
332,341,10
332,341,10
332,341,10
332,341,10
332,341,10
332,341,10
332,341,10
332,341,10
332,334,10
332,334,10
332,334,10
332,334,10
332,334,10
332,334,10
332,334,10
332,334,10
332,334,10
332,334,10
332,334,10
2,7,10
2,7,10
2,7,10
2,7,10
2,7,10
2,7,10
2,7,10
2,7,10
2,7,10
2,7,10
2,7,10
2,7,10
2,7,10
2,7,10
2,5,10
2,5,10
2,5,10
2,5,10
2,5,10
2,5,10
2,5,10
2,5,10
2,5,10
2,5,10
2,5,10
2,5,10
2,5,10
2,5,10
2,9,10
2,9,10
2,9,10
2,9,10
2,9,10
2,9,10
2,9,10
2,9,10
2,9,10
2,9,10
2,9,10
2,9,10
2,9,10
2,13,10
2,13,10
2,13,10
2,13,10
2,13,10
2,13,10
2,13,10
2,13,10
2,13,10
2,13,10
2,13,10
2,13,10
2,13,10
2,13,10
2,13,10
2,13,10
2,13,10
2,13,10
2,13,10
2,354,10
2,354,10
2,354,10
2,354,10
2,354,10
2,354,10
2,354,10
2,354,10
2,354,10
2,354,10
2,354,10
2,354,10
2,354,10
2,354,10
2,354,10
2,354,10
2,354,10
2,354,10
2,354,10
2,354,10
2,354,10
2,354,10
2,354,10
2,354,10
2,354,10
2,354,10
2,354,10
2,354,10
2,354,10
2,354,10
2,354,10
2,17,10
2,17,10
2,17,10
2,17,10
2,17,10
2,17,10
2,17,10
2,17,10
2,17,10
2,17,10
2,17,10
2,17,10
2,17,10
2,17,10
2,17,10
2,17,10
2,17,10
2,17,10
2,17,10
2,17,10
2,17,10
2,17,10
2,17,10
2,17,10
2,17,10
2,17,10
2,17,10
2,17,10
2,17,10
2,17,10
2,17,10
2,17,10
2,17,10
2,17,10
2,17,10
2,17,10
2,17,10
2,17,10
2,17,10
2,17,10
2,2,10
2,2,10
2,2,10
2,2,10
2,2,10
2,2,10
2,2,10
2,2,10
2,2,10
2,2,10
2,2,10
2,2,10
2,2,10
2,2,10
2,2,10
2,2,10
2,2,10
2,2,10
2,2,10
2,2,10
2,2,10
2,2,10
2,2,10
2,2,10
2,2,10
2,2,10
2,2,10
2,2,10
2,2,10
2,2,10
2,2,10
2,2,10
2,2,10
2,2,10
2,2,10
2,2,10
2,2,10
2,2,10
2,2,10
2,2,10
2,2,10
22,43,10
22,43,10
22,43,10
22,43,10
22,43,10
22,43,10
22,43,10
22,43,10
22,43,10
22,43,10
22,43,10
22,43,10
22,43,10
22,43,10
22,43,10
22,43,10
22,43,10
22,43,10
22,43,10
22,43,10
22,43,10
22,43,10
22,43,10
22,43,10
22,43,10
22,43,10
22,43,10
22,30,10
22,30,10
22,30,10
22,30,10
22,30,10
22,30,10
22,30,10
22,30,10
22,30,10
22,30,10
22,30,10
22,30,10
22,30,10
22,30,10
22,30,10
22,30,10
22,30,10
22,30,10
22,30,10
22,30,10
22,30,10
22,30,10
22,30,10
22,30,10
22,9,10
22,9,10
22,9,10
22,9,10
22,9,10
22,9,10
22,9,10
22,9,10
22,9,10
22,9,10
22,9,10
22,9,10
22,9,10
22,9,10
22,9,10
22,9,10
22,9,10
22,9,10
22,9,10
22,9,10
22,9,10
22,9,10
22,9,10
22,9,10
22,9,10
22,9,10
22,9,10
22,9,10
22,28,10
22,28,10
22,28,10
22,28,10
22,28,10
22,28,10
22,28,10
22,28,10
22,28,10
22,28,10
22,28,10
22,28,10
22,28,10
22,28,10
22,28,10
22,28,10
22,28,10
22,28,10
22,28,10
22,28,10
22,28,10
22,28,10
22,28,10
22,28,10
22,28,10
22,28,10
22,28,10
22,28,10
22,28,10
22,28,10
22,28,10
22,28,10
22,28,10
22,28,10
22,28,10
22,28,10
22,28,10
22,28,10
22,28,10
22,28,10
22,28,10
22,28,10
22,28,10
22,28,10
22,28,10
22,28,10
22,28,10
22,28,10
22,28,10
22,28,10
22,28,10
22,28,10
22,28,10
22,28,10
22,28,10
22,28,10
22,28,10
22,21,10
22,21,10
22,21,10
22,21,10
22,21,10
22,21,10
22,21,10
22,21,10
22,21,10
22,21,10
22,21,10
22,21,10
22,36,10
22,36,10
22,36,10
22,36,10
22,36,10
22,36,10
22,36,10
22,36,10
22,36,10
22,36,10
22,36,10
22,36,10
22,36,10
22,36,10
22,36,10
22,36,10
22,36,10
22,36,10
22,36,10
22,36,10
22,36,10
22,36,10
22,36,10
22,36,10
22,36,10
22,36,10
22,36,10
22,36,10
22,36,10
22,36,10
22,36,10
22,36,10
22,36,10
22,36,10
22,16,10
22,16,10
22,16,10
22,16,10
22,16,10
22,16,10
22,16,10
22,16,10
22,16,10
352,338,10
352,338,10
352,338,10
352,338,10
352,338,10
352,338,10
352,1,10
352,1,10
352,1,10
352,1,10
352,1,10
352,1,10
352,1,10
352,1,10
352,1,10
352,1,10
352,1,10
352,1,10
352,1,10
352,1,10
352,5,10
352,5,10
352,5,10
352,5,10
352,5,10
352,5,10
352,5,10
352,5,10
352,5,10
352,5,10
352,5,10
352,5,10
352,5,10
352,5,10
352,5,10
352,5,10
352,5,10
352,5,10
352,5,10
352,5,10
352,11,10
352,11,10
352,11,10
352,11,10
352,11,10
352,11,10
352,11,10
352,11,10
352,359,10
352,359,10
352,359,10
352,359,10
352,359,10
352,359,10
352,359,10
352,359,10
352,359,10
352,359,10
352,359,10
352,359,10
352,359,10
352,359,10
352,359,10
352,359,10
352,357,10
352,357,10
352,357,10
352,357,10
352,357,10
352,357,10
352,357,10
352,357,10
352,357,10
352,357,10
352,357,10
352,357,10
352,357,10
352,357,10
352,357,10
352,357,10
352,357,10
352,357,10
352,357,10
352,357,10
352,357,10
352,5,10
352,5,10
352,5,10
352,5,10
352,5,10
352,5,10
352,5,10
352,5,10
352,5,10
352,5,10
352,345,10
352,345,10
352,345,10
352,345,10
352,345,10
352,345,10
352,345,10
352,3,10
352,3,10
352,3,10
352,3,10
352,3,10
352,3,10
352,3,10
352,3,10
352,3,10
352,3,10
352,3,10
352,3,10
352,3,10
352,3,10
352,3,10
352,3,10
352,3,10
352,3,10
352,3,10
352,3,10
352,3,10
352,3,10
352,3,10
352,3,10
352,3,10
352,3,10
352,3,10
352,3,10
352,3,10
352,3,10
352,3,10
352,3,10
352,3,10
352,3,10
352,3,10
352,3,10
352,3,10
352,3,10
352,3,10
352,3,10
352,3,10
352,3,10
352,3,10
352,3,10
352,3,10
352,3,10
352,3,10
352,3,10
352,349,10
352,349,10
352,349,10
352,349,10
352,349,10
352,349,10
352,349,10
352,349,10
352,349,10
352,349,10
352,349,10
352,349,10
352,349,10
352,349,10
352,349,10
352,349,10
352,349,10
352,349,10
352,349,10
352,349,10
352,349,10
352,349,10
352,349,10
352,349,10
352,349,10
352,349,10
352,354,10
352,354,10
352,354,10
352,354,10
352,354,10
352,354,10
352,354,10
352,354,10
352,354,10
352,354,10
352,354,10
352,354,10
352,354,10
352,354,10
352,354,10
352,354,10
352,354,10
352,354,10
352,354,10
352,354,10
352,354,10
352,354,10
352,354,10
352,354,10
352,354,10
352,354,10
352,354,10
352,354,10
352,354,10
352,354,10
352,6,10
352,6,10
352,6,10
352,6,10
352,6,10
352,6,10
352,6,10
352,6,10
352,6,10
352,6,10
352,6,10
352,6,10
352,6,10
352,6,10
352,6,10
352,6,10
352,6,10
352,6,10
352,6,10
352,6,10
352,6,10
352,6,10
352,357,10
352,357,10
352,357,10
352,357,10
352,357,10
352,357,10
352,357,10
352,357,10
352,357,10
352,357,10
352,357,10
352,357,10
352,357,10
352,357,10
352,357,10
352,357,10
352,357,10
352,357,10
352,357,10
352,357,10
352,357,10
352,357,10
352,356,10
352,356,10
352,356,10
352,356,10
352,356,10
352,356,10
352,356,10
352,356,10
352,356,10
352,356,10
352,351,10
352,351,10
352,351,10
352,351,10
352,351,10
352,351,10
352,351,10
352,351,10
352,351,10
352,351,10
352,351,10
352,351,10
352,351,10
352,351,10
352,351,10
352,351,10
352,351,10
352,351,10
352,351,10
352,351,10
352,351,10
352,351,10
352,351,10
352,351,10
352,351,10
352,351,10
352,351,10
352,351,10
352,351,10
352,5,10
352,5,10
352,5,10
352,5,10
352,5,10
352,5,10
352,5,10
352,5,10
352,5,10
352,5,10
352,5,10
352,5,10
352,5,10
12,7,10
12,7,10
12,7,10
12,7,10
12,7,10
12,7,10
12,7,10
12,359,10
12,359,10
12,359,10
12,359,10
12,359,10
12,359,10
12,359,10
12,359,10
12,7,10
12,7,10
12,7,10
12,7,10
12,7,10
12,7,10
12,7,10
12,7,10
12,7,10
12,7,10
12,7,10
12,7,10
12,7,10
12,7,10
12,7,10
12,7,10
12,14,10
12,14,10
12,14,10
12,14,10
12,14,10
12,14,10
12,14,10
12,14,10
12,14,10
12,14,10
12,14,10
12,14,10
12,14,10
12,14,10
12,14,10
12,14,10
12,14,10
12,14,10
12,13,10
12,13,10
12,13,10
12,13,10
12,13,10
12,13,10
12,13,10
12,13,10
12,13,10
12,13,10
12,13,10
12,13,10
12,17,10
12,17,10
12,17,10
12,17,10
12,17,10
12,17,10
12,17,10
12,17,10
12,17,10
12,17,10
12,17,10
12,17,10
12,17,10
12,17,10
12,17,10
12,17,10
12,17,10
12,17,10
12,17,10
12,17,10
12,17,10
12,17,10
12,17,10
12,17,10
12,17,10
12,17,10
12,17,10
12,17,10
12,17,10
12,25,10
12,25,10
12,25,10
12,25,10
12,25,10
12,25,10
12,25,10
12,25,10
12,25,10
12,25,10
12,25,10
12,25,10
12,25,10
12,25,10
12,25,10
12,25,10
12,25,10
12,25,10
12,25,10
12,25,10
12,25,10
12,25,10
12,25,10
12,25,10
12,25,10
12,25,10
12,25,10
12,25,10
12,25,10
12,25,10
12,25,10
12,25,10
12,25,10
12,25,10
12,25,10
12,25,10
12,25,10
12,25,10
12,25,10
12,25,10
12,25,10
12,359,10
12,359,10
12,359,10
12,359,10
12,359,10
12,359,10
12,359,10
12,359,10
12,359,10
12,359,10
12,359,10
42,50,10
42,50,10
42,50,10
42,50,10
42,50,10
42,50,10
42,50,10
42,50,10
42,50,10
42,50,10
42,50,10
42,36,10
42,36,10
42,36,10
42,36,10
42,36,10
42,36,10
42,36,10
42,36,10
42,36,10
42,36,10
42,36,10
42,36,10
42,36,10
42,36,10
42,36,10
42,37,10
42,37,10
42,37,10
42,37,10
42,37,10
42,37,10
42,43,10
42,43,10
42,43,10
42,43,10
42,43,10
42,43,10
42,43,10
42,43,10
42,43,10
42,35,10
42,35,10
42,35,10
42,35,10
42,35,10
42,35,10
42,35,10
42,35,10
42,35,10
42,35,10
42,35,10
42,35,10
42,35,10
42,35,10
42,35,10
42,35,10
42,35,10
42,33,10
42,33,10
42,33,10
42,33,10
42,33,10
42,33,10
42,33,10
42,33,10
42,33,10
42,33,10
42,33,10
42,33,10
42,33,10
42,33,10
42,33,10
42,33,10
42,33,10
42,33,10
42,33,10
42,33,10
42,33,10
42,33,10
42,33,10
42,33,10
42,33,10
42,33,10
42,33,10
42,33,10
42,33,10
42,33,10
42,33,10
42,33,10
42,33,10
42,33,10
42,37,10
42,37,10
42,37,10
42,37,10
42,37,10
42,37,10
42,37,10
42,37,10
42,37,10
42,37,10
42,37,10
42,37,10
42,37,10
42,37,10
42,37,10
42,37,10
42,37,10
42,37,10
42,37,10
42,37,10
42,37,10
42,37,10
42,37,10
42,37,10
42,37,10
42,37,10
42,37,10
42,37,10
42,37,10
42,37,10
42,37,10
42,37,10
42,37,10
42,37,10
42,20,10
42,20,10
42,20,10
42,20,10
42,20,10
42,20,10
42,20,10
42,20,10
42,20,10
42,20,10
42,20,10
42,38,10
42,38,10
42,38,10
42,38,10
42,38,10
42,38,10
42,38,10
42,38,10
42,38,10
42,38,10
42,38,10
42,38,10
42,38,10
42,38,10
42,38,10
42,38,10
42,38,10
42,38,10
42,38,10
42,38,10
42,38,10
42,38,10
42,38,10
42,38,10
42,38,10
42,38,10
42,17,10
42,17,10
42,17,10
42,17,10
42,17,10
42,17,10
42,17,10
42,17,10
42,75,10
42,75,10
42,75,10
42,75,10
42,75,10
42,75,10
42,75,10
42,52,10
42,52,10
42,52,10
42,52,10
42,52,10
42,52,10
42,52,10
42,52,10
42,52,10
42,52,10
42,52,10
42,52,10
42,52,10
42,52,10
42,52,10
42,52,10
42,52,10
42,52,10
42,52,10
42,52,10
42,52,10
42,52,10
42,52,10
42,52,10
42,52,10
42,52,10
42,52,10
42,52,10
42,52,10
42,52,10
42,52,10
42,52,10
42,52,10
22,19,10
22,19,10
22,19,10
22,19,10
22,19,10
22,19,10
22,19,10
22,19,10
22,19,10
22,10,10
22,10,10
22,10,10
22,10,10
22,10,10
22,10,10
22,10,10
22,10,10
22,10,10
22,10,10
22,10,10
22,10,10
22,10,10
22,10,10
22,10,10
22,10,10
22,10,10
22,10,10
22,10,10
22,10,10
22,10,10
22,10,10
22,10,10
22,10,10
22,10,10
22,10,10
22,10,10
22,10,10
22,10,10
22,10,10
22,10,10
22,10,10
22,10,10
22,10,10
22,10,10
22,10,10
22,10,10
22,12,10
22,12,10
22,12,10
22,12,10
22,12,10
22,12,10
22,21,10
22,21,10
22,21,10
22,21,10
22,21,10
22,21,10
22,21,10
22,21,10
22,21,10
22,21,10
22,21,10
22,21,10
22,21,10
22,21,10
22,21,10
22,21,10
22,21,10
22,21,10
22,21,10
22,21,10
22,21,10
22,21,10
22,21,10
22,21,10
22,21,10
22,21,10
22,21,10
22,21,10
22,21,10
22,21,10
22,21,10
22,21,10
22,21,10
22,21,10
22,21,10
22,21,10
22,21,10
22,21,10
22,21,10
22,35,10
22,35,10
22,35,10
22,35,10
22,35,10
22,35,10
22,35,10
22,35,10
22,35,10
22,35,10
22,35,10
22,35,10
22,35,10
22,35,10
22,35,10
22,35,10
22,35,10
22,35,10
22,35,10
22,35,10
22,35,10
22,35,10
22,35,10
22,35,10
22,27,10
22,27,10
22,27,10
22,27,10
22,27,10
22,27,10
22,27,10
342,345,10
342,345,10
342,345,10
342,345,10
342,345,10
342,345,10
342,345,10
342,345,10
342,345,10
342,345,10
342,345,10
342,345,10
342,339,10
342,339,10
342,339,10
342,339,10
342,339,10
342,339,10
342,339,10
342,339,10
342,339,10
342,339,10
342,339,10
342,339,10
342,339,10
342,339,10
342,339,10
342,339,10
342,339,10
342,339,10
342,339,10
342,339,10
342,339,10
342,342,10
342,342,10
342,342,10
342,342,10
342,342,10
342,342,10
342,342,10
342,329,10
342,329,10
342,329,10
342,329,10
342,329,10
342,329,10
342,329,10
342,329,10
342,329,10
342,329,10
342,329,10
342,329,10
342,329,10
342,329,10
342,329,10
342,329,10
342,329,10
342,329,10
342,329,10
342,329,10
342,329,10
342,329,10
342,329,10
342,329,10
342,329,10
342,329,10
342,329,10
342,329,10
342,329,10
342,329,10
342,329,10
342,335,10
342,335,10
342,335,10
342,335,10
342,335,10
342,335,10
342,335,10
342,335,10
342,335,10
342,335,10
342,335,10
342,352,10
342,352,10
342,352,10
342,352,10
342,352,10
342,352,10
342,352,10
342,352,10
342,352,10
342,352,10
342,352,10
342,352,10
342,352,10
342,352,10
342,352,10
342,352,10
342,352,10
342,352,10
342,352,10
342,352,10
342,352,10
342,352,10
342,352,10
342,355,10
342,355,10
342,355,10
342,355,10
342,355,10
342,355,10
342,355,10
342,355,10
342,355,10
342,355,10
342,355,10
342,355,10
342,355,10
342,355,10
342,355,10
342,355,10
342,355,10
342,355,10
342,355,10
342,355,10
342,355,10
342,355,10
342,355,10
342,355,10
342,355,10
342,345,10
342,345,10
342,345,10
342,345,10
342,345,10
342,345,10
342,345,10
342,345,10
342,345,10
342,345,10
342,345,10
342,345,10
342,345,10
342,345,10
342,345,10
342,345,10
342,345,10
342,345,10
342,345,10
342,345,10
342,345,10
342,345,10
342,345,10
342,345,10
342,345,10
342,343,10
342,343,10
342,343,10
342,343,10
342,343,10
342,343,10
342,343,10
342,343,10
342,343,10
342,343,10
342,343,10
342,343,10
342,343,10
342,343,10
342,343,10
342,343,10
342,343,10
342,343,10
342,343,10
342,343,10
342,343,10
342,343,10
342,343,10
342,343,10
342,343,10
342,343,10
342,343,10
342,343,10
342,343,10
342,343,10
342,343,10
342,358,10
342,358,10
342,358,10
342,358,10
342,358,10
342,358,10
342,358,10
342,358,10
342,358,10
342,358,10
342,358,10
342,358,10
342,358,10
342,358,10
342,358,10
342,358,10
342,358,10
342,358,10
342,358,10
342,358,10
342,358,10
342,358,10
342,358,10
342,358,10
342,358,10
342,358,10
342,358,10
342,358,10
342,358,10
342,358,10
342,358,10
342,358,10
342,358,10
342,358,10
342,358,10
342,358,10
342,358,10
342,358,10
342,358,10
342,358,10
342,358,10
342,358,10
342,358,10
342,358,10
342,358,10
342,358,10
342,358,10
342,358,10
342,358,10
342,358,10
342,358,10
342,358,10
342,358,10
342,358,10
342,358,10
342,358,10
342,358,10
342,358,10
342,351,10
342,351,10
342,351,10
342,351,10
342,351,10
342,351,10
342,351,10
342,351,10
342,348,10
342,348,10
342,348,10
342,348,10
342,348,10
342,348,10
342,348,10
342,348,10
342,348,10
342,338,10
342,338,10
342,338,10
342,338,10
342,338,10
342,338,10
342,338,10
342,338,10
342,338,10
342,338,10
342,338,10
342,338,10
342,338,10
342,338,10
342,338,10
342,338,10
342,338,10
342,338,10
342,338,10
342,338,10
342,338,10
342,338,10
342,338,10
342,338,10
342,338,10
342,340,10
342,340,10
342,340,10
342,340,10
342,340,10
342,340,10
342,340,10
342,340,10
302,299,10
302,299,10
302,299,10
302,299,10
302,299,10
302,299,10
302,299,10
302,299,10
302,299,10
302,299,10
302,299,10
302,299,10
302,299,10
302,302,10
302,302,10
302,302,10
302,302,10
302,302,10
302,302,10
302,302,10
302,302,10
302,302,10
302,302,10
302,302,10
302,302,10
302,302,10
302,302,10
302,302,10
302,307,10
302,307,10
302,307,10
302,307,10
302,307,10
302,307,10
302,307,10
302,307,10
302,307,10
302,307,10
302,307,10
302,307,10
302,307,10
302,307,10
302,307,10
302,307,10
302,307,10
302,307,10
302,307,10
302,298,10
302,298,10
302,298,10
302,298,10
302,298,10
302,298,10
302,298,10
302,298,10
302,298,10
302,298,10
302,298,10
302,298,10
302,298,10
302,298,10
302,306,10
302,306,10
302,306,10
302,306,10
302,306,10
302,306,10
302,306,10
302,306,10
302,306,10
302,306,10
302,306,10
302,306,10
302,306,10
302,306,10
302,306,10
302,306,10
302,306,10
302,306,10
302,306,10
302,306,10
302,306,10
302,306,10
302,306,10
302,306,10
302,306,10
302,306,10
302,306,10
302,306,10
302,306,10
302,306,10
302,306,10
302,306,10
302,306,10
302,306,10
302,306,10
302,306,10
302,306,10
302,306,10
302,306,10
302,306,10
302,306,10
302,306,10
302,306,10
302,306,10
302,306,10
302,312,10
302,312,10
302,312,10
302,312,10
302,312,10
302,312,10
302,312,10
302,312,10
302,312,10
302,312,10
302,312,10
302,312,10
302,312,10
302,312,10
302,312,10
302,312,10
302,312,10
302,312,10
302,312,10
302,312,10
302,312,10
302,312,10
302,312,10
302,291,10
302,291,10
302,291,10
302,291,10
302,291,10
302,291,10
302,291,10
302,291,10
302,291,10
302,299,10
302,299,10
302,299,10
302,299,10
302,299,10
302,299,10
302,299,10
302,299,10
302,299,10
302,299,10
302,299,10
302,299,10
302,299,10
302,299,10
302,307,10
302,307,10
302,307,10
302,307,10
302,307,10
302,307,10
302,307,10
302,307,10
302,307,10
302,307,10
302,307,10
302,307,10
302,307,10
302,307,10
302,307,10
302,307,10
302,307,10
302,307,10
302,307,10
302,307,10
302,307,10
302,307,10
302,307,10
302,307,10
302,307,10
302,307,10
302,307,10
302,307,10
302,307,10
302,307,10
302,307,10
302,307,10
302,307,10
302,307,10
302,307,10
302,307,10
302,307,10
302,307,10
302,307,10
302,307,10
302,307,10
302,307,10
302,307,10
302,295,10
302,295,10
302,295,10
302,295,10
302,295,10
302,295,10
302,295,10
302,295,10
302,295,10
302,295,10
302,295,10
302,295,10
302,295,10
302,295,10
302,295,10
302,295,10
302,295,10
302,295,10
302,295,10
302,295,10
302,295,10
302,295,10
302,295,10
302,295,10
302,295,10
302,295,10
302,295,10
302,295,10
302,295,10
302,295,10
302,295,10
302,295,10
302,295,10
302,295,10
302,295,10
302,295,10
302,304,10
302,304,10
302,304,10
302,304,10
302,304,10
302,304,10
302,304,10
302,304,10
302,304,10
302,304,10
302,304,10
302,304,10
302,304,10
302,304,10
302,304,10
302,301,10
302,301,10
302,301,10
302,301,10
302,301,10
302,301,10
302,301,10
302,301,10
302,301,10
302,301,10
302,301,10
302,301,10
302,301,10
302,301,10
302,301,10
302,301,10
302,301,10
302,301,10
302,301,10
302,301,10
302,301,10
302,301,10
302,301,10
302,301,10
302,301,10
302,301,10
302,301,10
302,301,10
302,301,10
302,301,10
302,301,10
302,301,10
302,301,10
302,301,10
302,301,10
302,301,10
302,301,10
302,301,10
302,301,10
302,301,10
302,301,10
302,301,10
302,301,10
302,301,10
302,301,10
262,261,10
262,261,10
262,261,10
262,261,10
262,261,10
262,261,10
262,261,10
262,261,10
262,261,10
262,261,10
262,261,10
262,261,10
262,261,10
262,261,10
262,261,10
262,261,10
262,261,10
262,261,10
262,261,10
262,261,10
262,261,10
262,261,10
262,261,10
262,261,10
262,267,10
262,267,10
262,267,10
262,267,10
262,267,10
262,267,10
262,267,10
262,267,10
262,267,10
262,267,10
262,267,10
262,267,10
262,267,10
262,267,10
262,267,10
262,267,10
262,267,10
262,267,10
262,267,10
262,267,10
262,267,10
262,267,10
262,267,10
262,267,10
262,267,10
262,267,10
262,267,10
262,257,10
262,257,10
262,257,10
262,257,10
262,257,10
262,257,10
262,257,10
262,257,10
262,257,10
262,257,10
262,257,10
262,257,10
262,257,10
262,257,10
262,257,10
262,257,10
262,257,10
262,257,10
262,257,10
262,257,10
262,257,10
262,257,10
262,257,10
262,281,10
262,281,10
262,281,10
262,281,10
262,281,10
262,281,10
262,281,10
262,281,10
262,281,10
262,281,10
262,281,10
262,281,10
262,281,10
262,281,10
262,281,10
262,281,10
262,281,10
262,281,10
262,281,10
262,281,10
262,281,10
262,281,10
262,281,10
262,281,10
262,281,10
262,281,10
262,281,10
262,281,10
262,281,10
262,281,10
262,281,10
262,281,10
262,281,10
262,281,10
262,281,10
262,281,10
262,264,10
262,264,10
262,264,10
262,264,10
262,264,10
262,264,10
262,264,10
262,264,10
262,264,10
262,265,10
262,265,10
262,265,10
262,265,10
262,265,10
262,265,10
262,265,10
262,265,10
262,265,10
262,265,10
262,265,10
262,265,10
262,265,10
262,265,10
262,265,10
262,265,10
262,265,10
262,265,10
262,265,10
262,265,10
262,265,10
262,265,10
262,265,10
262,265,10
262,265,10
262,265,10
262,265,10
262,265,10
262,265,10
262,265,10
262,265,10
262,265,10
262,265,10
262,265,10
262,265,10
262,265,10
262,265,10
262,265,10
262,265,10
262,265,10
262,265,10
262,265,10
262,265,10
262,265,10
262,265,10
262,265,10
262,265,10
262,265,10
262,265,10
262,265,10
262,265,10
262,265,10
262,256,10
262,256,10
262,256,10
262,256,10
262,256,10
262,256,10
262,256,10
262,256,10
262,256,10
262,256,10
262,256,10
262,256,10
262,256,10
262,256,10
262,256,10
262,256,10
262,256,10
262,256,10
262,256,10
262,256,10
262,256,10
262,256,10
262,256,10
262,256,10
262,256,10
262,256,10
262,256,10
262,256,10
262,256,10
262,256,10
262,256,10
262,256,10
262,256,10
262,256,10
262,256,10
262,256,10
262,256,10
232,237,10
232,237,10
232,237,10
232,237,10
232,237,10
232,237,10
232,237,10
232,237,10
232,237,10
232,237,10
232,237,10
232,237,10
232,237,10
232,237,10
232,237,10
232,237,10
232,237,10
232,237,10
232,237,10
232,237,10
232,237,10
232,237,10
232,237,10
232,237,10
232,237,10
232,237,10
232,237,10
232,237,10
232,237,10
232,237,10
232,237,10
232,237,10
232,237,10
232,237,10
232,237,10
232,237,10
232,237,10
232,237,10
232,237,10
232,237,10
232,237,10
232,241,10
232,241,10
232,241,10
232,241,10
232,241,10
232,241,10
232,241,10
232,241,10
232,241,10
232,241,10
232,241,10
232,241,10
232,241,10
232,241,10
232,241,10
232,239,10
232,239,10
232,239,10
232,239,10
232,239,10
232,239,10
232,239,10
232,239,10
232,239,10
232,239,10
232,239,10
232,239,10
232,239,10
232,239,10
232,239,10
232,239,10
232,239,10
232,239,10
232,239,10
232,239,10
232,239,10
232,239,10
232,239,10
232,239,10
232,239,10
232,239,10
232,239,10
232,239,10
232,239,10
232,239,10
232,239,10
232,239,10
232,239,10
232,239,10
232,239,10
232,239,10
232,239,10
232,239,10
232,239,10
232,239,10
232,239,10
232,239,10
232,239,10
232,239,10
232,239,10
232,239,10
232,239,10
232,239,10
232,239,10
232,239,10
232,239,10
232,239,10
232,239,10
232,239,10
232,239,10
232,240,10
232,240,10
232,240,10
232,240,10
232,240,10
232,240,10
232,240,10
232,240,10
232,231,10
232,231,10
232,231,10
232,231,10
232,231,10
232,231,10
232,231,10
232,231,10
232,221,10
232,221,10
232,221,10
232,221,10
232,221,10
232,221,10
232,211,10
232,211,10
232,211,10
232,211,10
232,211,10
232,211,10
232,211,10
232,211,10
232,211,10
232,230,10
232,230,10
232,230,10
232,230,10
232,230,10
232,230,10
232,230,10
232,230,10
232,230,10
232,230,10
232,230,10
232,230,10
232,230,10
232,230,10
232,230,10
232,230,10
232,215,10
232,215,10
232,215,10
232,215,10
232,215,10
232,215,10
232,215,10
232,215,10
232,215,10
232,215,10
232,215,10
232,215,10
232,215,10
232,215,10
232,215,10
232,215,10
232,215,10
232,215,10
232,215,10
232,215,10
232,215,10
232,215,10
232,215,10
232,215,10
232,215,10
232,215,10
232,215,10
232,217,10
232,217,10
232,217,10
232,217,10
232,217,10
232,217,10
232,217,10
232,217,10
232,217,10
232,217,10
232,217,10
232,238,10
232,238,10
232,238,10
232,238,10
232,238,10
232,238,10
232,238,10
232,238,10
232,238,10
232,238,10
232,238,10
232,238,10
232,238,10
232,238,10
232,238,10
232,238,10
232,238,10
232,238,10
232,237,10
232,237,10
232,237,10
232,237,10
232,237,10
232,237,10
232,237,10
232,237,10
232,237,10
232,237,10
232,237,10
232,237,10
232,237,10
232,237,10
232,237,10
232,237,10
232,237,10
232,237,10
232,237,10
232,237,10
232,237,10
232,237,10
232,237,10
232,237,10
232,237,10
232,237,10
232,226,10
232,226,10
232,226,10
232,226,10
232,226,10
232,226,10
232,226,10
232,226,10
232,226,10
232,226,10
232,221,10
232,221,10
232,221,10
232,221,10
232,221,10
232,221,10
232,221,10
232,221,10
232,221,10
232,221,10
232,221,10
232,221,10
232,221,10
232,221,10
232,231,10
232,231,10
232,231,10
232,231,10
232,231,10
232,231,10
202,196,10
202,196,10
202,196,10
202,196,10
202,196,10
202,196,10
202,196,10
202,196,10
202,196,10
202,196,10
202,196,10
202,196,10
202,196,10
202,196,10
202,196,10
202,196,10
202,196,10
202,196,10
202,196,10
202,196,10
202,196,10
202,196,10
202,196,10
202,196,10
202,196,10
202,196,10
202,196,10
202,196,10
202,196,10
202,196,10
202,196,10
202,196,10
202,196,10
202,196,10
202,196,10
202,196,10
202,196,10
202,196,10
202,196,10
202,196,10
202,196,10
202,196,10
202,196,10
202,196,10
202,196,10
202,196,10
202,196,10
202,196,10
202,196,10
202,196,10
202,196,10
202,196,10
202,196,10
202,196,10
202,196,10
202,196,10
202,190,10
202,190,10
202,190,10
202,190,10
202,190,10
202,190,10
202,190,10
202,190,10
202,190,10
202,190,10
202,190,10
202,190,10
202,190,10
202,190,10
202,190,10
202,190,10
202,190,10
202,190,10
202,190,10
202,190,10
202,190,10
202,190,10
202,190,10
202,190,10
202,190,10
202,190,10
202,190,10
202,190,10
202,190,10
202,190,10
202,190,10
202,190,10
202,190,10
202,190,10
202,190,10
202,190,10
202,190,10
202,190,10
202,190,10
202,190,10
202,190,10
202,190,10
202,190,10
202,190,10
202,190,10
202,190,10
202,190,10
202,190,10
202,190,10
202,190,10
202,190,10
202,190,10
202,190,10
202,190,10
202,190,10
202,190,10
202,190,10
202,190,10
202,214,10
202,214,10
202,214,10
202,214,10
202,214,10
202,214,10
202,214,10
202,214,10
202,194,10
202,194,10
202,194,10
202,194,10
202,194,10
202,194,10
202,194,10
202,194,10
202,194,10
202,194,10
202,194,10
202,194,10
202,194,10
202,194,10
202,194,10
202,194,10
202,194,10
202,194,10
202,194,10
202,194,10
202,194,10
202,209,10
202,209,10
202,209,10
202,209,10
202,209,10
202,209,10
202,209,10
202,209,10
202,209,10
202,209,10
202,209,10
202,209,10
202,209,10
202,209,10
202,209,10
202,209,10
202,209,10
202,209,10
202,188,10
202,188,10
202,188,10
202,188,10
202,188,10
202,188,10
202,188,10
202,188,10
202,188,10
202,188,10
202,196,10
202,196,10
202,196,10
202,196,10
202,196,10
202,196,10
202,196,10
202,196,10
202,220,10
202,220,10
202,220,10
202,220,10
202,220,10
202,220,10
202,220,10
202,220,10
202,220,10
202,226,10
202,226,10
202,226,10
202,226,10
202,226,10
202,226,10
202,226,10
202,226,10
202,226,10
202,226,10
182,184,10
182,184,10
182,184,10
182,184,10
182,184,10
182,184,10
182,184,10
182,184,10
182,184,10
182,184,10
182,184,10
182,184,10
182,184,10
182,184,10
182,184,10
182,184,10
182,184,10
182,184,10
182,178,10
182,178,10
182,178,10
182,178,10
182,178,10
182,178,10
182,178,10
182,178,10
182,178,10
182,178,10
182,178,10
182,178,10
182,178,10
182,178,10
182,178,10
182,178,10
182,178,10
182,178,10
182,178,10
182,178,10
182,178,10
182,178,10
182,178,10
182,178,10
182,178,10
182,178,10
182,178,10
182,173,10
182,173,10
182,173,10
182,173,10
182,173,10
182,173,10
182,173,10
182,173,10
182,173,10
182,173,10
182,173,10
182,173,10
182,173,10
182,173,10
182,173,10
182,173,10
182,173,10
182,173,10
182,173,10
182,173,10
182,173,10
182,173,10
182,173,10
182,173,10
182,173,10
182,173,10
182,173,10
182,173,10
182,173,10
182,173,10
182,173,10
182,173,10
182,173,10
182,173,10
182,173,10
182,173,10
182,173,10
182,173,10
182,173,10
182,173,10
182,184,10
182,184,10
182,184,10
182,184,10
182,184,10
182,184,10
182,184,10
182,184,10
182,184,10
182,184,10
182,184,10
182,184,10
182,184,10
182,184,10
182,184,10
182,184,10
182,184,10
182,184,10
182,184,10
182,184,10
182,184,10
182,181,10
182,181,10
182,181,10
182,181,10
182,181,10
182,181,10
182,181,10
182,181,10
182,184,10
182,184,10
182,184,10
182,184,10
182,184,10
182,184,10
182,184,10
182,184,10
182,184,10
182,184,10
182,184,10
182,184,10
182,184,10
182,184,10
182,184,10
182,184,10
182,184,10
182,184,10
182,184,10
182,184,10
182,184,10
182,184,10
182,184,10
182,184,10
182,184,10
182,184,10
182,184,10
182,184,10
182,184,10
182,184,10
182,184,10
182,184,10
182,184,10
182,184,10
182,184,10
182,184,10
182,184,10
182,184,10
182,184,10
182,184,10
182,184,10
182,184,10
182,184,10
182,184,10
182,182,10
182,182,10
182,182,10
182,182,10
182,182,10
182,182,10
182,182,10
182,182,10
182,182,10
182,182,10
182,182,10
182,182,10
182,182,10
182,182,10
182,182,10
182,182,10
182,182,10
182,182,10
182,182,10
182,182,10
182,161,10
182,161,10
182,161,10
182,161,10
182,161,10
182,161,10
182,161,10
182,161,10
182,161,10
182,161,10
182,161,10
182,161,10
182,161,10
182,161,10
182,161,10
182,161,10
182,161,10
182,161,10
182,179,10
182,179,10
182,179,10
182,179,10
182,179,10
182,179,10
182,179,10
182,179,10
182,179,10
182,179,10
182,179,10
182,179,10
182,179,10
182,179,10
182,179,10
182,179,10
182,172,10
182,172,10
182,172,10
182,172,10
182,172,10
182,172,10
182,172,10
182,172,10
182,172,10
182,172,10
182,172,10
182,172,10
182,172,10
182,172,10
182,172,10
182,172,10
182,172,10
182,172,10
182,172,10
182,172,10
182,172,10
182,172,10
182,172,10
182,172,10
182,172,10
182,172,10
182,200,10
182,200,10
182,200,10
182,200,10
182,200,10
182,200,10
182,200,10
182,200,10
182,200,10
182,200,10
182,200,10
182,200,10
182,200,10
182,200,10
182,200,10
182,200,10
182,200,10
182,200,10
182,200,10
182,200,10
182,200,10
182,200,10
182,200,10
182,200,10
182,200,10
182,200,10
182,200,10
182,200,10
182,171,10
182,171,10
182,171,10
182,171,10
182,171,10
182,171,10
182,171,10
182,171,10
182,191,10
182,191,10
182,191,10
182,191,10
182,191,10
182,191,10
182,191,10
182,191,10
182,191,10
182,173,10
182,173,10
182,173,10
182,173,10
182,173,10
182,173,10
182,173,10
182,173,10
182,173,10
182,173,10
182,185,10
182,185,10
182,185,10
182,185,10
182,185,10
182,185,10
182,185,10
182,185,10
182,185,10
182,185,10
182,185,10
182,185,10
182,185,10
182,185,10
182,185,10
182,185,10
182,185,10
182,185,10
182,185,10
182,185,10
182,185,10
182,185,10
182,185,10
182,185,10
182,185,10
182,185,10
182,185,10
182,185,10
182,185,10
182,185,10
182,185,10
182,185,10
182,185,10
182,202,10
182,202,10
182,202,10
182,202,10
182,202,10
182,202,10
182,202,10
182,202,10
182,202,10
182,202,10
182,202,10
182,202,10
182,202,10
182,202,10
182,202,10
182,202,10
182,202,10
182,193,10
182,193,10
182,193,10
182,193,10
182,193,10
182,193,10
182,193,10
162,156,10
162,156,10
162,156,10
162,156,10
162,156,10
162,156,10
162,156,10
162,156,10
162,156,10
162,156,10
162,156,10
162,156,10
162,156,10
162,156,10
162,156,10
162,156,10
162,156,10
162,156,10
162,156,10
162,156,10
162,156,10
162,156,10
162,156,10
162,156,10
162,156,10
162,156,10
162,156,10
162,156,10
162,156,10
162,156,10
162,156,10
162,156,10
162,156,10
162,156,10
162,156,10
162,156,10
162,156,10
162,156,10
162,165,10
162,165,10
162,165,10
162,165,10
162,165,10
162,165,10
162,165,10
162,165,10
162,165,10
162,165,10
162,165,10
162,165,10
162,165,10
162,165,10
162,145,10
162,145,10
162,145,10
162,145,10
162,145,10
162,145,10
162,145,10
162,146,10
162,146,10
162,146,10
162,146,10
162,146,10
162,146,10
162,146,10
162,146,10
162,146,10
162,146,10
162,146,10
162,146,10
162,146,10
162,146,10
162,146,10
162,146,10
162,146,10
162,179,10
162,179,10
162,179,10
162,179,10
162,179,10
162,179,10
162,172,10
162,172,10
162,172,10
162,172,10
162,172,10
162,172,10
162,162,10
162,162,10
162,162,10
162,162,10
162,162,10
162,162,10
162,162,10
162,162,10
162,162,10
162,162,10
162,162,10
162,162,10
162,162,10
162,162,10
162,162,10
162,162,10
162,162,10
162,162,10
162,162,10
162,162,10
162,162,10
162,162,10
162,162,10
162,162,10
162,162,10
162,162,10
162,162,10
162,162,10
162,162,10
162,169,10
162,169,10
162,169,10
162,169,10
162,169,10
162,169,10
162,169,10
162,169,10
162,169,10
162,169,10
162,169,10
162,169,10
162,169,10
162,169,10
162,169,10
162,169,10
162,169,10
162,169,10
162,169,10
162,169,10
162,169,10
162,169,10
162,169,10
162,169,10
162,169,10
162,169,10
162,169,10
162,169,10
162,169,10
162,169,10
162,169,10
162,169,10
162,169,10
162,169,10
162,169,10
162,169,10
162,169,10
162,169,10
162,169,10
162,169,10
162,169,10
162,169,10
162,164,10
162,164,10
162,164,10
162,164,10
162,164,10
162,164,10
162,164,10
162,164,10
162,164,10
162,164,10
162,164,10
162,164,10
162,164,10
162,164,10
162,164,10
132,132,10
132,132,10
132,132,10
132,132,10
132,132,10
132,132,10
132,132,10
132,132,10
132,132,10
132,132,10
132,132,10
132,132,10
132,132,10
132,132,10
132,132,10
132,132,10
132,132,10
132,132,10
132,132,10
132,132,10
132,132,10
132,132,10
132,132,10
132,132,10
132,132,10
132,132,10
132,132,10
132,132,10
132,132,10
132,132,10
132,132,10
132,132,10
132,132,10
132,132,10
132,132,10
132,115,10
132,115,10
132,115,10
132,115,10
132,115,10
132,115,10
132,115,10
132,115,10
132,115,10
132,115,10
132,115,10
132,115,10
132,115,10
132,115,10
132,115,10
132,115,10
132,115,10
132,115,10
132,115,10
132,115,10
132,115,10
132,115,10
132,115,10
132,119,10
132,119,10
132,119,10
132,119,10
132,119,10
132,119,10
132,119,10
132,119,10
132,119,10
132,119,10
132,124,10
132,124,10
132,124,10
132,124,10
132,124,10
132,124,10
132,124,10
132,124,10
132,124,10
132,124,10
132,124,10
132,124,10
132,130,10
132,130,10
132,130,10
132,130,10
132,130,10
132,130,10
132,130,10
132,130,10
132,130,10
132,130,10
132,130,10
132,135,10
132,135,10
132,135,10
132,135,10
132,135,10
132,135,10
132,135,10
132,135,10
132,135,10
132,135,10
132,135,10
132,127,10
132,127,10
132,127,10
132,127,10
132,127,10
132,127,10
132,127,10
132,127,10
132,127,10
132,127,10
132,127,10
132,127,10
132,127,10
132,127,10
132,127,10
132,127,10
132,127,10
132,127,10
132,127,10
132,127,10
132,127,10
132,127,10
132,127,10
132,127,10
132,127,10
132,127,10
132,127,10
132,127,10
132,127,10
132,127,10
132,127,10
132,127,10
132,127,10
132,140,10
132,140,10
132,140,10
132,140,10
132,140,10
132,140,10
132,126,10
132,126,10
132,126,10
132,126,10
132,126,10
132,126,10
132,126,10
132,126,10
132,126,10
132,126,10
132,126,10
132,126,10
132,126,10
132,126,10
132,126,10
132,126,10
132,126,10
132,126,10
132,126,10
132,126,10
132,126,10
132,126,10
132,126,10
132,126,10
132,126,10
132,126,10
132,126,10
132,126,10
132,126,10
132,126,10
132,126,10
132,126,10
132,126,10
132,126,10
132,126,10
132,126,10
132,126,10
132,126,10
132,126,10
132,126,10
132,126,10
132,126,10
132,126,10
132,126,10
132,126,10
132,126,10
132,126,10
132,126,10
132,126,10
132,126,10
132,126,10
132,126,10
132,126,10
132,126,10
132,126,10
132,126,10
132,126,10
132,111,10
132,111,10
132,111,10
132,111,10
132,111,10
132,111,10
132,122,10
132,122,10
132,122,10
132,122,10
132,122,10
132,122,10
132,122,10
132,122,10
132,122,10
132,122,10
132,122,10
132,122,10
132,122,10
132,122,10
132,122,10
132,122,10
132,122,10
132,122,10
132,122,10
132,129,10
132,129,10
132,129,10
132,129,10
132,129,10
132,129,10
132,129,10
132,129,10
132,129,10
132,129,10
132,129,10
132,129,10
132,129,10
132,129,10
132,129,10
132,129,10
132,129,10
132,129,10
132,129,10
132,129,10
132,129,10
132,129,10
132,129,10
132,129,10
132,129,10
132,129,10
132,129,10
132,129,10
132,129,10
132,129,10
132,129,10
132,129,10
132,129,10
132,129,10
132,129,10
132,125,10
132,125,10
132,125,10
132,125,10
132,125,10
132,125,10
132,125,10
132,125,10
132,125,10
132,121,10
132,121,10
132,121,10
132,121,10
132,121,10
132,121,10
172,175,10
172,175,10
172,175,10
172,175,10
172,175,10
172,175,10
172,182,10
172,182,10
172,182,10
172,182,10
172,182,10
172,182,10
172,182,10
172,182,10
172,182,10
172,182,10
172,182,10
172,182,10
172,182,10
172,182,10
172,182,10
172,182,10
172,182,10
172,182,10
172,182,10
172,182,10
172,182,10
172,182,10
172,182,10
172,182,10
172,182,10
172,182,10
172,182,10
172,182,10
172,182,10
172,182,10
172,182,10
172,182,10
172,182,10
172,182,10
172,182,10
172,182,10
172,182,10
172,182,10
172,182,10
172,182,10
172,182,10
172,182,10
172,182,10
172,182,10
172,159,10
172,159,10
172,159,10
172,159,10
172,159,10
172,159,10
172,159,10
172,159,10
172,159,10
172,159,10
172,159,10
172,178,10
172,178,10
172,178,10
172,178,10
172,178,10
172,178,10
172,178,10
172,178,10
172,178,10
172,178,10
172,178,10
172,178,10
172,178,10
172,178,10
172,178,10
172,178,10
172,178,10
172,178,10
172,178,10
172,183,10
172,183,10
172,183,10
172,183,10
172,183,10
172,183,10
172,183,10
172,183,10
172,183,10
172,183,10
172,183,10
172,183,10
172,183,10
172,183,10
172,183,10
172,183,10
172,183,10
172,183,10
172,183,10
172,183,10
172,183,10
172,183,10
172,183,10
172,183,10
172,183,10
172,183,10
172,183,10
172,187,10
172,187,10
172,187,10
172,187,10
172,187,10
172,187,10
172,187,10
172,187,10
172,187,10
172,187,10
172,187,10
172,187,10
172,187,10
172,187,10
172,187,10
172,187,10
172,187,10
172,187,10
172,187,10
172,187,10
172,187,10
172,187,10
172,187,10
172,187,10
172,187,10
172,187,10
172,187,10
172,187,10
172,187,10
172,187,10
172,187,10
172,187,10
172,187,10
172,187,10
172,187,10
172,187,10
172,187,10
172,187,10
172,187,10
172,187,10
172,187,10
172,187,10
132,126,10
132,126,10
132,126,10
132,126,10
132,126,10
132,126,10
132,126,10
132,126,10
132,126,10
132,137,10
132,137,10
132,137,10
132,137,10
132,137,10
132,137,10
132,137,10
132,137,10
132,137,10
132,137,10
132,137,10
132,137,10
132,137,10
132,137,10
132,137,10
132,137,10
132,137,10
132,137,10
132,137,10
132,137,10
132,137,10
132,137,10
132,137,10
132,137,10
132,137,10
132,137,10
132,137,10
132,137,10
132,137,10
132,137,10
132,137,10
132,137,10
132,137,10
132,137,10
132,137,10
132,137,10
132,137,10
132,137,10
132,137,10
132,137,10
132,137,10
132,137,10
132,137,10
132,137,10
132,137,10
132,137,10
132,137,10
132,137,10
132,137,10
132,137,10
132,137,10
132,137,10
132,137,10
132,137,10
132,137,10
132,137,10
132,137,10
132,137,10
132,140,10
132,140,10
132,140,10
132,140,10
132,140,10
132,140,10
132,140,10
132,140,10
132,140,10
132,140,10
132,140,10
132,140,10
132,140,10
132,140,10
132,140,10
132,140,10
132,140,10
132,140,10
132,140,10
132,140,10
132,140,10
132,140,10
132,140,10
132,140,10
132,140,10
132,140,10
132,140,10
132,140,10
132,140,10
132,140,10
132,140,10
132,140,10
132,140,10
132,149,10
132,149,10
132,149,10
132,149,10
132,149,10
132,149,10
132,149,10
132,149,10
132,149,10
132,137,10
132,137,10
132,137,10
132,137,10
132,137,10
132,137,10
132,137,10
132,137,10
132,137,10
132,137,10
132,137,10
132,137,10
132,137,10
132,137,10
132,137,10
132,137,10
132,137,10
132,137,10
132,137,10
132,137,10
132,137,10
132,137,10
132,137,10
132,137,10
132,137,10
132,137,10
132,137,10
132,137,10
132,137,10
132,137,10
132,137,10
132,137,10
132,137,10
132,137,10
132,137,10
132,137,10
132,137,10
132,137,10
132,137,10
132,137,10
132,137,10
132,137,10
132,137,10
132,137,10
132,137,10
132,133,10
132,133,10
132,133,10
132,133,10
132,133,10
132,133,10
132,133,10
132,133,10
132,133,10
132,133,10
132,133,10
132,133,10
132,133,10
132,133,10
132,133,10
132,133,10
132,134,10
132,134,10
132,134,10
132,134,10
132,134,10
132,134,10
132,134,10
132,134,10
132,134,10
132,134,10
132,134,10
132,134,10
132,134,10
132,134,10
132,134,10
132,134,10
162,185,10
162,185,10
162,185,10
162,185,10
162,185,10
162,185,10
162,185,10
162,185,10
162,185,10
162,185,10
162,185,10
162,185,10
162,185,10
162,185,10
162,185,10
162,185,10
162,185,10
162,185,10
162,184,10
162,184,10
162,184,10
162,184,10
162,184,10
162,184,10
162,184,10
162,184,10
162,184,10
162,184,10
162,184,10
162,184,10
162,184,10
162,184,10
162,184,10
162,184,10
162,184,10
162,184,10
162,184,10
162,184,10
162,184,10
162,184,10
162,145,10
162,145,10
162,145,10
162,145,10
162,145,10
162,145,10
162,145,10
162,145,10
162,145,10
162,145,10
162,150,10
162,150,10
162,150,10
162,150,10
162,150,10
162,150,10
162,150,10
162,150,10
162,174,10
162,174,10
162,174,10
162,174,10
162,174,10
162,174,10
162,174,10
162,174,10
162,174,10
162,174,10
162,174,10
162,174,10
162,174,10
162,174,10
162,174,10
162,174,10
162,174,10
162,174,10
162,174,10
162,174,10
162,174,10
162,174,10
162,174,10
162,174,10
162,174,10
162,174,10
162,174,10
162,174,10
162,174,10
162,174,10
162,174,10
162,174,10
162,174,10
162,174,10
162,174,10
162,174,10
162,157,10
162,157,10
162,157,10
162,157,10
162,157,10
162,157,10
162,157,10
162,157,10
162,157,10
162,173,10
162,173,10
162,173,10
162,173,10
162,173,10
162,173,10
162,173,10
162,155,10
162,155,10
162,155,10
162,155,10
162,155,10
162,155,10
162,155,10
162,155,10
162,155,10
162,155,10
162,155,10
162,155,10
162,155,10
162,155,10
162,155,10
162,155,10
162,155,10
162,155,10
162,155,10
162,155,10
162,155,10
162,155,10
162,155,10
162,155,10
162,155,10
162,155,10
162,155,10
162,155,10
162,155,10
162,155,10
162,155,10
162,155,10
162,155,10
162,155,10
162,155,10
162,155,10
162,155,10
162,155,10
162,159,10
162,159,10
162,159,10
162,159,10
162,159,10
162,159,10
162,159,10
162,159,10
162,159,10
162,159,10
162,159,10
162,165,10
162,165,10
162,165,10
162,165,10
162,165,10
162,165,10
162,165,10
162,165,10
162,165,10
162,165,10
162,165,10
162,165,10
162,165,10
162,165,10
162,165,10
162,165,10
162,165,10
162,165,10
162,165,10
162,165,10
162,165,10
162,165,10
162,165,10
162,165,10
162,165,10
162,165,10
162,165,10
162,165,10
162,165,10
162,165,10
162,165,10
162,165,10
162,165,10
162,165,10
162,165,10
162,163,10
162,163,10
162,163,10
162,163,10
162,163,10
162,163,10
162,163,10
162,156,10
162,156,10
162,156,10
162,156,10
162,156,10
162,156,10
162,156,10
162,156,10
162,156,10
202,199,10
202,199,10
202,199,10
202,199,10
202,199,10
202,199,10
202,199,10
202,199,10
202,199,10
202,199,10
202,199,10
202,199,10
202,199,10
202,199,10
202,199,10
202,199,10
202,199,10
202,199,10
202,199,10
202,199,10
202,199,10
202,199,10
202,199,10
202,199,10
202,216,10
202,216,10
202,216,10
202,216,10
202,216,10
202,216,10
202,216,10
202,216,10
202,216,10
202,216,10
202,216,10
202,216,10
202,216,10
202,183,10
202,183,10
202,183,10
202,183,10
202,183,10
202,183,10
202,183,10
202,183,10
202,183,10
202,183,10
202,183,10
202,200,10
202,200,10
202,200,10
202,200,10
202,200,10
202,200,10
202,200,10
202,200,10
202,200,10
202,200,10
202,200,10
202,200,10
202,200,10
202,200,10
202,200,10
202,200,10
202,200,10
202,200,10
202,200,10
202,200,10
202,200,10
202,200,10
202,200,10
202,200,10
202,200,10
202,200,10
202,200,10
202,200,10
202,200,10
202,200,10
202,200,10
202,200,10
202,200,10
202,200,10
202,200,10
202,200,10
202,200,10
202,200,10
202,200,10
202,200,10
202,200,10
202,200,10
202,200,10
202,200,10
202,200,10
202,200,10
202,200,10
202,200,10
202,200,10
202,200,10
202,200,10
202,200,10
202,200,10
202,200,10
202,200,10
202,200,10
202,200,10
202,215,10
202,215,10
202,215,10
202,215,10
202,215,10
202,215,10
202,215,10
202,215,10
202,215,10
202,215,10
202,215,10
202,215,10
202,215,10
202,215,10
202,215,10
202,215,10
202,215,10
202,215,10
202,215,10
202,215,10
202,215,10
202,215,10
202,215,10
202,215,10
202,215,10
202,215,10
182,186,10
182,186,10
182,186,10
182,186,10
182,186,10
182,186,10
182,186,10
182,186,10
182,186,10
182,186,10
182,186,10
182,186,10
182,186,10
182,186,10
182,186,10
182,186,10
182,186,10
182,186,10
182,186,10
182,186,10
182,202,10
182,202,10
182,202,10
182,202,10
182,202,10
182,202,10
182,202,10
182,202,10
182,202,10
182,202,10
182,202,10
182,202,10
182,202,10
182,202,10
182,202,10
182,202,10
182,202,10
182,202,10
182,202,10
182,202,10
182,202,10
182,202,10
182,202,10
182,202,10
182,202,10
182,202,10
182,202,10
182,202,10
182,202,10
182,202,10
182,202,10
182,202,10
182,202,10
182,202,10
182,202,10
182,202,10
182,202,10
182,202,10
182,202,10
182,202,10
182,202,10
182,202,10
182,202,10
182,211,10
182,211,10
182,211,10
182,211,10
182,211,10
182,211,10
182,211,10
182,211,10
182,211,10
182,211,10
182,211,10
182,211,10
182,173,10
182,173,10
182,173,10
182,173,10
182,173,10
182,173,10
182,173,10
182,173,10
182,173,10
182,173,10
182,173,10
182,173,10
182,173,10
182,173,10
182,173,10
182,173,10
182,173,10
182,173,10
182,173,10
182,173,10
182,173,10
182,173,10
182,173,10
182,173,10
182,173,10
182,173,10
182,173,10
182,173,10
182,181,10
182,181,10
182,181,10
182,181,10
182,181,10
182,181,10
182,181,10
182,181,10
182,181,10
182,181,10
182,181,10
182,181,10
182,181,10
182,181,10
182,181,10
182,181,10
182,181,10
182,181,10
182,181,10
222,222,10
222,222,10
222,222,10
222,222,10
222,222,10
222,222,10
222,222,10
222,222,10
222,219,10
222,219,10
222,219,10
222,219,10
222,219,10
222,219,10
222,219,10
222,219,10
222,219,10
222,219,10
222,219,10
222,219,10
222,219,10
222,219,10
222,241,10
222,241,10
222,241,10
222,241,10
222,241,10
222,241,10
222,241,10
222,241,10
222,241,10
222,241,10
222,207,10
222,207,10
222,207,10
222,207,10
222,207,10
222,207,10
222,207,10
222,207,10
222,207,10
222,207,10
222,207,10
222,207,10
222,207,10
222,207,10
222,207,10
222,207,10
222,207,10
222,215,10
222,215,10
222,215,10
222,215,10
222,215,10
222,215,10
222,215,10
222,215,10
222,215,10
222,215,10
222,215,10
222,215,10
222,215,10
222,215,10
222,215,10
222,219,10
222,219,10
222,219,10
222,219,10
222,219,10
222,219,10
222,219,10
222,219,10
222,219,10
222,219,10
222,219,10
222,219,10
222,219,10
222,219,10
222,219,10
222,219,10
222,219,10
222,219,10
222,219,10
222,219,10
222,219,10
222,219,10
222,219,10
222,219,10
222,219,10
222,219,10
222,219,10
222,219,10
222,219,10
222,219,10
222,219,10
222,219,10
222,219,10
222,219,10
222,219,10
222,219,10
222,219,10
222,219,10
222,219,10
222,219,10
222,219,10
222,219,10
222,219,10
222,219,10
222,244,10
222,244,10
222,244,10
222,244,10
222,244,10
222,244,10
222,244,10
222,244,10
222,244,10
222,244,10
222,244,10
222,231,10
222,231,10
222,231,10
222,231,10
222,231,10
222,231,10
222,231,10
222,231,10
222,231,10
222,231,10
222,231,10
222,231,10
222,231,10
222,231,10
222,231,10
222,231,10
222,231,10
222,231,10
222,231,10
222,231,10
222,231,10
222,231,10
222,231,10
222,231,10
222,231,10
222,231,10
222,231,10
222,231,10
222,231,10
222,231,10
222,231,10
222,231,10
222,231,10
222,231,10
222,231,10
222,231,10
222,231,10
222,231,10
222,231,10
222,231,10
222,231,10
222,231,10
222,231,10
222,231,10
222,208,10
222,208,10
222,208,10
222,208,10
222,208,10
222,208,10
222,208,10
222,221,10
222,221,10
222,221,10
222,221,10
222,221,10
222,221,10
222,221,10
222,221,10
222,221,10
222,221,10
222,221,10
222,221,10
222,221,10
222,221,10
222,219,10
222,219,10
222,219,10
222,219,10
222,219,10
222,219,10
222,219,10
222,219,10
222,204,10
222,204,10
222,204,10
222,204,10
222,204,10
222,204,10
222,204,10
222,204,10
222,204,10
222,204,10
222,204,10
222,204,10
222,204,10
222,204,10
222,204,10
222,204,10
222,204,10
222,228,10
222,228,10
222,228,10
222,228,10
222,228,10
222,228,10
222,228,10
222,228,10
222,223,10
222,223,10
222,223,10
222,223,10
222,223,10
222,223,10
222,223,10
222,223,10
222,223,10
222,223,10
222,223,10
222,223,10
222,223,10
222,223,10
222,216,10
222,216,10
222,216,10
222,216,10
222,216,10
222,216,10
222,216,10
222,216,10
222,216,10
222,216,10
222,216,10
222,216,10
222,216,10
222,216,10
222,216,10
222,216,10
222,216,10
222,216,10
222,216,10
222,216,10
222,216,10
222,216,10
222,216,10
222,216,10
222,216,10
222,216,10
222,216,10
222,216,10
222,216,10
222,216,10
222,216,10
222,216,10
222,216,10
222,216,10
182,178,10
182,178,10
182,178,10
182,178,10
182,178,10
182,178,10
182,178,10
182,178,10
182,178,10
182,178,10
182,178,10
182,178,10
182,178,10
182,178,10
182,178,10
182,178,10
182,178,10
182,178,10
182,178,10
182,181,10
182,181,10
182,181,10
182,181,10
182,181,10
182,181,10
182,181,10
182,181,10
182,181,10
182,181,10
182,181,10
182,181,10
182,181,10
182,181,10
182,181,10
182,181,10
182,181,10
182,181,10
182,181,10
182,181,10
182,181,10
182,181,10
182,181,10
182,181,10
182,181,10
182,181,10
182,181,10
182,181,10
182,181,10
182,181,10
182,181,10
182,181,10
182,181,10
182,181,10
182,181,10
182,181,10
182,181,10
182,181,10
182,181,10
182,181,10
182,181,10
182,181,10
182,181,10
182,181,10
182,181,10
182,181,10
182,181,10
182,181,10
182,181,10
182,181,10
182,181,10
182,181,10
182,192,10
182,192,10
182,192,10
182,192,10
182,192,10
182,192,10
182,192,10
182,180,10
182,180,10
182,180,10
182,180,10
182,180,10
182,180,10
182,180,10
182,180,10
182,180,10
182,180,10
182,180,10
182,180,10
182,180,10
182,180,10
182,180,10
182,180,10
182,180,10
182,180,10
182,180,10
182,180,10
182,180,10
182,203,10
182,203,10
182,203,10
182,203,10
182,203,10
182,203,10
182,203,10
182,203,10
182,203,10
182,203,10
182,203,10
182,203,10
182,203,10
182,203,10
182,203,10
182,203,10
182,203,10
182,203,10
182,203,10
182,203,10
182,203,10
182,203,10
182,203,10
182,203,10
182,203,10
182,203,10
182,203,10
182,203,10
182,176,10
182,176,10
182,176,10
182,176,10
182,176,10
182,176,10
182,176,10
182,176,10
182,176,10
182,176,10
182,176,10
182,176,10
182,176,10
182,176,10
182,176,10
182,176,10
182,176,10
182,176,10
182,176,10
182,176,10
182,176,10
182,176,10
182,176,10
182,176,10
182,176,10
182,176,10
182,176,10
182,176,10
182,176,10
182,176,10
182,176,10
182,176,10
182,176,10
182,176,10
182,176,10
182,176,10
182,185,10
182,185,10
182,185,10
182,185,10
182,185,10
182,185,10
182,185,10
182,185,10
182,185,10
182,185,10
212,199,10
212,199,10
212,199,10
212,199,10
212,199,10
212,199,10
212,199,10
212,199,10
212,199,10
212,199,10
212,199,10
212,199,10
212,199,10
212,199,10
212,213,10
212,213,10
212,213,10
212,213,10
212,213,10
212,213,10
212,213,10
212,213,10
212,213,10
212,227,10
212,227,10
212,227,10
212,227,10
212,227,10
212,227,10
212,227,10
212,227,10
212,227,10
212,227,10
212,227,10
212,227,10
212,227,10
212,227,10
212,227,10
212,227,10
212,227,10
212,227,10
212,227,10
212,227,10
212,227,10
212,227,10
212,227,10
212,227,10
212,227,10
212,227,10
212,227,10
212,227,10
212,227,10
212,227,10
212,227,10
212,227,10
212,227,10
212,227,10
212,204,10
212,204,10
212,204,10
212,204,10
212,204,10
212,204,10
212,204,10
212,204,10
212,204,10
212,204,10
212,204,10
212,204,10
212,204,10
212,204,10
212,204,10
212,204,10
212,204,10
212,204,10
212,204,10
212,206,10
212,206,10
212,206,10
212,206,10
212,206,10
212,206,10
212,206,10
212,206,10
212,206,10
212,206,10
212,206,10
212,206,10
212,206,10
212,206,10
212,206,10
212,206,10
212,206,10
212,206,10
212,206,10
212,206,10
212,206,10
212,206,10
212,206,10
212,206,10
212,206,10
212,206,10
212,206,10
212,206,10
212,206,10
212,206,10
212,206,10
212,206,10
212,206,10
212,206,10
212,206,10
212,206,10
212,206,10
212,206,10
212,206,10
212,206,10
212,206,10
212,206,10
212,206,10
212,206,10
212,216,10
212,216,10
212,216,10
212,216,10
212,216,10
212,216,10
212,216,10
212,216,10
212,216,10
212,216,10
212,216,10
212,216,10
212,216,10
212,216,10
212,216,10
212,216,10
212,216,10
212,216,10
212,216,10
212,216,10
212,216,10
212,242,10
212,242,10
212,242,10
212,242,10
212,242,10
212,242,10
212,242,10
212,242,10
212,242,10
212,242,10
212,242,10
212,242,10
212,242,10
212,242,10
212,242,10
212,206,10
212,206,10
212,206,10
212,206,10
212,206,10
212,206,10
212,206,10
212,206,10
212,206,10
212,206,10
212,206,10
212,206,10
212,206,10
212,206,10
212,206,10
212,206,10
212,206,10
212,206,10
212,206,10
212,206,10
212,206,10
212,206,10
212,206,10
212,206,10
212,206,10
212,206,10
212,206,10
212,206,10
212,206,10
212,206,10
212,206,10
212,206,10
212,206,10
212,206,10
212,206,10
212,218,10
212,218,10
212,218,10
212,218,10
212,218,10
212,218,10
212,217,10
212,217,10
212,217,10
212,217,10
212,217,10
212,217,10
212,217,10
212,217,10
212,217,10
212,199,10
212,199,10
212,199,10
212,199,10
212,199,10
212,199,10
212,199,10
212,199,10
212,199,10
212,199,10
212,199,10
212,199,10
212,199,10
212,199,10
212,199,10
212,199,10
212,199,10
212,199,10
212,199,10
212,199,10
212,199,10
212,199,10
212,199,10
212,199,10
212,199,10
212,199,10
212,199,10
212,199,10
212,199,10
212,199,10
212,199,10
212,199,10
212,199,10
212,199,10
212,199,10
212,199,10
212,199,10
212,198,10
212,198,10
212,198,10
212,198,10
212,198,10
212,198,10
212,198,10
212,198,10
212,206,10
212,206,10
212,206,10
212,206,10
212,206,10
212,206,10
212,206,10
212,206,10
212,206,10
212,206,10
212,206,10
212,206,10
212,206,10
192,184,10
192,184,10
192,184,10
192,184,10
192,184,10
192,184,10
192,184,10
192,184,10
192,184,10
192,184,10
192,184,10
192,184,10
192,184,10
192,184,10
192,184,10
192,184,10
192,184,10
192,184,10
192,184,10
192,184,10
192,184,10
192,184,10
192,184,10
192,184,10
192,184,10
192,184,10
192,184,10
192,184,10
192,215,10
192,215,10
192,215,10
192,215,10
192,215,10
192,215,10
192,215,10
192,215,10
192,215,10
192,215,10
192,215,10
192,215,10
192,215,10
192,215,10
192,215,10
192,215,10
192,215,10
192,215,10
192,215,10
192,215,10
192,215,10
192,215,10
192,215,10
192,215,10
192,215,10
192,215,10
192,215,10
192,215,10
192,215,10
192,215,10
192,215,10
192,215,10
192,215,10
192,215,10
192,215,10
192,215,10
192,215,10
192,215,10
192,215,10
192,215,10
192,215,10
192,215,10
192,215,10
192,215,10
192,215,10
192,215,10
192,215,10
192,215,10
192,215,10
192,215,10
192,215,10
192,215,10
192,215,10
192,215,10
192,215,10
192,215,10
192,215,10
192,215,10
192,215,10
192,185,10
192,185,10
192,185,10
192,185,10
192,185,10
192,185,10
192,185,10
192,185,10
192,198,10
192,198,10
192,198,10
192,198,10
192,198,10
192,198,10
192,198,10
192,198,10
192,198,10
192,198,10
192,198,10
192,198,10
192,198,10
192,198,10
192,198,10
192,198,10
192,198,10
192,198,10
192,198,10
192,198,10
192,198,10
192,198,10
192,198,10
192,199,10
192,199,10
192,199,10
192,199,10
192,199,10
192,199,10
192,199,10
192,199,10
192,199,10
192,199,10
192,199,10
192,199,10
192,199,10
192,199,10
192,199,10
192,199,10
192,199,10
192,199,10
192,199,10
192,199,10
192,199,10
192,199,10
192,199,10
192,199,10
192,199,10
192,199,10
192,199,10
192,199,10
192,199,10
192,199,10
192,199,10
192,199,10
192,199,10
192,199,10
192,199,10
192,199,10
192,199,10
192,192,10
192,192,10
192,192,10
192,192,10
192,192,10
192,192,10
192,192,10
192,192,10
192,192,10
192,192,10
192,192,10
192,192,10
192,192,10
192,192,10
192,192,10
192,192,10
192,192,10
192,192,10
192,192,10
192,192,10
192,192,10
192,191,10
192,191,10
192,191,10
192,191,10
192,191,10
192,191,10
192,191,10
192,191,10
192,191,10
192,191,10
192,191,10
192,200,10
192,200,10
192,200,10
192,200,10
192,200,10
192,200,10
192,200,10
192,200,10
192,189,10
192,189,10
192,189,10
192,189,10
192,189,10
192,189,10
192,189,10
192,189,10
192,189,10
192,189,10
192,189,10
192,189,10
192,189,10
192,189,10
192,189,10
192,189,10
192,176,10
192,176,10
192,176,10
192,176,10
192,176,10
192,176,10
192,176,10
192,176,10
192,176,10
192,176,10
192,193,10
192,193,10
192,193,10
192,193,10
192,193,10
192,193,10
192,193,10
192,193,10
192,193,10
192,193,10
192,193,10
192,193,10
192,193,10
192,193,10
192,193,10
192,193,10
192,193,10
192,193,10
192,193,10
192,193,10
192,193,10
192,193,10
192,193,10
192,193,10
192,193,10
192,193,10
192,193,10
192,193,10
192,191,10
192,191,10
192,191,10
192,191,10
192,191,10
192,191,10
192,191,10
192,191,10
192,191,10
192,191,10
192,191,10
192,191,10
192,191,10
192,191,10
192,191,10
192,191,10
162,165,10
162,165,10
162,165,10
162,165,10
162,165,10
162,165,10
162,165,10
162,165,10
162,165,10
162,165,10
162,165,10
162,165,10
162,165,10
162,165,10
162,165,10
162,165,10
162,165,10
162,165,10
162,165,10
162,165,10
162,165,10
162,165,10
162,165,10
162,165,10
162,165,10
162,165,10
162,165,10
162,165,10
162,165,10
162,166,10
162,166,10
162,166,10
162,166,10
162,166,10
162,166,10
162,166,10
162,166,10
162,166,10
162,166,10
162,166,10
162,165,10
162,165,10
162,165,10
162,165,10
162,165,10
162,165,10
162,165,10
162,165,10
162,165,10
162,165,10
162,165,10
162,165,10
162,165,10
162,165,10
162,165,10
162,165,10
162,165,10
162,165,10
162,165,10
162,165,10
162,165,10
162,165,10
162,165,10
162,165,10
162,154,10
162,154,10
162,154,10
162,154,10
162,154,10
162,154,10
162,154,10
162,154,10
162,154,10
162,154,10
162,154,10
162,154,10
162,154,10
162,154,10
162,154,10
162,154,10
162,154,10
162,154,10
162,154,10
162,154,10
162,154,10
162,154,10
162,154,10
162,154,10
162,154,10
162,154,10
162,149,10
162,149,10
162,149,10
162,149,10
162,149,10
162,149,10
162,149,10
162,149,10
162,149,10
162,155,10
162,155,10
162,155,10
162,155,10
162,155,10
162,155,10
162,155,10
162,155,10
162,155,10
162,155,10
162,155,10
162,155,10
162,155,10
162,173,10
162,173,10
162,173,10
162,173,10
162,173,10
162,173,10
162,173,10
162,173,10
162,173,10
162,173,10
162,173,10
162,173,10
162,173,10
162,173,10
162,173,10
162,173,10
162,158,10
162,158,10
162,158,10
162,158,10
162,158,10
162,158,10
162,158,10
162,158,10
162,158,10
162,158,10
162,158,10
162,158,10
162,158,10
162,167,10
162,167,10
162,167,10
162,167,10
162,167,10
162,167,10
162,167,10
162,167,10
162,167,10
162,167,10
162,167,10
162,167,10
162,167,10
162,167,10
162,167,10
162,167,10
162,167,10
162,167,10
162,167,10
162,167,10
162,167,10
162,167,10
162,167,10
162,167,10
162,167,10
162,167,10
162,167,10
162,167,10
162,167,10
162,167,10
162,167,10
162,167,10
162,167,10
162,167,10
162,167,10
162,167,10
162,167,10
162,167,10
162,167,10
162,167,10
162,167,10
162,167,10
162,159,10
162,159,10
162,159,10
162,159,10
162,159,10
162,159,10
162,156,10
162,156,10
162,156,10
162,156,10
162,156,10
162,156,10
162,156,10
162,156,10
162,156,10
162,156,10
162,156,10
162,156,10
162,156,10
162,156,10
162,156,10
162,156,10
162,174,10
162,174,10
162,174,10
162,174,10
162,174,10
162,174,10
162,174,10
162,174,10
162,174,10
162,174,10
162,174,10
162,174,10
162,174,10
162,174,10
162,174,10
162,174,10
162,174,10
182,192,10
182,192,10
182,192,10
182,192,10
182,192,10
182,192,10
182,192,10
182,192,10
182,192,10
182,192,10
182,192,10
182,192,10
182,192,10
182,192,10
182,192,10
182,192,10
182,192,10
182,192,10
182,192,10
182,192,10
182,192,10
182,192,10
182,192,10
182,192,10
182,192,10
182,192,10
182,192,10
182,192,10
182,192,10
182,192,10
182,192,10
182,192,10
182,192,10
182,192,10
182,197,10
182,197,10
182,197,10
182,197,10
182,197,10
182,197,10
182,197,10
182,197,10
182,197,10
182,197,10
182,197,10
182,197,10
182,197,10
182,197,10
182,197,10
182,197,10
182,197,10
182,197,10
182,197,10
182,197,10
182,197,10
182,197,10
182,197,10
182,197,10
182,197,10
182,197,10
182,197,10
182,197,10
182,162,10
182,162,10
182,162,10
182,162,10
182,162,10
182,162,10
182,162,10
182,162,10
182,162,10
182,162,10
182,162,10
182,162,10
182,162,10
182,162,10
182,162,10
182,162,10
182,181,10
182,181,10
182,181,10
182,181,10
182,181,10
182,181,10
182,181,10
182,181,10
182,181,10
182,181,10
182,181,10
182,181,10
182,181,10
182,177,10
182,177,10
182,177,10
182,177,10
182,177,10
182,177,10
182,177,10
182,177,10
182,177,10
182,177,10
182,177,10
182,177,10
182,177,10
182,177,10
182,177,10
182,177,10
182,177,10
182,177,10
182,177,10
182,177,10
182,177,10
182,177,10
182,177,10
182,177,10
182,177,10
182,177,10
182,177,10
182,177,10
182,178,10
182,178,10
182,178,10
182,178,10
182,178,10
182,178,10
182,178,10
182,178,10
182,178,10
182,178,10
182,178,10
182,178,10
182,178,10
182,178,10
182,178,10
182,178,10
182,178,10
182,178,10
182,178,10
182,178,10
182,178,10
182,178,10
182,178,10
182,178,10
182,178,10
182,178,10
182,183,10
182,183,10
182,183,10
182,183,10
182,183,10
182,183,10
182,183,10
182,183,10
182,183,10
182,183,10
182,183,10
182,183,10
182,183,10
182,183,10
182,183,10
182,183,10
182,183,10
182,183,10
182,183,10
182,183,10
182,183,10
182,183,10
182,183,10
182,183,10
182,183,10
182,183,10
182,183,10
182,183,10
182,183,10
182,183,10
182,183,10
182,183,10
182,183,10
182,183,10
182,171,10
182,171,10
182,171,10
182,171,10
182,171,10
182,171,10
182,169,10
182,169,10
182,169,10
182,169,10
182,169,10
182,169,10
182,169,10
182,169,10
182,169,10
182,169,10
182,169,10
182,169,10
182,169,10
182,169,10
182,169,10
182,169,10
182,169,10
182,169,10
182,169,10
182,169,10
182,169,10
182,169,10
182,169,10
182,169,10
182,169,10
182,169,10
182,169,10
182,169,10
182,169,10
182,169,10
182,169,10
182,169,10
182,169,10
182,169,10
182,169,10
182,169,10
182,173,10
182,173,10
182,173,10
182,173,10
182,173,10
182,173,10
182,173,10
182,173,10
182,173,10
182,173,10
182,173,10
182,173,10
182,173,10
182,173,10
182,173,10
182,173,10
182,173,10
182,188,10
182,188,10
182,188,10
182,188,10
182,188,10
182,188,10
182,188,10
182,188,10
182,188,10
182,188,10
182,188,10
182,188,10
182,188,10
182,188,10
182,182,10
182,182,10
182,182,10
182,182,10
182,182,10
182,182,10
182,182,10
182,182,10
182,182,10
182,182,10
182,182,10
182,192,10
182,192,10
182,192,10
182,192,10
182,192,10
182,192,10
182,192,10
182,192,10
182,192,10
182,192,10
182,192,10
182,192,10
182,192,10
182,192,10
182,192,10
182,192,10
182,192,10
182,192,10
182,192,10
182,192,10
182,192,10
182,192,10
182,192,10
182,192,10
182,192,10
182,191,10
182,191,10
182,191,10
182,191,10
182,191,10
182,191,10
182,191,10
182,191,10
182,191,10
182,191,10
182,191,10
182,191,10
182,191,10
182,191,10
182,191,10
182,191,10
182,191,10
182,191,10
182,187,10
182,187,10
182,187,10
182,187,10
182,187,10
182,187,10
182,187,10
182,187,10
182,187,10
182,187,10
182,187,10
182,187,10
182,187,10
182,187,10
182,187,10
182,187,10
182,187,10
182,187,10
182,187,10
152,159,10
152,159,10
152,159,10
152,159,10
152,159,10
152,159,10
152,159,10
152,159,10
152,159,10
152,159,10
152,159,10
152,159,10
152,159,10
152,159,10
152,159,10
152,159,10
152,159,10
152,159,10
152,159,10
152,159,10
152,159,10
152,159,10
152,159,10
152,159,10
152,159,10
152,159,10
152,148,10
152,148,10
152,148,10
152,148,10
152,148,10
152,148,10
152,148,10
152,148,10
152,148,10
152,148,10
152,148,10
152,148,10
152,148,10
152,148,10
152,148,10
152,148,10
152,148,10
152,159,10
152,159,10
152,159,10
152,159,10
152,159,10
152,159,10
152,159,10
152,159,10
152,159,10
152,159,10
152,159,10
152,166,10
152,166,10
152,166,10
152,166,10
152,166,10
152,166,10
152,166,10
152,166,10
152,166,10
152,166,10
152,166,10
152,166,10
152,166,10
152,166,10
152,166,10
152,166,10
152,166,10
152,166,10
152,166,10
152,166,10
152,166,10
152,166,10
152,166,10
152,169,10
152,169,10
152,169,10
152,169,10
152,169,10
152,169,10
152,169,10
152,169,10
152,169,10
152,169,10
152,169,10
152,169,10
152,169,10
152,169,10
152,169,10
152,140,10
152,140,10
152,140,10
152,140,10
152,140,10
152,140,10
152,140,10
152,140,10
152,140,10
152,140,10
152,140,10
152,140,10
152,140,10
152,140,10
152,140,10
152,140,10
152,140,10
152,140,10
152,159,10
152,159,10
152,159,10
152,159,10
152,159,10
152,159,10
152,159,10
152,159,10
152,159,10
152,159,10
152,159,10
152,159,10
152,159,10
152,159,10
152,159,10
152,159,10
152,159,10
152,159,10
152,159,10
152,159,10
152,159,10
152,159,10
152,159,10
152,159,10
152,159,10
152,159,10
152,160,10
152,160,10
152,160,10
152,160,10
152,160,10
152,160,10
152,160,10
152,160,10
152,160,10
152,160,10
152,160,10
152,160,10
152,160,10
152,160,10
152,159,10
152,159,10
152,159,10
152,159,10
152,159,10
152,159,10
152,159,10
152,159,10
152,159,10
152,159,10
152,159,10
152,157,10
152,157,10
152,157,10
152,157,10
152,157,10
152,157,10
152,157,10
152,157,10
152,157,10
152,160,10
152,160,10
152,160,10
152,160,10
152,160,10
152,160,10
152,160,10
152,160,10
152,160,10
152,160,10
152,160,10
152,160,10
152,160,10
152,160,10
152,160,10
152,160,10
152,160,10
152,160,10
152,160,10
152,160,10
152,165,10
152,165,10
152,165,10
152,165,10
152,165,10
152,165,10
152,165,10
152,165,10
172,165,10
172,165,10
172,165,10
172,165,10
172,165,10
172,165,10
172,165,10
172,165,10
172,165,10
172,165,10
172,165,10
172,165,10
172,165,10
172,165,10
172,165,10
172,165,10
172,165,10
172,170,10
172,170,10
172,170,10
172,170,10
172,170,10
172,170,10
172,170,10
172,170,10
172,170,10
172,170,10
172,170,10
172,170,10
172,170,10
172,170,10
172,170,10
172,170,10
172,170,10
172,170,10
172,170,10
172,170,10
172,170,10
172,170,10
172,170,10
172,170,10
172,170,10
172,170,10
172,170,10
172,170,10
172,170,10
172,170,10
172,170,10
172,170,10
172,170,10
172,170,10
172,170,10
172,170,10
172,170,10
172,170,10
172,170,10
172,170,10
172,170,10
172,170,10
172,170,10
172,170,10
172,170,10
172,170,10
172,180,10
172,180,10
172,180,10
172,180,10
172,180,10
172,180,10
172,180,10
172,180,10
172,180,10
172,180,10
172,176,10
172,176,10
172,176,10
172,176,10
172,176,10
172,176,10
172,176,10
172,176,10
172,176,10
172,176,10
172,176,10
172,176,10
172,176,10
172,174,10
172,174,10
172,174,10
172,174,10
172,174,10
172,174,10
172,174,10
172,174,10
172,174,10
172,174,10
172,174,10
172,166,10
172,166,10
172,166,10
172,166,10
172,166,10
172,166,10
172,166,10
172,166,10
172,166,10
172,166,10
172,166,10
172,166,10
172,166,10
172,166,10
172,166,10
172,166,10
172,166,10
172,166,10
172,166,10
172,166,10
172,166,10
172,166,10
172,166,10
172,166,10
172,166,10
172,166,10
172,166,10
172,166,10
172,166,10
172,166,10
172,166,10
172,166,10
172,166,10
172,166,10
172,166,10
172,166,10
172,166,10
172,166,10
132,129,10
132,129,10
132,129,10
132,129,10
132,129,10
132,129,10
132,129,10
132,129,10
132,129,10
132,129,10
132,129,10
132,129,10
132,129,10
132,129,10
132,129,10
132,129,10
132,129,10
132,129,10
132,129,10
132,129,10
132,129,10
132,129,10
132,129,10
132,129,10
132,129,10
132,129,10
132,133,10
132,133,10
132,133,10
132,133,10
132,133,10
132,133,10
132,133,10
132,133,10
132,135,10
132,135,10
132,135,10
132,135,10
132,135,10
132,135,10
132,135,10
132,135,10
132,135,10
132,135,10
132,135,10
132,135,10
132,135,10
132,135,10
132,135,10
132,135,10
132,135,10
132,135,10
132,135,10
132,135,10
132,135,10
132,135,10
132,135,10
132,130,10
132,130,10
132,130,10
132,130,10
132,130,10
132,130,10
132,130,10
132,130,10
132,122,10
132,122,10
132,122,10
132,122,10
132,122,10
132,122,10
132,122,10
132,122,10
132,122,10
132,122,10
132,122,10
132,122,10
132,122,10
132,122,10
132,122,10
132,122,10
132,122,10
132,122,10
132,122,10
132,122,10
132,130,10
132,130,10
132,130,10
132,130,10
132,130,10
132,130,10
132,130,10
132,130,10
132,130,10
132,130,10
132,130,10
132,130,10
132,130,10
132,130,10
132,130,10
132,130,10
132,130,10
132,130,10
132,130,10
132,130,10
132,130,10
132,130,10
132,130,10
132,130,10
132,130,10
132,130,10
132,130,10
132,130,10
132,130,10
132,130,10
132,130,10
132,130,10
132,125,10
132,125,10
132,125,10
132,125,10
132,125,10
132,125,10
132,125,10
132,125,10
132,125,10
132,125,10
132,125,10
132,125,10
132,125,10
132,125,10
132,125,10
132,125,10
132,125,10
132,125,10
132,125,10
132,125,10
132,125,10
132,125,10
132,125,10
132,125,10
132,125,10
132,125,10
132,125,10
132,125,10
132,125,10
132,125,10
132,125,10
132,125,10
132,125,10
132,125,10
132,125,10
132,125,10
132,125,10
132,125,10
132,125,10
132,125,10
132,125,10
132,125,10
132,125,10
132,125,10
132,125,10
132,125,10
132,125,10
132,125,10
132,125,10
132,125,10
132,125,10
132,125,10
132,125,10
132,125,10
132,125,10
132,125,10
132,125,10
132,125,10
132,125,10
132,125,10
132,125,10
132,125,10
132,125,10
132,125,10
132,125,10
132,125,10
132,125,10
132,125,10
132,125,10
132,125,10
132,125,10
132,125,10
132,125,10
132,125,10
132,125,10
132,125,10
132,125,10
132,125,10
132,125,10
132,125,10
132,125,10
132,125,10
132,125,10
132,123,10
132,123,10
132,123,10
132,123,10
132,123,10
132,123,10
132,123,10
132,123,10
132,123,10
132,123,10
132,123,10
132,123,10
132,123,10
132,123,10
132,123,10
132,123,10
132,123,10
132,123,10
132,129,10
132,129,10
132,129,10
132,129,10
132,129,10
132,129,10
132,129,10
132,129,10
132,129,10
132,129,10
132,129,10
132,129,10
132,129,10
132,129,10
112,115,10
112,115,10
112,115,10
112,115,10
112,115,10
112,115,10
112,115,10
112,115,10
112,115,10
112,115,10
112,115,10
112,115,10
112,98,10
112,98,10
112,98,10
112,98,10
112,98,10
112,98,10
112,98,10
112,98,10
112,98,10
112,98,10
112,98,10
112,98,10
112,98,10
112,98,10
112,98,10
112,98,10
112,118,10
112,118,10
112,118,10
112,118,10
112,118,10
112,118,10
112,118,10
112,118,10
112,118,10
112,118,10
112,112,10
112,112,10
112,112,10
112,112,10
112,112,10
112,112,10
112,112,10
112,112,10
112,112,10
112,112,10
112,112,10
112,112,10
112,112,10
112,114,10
112,114,10
112,114,10
112,114,10
112,114,10
112,114,10
112,114,10
112,114,10
112,114,10
112,114,10
112,114,10
112,114,10
112,114,10
112,114,10
112,114,10
112,114,10
112,114,10
112,114,10
112,114,10
112,114,10
112,114,10
112,114,10
112,114,10
112,114,10
112,114,10
112,114,10
112,114,10
112,114,10
112,114,10
112,114,10
112,114,10
112,114,10
112,114,10
112,114,10
112,114,10
112,114,10
112,114,10
112,114,10
112,114,10
112,114,10
112,114,10
112,114,10
112,114,10
112,95,10
112,95,10
112,95,10
112,95,10
112,95,10
112,95,10
112,95,10
112,117,10
112,117,10
112,117,10
112,117,10
112,117,10
112,117,10
112,117,10
112,117,10
112,117,10
112,117,10
112,96,10
112,96,10
112,96,10
112,96,10
112,96,10
112,96,10
112,96,10
112,96,10
112,96,10
112,96,10
112,96,10
112,96,10
112,96,10
112,96,10
112,113,10
112,113,10
112,113,10
112,113,10
112,113,10
112,113,10
112,113,10
112,113,10
112,113,10
112,113,10
112,113,10
112,113,10
112,113,10
112,113,10
112,113,10
112,113,10
112,113,10
112,113,10
112,113,10
112,113,10
112,113,10
112,113,10
112,122,10
112,122,10
112,122,10
112,122,10
112,122,10
112,122,10
112,109,10
112,109,10
112,109,10
112,109,10
112,109,10
112,109,10
112,109,10
112,109,10
112,109,10
112,109,10
112,109,10
112,109,10
112,109,10
112,109,10
112,117,10
112,117,10
112,117,10
112,117,10
112,117,10
112,117,10
112,117,10
112,117,10
112,117,10
112,119,10
112,119,10
112,119,10
112,119,10
112,119,10
112,119,10
112,119,10
112,119,10
112,119,10
112,119,10
112,119,10
112,119,10
112,119,10
112,119,10
112,119,10
112,119,10
112,119,10
112,119,10
112,119,10
112,119,10
112,119,10
112,119,10
112,119,10
112,119,10
112,119,10
112,119,10
112,119,10
112,119,10
112,119,10
112,119,10
112,119,10
112,119,10
112,119,10
112,119,10
112,119,10
112,119,10
112,119,10
112,119,10
112,119,10
112,119,10
112,119,10
112,119,10
112,119,10
112,119,10
112,119,10
112,119,10
112,119,10
112,119,10
132,134,10
132,134,10
132,134,10
132,134,10
132,134,10
132,134,10
132,134,10
132,134,10
132,134,10
132,134,10
132,134,10
132,134,10
132,134,10
132,134,10
132,134,10
132,134,10
132,134,10
132,134,10
132,134,10
132,134,10
132,134,10
132,134,10
132,134,10
132,134,10
132,134,10
132,134,10
132,132,10
132,132,10
132,132,10
132,132,10
132,132,10
132,132,10
132,132,10
132,132,10
132,132,10
132,132,10
132,132,10
132,132,10
132,132,10
132,132,10
132,132,10
132,132,10
132,132,10
132,132,10
132,132,10
132,132,10
132,135,10
132,135,10
132,135,10
132,135,10
132,135,10
132,135,10
132,135,10
132,130,10
132,130,10
132,130,10
132,130,10
132,130,10
132,130,10
132,130,10
132,130,10
132,130,10
132,130,10
132,130,10
132,130,10
132,130,10
132,130,10
132,130,10
132,130,10
132,130,10
132,130,10
132,130,10
132,130,10
132,130,10
132,130,10
132,130,10
132,127,10
132,127,10
132,127,10
132,127,10
132,127,10
132,127,10
132,127,10
132,127,10
132,127,10
132,127,10
132,127,10
132,127,10
132,127,10
132,127,10
132,127,10
132,127,10
132,127,10
132,127,10
132,127,10
132,127,10
132,127,10
132,127,10
132,127,10
132,140,10
132,140,10
132,140,10
132,140,10
132,140,10
132,140,10
132,140,10
132,140,10
132,140,10
132,140,10
132,140,10
132,140,10
132,120,10
132,120,10
132,120,10
132,120,10
132,120,10
132,120,10
132,120,10
132,120,10
132,120,10
132,120,10
132,120,10
132,120,10
132,120,10
132,140,10
132,140,10
132,140,10
132,140,10
132,140,10
132,140,10
132,140,10
132,140,10
132,140,10
132,140,10
132,140,10
132,140,10
132,140,10
132,140,10
132,140,10
132,140,10
132,140,10
132,140,10
132,140,10
132,140,10
132,140,10
132,140,10
132,140,10
132,140,10
132,140,10
132,140,10
132,125,10
132,125,10
132,125,10
132,125,10
132,125,10
132,125,10
132,125,10
132,114,10
132,114,10
132,114,10
132,114,10
132,114,10
132,114,10
132,114,10
132,114,10
132,114,10
132,114,10
132,114,10
132,114,10
132,114,10
132,114,10
132,146,10
132,146,10
132,146,10
132,146,10
132,146,10
132,146,10
132,146,10
132,146,10
132,146,10
132,146,10
132,146,10
132,146,10
132,122,10
132,122,10
132,122,10
132,122,10
132,122,10
132,122,10
132,122,10
132,122,10
132,122,10
132,122,10
132,122,10
132,122,10
132,127,10
132,127,10
132,127,10
132,127,10
132,127,10
132,127,10
132,127,10
132,127,10
132,127,10
132,127,10
132,127,10
132,127,10
132,127,10
132,127,10
132,127,10
132,127,10
132,124,10
132,124,10
132,124,10
132,124,10
132,124,10
132,124,10
132,124,10
132,124,10
132,133,10
132,133,10
132,133,10
132,133,10
132,133,10
132,133,10
132,133,10
132,133,10
132,133,10
132,133,10
132,133,10
132,133,10
132,133,10
132,133,10
132,133,10
132,133,10
132,133,10
132,133,10
132,133,10
132,133,10
132,143,10
132,143,10
132,143,10
132,143,10
132,143,10
132,143,10
132,143,10
132,130,10
132,130,10
132,130,10
132,130,10
132,130,10
132,130,10
132,130,10
132,130,10
132,130,10
132,130,10
132,130,10
132,130,10
132,130,10
132,130,10
132,130,10
132,130,10
132,130,10
132,130,10
132,130,10
132,130,10
132,130,10
132,130,10
132,130,10
132,130,10
132,130,10
132,130,10
132,130,10
132,130,10
132,130,10
132,130,10
112,131,10
112,131,10
112,131,10
112,131,10
112,131,10
112,131,10
112,131,10
112,131,10
112,131,10
112,131,10
112,131,10
112,131,10
112,131,10
112,131,10
112,131,10
112,131,10
112,131,10
112,131,10
112,131,10
112,131,10
112,131,10
112,131,10
112,131,10
112,131,10
112,103,10
112,103,10
112,103,10
112,103,10
112,103,10
112,103,10
112,123,10
112,123,10
112,123,10
112,123,10
112,123,10
112,123,10
112,123,10
112,118,10
112,118,10
112,118,10
112,118,10
112,118,10
112,118,10
112,118,10
112,118,10
112,118,10
112,118,10
112,118,10
112,118,10
112,118,10
112,118,10
112,118,10
112,118,10
112,111,10
112,111,10
112,111,10
112,111,10
112,111,10
112,111,10
112,111,10
112,111,10
112,111,10
112,111,10
112,111,10
112,111,10
112,111,10
112,111,10
112,111,10
112,111,10
112,111,10
112,111,10
112,111,10
112,111,10
112,111,10
112,111,10
112,111,10
112,111,10
112,111,10
112,111,10
112,111,10
112,111,10
112,111,10
112,111,10
112,111,10
112,111,10
112,111,10
112,111,10
112,111,10
112,111,10
112,111,10
112,102,10
112,102,10
112,102,10
112,102,10
112,102,10
112,102,10
112,102,10
112,102,10
112,102,10
112,102,10
112,102,10
112,102,10
112,102,10
112,102,10
112,102,10
112,102,10
112,102,10
112,102,10
112,102,10
112,125,10
112,125,10
112,125,10
112,125,10
112,125,10
112,125,10
112,125,10
112,101,10
112,101,10
112,101,10
112,101,10
112,101,10
112,101,10
112,101,10
112,101,10
112,101,10
112,101,10
112,101,10
112,101,10
112,91,10
112,91,10
112,91,10
112,91,10
112,91,10
112,91,10
112,91,10
112,91,10
112,91,10
112,91,10
112,91,10
112,112,10
112,112,10
112,112,10
112,112,10
112,112,10
112,112,10
112,112,10
112,112,10
112,112,10
112,112,10
112,112,10
112,112,10
112,112,10
112,112,10
112,96,10
112,96,10
112,96,10
112,96,10
112,96,10
112,96,10
112,96,10
112,96,10
112,96,10
112,96,10
112,96,10
112,96,10
112,116,10
112,116,10
112,116,10
112,116,10
112,116,10
112,116,10
112,116,10
112,116,10
112,116,10
112,116,10
112,116,10
112,116,10
112,116,10
112,116,10
112,116,10
112,116,10
112,116,10
112,116,10
112,116,10
112,116,10
112,116,10
112,116,10
112,116,10
112,116,10
112,116,10
112,116,10
112,116,10
112,116,10
112,116,10
112,116,10
112,116,10
112,116,10
112,116,10
112,116,10
112,116,10
112,116,10
112,116,10
112,116,10
112,116,10
112,116,10
112,116,10
72,87,10
72,87,10
72,87,10
72,87,10
72,87,10
72,87,10
72,85,10
72,85,10
72,85,10
72,85,10
72,85,10
72,85,10
72,85,10
72,85,10
72,85,10
72,85,10
72,85,10
72,85,10
72,85,10
72,85,10
72,85,10
72,85,10
72,85,10
72,85,10
72,85,10
72,85,10
72,85,10
72,85,10
72,72,10
72,72,10
72,72,10
72,72,10
72,72,10
72,72,10
72,72,10
72,72,10
72,72,10
72,72,10
72,70,10
72,70,10
72,70,10
72,70,10
72,70,10
72,70,10
72,70,10
72,70,10
72,70,10
72,70,10
72,70,10
72,70,10
72,70,10
72,70,10
72,70,10
72,70,10
72,70,10
