true_pos,obs_pos,true_var
198,189,20
198,189,20
198,189,20
198,189,20
198,189,20
198,189,20
198,189,20
198,189,20
198,189,20
198,189,20
198,189,20
198,189,20
198,189,20
198,189,20
198,189,20
198,189,20
198,189,20
198,214,20
198,214,20
198,214,20
198,214,20
198,214,20
198,214,20
198,214,20
198,214,20
198,214,20
198,214,20
198,214,20
198,214,20
198,214,20
198,214,20
198,214,20
198,214,20
198,214,20
198,214,20
198,214,20
198,214,20
198,214,20
198,214,20
198,214,20
198,214,20
198,214,20
198,214,20
198,214,20
198,214,20
198,214,20
198,214,20
198,214,20
198,214,20
198,214,20
198,214,20
198,214,20
198,214,20
198,214,20
198,214,20
198,214,20
198,214,20
198,214,20
198,214,20
198,214,20
198,214,20
198,214,20
198,214,20
198,214,20
198,173,20
198,173,20
198,173,20
198,173,20
198,173,20
198,173,20
198,173,20
198,173,20
198,188,20
198,188,20
198,188,20
198,188,20
198,188,20
198,188,20
198,188,20
198,188,20
198,188,20
198,188,20
198,188,20
198,188,20
198,188,20
198,188,20
198,188,20
198,188,20
198,188,20
198,188,20
198,188,20
198,188,20
198,188,20
198,188,20
198,207,20
198,207,20
198,207,20
198,207,20
198,207,20
198,207,20
198,207,20
198,207,20
198,207,20
198,207,20
198,207,20
198,196,20
198,196,20
198,196,20
198,196,20
198,196,20
198,196,20
198,196,20
198,196,20
198,196,20
198,196,20
198,196,20
198,196,20
198,196,20
198,196,20
198,196,20
198,196,20
198,196,20
198,196,20
198,196,20
198,196,20
198,196,20
198,196,20
198,196,20
198,196,20
198,196,20
198,196,20
198,196,20
198,196,20
198,196,20
198,196,20
198,196,20
198,196,20
198,196,20
198,196,20
198,196,20
198,196,20
198,196,20
198,196,20
198,196,20
198,196,20
198,196,20
198,196,20
198,196,20
198,196,20
198,196,20
198,196,20
198,196,20
198,196,20
198,196,20
198,196,20
198,196,20
198,196,20
198,196,20
198,169,20
198,169,20
198,169,20
198,169,20
198,169,20
198,169,20
198,169,20
198,169,20
198,169,20
198,169,20
198,169,20
198,169,20
198,169,20
198,169,20
198,230,20
198,230,20
198,230,20
198,230,20
198,230,20
198,230,20
198,230,20
198,230,20
198,230,20
198,230,20
198,230,20
198,230,20
198,230,20
198,230,20
198,205,20
198,205,20
198,205,20
198,205,20
198,205,20
198,205,20
198,157,20
198,157,20
198,157,20
198,157,20
198,157,20
198,157,20
198,157,20
198,157,20
198,157,20
198,157,20
198,157,20
198,157,20
198,157,20
198,157,20
198,157,20
198,157,20
198,157,20
198,157,20
198,167,20
198,167,20
198,167,20
198,167,20
198,167,20
198,167,20
198,167,20
198,167,20
198,167,20
198,167,20
198,167,20
198,167,20
198,167,20
198,167,20
198,167,20
198,218,20
198,218,20
198,218,20
198,218,20
198,218,20
198,218,20
198,218,20
198,218,20
198,218,20
198,218,20
198,218,20
198,218,20
198,218,20
198,218,20
198,218,20
198,218,20
198,218,20
198,218,20
198,218,20
198,218,20
198,218,20
198,218,20
198,218,20
198,218,20
198,218,20
198,218,20
198,218,20
198,218,20
198,218,20
198,218,20
198,206,20
198,206,20
198,206,20
198,206,20
198,206,20
198,206,20
198,206,20
198,206,20
198,206,20
198,206,20
198,206,20
198,206,20
198,206,20
198,206,20
198,206,20
198,206,20
198,206,20
198,206,20
198,206,20
198,206,20
198,206,20
198,206,20
198,206,20
198,206,20
198,206,20
198,206,20
198,200,20
198,200,20
198,200,20
198,200,20
198,200,20
198,200,20
198,200,20
198,200,20
198,200,20
198,200,20
198,200,20
198,200,20
198,200,20
198,200,20
198,200,20
198,200,20
198,200,20
198,200,20
198,200,20
198,200,20
198,200,20
198,200,20
198,200,20
198,200,20
198,200,20
198,200,20
198,200,20
198,200,20
198,200,20
198,200,20
198,200,20
198,200,20
198,200,20
198,200,20
198,200,20
198,200,20
198,200,20
198,200,20
198,200,20
198,200,20
198,200,20
198,200,20
198,200,20
198,200,20
198,200,20
198,200,20
198,200,20
198,200,20
198,200,20
198,200,20
198,200,20
198,200,20
198,200,20
198,200,20
198,200,20
198,200,20
198,200,20
198,200,20
198,200,20
198,200,20
198,184,20
198,184,20
198,184,20
198,184,20
198,184,20
198,184,20
198,184,20
198,184,20
198,184,20
198,184,20
198,184,20
198,184,20
198,184,20
198,184,20
198,184,20
198,184,20
198,184,20
198,184,20
198,184,20
198,184,20
198,184,20
198,184,20
198,184,20
198,184,20
198,184,20
198,184,20
198,184,20
198,184,20
198,204,20
198,204,20
198,204,20
198,204,20
198,204,20
198,204,20
198,204,20
198,204,20
198,204,20
198,204,20
198,204,20
198,204,20
198,204,20
198,186,20
198,186,20
198,186,20
198,186,20
198,186,20
198,186,20
198,186,20
198,186,20
198,186,20
198,186,20
198,186,20
198,186,20
198,186,20
198,186,20
198,186,20
198,186,20
198,186,20
198,186,20
198,186,20
198,186,20
198,186,20
198,186,20
198,186,20
198,186,20
198,186,20
198,186,20
198,186,20
198,186,20
198,186,20
198,186,20
198,186,20
198,186,20
198,186,20
198,186,20
198,186,20
198,186,20
198,186,20
198,174,20
198,174,20
198,174,20
198,174,20
198,174,20
198,174,20
198,174,20
198,174,20
198,174,20
198,174,20
198,174,20
198,174,20
198,174,20
198,174,20
198,174,20
198,195,20
198,195,20
198,195,20
198,195,20
198,195,20
198,195,20
198,195,20
198,195,20
198,195,20
198,195,20
198,195,20
198,249,20
198,249,20
198,249,20
198,249,20
198,249,20
198,249,20
198,249,20
198,249,20
198,204,20
198,204,20
198,204,20
198,204,20
198,204,20
198,204,20
198,190,20
198,190,20
198,190,20
198,190,20
198,190,20
198,190,20
198,190,20
198,190,20
198,190,20
198,211,20
198,211,20
198,211,20
198,211,20
198,211,20
198,211,20
198,211,20
198,211,20
198,211,20
198,211,20
198,211,20
198,206,20
198,206,20
198,206,20
198,206,20
198,206,20
198,206,20
198,206,20
198,206,20
198,206,20
198,206,20
198,206,20
198,206,20
198,206,20
198,206,20
198,206,20
198,206,20
198,206,20
198,206,20
198,206,20
198,206,20
198,206,20
198,206,20
198,206,20
198,206,20
198,206,20
198,206,20
198,206,20
198,206,20
198,206,20
198,206,20
198,206,20
198,206,20
198,206,20
198,206,20
198,206,20
198,206,20
198,206,20
198,206,20
198,216,20
198,216,20
198,216,20
198,216,20
198,216,20
198,216,20
198,216,20
198,216,20
198,216,20
198,216,20
198,216,20
198,216,20
198,216,20
198,216,20
198,216,20
198,216,20
198,216,20
198,216,20
198,216,20
198,216,20
198,216,20
198,216,20
198,216,20
198,216,20
198,216,20
198,216,20
198,216,20
198,216,20
198,216,20
198,216,20
198,184,20
198,184,20
198,184,20
198,184,20
198,184,20
198,184,20
198,184,20
198,184,20
198,184,20
198,184,20
198,184,20
198,184,20
198,184,20
198,184,20
198,184,20
198,184,20
198,184,20
198,184,20
198,184,20
198,184,20
198,184,20
198,184,20
198,184,20
198,184,20
198,184,20
198,184,20
198,184,20
198,184,20
198,184,20
198,184,20
198,184,20
198,184,20
198,184,20
198,184,20
198,184,20
198,184,20
198,184,20
198,184,20
198,184,20
198,184,20
198,202,20
198,202,20
198,202,20
198,202,20
198,202,20
198,202,20
198,202,20
198,202,20
198,202,20
198,202,20
198,202,20
198,202,20
198,202,20
198,202,20
198,202,20
198,202,20
198,202,20
198,202,20
198,202,20
198,202,20
198,202,20
198,202,20
198,202,20
198,198,20
198,198,20
198,198,20
198,198,20
198,198,20
198,198,20
198,198,20
198,198,20
198,198,20
198,198,20
198,198,20
198,198,20
198,198,20
198,198,20
198,198,20
198,198,20
198,198,20
198,198,20
198,198,20
198,198,20
198,198,20
198,198,20
198,186,20
198,186,20
198,186,20
198,186,20
198,186,20
198,186,20
198,186,20
198,186,20
198,186,20
198,186,20
198,186,20
198,186,20
198,186,20
198,186,20
198,186,20
198,186,20
198,186,20
198,186,20
198,186,20
198,186,20
198,186,20
198,229,20
198,229,20
198,229,20
198,229,20
198,229,20
198,229,20
198,229,20
198,229,20
198,229,20
198,229,20
198,229,20
198,229,20
178,170,20
178,170,20
178,170,20
178,170,20
178,170,20
178,170,20
178,170,20
178,170,20
178,170,20
178,170,20
178,170,20
178,170,20
178,170,20
178,170,20
178,170,20
178,170,20
178,170,20
178,170,20
178,170,20
178,170,20
178,170,20
178,170,20
178,170,20
178,170,20
178,170,20
178,164,20
178,164,20
178,164,20
178,164,20
178,164,20
178,164,20
178,164,20
178,164,20
178,164,20
178,164,20
178,164,20
178,164,20
178,164,20
178,164,20
178,164,20
178,164,20
178,164,20
178,164,20
178,164,20
178,164,20
178,164,20
178,164,20
178,164,20
178,164,20
178,164,20
178,164,20
178,164,20
178,164,20
178,164,20
178,164,20
178,164,20
178,164,20
178,164,20
178,164,20
178,164,20
178,164,20
178,164,20
178,164,20
178,164,20
178,164,20
178,164,20
178,164,20
178,164,20
178,164,20
178,164,20
178,164,20
178,164,20
178,164,20
178,164,20
178,164,20
178,164,20
178,179,20
178,179,20
178,179,20
178,179,20
178,179,20
178,179,20
178,179,20
178,179,20
178,179,20
178,179,20
178,179,20
178,179,20
178,179,20
178,179,20
178,179,20
178,179,20
178,179,20
178,179,20
178,179,20
178,179,20
178,179,20
178,179,20
178,179,20
178,179,20
178,179,20
178,179,20
178,179,20
178,179,20
178,178,20
178,178,20
178,178,20
178,178,20
178,178,20
178,178,20
178,178,20
178,178,20
178,178,20
178,178,20
178,178,20
178,178,20
178,178,20
178,178,20
178,178,20
178,178,20
178,178,20
178,178,20
178,178,20
178,178,20
178,178,20
178,178,20
178,178,20
178,178,20
178,178,20
178,136,20
178,136,20
178,136,20
178,136,20
178,136,20
178,136,20
178,136,20
178,136,20
178,136,20
178,136,20
178,136,20
178,183,20
178,183,20
178,183,20
178,183,20
178,183,20
178,183,20
178,183,20
178,183,20
178,183,20
178,183,20
178,183,20
178,183,20
178,183,20
178,183,20
178,183,20
178,183,20
178,183,20
178,183,20
178,183,20
178,183,20
178,183,20
178,183,20
178,183,20
178,183,20
178,183,20
178,183,20
178,183,20
178,183,20
178,183,20
178,183,20
178,183,20
178,146,20
178,146,20
178,146,20
178,146,20
178,146,20
178,146,20
178,146,20
178,146,20
178,146,20
178,146,20
178,146,20
178,146,20
178,146,20
178,146,20
178,146,20
178,146,20
178,146,20
178,142,20
178,142,20
178,142,20
178,142,20
178,142,20
178,142,20
178,142,20
178,142,20
178,142,20
178,142,20
178,142,20
178,142,20
178,142,20
178,142,20
178,142,20
178,142,20
178,142,20
178,142,20
178,142,20
178,142,20
178,142,20
178,142,20
178,142,20
178,142,20
178,142,20
178,142,20
178,142,20
178,142,20
178,142,20
178,142,20
178,142,20
178,142,20
178,142,20
178,142,20
178,173,20
178,173,20
178,173,20
178,173,20
178,173,20
178,173,20
178,173,20
178,163,20
178,163,20
178,163,20
178,163,20
178,163,20
178,163,20
178,163,20
178,163,20
178,163,20
178,163,20
178,163,20
178,163,20
178,163,20
178,163,20
178,163,20
178,163,20
178,163,20
178,163,20
178,163,20
178,163,20
178,163,20
178,163,20
178,163,20
178,163,20
178,163,20
178,163,20
178,163,20
178,163,20
178,163,20
178,163,20
178,163,20
178,163,20
178,163,20
178,163,20
178,163,20
178,163,20
178,163,20
178,163,20
178,163,20
178,163,20
178,163,20
178,163,20
178,168,20
178,168,20
178,168,20
178,168,20
178,168,20
178,168,20
178,168,20
178,168,20
178,168,20
178,168,20
178,168,20
178,168,20
178,168,20
178,168,20
178,168,20
178,168,20
178,168,20
178,168,20
178,168,20
178,168,20
178,168,20
178,168,20
178,168,20
178,168,20
178,168,20
178,168,20
178,168,20
178,168,20
178,168,20
178,168,20
178,168,20
178,168,20
178,168,20
178,168,20
178,168,20
178,168,20
178,168,20
178,168,20
178,168,20
178,168,20
178,168,20
178,168,20
178,168,20
178,168,20
178,168,20
178,168,20
178,168,20
178,168,20
178,168,20
178,168,20
178,177,20
178,177,20
178,177,20
178,177,20
178,177,20
178,177,20
178,177,20
178,177,20
178,177,20
178,177,20
178,177,20
178,177,20
178,177,20
178,177,20
178,177,20
178,177,20
178,177,20
178,177,20
178,177,20
178,177,20
178,177,20
178,177,20
178,177,20
178,177,20
178,177,20
178,177,20
178,177,20
178,177,20
178,177,20
178,177,20
178,177,20
178,177,20
178,177,20
178,177,20
178,177,20
178,169,20
178,169,20
178,169,20
178,169,20
178,169,20
178,169,20
178,169,20
178,169,20
178,169,20
178,199,20
178,199,20
178,199,20
178,199,20
178,199,20
178,199,20
178,199,20
178,199,20
178,199,20
178,199,20
178,199,20
178,199,20
178,199,20
178,199,20
178,199,20
178,199,20
178,199,20
178,199,20
178,199,20
178,199,20
178,199,20
178,199,20
178,199,20
178,199,20
178,184,20
178,184,20
178,184,20
178,184,20
178,184,20
178,184,20
178,184,20
178,184,20
178,184,20
178,184,20
178,184,20
178,184,20
178,184,20
178,184,20
178,184,20
178,184,20
178,184,20
178,184,20
178,184,20
178,184,20
178,184,20
178,184,20
178,184,20
178,184,20
178,184,20
178,184,20
178,184,20
178,189,20
178,189,20
178,189,20
178,189,20
178,189,20
178,189,20
178,189,20
178,189,20
178,189,20
178,189,20
178,189,20
178,189,20
178,189,20
178,189,20
178,189,20
178,189,20
178,189,20
178,189,20
178,189,20
178,189,20
178,189,20
178,189,20
178,189,20
178,164,20
178,164,20
178,164,20
178,164,20
178,164,20
178,164,20
178,164,20
178,164,20
178,164,20
178,164,20
178,164,20
178,164,20
178,164,20
178,164,20
178,164,20
178,164,20
178,164,20
178,164,20
178,164,20
178,164,20
178,164,20
178,164,20
178,164,20
178,164,20
178,164,20
178,164,20
178,154,20
178,154,20
178,154,20
178,154,20
178,154,20
178,154,20
178,154,20
178,193,20
178,193,20
178,193,20
178,193,20
178,193,20
178,193,20
178,193,20
178,193,20
178,193,20
178,193,20
178,193,20
178,198,20
178,198,20
178,198,20
178,198,20
178,198,20
178,198,20
178,198,20
178,198,20
178,198,20
178,180,20
178,180,20
178,180,20
178,180,20
178,180,20
178,180,20
178,180,20
178,180,20
178,180,20
178,180,20
178,180,20
178,180,20
178,180,20
178,180,20
178,188,20
178,188,20
178,188,20
178,188,20
178,188,20
178,188,20
178,188,20
178,188,20
178,188,20
178,188,20
178,188,20
178,188,20
178,188,20
178,188,20
178,188,20
178,188,20
178,188,20
178,188,20
178,188,20
178,188,20
178,162,20
178,162,20
178,162,20
178,162,20
178,162,20
178,162,20
178,162,20
178,162,20
178,162,20
178,162,20
178,162,20
178,204,20
178,204,20
178,204,20
178,204,20
178,204,20
178,204,20
178,204,20
178,204,20
178,204,20
178,204,20
178,204,20
178,207,20
178,207,20
178,207,20
178,207,20
178,207,20
178,207,20
178,207,20
178,207,20
178,207,20
178,207,20
178,207,20
178,207,20
178,207,20
178,207,20
178,207,20
178,207,20
178,198,20
178,198,20
178,198,20
178,198,20
178,198,20
178,198,20
178,198,20
178,198,20
178,198,20
178,198,20
178,198,20
178,198,20
178,198,20
178,198,20
178,198,20
178,198,20
178,198,20
178,198,20
178,198,20
178,198,20
178,198,20
178,198,20
178,198,20
178,198,20
178,198,20
178,198,20
178,198,20
178,198,20
178,198,20
178,198,20
178,198,20
178,198,20
178,198,20
178,198,20
178,198,20
178,198,20
178,198,20
178,198,20
178,198,20
178,198,20
178,198,20
178,198,20
178,198,20
178,198,20
178,198,20
178,198,20
178,156,20
178,156,20
178,156,20
178,156,20
178,156,20
178,156,20
178,156,20
178,156,20
178,156,20
178,156,20
178,156,20
178,156,20
178,156,20
178,156,20
208,217,20
208,217,20
208,217,20
208,217,20
208,217,20
208,217,20
208,217,20
208,217,20
208,217,20
208,217,20
208,217,20
208,217,20
208,217,20
208,217,20
208,217,20
208,217,20
208,217,20
208,217,20
208,217,20
208,217,20
208,217,20
208,217,20
208,217,20
208,217,20
208,217,20
208,217,20
208,217,20
208,217,20
208,217,20
208,171,20
208,171,20
208,171,20
208,171,20
208,171,20
208,171,20
208,171,20
208,171,20
208,171,20
208,171,20
208,171,20
208,171,20
208,171,20
208,171,20
208,171,20
208,171,20
208,171,20
208,171,20
208,171,20
208,171,20
208,171,20
208,171,20
208,204,20
208,204,20
208,204,20
208,204,20
208,204,20
208,204,20
208,204,20
208,215,20
208,215,20
208,215,20
208,215,20
208,215,20
208,215,20
208,215,20
208,215,20
208,215,20
208,215,20
208,215,20
208,215,20
208,215,20
208,215,20
208,218,20
208,218,20
208,218,20
208,218,20
208,218,20
208,218,20
208,218,20
208,218,20
208,218,20
208,191,20
208,191,20
208,191,20
208,191,20
208,191,20
208,191,20
208,191,20
208,191,20
208,191,20
208,191,20
208,221,20
208,221,20
208,221,20
208,221,20
208,221,20
208,221,20
208,221,20
208,221,20
208,221,20
208,221,20
208,221,20
208,221,20
208,221,20
208,221,20
208,221,20
208,221,20
208,221,20
208,221,20
208,221,20
208,221,20
208,221,20
208,221,20
208,221,20
208,221,20
208,221,20
208,250,20
208,250,20
208,250,20
208,250,20
208,250,20
208,250,20
208,250,20
208,250,20
208,250,20
208,250,20
208,250,20
208,250,20
208,250,20
208,250,20
208,250,20
208,250,20
208,250,20
208,250,20
208,250,20
208,250,20
208,250,20
208,250,20
208,194,20
208,194,20
208,194,20
208,194,20
208,194,20
208,194,20
208,194,20
208,194,20
208,194,20
208,240,20
208,240,20
208,240,20
208,240,20
208,240,20
208,240,20
208,240,20
208,240,20
208,240,20
208,240,20
208,240,20
208,240,20
208,240,20
208,240,20
208,240,20
208,240,20
208,240,20
208,240,20
208,240,20
208,240,20
208,240,20
208,229,20
208,229,20
208,229,20
208,229,20
208,229,20
208,229,20
208,229,20
208,229,20
208,233,20
208,233,20
208,233,20
208,233,20
208,233,20
208,233,20
208,233,20
208,233,20
208,233,20
208,233,20
208,233,20
208,210,20
208,210,20
208,210,20
208,210,20
208,210,20
208,210,20
208,210,20
208,210,20
208,210,20
208,210,20
208,210,20
208,210,20
208,210,20
208,210,20
208,210,20
208,210,20
208,210,20
208,210,20
208,210,20
208,210,20
208,210,20
208,210,20
208,210,20
208,210,20
208,210,20
208,210,20
208,210,20
208,210,20
208,210,20
208,210,20
208,210,20
208,210,20
208,210,20
208,210,20
208,210,20
208,210,20
208,210,20
208,210,20
208,210,20
208,210,20
208,210,20
208,210,20
208,210,20
208,210,20
208,210,20
208,210,20
208,213,20
208,213,20
208,213,20
208,213,20
208,213,20
208,213,20
208,213,20
208,213,20
208,236,20
208,236,20
208,236,20
208,236,20
208,236,20
208,236,20
208,236,20
208,236,20
208,236,20
208,236,20
208,236,20
208,236,20
208,236,20
208,200,20
208,200,20
208,200,20
208,200,20
208,200,20
208,200,20
208,200,20
208,200,20
208,200,20
208,200,20
208,200,20
208,200,20
208,200,20
208,200,20
208,200,20
208,200,20
208,200,20
208,200,20
208,195,20
208,195,20
208,195,20
208,195,20
208,195,20
208,195,20
208,195,20
208,195,20
208,195,20
208,195,20
208,195,20
208,195,20
208,195,20
208,195,20
208,195,20
208,195,20
208,217,20
208,217,20
208,217,20
208,217,20
208,217,20
208,217,20
208,220,20
208,220,20
208,220,20
208,220,20
208,220,20
208,220,20
208,220,20
208,220,20
208,220,20
208,220,20
208,220,20
208,220,20
208,220,20
208,220,20
208,220,20
208,220,20
208,220,20
208,220,20
208,220,20
208,220,20
208,220,20
208,220,20
208,220,20
208,220,20
208,216,20
208,216,20
208,216,20
208,216,20
208,216,20
208,216,20
208,216,20
208,216,20
208,216,20
208,216,20
208,216,20
208,216,20
208,216,20
208,216,20
208,216,20
208,216,20
208,216,20
208,216,20
208,216,20
208,216,20
208,216,20
208,216,20
208,216,20
208,216,20
208,216,20
208,216,20
208,216,20
208,207,20
208,207,20
208,207,20
208,207,20
208,207,20
208,207,20
208,207,20
208,207,20
208,207,20
208,207,20
208,207,20
208,207,20
208,207,20
208,207,20
208,207,20
208,207,20
208,207,20
208,207,20
208,207,20
208,207,20
208,207,20
208,212,20
208,212,20
208,212,20
208,212,20
208,212,20
208,212,20
208,212,20
208,212,20
208,212,20
208,212,20
208,212,20
208,212,20
208,212,20
208,212,20
208,212,20
208,212,20
208,212,20
208,212,20
208,212,20
208,207,20
208,207,20
208,207,20
208,207,20
208,207,20
208,207,20
208,207,20
208,207,20
208,207,20
208,207,20
208,207,20
208,207,20
208,207,20
208,207,20
208,207,20
208,207,20
208,207,20
208,207,20
208,207,20
208,207,20
208,207,20
208,207,20
208,207,20
208,207,20
208,207,20
208,207,20
208,207,20
208,207,20
208,207,20
208,207,20
208,207,20
208,207,20
208,207,20
208,207,20
208,207,20
208,207,20
208,207,20
208,207,20
208,207,20
208,207,20
208,207,20
208,207,20
208,207,20
208,207,20
208,198,20
208,198,20
208,198,20
208,198,20
208,198,20
208,198,20
208,198,20
208,198,20
208,198,20
208,198,20
208,198,20
208,198,20
208,198,20
208,198,20
208,198,20
208,198,20
208,198,20
208,198,20
208,182,20
208,182,20
208,182,20
208,182,20
208,182,20
208,182,20
208,182,20
208,182,20
208,182,20
208,182,20
208,182,20
208,182,20
208,182,20
208,182,20
208,182,20
208,182,20
208,182,20
208,182,20
208,182,20
208,246,20
208,246,20
208,246,20
208,246,20
208,246,20
208,246,20
208,246,20
208,246,20
208,246,20
208,250,20
208,250,20
208,250,20
208,250,20
208,250,20
208,250,20
208,208,20
208,208,20
208,208,20
208,208,20
208,208,20
208,208,20
208,208,20
208,208,20
208,208,20
208,208,20
208,208,20
208,208,20
208,208,20
208,208,20
208,208,20
208,208,20
208,208,20
208,208,20
208,208,20
208,208,20
208,208,20
208,208,20
208,208,20
208,208,20
208,208,20
208,208,20
208,208,20
208,208,20
208,208,20
208,208,20
208,208,20
208,235,20
208,235,20
208,235,20
208,235,20
208,235,20
208,235,20
208,235,20
208,235,20
208,195,20
208,195,20
208,195,20
208,195,20
208,195,20
208,195,20
208,195,20
208,195,20
208,195,20
208,195,20
208,195,20
208,195,20
208,195,20
208,195,20
208,195,20
208,195,20
208,195,20
208,195,20
208,195,20
208,195,20
208,195,20
208,195,20
208,195,20
208,195,20
208,195,20
208,195,20
208,195,20
208,195,20
208,195,20
208,195,20
208,195,20
208,195,20
208,195,20
208,195,20
208,195,20
208,238,20
208,238,20
208,238,20
208,238,20
208,238,20
208,238,20
208,238,20
208,238,20
208,238,20
208,238,20
208,238,20
208,238,20
208,238,20
208,238,20
208,238,20
208,238,20
208,238,20
208,238,20
208,238,20
208,238,20
208,238,20
208,238,20
208,238,20
208,238,20
208,238,20
208,238,20
178,187,20
178,187,20
178,187,20
178,187,20
178,187,20
178,187,20
178,187,20
178,187,20
178,187,20
178,187,20
178,187,20
178,187,20
178,187,20
178,187,20
178,187,20
178,187,20
178,187,20
178,187,20
178,187,20
178,187,20
178,187,20
178,187,20
178,187,20
178,187,20
178,187,20
178,187,20
178,187,20
178,187,20
178,187,20
178,187,20
178,187,20
178,187,20
178,187,20
178,187,20
178,187,20
178,187,20
178,187,20
178,187,20
178,187,20
178,187,20
178,187,20
178,187,20
178,187,20
178,187,20
178,187,20
178,187,20
178,187,20
178,187,20
178,187,20
178,187,20
178,187,20
178,187,20
178,187,20
178,187,20
178,177,20
178,177,20
178,177,20
178,177,20
178,177,20
178,177,20
178,177,20
178,177,20
178,177,20
178,177,20
178,177,20
178,177,20
178,177,20
178,177,20
178,177,20
178,177,20
178,177,20
178,177,20
178,177,20
178,191,20
178,191,20
178,191,20
178,191,20
178,191,20
178,191,20
178,191,20
178,191,20
178,191,20
178,191,20
178,191,20
178,191,20
178,150,20
178,150,20
178,150,20
178,150,20
178,150,20
178,150,20
178,150,20
178,150,20
178,150,20
178,150,20
178,150,20
178,150,20
178,150,20
178,150,20
178,150,20
178,150,20
178,150,20
178,150,20
178,151,20
178,151,20
178,151,20
178,151,20
178,151,20
178,151,20
178,151,20
178,151,20
178,151,20
178,151,20
178,151,20
178,151,20
178,151,20
178,198,20
178,198,20
178,198,20
178,198,20
178,198,20
178,198,20
178,198,20
178,198,20
178,198,20
178,198,20
178,198,20
178,198,20
178,198,20
178,198,20
178,198,20
178,198,20
178,198,20
178,198,20
178,198,20
178,156,20
178,156,20
178,156,20
178,156,20
178,156,20
178,156,20
178,156,20
178,156,20
178,156,20
178,156,20
178,156,20
178,156,20
178,156,20
178,156,20
178,156,20
178,156,20
178,156,20
178,156,20
178,156,20
178,156,20
178,156,20
178,156,20
178,156,20
178,156,20
178,156,20
178,156,20
178,156,20
178,156,20
178,156,20
178,156,20
178,156,20
178,156,20
178,156,20
178,156,20
178,156,20
178,156,20
178,156,20
178,156,20
178,190,20
178,190,20
178,190,20
178,190,20
178,190,20
178,190,20
178,190,20
178,190,20
178,190,20
178,190,20
178,190,20
178,190,20
178,190,20
178,190,20
178,190,20
178,190,20
178,190,20
178,190,20
178,190,20
178,190,20
178,190,20
178,190,20
178,190,20
178,190,20
178,190,20
178,162,20
178,162,20
178,162,20
178,162,20
178,162,20
178,162,20
178,162,20
178,162,20
178,162,20
178,162,20
178,162,20
178,162,20
178,181,20
178,181,20
178,181,20
178,181,20
178,181,20
178,181,20
178,181,20
178,181,20
178,181,20
178,181,20
178,181,20
178,181,20
178,181,20
178,181,20
178,181,20
178,181,20
178,181,20
178,181,20
178,181,20
178,181,20
178,181,20
178,181,20
178,181,20
178,148,20
178,148,20
178,148,20
178,148,20
178,148,20
178,148,20
178,148,20
178,148,20
178,148,20
178,148,20
178,148,20
178,148,20
178,148,20
178,148,20
178,148,20
178,148,20
178,148,20
178,165,20
178,165,20
178,165,20
178,165,20
178,165,20
178,165,20
178,165,20
178,173,20
178,173,20
178,173,20
178,173,20
178,173,20
178,173,20
178,173,20
178,173,20
178,173,20
178,178,20
178,178,20
178,178,20
178,178,20
178,178,20
178,178,20
178,178,20
178,178,20
178,178,20
178,178,20
178,178,20
178,178,20
178,178,20
178,178,20
178,176,20
178,176,20
178,176,20
178,176,20
178,176,20
178,176,20
178,171,20
178,171,20
178,171,20
178,171,20
178,171,20
178,171,20
178,171,20
178,171,20
178,171,20
178,171,20
178,171,20
178,171,20
178,171,20
178,171,20
178,171,20
178,171,20
178,171,20
178,171,20
178,171,20
178,189,20
178,189,20
178,189,20
178,189,20
178,189,20
178,189,20
178,189,20
178,189,20
178,189,20
178,189,20
178,189,20
178,189,20
178,189,20
178,189,20
178,189,20
178,189,20
178,189,20
178,189,20
178,186,20
178,186,20
178,186,20
178,186,20
178,186,20
178,186,20
178,186,20
178,185,20
178,185,20
178,185,20
178,185,20
178,185,20
178,185,20
178,185,20
178,185,20
178,185,20
178,185,20
178,185,20
178,185,20
178,185,20
178,185,20
178,185,20
178,185,20
178,185,20
178,185,20
178,185,20
178,185,20
178,185,20
178,185,20
178,185,20
178,185,20
178,157,20
178,157,20
178,157,20
178,157,20
178,157,20
178,157,20
178,157,20
178,157,20
178,157,20
178,157,20
178,157,20
178,157,20
178,157,20
178,157,20
178,157,20
178,200,20
178,200,20
178,200,20
178,200,20
178,200,20
178,200,20
178,200,20
178,200,20
178,204,20
178,204,20
178,204,20
178,204,20
178,204,20
178,204,20
178,204,20
178,204,20
178,204,20
178,204,20
178,204,20
178,204,20
178,204,20
178,204,20
178,204,20
178,204,20
178,204,20
178,204,20
178,204,20
178,204,20
178,204,20
178,204,20
178,204,20
178,204,20
178,118,20
178,118,20
178,118,20
178,118,20
178,118,20
178,118,20
178,118,20
178,118,20
178,118,20
178,118,20
178,150,20
178,150,20
178,150,20
178,150,20
178,150,20
178,150,20
178,150,20
178,150,20
178,150,20
178,150,20
178,184,20
178,184,20
178,184,20
178,184,20
178,184,20
178,184,20
178,218,20
178,218,20
178,218,20
178,218,20
178,218,20
178,218,20
178,218,20
178,218,20
178,218,20
178,218,20
178,218,20
178,218,20
178,218,20
178,218,20
178,218,20
178,218,20
178,218,20
178,218,20
178,218,20
178,218,20
178,218,20
178,218,20
178,218,20
178,218,20
178,218,20
178,218,20
178,218,20
178,218,20
178,218,20
178,218,20
178,218,20
178,218,20
178,218,20
178,181,20
178,181,20
178,181,20
178,181,20
178,181,20
178,181,20
178,181,20
178,181,20
178,181,20
178,181,20
178,181,20
178,192,20
178,192,20
178,192,20
178,192,20
178,192,20
178,192,20
178,192,20
178,192,20
178,192,20
178,192,20
178,192,20
178,192,20
178,192,20
178,192,20
178,192,20
178,192,20
178,192,20
178,192,20
178,192,20
178,192,20
178,192,20
178,192,20
178,192,20
178,192,20
178,192,20
178,192,20
178,192,20
178,192,20
178,192,20
178,192,20
178,192,20
178,192,20
178,192,20
178,192,20
178,192,20
178,192,20
178,192,20
178,192,20
178,192,20
178,192,20
178,192,20
178,192,20
178,192,20
178,192,20
178,192,20
178,192,20
178,192,20
178,192,20
178,192,20
178,192,20
178,192,20
178,192,20
178,192,20
178,192,20
178,177,20
178,177,20
178,177,20
178,177,20
178,177,20
178,177,20
178,177,20
178,177,20
178,177,20
178,177,20
178,177,20
178,177,20
178,177,20
178,177,20
178,177,20
178,177,20
178,177,20
178,177,20
178,177,20
178,177,20
178,176,20
178,176,20
178,176,20
178,176,20
178,176,20
178,176,20
178,176,20
178,176,20
178,176,20
178,176,20
178,176,20
178,176,20
178,176,20
178,176,20
178,176,20
178,176,20
148,137,20
148,137,20
148,137,20
148,137,20
148,137,20
148,137,20
148,137,20
148,137,20
148,137,20
148,137,20
148,137,20
148,137,20
148,137,20
148,137,20
148,137,20
148,137,20
148,137,20
148,137,20
148,137,20
148,137,20
148,137,20
148,137,20
148,137,20
148,137,20
148,137,20
148,137,20
148,109,20
148,109,20
148,109,20
148,109,20
148,109,20
148,109,20
148,109,20
148,109,20
148,109,20
148,161,20
148,161,20
148,161,20
148,161,20
148,161,20
148,161,20
148,161,20
148,161,20
148,161,20
148,161,20
148,161,20
148,161,20
148,161,20
148,161,20
148,161,20
148,161,20
148,161,20
148,161,20
148,161,20
148,153,20
148,153,20
148,153,20
148,153,20
148,153,20
148,153,20
148,153,20
148,153,20
148,153,20
148,153,20
148,153,20
148,153,20
148,153,20
148,153,20
148,145,20
148,145,20
148,145,20
148,145,20
148,145,20
148,145,20
148,152,20
148,152,20
148,152,20
148,152,20
148,152,20
148,152,20
148,152,20
148,152,20
148,152,20
148,152,20
148,152,20
148,152,20
148,152,20
148,152,20
148,152,20
148,152,20
148,152,20
148,152,20
148,152,20
148,152,20
148,152,20
148,152,20
148,152,20
148,152,20
148,152,20
148,152,20
148,152,20
148,106,20
148,106,20
148,106,20
148,106,20
148,106,20
148,106,20
148,106,20
148,136,20
148,136,20
148,136,20
148,136,20
148,136,20
148,136,20
148,136,20
148,136,20
148,136,20
148,136,20
148,136,20
148,136,20
148,121,20
148,121,20
148,121,20
148,121,20
148,121,20
148,121,20
148,121,20
148,121,20
148,121,20
148,121,20
148,121,20
148,121,20
148,121,20
148,121,20
148,121,20
148,121,20
148,121,20
148,121,20
148,121,20
148,121,20
148,121,20
148,121,20
148,121,20
148,121,20
148,121,20
148,121,20
148,121,20
148,121,20
148,121,20
148,121,20
148,121,20
148,121,20
148,121,20
148,121,20
148,121,20
148,127,20
148,127,20
148,127,20
148,127,20
148,127,20
148,127,20
148,127,20
148,127,20
148,127,20
148,148,20
148,148,20
148,148,20
148,148,20
148,148,20
148,148,20
148,148,20
148,148,20
148,148,20
148,148,20
148,148,20
148,148,20
148,148,20
148,148,20
148,148,20
148,148,20
148,148,20
148,148,20
148,148,20
148,148,20
148,148,20
148,148,20
148,148,20
148,148,20
148,148,20
148,148,20
148,148,20
148,148,20
148,148,20
148,148,20
148,148,20
148,148,20
148,148,20
148,174,20
148,174,20
148,174,20
148,174,20
148,174,20
148,174,20
148,174,20
148,174,20
148,192,20
148,192,20
148,192,20
148,192,20
148,192,20
148,192,20
148,192,20
148,192,20
148,192,20
148,192,20
148,192,20
148,192,20
148,192,20
148,192,20
148,192,20
148,192,20
148,192,20
148,192,20
148,192,20
148,192,20
148,192,20
148,192,20
148,192,20
148,192,20
148,192,20
148,192,20
148,192,20
148,120,20
148,120,20
148,120,20
148,120,20
148,120,20
148,120,20
148,120,20
148,120,20
148,120,20
148,120,20
148,120,20
148,120,20
148,120,20
148,120,20
148,136,20
148,136,20
148,136,20
148,136,20
148,136,20
148,136,20
148,136,20
148,136,20
148,136,20
148,136,20
148,136,20
148,136,20
148,136,20
148,136,20
148,136,20
148,136,20
148,136,20
148,136,20
148,136,20
148,136,20
148,136,20
148,136,20
148,136,20
148,136,20
148,136,20
148,136,20
148,136,20
148,136,20
148,136,20
148,136,20
148,136,20
148,136,20
148,136,20
148,136,20
148,136,20
148,136,20
148,136,20
148,136,20
148,136,20
148,136,20
148,136,20
148,136,20
148,136,20
148,136,20
148,136,20
148,136,20
148,136,20
148,136,20
148,136,20
148,136,20
148,131,20
148,131,20
148,131,20
148,131,20
148,131,20
148,131,20
148,131,20
148,131,20
148,131,20
148,131,20
148,131,20
148,131,20
148,131,20
148,131,20
148,131,20
148,131,20
148,131,20
148,155,20
148,155,20
148,155,20
148,155,20
148,155,20
148,155,20
148,155,20
148,155,20
148,155,20
148,155,20
148,155,20
148,155,20
148,155,20
148,155,20
148,155,20
148,155,20
148,145,20
148,145,20
148,145,20
148,145,20
148,145,20
148,145,20
148,145,20
148,145,20
148,145,20
148,145,20
148,145,20
148,145,20
148,145,20
148,145,20
148,145,20
148,145,20
148,145,20
148,145,20
148,145,20
148,145,20
148,145,20
148,145,20
148,145,20
148,145,20
148,145,20
148,145,20
148,145,20
148,145,20
148,145,20
148,145,20
148,167,20
148,167,20
148,167,20
148,167,20
148,167,20
148,167,20
148,167,20
148,167,20
148,167,20
148,167,20
148,167,20
148,167,20
148,167,20
148,167,20
148,167,20
148,141,20
148,141,20
148,141,20
148,141,20
148,141,20
148,141,20
148,141,20
148,141,20
148,141,20
148,141,20
148,141,20
148,141,20
148,141,20
148,141,20
148,141,20
148,141,20
148,141,20
148,141,20
148,141,20
148,141,20
148,141,20
148,141,20
148,141,20
148,141,20
148,141,20
148,141,20
148,141,20
148,141,20
148,141,20
148,141,20
148,141,20
148,141,20
148,141,20
148,141,20
148,141,20
148,141,20
148,141,20
148,141,20
148,141,20
148,141,20
148,150,20
148,150,20
148,150,20
148,150,20
148,150,20
148,150,20
148,150,20
148,150,20
148,150,20
148,150,20
148,150,20
148,150,20
148,150,20
148,150,20
148,150,20
148,150,20
148,150,20
148,150,20
148,150,20
148,150,20
148,170,20
148,170,20
148,170,20
148,170,20
148,170,20
148,170,20
148,170,20
148,170,20
148,170,20
148,170,20
148,170,20
148,170,20
148,170,20
148,170,20
148,144,20
148,144,20
148,144,20
148,144,20
148,144,20
148,144,20
148,123,20
148,123,20
148,123,20
148,123,20
148,123,20
148,123,20
148,119,20
148,119,20
148,119,20
148,119,20
148,119,20
148,119,20
148,119,20
148,161,20
148,161,20
148,161,20
148,161,20
148,161,20
148,161,20
148,161,20
148,161,20
148,161,20
148,161,20
148,161,20
148,161,20
148,161,20
148,161,20
148,161,20
148,161,20
148,161,20
148,161,20
148,161,20
148,161,20
148,161,20
148,161,20
148,161,20
148,161,20
168,148,20
168,148,20
168,148,20
168,148,20
168,148,20
168,148,20
168,148,20
168,148,20
168,148,20
168,148,20
168,148,20
168,148,20
168,148,20
168,148,20
168,148,20
168,148,20
168,148,20
168,148,20
168,148,20
168,148,20
168,201,20
168,201,20
168,201,20
168,201,20
168,201,20
168,201,20
168,201,20
168,201,20
168,201,20
168,201,20
168,201,20
168,201,20
168,201,20
168,201,20
168,201,20
168,201,20
168,201,20
168,201,20
168,142,20
168,142,20
168,142,20
168,142,20
168,142,20
168,142,20
168,142,20
168,142,20
168,142,20
168,142,20
168,142,20
168,142,20
168,142,20
168,142,20
168,142,20
168,142,20
168,142,20
168,142,20
168,174,20
168,174,20
168,174,20
168,174,20
168,174,20
168,174,20
168,174,20
168,174,20
168,174,20
168,174,20
168,174,20
168,174,20
168,174,20
168,174,20
168,174,20
168,174,20
168,174,20
168,174,20
168,174,20
168,174,20
168,174,20
168,174,20
168,174,20
168,174,20
168,174,20
168,174,20
168,174,20
168,174,20
168,174,20
168,146,20
168,146,20
168,146,20
168,146,20
168,146,20
168,146,20
168,146,20
168,146,20
168,146,20
168,146,20
168,146,20
168,146,20
168,146,20
168,146,20
168,146,20
168,146,20
168,146,20
168,146,20
168,146,20
168,146,20
168,146,20
168,146,20
168,146,20
168,146,20
168,146,20
168,146,20
168,146,20
168,146,20
168,146,20
168,146,20
168,146,20
168,146,20
168,146,20
168,146,20
168,146,20
168,178,20
168,178,20
168,178,20
168,178,20
168,178,20
168,178,20
168,178,20
168,178,20
168,178,20
168,178,20
168,178,20
168,178,20
168,178,20
168,178,20
168,178,20
168,178,20
168,178,20
168,178,20
168,178,20
168,178,20
168,178,20
168,152,20
168,152,20
168,152,20
168,152,20
168,152,20
168,152,20
168,152,20
168,152,20
168,146,20
168,146,20
168,146,20
168,146,20
168,146,20
168,146,20
168,146,20
168,146,20
168,146,20
168,146,20
168,146,20
168,146,20
168,146,20
168,146,20
168,146,20
168,146,20
168,146,20
168,146,20
168,146,20
168,146,20
168,146,20
168,166,20
168,166,20
168,166,20
168,166,20
168,166,20
168,166,20
168,166,20
168,166,20
168,166,20
168,166,20
168,166,20
168,166,20
168,166,20
168,166,20
168,166,20
168,166,20
168,166,20
168,166,20
168,166,20
168,166,20
168,150,20
168,150,20
168,150,20
168,150,20
168,150,20
168,150,20
168,150,20
168,150,20
168,150,20
168,190,20
168,190,20
168,190,20
168,190,20
168,190,20
168,190,20
168,190,20
168,190,20
168,190,20
168,146,20
168,146,20
168,146,20
168,146,20
168,146,20
168,146,20
168,146,20
168,146,20
168,146,20
168,146,20
168,146,20
168,146,20
168,146,20
168,146,20
168,146,20
168,146,20
168,146,20
168,146,20
168,146,20
168,146,20
168,146,20
168,146,20
168,146,20
168,146,20
168,146,20
168,146,20
168,146,20
168,146,20
168,146,20
168,146,20
168,146,20
168,146,20
168,146,20
168,146,20
168,204,20
168,204,20
168,204,20
168,204,20
168,204,20
168,204,20
168,204,20
168,204,20
168,204,20
168,204,20
168,204,20
168,204,20
168,204,20
168,204,20
168,204,20
168,204,20
168,204,20
168,204,20
168,204,20
168,204,20
168,204,20
168,204,20
168,204,20
168,204,20
168,204,20
168,204,20
168,204,20
168,204,20
168,204,20
168,204,20
168,204,20
168,204,20
168,204,20
168,204,20
168,204,20
168,204,20
168,204,20
168,181,20
168,181,20
168,181,20
168,181,20
168,181,20
168,181,20
168,165,20
168,165,20
168,165,20
168,165,20
168,165,20
168,165,20
168,165,20
168,165,20
168,165,20
168,165,20
168,165,20
168,165,20
168,165,20
168,165,20
168,165,20
168,165,20
168,165,20
168,165,20
168,165,20
168,165,20
168,165,20
168,169,20
168,169,20
168,169,20
168,169,20
168,169,20
168,169,20
168,169,20
168,169,20
168,169,20
168,169,20
168,169,20
168,169,20
168,169,20
168,169,20
168,169,20
168,169,20
168,178,20
168,178,20
168,178,20
168,178,20
168,178,20
168,178,20
168,178,20
168,178,20
168,178,20
168,178,20
168,178,20
168,178,20
168,178,20
168,178,20
168,178,20
168,178,20
168,178,20
168,189,20
168,189,20
168,189,20
168,189,20
168,189,20
168,189,20
168,189,20
168,158,20
168,158,20
168,158,20
168,158,20
168,158,20
168,158,20
168,158,20
168,158,20
168,158,20
168,158,20
168,158,20
168,158,20
168,158,20
168,158,20
168,158,20
168,158,20
168,158,20
168,158,20
168,158,20
168,158,20
168,158,20
168,158,20
168,158,20
168,199,20
168,199,20
168,199,20
168,199,20
168,199,20
168,199,20
168,184,20
168,184,20
168,184,20
168,184,20
168,184,20
168,184,20
168,184,20
168,184,20
168,184,20
168,184,20
168,184,20
168,184,20
168,184,20
168,184,20
168,184,20
168,184,20
168,184,20
168,158,20
168,158,20
168,158,20
168,158,20
168,158,20
168,158,20
168,158,20
168,158,20
168,158,20
168,158,20
168,158,20
168,158,20
168,158,20
168,179,20
168,179,20
168,179,20
168,179,20
168,179,20
168,179,20
168,179,20
168,179,20
168,179,20
168,179,20
168,179,20
168,179,20
168,179,20
168,179,20
168,179,20
168,179,20
168,179,20
168,179,20
168,179,20
168,179,20
168,162,20
168,162,20
168,162,20
168,162,20
168,162,20
168,162,20
168,162,20
168,162,20
168,162,20
168,162,20
168,162,20
168,162,20
168,162,20
168,162,20
168,162,20
168,162,20
168,162,20
168,162,20
168,162,20
168,162,20
168,162,20
168,162,20
168,162,20
168,162,20
168,162,20
168,162,20
168,162,20
168,162,20
168,162,20
168,162,20
168,162,20
168,162,20
168,162,20
168,162,20
168,162,20
168,162,20
168,162,20
168,172,20
168,172,20
168,172,20
168,172,20
168,172,20
168,172,20
168,172,20
168,172,20
168,172,20
168,172,20
168,172,20
168,172,20
168,172,20
168,172,20
168,172,20
168,172,20
168,172,20
168,172,20
168,172,20
168,172,20
168,172,20
168,172,20
168,172,20
168,172,20
168,158,20
168,158,20
168,158,20
168,158,20
168,158,20
168,158,20
168,158,20
168,158,20
168,158,20
168,158,20
168,158,20
168,158,20
168,158,20
168,158,20
168,158,20
168,158,20
168,158,20
168,158,20
168,158,20
168,158,20
168,158,20
168,158,20
168,158,20
168,158,20
168,158,20
168,158,20
168,158,20
168,158,20
168,158,20
168,158,20
168,158,20
168,158,20
168,158,20
168,158,20
168,158,20
168,158,20
168,177,20
168,177,20
168,177,20
168,177,20
168,177,20
168,177,20
168,177,20
168,177,20
168,177,20
168,177,20
168,177,20
168,177,20
168,177,20
168,177,20
168,177,20
168,177,20
168,177,20
168,177,20
168,177,20
168,177,20
168,177,20
168,177,20
168,177,20
168,177,20
168,177,20
168,177,20
168,177,20
168,177,20
168,177,20
168,177,20
168,191,20
168,191,20
168,191,20
168,191,20
168,191,20
168,191,20
168,191,20
168,191,20
168,191,20
168,191,20
168,191,20
168,191,20
168,191,20
168,170,20
168,170,20
168,170,20
168,170,20
168,170,20
168,170,20
168,170,20
168,170,20
168,170,20
168,164,20
168,164,20
168,164,20
168,164,20
168,164,20
168,164,20
168,164,20
168,164,20
168,164,20
168,164,20
168,164,20
168,164,20
168,164,20
168,164,20
168,209,20
168,209,20
168,209,20
168,209,20
168,209,20
168,209,20
168,209,20
168,209,20
168,172,20
168,172,20
168,172,20
168,172,20
168,172,20
168,172,20
168,172,20
168,172,20
168,172,20
168,172,20
168,172,20
168,172,20
168,172,20
168,172,20
168,172,20
168,172,20
168,172,20
168,172,20
168,172,20
168,172,20
168,172,20
168,172,20
168,172,20
168,172,20
168,172,20
168,172,20
168,172,20
168,172,20
168,172,20
168,172,20
168,172,20
168,172,20
168,172,20
168,172,20
168,172,20
168,172,20
168,172,20
168,172,20
168,172,20
168,172,20
168,172,20
168,172,20
168,172,20
168,179,20
168,179,20
168,179,20
168,179,20
168,179,20
168,179,20
168,179,20
168,179,20
168,179,20
168,179,20
168,179,20
168,179,20
168,179,20
168,179,20
168,179,20
168,179,20
168,179,20
168,179,20
168,179,20
168,179,20
168,179,20
168,179,20
168,170,20
168,170,20
168,170,20
168,170,20
168,170,20
168,170,20
168,170,20
168,170,20
168,170,20
168,170,20
168,170,20
168,170,20
168,170,20
168,170,20
168,170,20
208,207,20
208,207,20
208,207,20
208,207,20
208,207,20
208,207,20
208,207,20
208,207,20
208,207,20
208,207,20
208,207,20
208,207,20
208,207,20
208,207,20
208,207,20
208,207,20
208,207,20
208,207,20
208,207,20
208,207,20
208,207,20
208,207,20
208,207,20
208,207,20
208,207,20
208,207,20
208,207,20
208,207,20
208,207,20
208,207,20
208,207,20
208,207,20
208,207,20
208,207,20
208,207,20
208,218,20
208,218,20
208,218,20
208,218,20
208,218,20
208,218,20
208,218,20
208,218,20
208,218,20
208,218,20
208,218,20
208,218,20
208,218,20
208,218,20
208,217,20
208,217,20
208,217,20
208,217,20
208,217,20
208,217,20
208,217,20
208,217,20
208,217,20
208,217,20
208,217,20
208,217,20
208,217,20
208,217,20
208,217,20
208,217,20
208,217,20
208,217,20
208,217,20
208,217,20
208,217,20
208,217,20
208,217,20
208,217,20
208,217,20
208,217,20
208,217,20
208,217,20
208,194,20
208,194,20
208,194,20
208,194,20
208,194,20
208,194,20
208,194,20
208,194,20
208,194,20
208,194,20
208,194,20
208,194,20
208,202,20
208,202,20
208,202,20
208,202,20
208,202,20
208,202,20
208,202,20
208,202,20
208,202,20
208,202,20
208,215,20
208,215,20
208,215,20
208,215,20
208,215,20
208,215,20
208,215,20
208,215,20
208,213,20
208,213,20
208,213,20
208,213,20
208,213,20
208,213,20
208,213,20
208,213,20
208,213,20
208,213,20
208,213,20
208,213,20
208,213,20
208,213,20
208,213,20
208,213,20
208,213,20
208,213,20
208,213,20
208,213,20
208,213,20
208,213,20
208,213,20
208,213,20
208,213,20
208,213,20
208,213,20
208,213,20
208,213,20
208,213,20
208,213,20
208,213,20
208,213,20
208,213,20
208,213,20
208,213,20
208,213,20
208,213,20
208,213,20
208,213,20
208,213,20
208,213,20
208,213,20
208,213,20
208,213,20
208,213,20
208,213,20
208,213,20
208,213,20
208,213,20
208,213,20
208,213,20
208,213,20
208,213,20
208,213,20
208,213,20
208,213,20
208,213,20
208,213,20
208,213,20
208,250,20
208,250,20
208,250,20
208,250,20
208,250,20
208,250,20
208,250,20
208,250,20
208,250,20
208,250,20
208,250,20
208,250,20
208,250,20
208,250,20
208,250,20
208,250,20
208,250,20
208,250,20
208,250,20
208,217,20
208,217,20
208,217,20
208,217,20
208,217,20
208,217,20
208,217,20
208,217,20
208,217,20
208,217,20
208,217,20
208,217,20
208,217,20
208,217,20
208,217,20
208,177,20
208,177,20
208,177,20
208,177,20
208,177,20
208,177,20
208,177,20
208,177,20
208,177,20
208,177,20
208,177,20
208,177,20
208,177,20
208,177,20
208,177,20
208,177,20
208,177,20
208,177,20
208,178,20
208,178,20
208,178,20
208,178,20
208,178,20
208,178,20
208,178,20
208,178,20
208,178,20
208,178,20
208,178,20
208,178,20
208,178,20
208,178,20
208,178,20
208,178,20
208,178,20
208,220,20
208,220,20
208,220,20
208,220,20
208,220,20
208,220,20
208,220,20
208,220,20
208,220,20
208,220,20
208,220,20
208,220,20
208,220,20
208,220,20
208,220,20
208,220,20
208,219,20
208,219,20
208,219,20
208,219,20
208,219,20
208,219,20
208,219,20
208,219,20
208,219,20
208,219,20
208,219,20
208,219,20
208,219,20
208,219,20
208,219,20
208,219,20
208,219,20
208,219,20
208,219,20
208,219,20
208,219,20
208,219,20
208,219,20
208,192,20
208,192,20
208,192,20
208,192,20
208,192,20
208,192,20
208,192,20
208,220,20
208,220,20
208,220,20
208,220,20
208,220,20
208,220,20
208,220,20
208,220,20
208,220,20
208,220,20
208,220,20
208,220,20
208,220,20
208,220,20
208,220,20
208,220,20
208,220,20
208,212,20
208,212,20
208,212,20
208,212,20
208,212,20
208,212,20
208,212,20
208,212,20
208,212,20
208,232,20
208,232,20
208,232,20
208,232,20
208,232,20
208,232,20
208,232,20
208,232,20
208,232,20
208,232,20
208,232,20
208,232,20
208,232,20
208,232,20
208,232,20
208,232,20
208,232,20
208,232,20
208,232,20
208,232,20
208,232,20
208,232,20
208,232,20
208,232,20
208,232,20
208,232,20
208,232,20
208,232,20
208,232,20
208,232,20
208,227,20
208,227,20
208,227,20
208,227,20
208,227,20
208,227,20
208,216,20
208,216,20
208,216,20
208,216,20
208,216,20
208,216,20
208,216,20
208,216,20
208,216,20
208,216,20
208,216,20
208,216,20
208,216,20
208,216,20
208,216,20
208,216,20
208,216,20
208,216,20
208,216,20
208,216,20
208,216,20
208,216,20
208,216,20
208,216,20
208,216,20
208,216,20
208,216,20
208,216,20
208,216,20
208,216,20
208,216,20
208,216,20
208,216,20
208,216,20
208,216,20
208,216,20
208,216,20
208,216,20
208,216,20
208,216,20
208,216,20
208,216,20
208,216,20
208,216,20
208,216,20
208,216,20
208,256,20
208,256,20
208,256,20
208,256,20
208,256,20
208,256,20
208,256,20
208,256,20
208,256,20
208,256,20
208,256,20
208,256,20
208,256,20
208,256,20
208,256,20
208,256,20
208,256,20
208,256,20
208,256,20
208,256,20
208,256,20
208,256,20
208,256,20
208,256,20
208,256,20
208,256,20
208,256,20
208,256,20
208,256,20
208,256,20
208,256,20
208,256,20
208,256,20
208,256,20
208,256,20
208,256,20
208,256,20
208,256,20
208,256,20
208,256,20
208,256,20
208,256,20
208,256,20
208,256,20
208,256,20
208,256,20
208,256,20
208,256,20
208,256,20
208,256,20
208,256,20
208,256,20
208,256,20
208,256,20
208,256,20
208,207,20
208,207,20
208,207,20
208,207,20
208,207,20
208,207,20
208,207,20
208,207,20
208,207,20
208,225,20
208,225,20
208,225,20
208,225,20
208,225,20
208,225,20
208,225,20
208,225,20
208,225,20
208,194,20
208,194,20
208,194,20
208,194,20
208,194,20
208,194,20
208,194,20
208,194,20
208,194,20
208,194,20
208,194,20
208,194,20
208,194,20
208,194,20
208,203,20
208,203,20
208,203,20
208,203,20
208,203,20
208,203,20
208,203,20
208,203,20
208,203,20
208,203,20
208,203,20
208,203,20
208,212,20
208,212,20
208,212,20
208,212,20
208,212,20
208,212,20
208,212,20
208,207,20
208,207,20
208,207,20
208,207,20
208,207,20
208,207,20
208,207,20
208,207,20
208,207,20
208,207,20
208,207,20
208,207,20
208,193,20
208,193,20
208,193,20
208,193,20
208,193,20
208,193,20
208,193,20
208,193,20
208,193,20
208,193,20
208,193,20
208,193,20
208,193,20
208,193,20
208,193,20
208,193,20
208,193,20
208,193,20
208,193,20
208,193,20
208,193,20
208,193,20
208,193,20
208,193,20
208,193,20
208,193,20
208,193,20
208,193,20
208,193,20
208,193,20
208,193,20
208,193,20
208,193,20
208,193,20
168,159,20
168,159,20
168,159,20
168,159,20
168,159,20
168,159,20
168,159,20
168,159,20
168,159,20
168,159,20
168,159,20
168,159,20
168,159,20
168,159,20
168,159,20
168,159,20
168,145,20
168,145,20
168,145,20
168,145,20
168,145,20
168,145,20
168,145,20
168,171,20
168,171,20
168,171,20
168,171,20
168,171,20
168,171,20
168,171,20
168,171,20
168,171,20
168,171,20
168,171,20
168,186,20
168,186,20
168,186,20
168,186,20
168,186,20
168,186,20
168,186,20
168,186,20
168,186,20
168,186,20
168,186,20
168,186,20
168,186,20
168,186,20
168,186,20
168,186,20
168,186,20
168,186,20
168,186,20
168,186,20
168,186,20
168,186,20
168,186,20
168,186,20
168,186,20
168,186,20
168,186,20
168,186,20
168,186,20
168,186,20
168,186,20
168,186,20
168,186,20
168,186,20
168,186,20
168,186,20
168,186,20
168,186,20
168,186,20
168,186,20
168,186,20
168,186,20
168,186,20
168,186,20
168,186,20
168,186,20
168,186,20
168,186,20
168,186,20
168,186,20
168,186,20
168,186,20
168,186,20
168,142,20
168,142,20
168,142,20
168,142,20
168,142,20
168,142,20
168,142,20
168,157,20
168,157,20
168,157,20
168,157,20
168,157,20
168,157,20
168,157,20
168,157,20
168,157,20
168,139,20
168,139,20
168,139,20
168,139,20
168,139,20
168,139,20
168,139,20
168,139,20
168,139,20
168,139,20
168,139,20
168,139,20
168,139,20
168,139,20
168,139,20
168,139,20
168,139,20
168,139,20
168,139,20
168,139,20
168,139,20
168,139,20
168,139,20
168,139,20
168,139,20
168,139,20
168,139,20
168,139,20
168,139,20
168,139,20
168,139,20
168,183,20
168,183,20
168,183,20
168,183,20
168,183,20
168,183,20
168,183,20
168,183,20
168,183,20
168,183,20
168,183,20
168,183,20
168,183,20
168,183,20
168,183,20
168,183,20
168,183,20
168,183,20
168,183,20
168,183,20
168,183,20
168,183,20
168,183,20
168,183,20
168,183,20
168,183,20
168,183,20
168,183,20
168,183,20
168,183,20
168,183,20
168,183,20
168,183,20
168,183,20
168,183,20
168,183,20
168,183,20
168,183,20
168,183,20
168,183,20
168,183,20
168,183,20
168,183,20
168,183,20
168,183,20
168,183,20
168,183,20
168,192,20
168,192,20
168,192,20
168,192,20
168,192,20
168,192,20
168,192,20
168,192,20
168,192,20
168,192,20
168,192,20
168,192,20
168,192,20
168,192,20
168,192,20
168,192,20
168,192,20
168,192,20
168,192,20
168,192,20
168,192,20
168,192,20
168,192,20
168,192,20
168,192,20
168,192,20
168,192,20
168,192,20
168,192,20
168,192,20
168,192,20
168,192,20
168,192,20
168,192,20
168,192,20
168,192,20
168,192,20
168,192,20
168,192,20
168,192,20
168,192,20
168,192,20
168,192,20
168,192,20
168,192,20
168,192,20
168,192,20
168,192,20
168,192,20
168,192,20
168,192,20
168,192,20
168,192,20
168,192,20
168,192,20
168,192,20
168,170,20
168,170,20
168,170,20
168,170,20
168,170,20
168,170,20
168,170,20
168,170,20
168,170,20
168,170,20
168,170,20
168,170,20
168,170,20
168,170,20
168,170,20
168,170,20
168,170,20
168,170,20
168,170,20
168,170,20
168,170,20
168,170,20
168,170,20
168,170,20
168,170,20
168,170,20
168,170,20
168,170,20
168,170,20
168,170,20
168,170,20
168,170,20
168,170,20
168,170,20
168,170,20
168,170,20
168,170,20
168,170,20
168,170,20
168,170,20
168,170,20
168,170,20
168,170,20
168,170,20
168,170,20
168,170,20
168,170,20
168,176,20
168,176,20
168,176,20
168,176,20
168,176,20
168,176,20
168,176,20
168,176,20
168,176,20
168,176,20
168,176,20
168,176,20
168,176,20
168,176,20
168,176,20
168,176,20
168,176,20
168,176,20
168,176,20
168,176,20
168,176,20
168,176,20
168,176,20
168,176,20
168,176,20
168,176,20
168,176,20
168,176,20
168,176,20
168,176,20
168,176,20
168,176,20
168,176,20
168,176,20
168,176,20
168,176,20
168,176,20
168,176,20
168,204,20
168,204,20
168,204,20
168,204,20
168,204,20
168,204,20
168,204,20
168,204,20
168,204,20
168,204,20
168,204,20
168,204,20
168,204,20
168,204,20
168,204,20
168,204,20
168,204,20
168,204,20
168,204,20
168,204,20
168,204,20
168,204,20
168,204,20
168,180,20
168,180,20
168,180,20
168,180,20
168,180,20
168,180,20
168,180,20
168,180,20
168,180,20
168,180,20
168,180,20
168,180,20
168,180,20
168,180,20
168,180,20
168,180,20
168,180,20
168,180,20
168,180,20
168,180,20
168,180,20
168,180,20
168,180,20
168,180,20
168,180,20
168,180,20
168,180,20
168,180,20
168,180,20
168,162,20
168,162,20
168,162,20
168,162,20
168,162,20
168,162,20
168,162,20
168,162,20
168,162,20
168,162,20
168,162,20
168,162,20
168,162,20
168,162,20
168,162,20
168,162,20
168,162,20
168,162,20
168,162,20
168,162,20
168,162,20
168,162,20
168,162,20
168,162,20
168,162,20
168,162,20
168,162,20
168,162,20
168,162,20
168,162,20
168,162,20
168,162,20
168,162,20
168,162,20
168,162,20
168,162,20
168,162,20
168,162,20
168,162,20
168,162,20
168,162,20
168,162,20
168,162,20
168,162,20
168,148,20
168,148,20
168,148,20
168,148,20
168,148,20
168,148,20
168,148,20
168,148,20
168,148,20
168,148,20
168,148,20
168,148,20
168,148,20
168,148,20
168,148,20
168,148,20
168,148,20
168,148,20
168,148,20
168,148,20
168,148,20
168,148,20
168,148,20
168,148,20
168,148,20
168,148,20
168,148,20
168,148,20
168,163,20
168,163,20
168,163,20
168,163,20
168,163,20
168,163,20
168,163,20
168,163,20
168,163,20
168,163,20
168,163,20
168,163,20
168,163,20
168,163,20
168,163,20
168,163,20
168,163,20
168,163,20
168,163,20
168,163,20
168,163,20
168,154,20
168,154,20
168,154,20
168,154,20
168,154,20
168,154,20
168,154,20
168,154,20
168,154,20
168,154,20
168,154,20
168,154,20
168,154,20
168,191,20
168,191,20
168,191,20
168,191,20
168,191,20
168,191,20
168,191,20
168,191,20
168,191,20
168,191,20
168,191,20
168,191,20
168,191,20
168,191,20
168,191,20
168,191,20
168,191,20
168,191,20
168,191,20
168,191,20
168,191,20
168,191,20
168,191,20
168,191,20
168,191,20
168,191,20
168,191,20
168,191,20
168,191,20
168,191,20
168,191,20
168,191,20
168,191,20
168,158,20
168,158,20
168,158,20
168,158,20
168,158,20
168,158,20
168,158,20
168,158,20
168,158,20
168,158,20
168,158,20
168,158,20
168,158,20
168,158,20
168,158,20
168,158,20
168,158,20
168,158,20
168,158,20
168,158,20
168,158,20
168,158,20
168,158,20
168,158,20
168,158,20
168,158,20
168,158,20
168,158,20
168,158,20
168,158,20
168,158,20
168,190,20
168,190,20
168,190,20
168,190,20
168,190,20
168,190,20
168,190,20
168,190,20
168,190,20
168,190,20
168,190,20
168,190,20
168,190,20
168,190,20
168,190,20
168,190,20
168,190,20
168,190,20
168,190,20
168,190,20
168,190,20
168,190,20
168,190,20
168,190,20
168,190,20
168,190,20
168,190,20
168,190,20
168,190,20
168,190,20
168,190,20
168,190,20
168,190,20
168,179,20
168,179,20
168,179,20
168,179,20
168,179,20
168,179,20
168,179,20
168,179,20
168,179,20
168,179,20
168,179,20
168,179,20
168,152,20
168,152,20
168,152,20
168,152,20
168,152,20
168,152,20
168,152,20
168,152,20
168,152,20
168,152,20
168,152,20
168,152,20
168,152,20
168,140,20
168,140,20
168,140,20
168,140,20
168,140,20
168,140,20
168,140,20
168,140,20
168,140,20
168,140,20
168,140,20
168,140,20
168,140,20
168,140,20
168,140,20
168,140,20
168,140,20
168,140,20
168,140,20
168,140,20
168,140,20
168,140,20
168,140,20
168,140,20
168,140,20
168,140,20
168,140,20
168,140,20
138,143,20
138,143,20
138,143,20
138,143,20
138,143,20
138,143,20
138,143,20
138,143,20
138,143,20
138,143,20
138,143,20
138,143,20
138,200,20
138,200,20
138,200,20
138,200,20
138,200,20
138,200,20
138,200,20
138,200,20
138,200,20
138,200,20
138,200,20
138,200,20
138,200,20
138,200,20
138,200,20
138,200,20
138,133,20
138,133,20
138,133,20
138,133,20
138,133,20
138,133,20
138,133,20
138,133,20
138,133,20
138,133,20
138,133,20
138,133,20
138,133,20
138,133,20
138,133,20
138,133,20
138,133,20
138,133,20
138,133,20
138,133,20
138,133,20
138,133,20
138,133,20
138,133,20
138,133,20
138,133,20
138,133,20
138,133,20
138,133,20
138,133,20
138,133,20
138,133,20
138,133,20
138,133,20
138,133,20
138,133,20
138,133,20
138,117,20
138,117,20
138,117,20
138,117,20
138,117,20
138,117,20
138,117,20
138,117,20
138,117,20
138,117,20
138,117,20
138,117,20
138,117,20
138,117,20
138,117,20
138,117,20
138,117,20
138,117,20
138,117,20
138,117,20
138,117,20
138,117,20
138,117,20
138,117,20
138,117,20
138,117,20
138,117,20
138,143,20
138,143,20
138,143,20
138,143,20
138,143,20
138,143,20
138,143,20
138,143,20
138,143,20
138,143,20
138,143,20
138,143,20
138,143,20
138,143,20
138,146,20
138,146,20
138,146,20
138,146,20
138,146,20
138,146,20
138,146,20
138,125,20
138,125,20
138,125,20
138,125,20
138,125,20
138,125,20
138,125,20
138,125,20
138,165,20
138,165,20
138,165,20
138,165,20
138,165,20
138,165,20
138,165,20
138,165,20
138,165,20
138,165,20
138,165,20
138,165,20
138,165,20
138,165,20
138,165,20
138,165,20
138,165,20
138,165,20
138,165,20
138,165,20
138,165,20
138,165,20
138,165,20
138,165,20
138,165,20
138,165,20
138,165,20
138,165,20
138,165,20
138,165,20
138,165,20
138,165,20
138,165,20
138,165,20
138,165,20
138,165,20
138,90,20
138,90,20
138,90,20
138,90,20
138,90,20
138,90,20
138,90,20
138,90,20
138,90,20
138,90,20
138,90,20
138,90,20
138,154,20
138,154,20
138,154,20
138,154,20
138,154,20
138,154,20
138,154,20
138,135,20
138,135,20
138,135,20
138,135,20
138,135,20
138,135,20
138,135,20
138,135,20
138,135,20
138,135,20
138,135,20
138,135,20
138,135,20
138,135,20
138,135,20
138,135,20
138,135,20
138,135,20
138,135,20
138,135,20
138,135,20
138,135,20
138,123,20
138,123,20
138,123,20
138,123,20
138,123,20
138,123,20
138,123,20
138,123,20
138,123,20
138,123,20
138,123,20
138,123,20
138,123,20
138,123,20
138,123,20
138,123,20
138,123,20
138,123,20
138,123,20
138,123,20
138,123,20
138,123,20
138,123,20
138,129,20
138,129,20
138,129,20
138,129,20
138,129,20
138,129,20
138,129,20
138,129,20
138,129,20
138,129,20
138,129,20
138,129,20
138,129,20
138,129,20
138,129,20
138,129,20
138,129,20
138,129,20
138,129,20
138,129,20
138,122,20
138,122,20
138,122,20
138,122,20
138,122,20
138,122,20
138,122,20
138,122,20
138,122,20
138,110,20
138,110,20
138,110,20
138,110,20
138,110,20
138,110,20
138,110,20
138,110,20
138,110,20
138,110,20
138,110,20
138,110,20
138,110,20
138,110,20
138,110,20
138,110,20
138,110,20
138,110,20
138,110,20
138,110,20
138,110,20
138,110,20
138,110,20
138,110,20
138,110,20
138,110,20
138,110,20
138,110,20
138,110,20
138,110,20
138,110,20
138,110,20
138,110,20
138,110,20
138,110,20
138,110,20
138,110,20
138,110,20
138,110,20
138,110,20
138,110,20
138,110,20
138,110,20
138,110,20
138,110,20
138,110,20
138,110,20
138,110,20
138,110,20
138,110,20
138,110,20
138,110,20
138,110,20
138,110,20
138,110,20
138,110,20
138,110,20
138,158,20
138,158,20
138,158,20
138,158,20
138,158,20
138,158,20
138,158,20
138,158,20
138,158,20
138,158,20
138,173,20
138,173,20
138,173,20
138,173,20
138,173,20
138,173,20
138,173,20
138,173,20
138,173,20
138,173,20
138,173,20
138,173,20
138,135,20
138,135,20
138,135,20
138,135,20
138,135,20
138,135,20
138,135,20
138,135,20
138,135,20
138,135,20
138,135,20
138,135,20
138,135,20
138,135,20
138,135,20
138,135,20
138,135,20
138,135,20
138,135,20
138,135,20
138,135,20
138,135,20
138,135,20
138,135,20
138,135,20
138,135,20
138,135,20
138,135,20
138,135,20
138,135,20
138,135,20
138,135,20
138,135,20
138,135,20
138,135,20
138,135,20
138,135,20
138,135,20
138,135,20
138,135,20
138,135,20
138,135,20
138,135,20
138,135,20
138,165,20
138,165,20
138,165,20
138,165,20
138,165,20
138,165,20
138,165,20
138,165,20
138,165,20
138,165,20
138,165,20
138,165,20
138,165,20
138,134,20
138,134,20
138,134,20
138,134,20
138,134,20
138,134,20
138,134,20
138,134,20
138,134,20
138,134,20
138,134,20
138,134,20
138,134,20
138,134,20
138,134,20
138,134,20
138,134,20
138,134,20
138,134,20
138,134,20
138,134,20
138,143,20
138,143,20
138,143,20
138,143,20
138,143,20
138,143,20
138,102,20
138,102,20
138,102,20
138,102,20
138,102,20
138,102,20
138,102,20
138,102,20
138,102,20
138,102,20
138,102,20
138,102,20
138,102,20
138,102,20
138,102,20
138,102,20
138,102,20
138,102,20
138,102,20
138,102,20
138,102,20
138,102,20
138,102,20
138,102,20
138,102,20
138,102,20
138,102,20
138,102,20
138,102,20
138,102,20
138,102,20
138,102,20
138,102,20
138,102,20
138,102,20
138,102,20
138,102,20
138,102,20
138,102,20
138,102,20
138,102,20
138,102,20
138,102,20
138,102,20
138,102,20
138,102,20
138,102,20
138,102,20
138,102,20
138,102,20
138,102,20
138,102,20
138,102,20
138,102,20
138,102,20
138,102,20
138,102,20
138,102,20
138,102,20
138,154,20
138,154,20
138,154,20
138,154,20
138,154,20
138,154,20
138,154,20
138,154,20
138,154,20
138,154,20
138,154,20
138,154,20
138,154,20
138,154,20
138,154,20
138,154,20
138,154,20
138,154,20
138,154,20
138,154,20
138,154,20
138,154,20
138,154,20
138,154,20
138,154,20
138,154,20
138,118,20
138,118,20
138,118,20
138,118,20
138,118,20
138,118,20
138,111,20
138,111,20
138,111,20
138,111,20
138,111,20
138,111,20
138,111,20
138,111,20
138,111,20
138,111,20
138,111,20
138,111,20
138,111,20
138,111,20
138,111,20
138,153,20
138,153,20
138,153,20
138,153,20
138,153,20
138,153,20
138,153,20
138,153,20
138,153,20
138,153,20
138,153,20
138,153,20
138,153,20
138,153,20
138,153,20
138,153,20
138,153,20
138,153,20
138,153,20
138,153,20
138,153,20
138,153,20
138,153,20
138,153,20
138,153,20
138,153,20
138,153,20
138,153,20
138,153,20
138,153,20
138,153,20
138,153,20
138,153,20
138,153,20
138,153,20
138,153,20
138,153,20
138,153,20
138,153,20
138,153,20
138,153,20
138,153,20
138,153,20
138,153,20
138,153,20
138,153,20
138,153,20
138,153,20
138,153,20
138,153,20
138,153,20
138,153,20
138,153,20
138,153,20
138,153,20
138,153,20
138,153,20
138,153,20
138,153,20
138,145,20
138,145,20
138,145,20
138,145,20
138,145,20
138,145,20
138,145,20
138,145,20
98,105,20
98,105,20
98,105,20
98,105,20
98,105,20
98,105,20
98,105,20
98,105,20
98,105,20
98,105,20
98,105,20
98,105,20
98,105,20
98,105,20
98,105,20
98,105,20
98,105,20
98,105,20
98,105,20
98,105,20
98,105,20
98,105,20
98,105,20
98,105,20
98,105,20
98,105,20
98,105,20
98,105,20
98,105,20
98,105,20
98,105,20
98,105,20
98,105,20
98,86,20
98,86,20
98,86,20
98,86,20
98,86,20
98,86,20
98,86,20
98,86,20
98,86,20
98,86,20
98,94,20
98,94,20
98,94,20
98,94,20
98,94,20
98,94,20
98,94,20
98,94,20
98,94,20
98,94,20
98,94,20
98,94,20
98,94,20
98,94,20
98,94,20
98,117,20
98,117,20
98,117,20
98,117,20
98,117,20
98,117,20
98,117,20
98,117,20
98,117,20
98,117,20
98,117,20
98,117,20
98,117,20
98,117,20
98,117,20
98,117,20
98,117,20
98,117,20
98,117,20
98,117,20
98,117,20
98,117,20
98,117,20
98,117,20
98,117,20
98,117,20
98,117,20
98,117,20
98,117,20
98,117,20
98,117,20
98,117,20
98,117,20
98,117,20
98,117,20
98,117,20
98,117,20
98,117,20
98,117,20
98,117,20
98,117,20
98,117,20
98,117,20
98,117,20
98,117,20
98,117,20
98,117,20
98,117,20
98,117,20
98,117,20
98,117,20
98,117,20
98,117,20
98,117,20
98,117,20
98,150,20
98,150,20
98,150,20
98,150,20
98,150,20
98,150,20
98,150,20
98,150,20
98,150,20
98,150,20
98,150,20
98,150,20
98,90,20
98,90,20
98,90,20
98,90,20
98,90,20
98,90,20
98,90,20
98,90,20
98,90,20
98,90,20
98,90,20
98,90,20
98,90,20
98,90,20
98,90,20
98,71,20
98,71,20
98,71,20
98,71,20
98,71,20
98,71,20
98,71,20
98,71,20
98,71,20
98,71,20
98,71,20
98,71,20
98,71,20
98,71,20
98,71,20
98,71,20
98,71,20
98,71,20
98,71,20
98,110,20
98,110,20
98,110,20
98,110,20
98,110,20
98,110,20
98,110,20
98,110,20
98,95,20
98,95,20
98,95,20
98,95,20
98,95,20
98,95,20
98,95,20
98,95,20
98,95,20
98,95,20
98,95,20
98,95,20
98,95,20
98,95,20
98,95,20
98,95,20
98,95,20
98,95,20
98,95,20
98,95,20
98,95,20
98,95,20
98,95,20
98,95,20
98,95,20
98,95,20
98,95,20
98,95,20
98,95,20
98,95,20
98,95,20
98,95,20
98,95,20
98,95,20
98,95,20
98,95,20
98,95,20
98,112,20
98,112,20
98,112,20
98,112,20
98,112,20
98,112,20
98,112,20
98,112,20
98,112,20
98,112,20
98,112,20
98,112,20
98,112,20
98,112,20
98,112,20
98,112,20
98,118,20
98,118,20
98,118,20
98,118,20
98,118,20
98,118,20
98,118,20
98,118,20
98,118,20
98,118,20
98,118,20
98,118,20
98,96,20
98,96,20
98,96,20
98,96,20
98,96,20
98,96,20
98,96,20
98,96,20
98,96,20
98,96,20
98,96,20
98,96,20
98,96,20
98,96,20
98,96,20
98,123,20
98,123,20
98,123,20
98,123,20
98,123,20
98,123,20
98,123,20
98,123,20
98,123,20
98,123,20
98,123,20
98,123,20
98,123,20
98,123,20
98,123,20
98,123,20
98,123,20
98,123,20
98,123,20
98,123,20
98,123,20
98,123,20
98,123,20
98,123,20
98,123,20
98,115,20
98,115,20
98,115,20
98,115,20
98,115,20
98,115,20
98,115,20
98,115,20
98,115,20
98,115,20
98,115,20
98,115,20
98,115,20
98,115,20
98,115,20
98,115,20
98,115,20
98,115,20
98,115,20
98,115,20
98,115,20
98,115,20
98,115,20
98,115,20
98,102,20
98,102,20
98,102,20
98,102,20
98,102,20
98,102,20
98,102,20
98,102,20
98,102,20
98,102,20
98,102,20
98,102,20
98,102,20
98,102,20
98,102,20
98,106,20
98,106,20
98,106,20
98,106,20
98,106,20
98,106,20
98,106,20
98,106,20
98,106,20
98,106,20
98,106,20
98,106,20
98,106,20
98,106,20
98,106,20
98,106,20
98,106,20
98,106,20
98,106,20
98,106,20
98,106,20
98,106,20
98,106,20
98,106,20
98,106,20
98,106,20
98,106,20
98,106,20
98,106,20
98,106,20
98,116,20
98,116,20
98,116,20
98,116,20
98,116,20
98,116,20
98,116,20
98,116,20
98,116,20
98,116,20
98,116,20
98,116,20
98,116,20
98,116,20
98,116,20
98,86,20
98,86,20
98,86,20
98,86,20
98,86,20
98,86,20
98,86,20
98,86,20
98,86,20
98,86,20
98,86,20
98,86,20
98,86,20
98,86,20
98,86,20
98,86,20
98,91,20
98,91,20
98,91,20
98,91,20
98,91,20
98,91,20
98,91,20
98,91,20
98,91,20
98,91,20
98,91,20
98,91,20
98,91,20
98,91,20
98,91,20
98,91,20
98,91,20
98,91,20
98,99,20
98,99,20
98,99,20
98,99,20
98,99,20
98,99,20
98,99,20
98,99,20
98,99,20
98,99,20
98,99,20
98,99,20
98,99,20
98,99,20
98,99,20
98,99,20
98,99,20
98,99,20
98,99,20
98,99,20
98,99,20
98,99,20
98,99,20
98,99,20
98,99,20
98,99,20
98,99,20
98,99,20
98,99,20
98,99,20
98,99,20
98,99,20
98,116,20
98,116,20
98,116,20
98,116,20
98,116,20
98,116,20
98,116,20
98,116,20
98,116,20
98,116,20
98,116,20
98,116,20
98,116,20
98,116,20
98,116,20
98,116,20
98,116,20
98,116,20
98,116,20
98,116,20
98,116,20
98,116,20
98,116,20
98,116,20
98,116,20
98,116,20
98,86,20
98,86,20
98,86,20
98,86,20
98,86,20
98,86,20
98,86,20
98,86,20
98,86,20
98,86,20
98,86,20
98,86,20
98,86,20
98,86,20
98,86,20
98,92,20
98,92,20
98,92,20
98,92,20
98,92,20
98,92,20
98,92,20
98,92,20
98,92,20
98,92,20
98,92,20
98,92,20
98,92,20
98,92,20
98,92,20
98,92,20
98,92,20
98,92,20
98,92,20
98,92,20
98,92,20
98,92,20
98,92,20
98,92,20
98,92,20
98,92,20
98,56,20
98,56,20
98,56,20
98,56,20
98,56,20
98,56,20
98,56,20
98,56,20
98,56,20
98,56,20
98,56,20
98,56,20
98,56,20
98,56,20
98,56,20
98,56,20
98,56,20
98,56,20
98,56,20
98,56,20
98,56,20
98,56,20
98,56,20
98,56,20
98,56,20
98,56,20
98,56,20
98,56,20
98,56,20
98,56,20
98,56,20
98,56,20
98,56,20
98,56,20
98,56,20
98,56,20
98,56,20
98,56,20
98,56,20
98,56,20
98,56,20
98,107,20
98,107,20
98,107,20
98,107,20
98,107,20
98,107,20
98,107,20
98,107,20
98,107,20
98,107,20
98,107,20
98,107,20
98,107,20
98,107,20
98,107,20
98,107,20
98,107,20
98,107,20
98,107,20
98,107,20
98,107,20
98,107,20
98,107,20
98,107,20
98,107,20
98,107,20
98,107,20
98,107,20
98,107,20
98,107,20
98,107,20
98,107,20
98,107,20
98,107,20
98,107,20
98,107,20
98,107,20
98,107,20
98,107,20
98,107,20
98,107,20
98,107,20
98,107,20
98,113,20
98,113,20
98,113,20
98,113,20
98,113,20
98,113,20
98,113,20
98,113,20
98,98,20
98,98,20
98,98,20
98,98,20
98,98,20
98,98,20
98,98,20
98,98,20
98,98,20
98,98,20
98,98,20
98,98,20
98,98,20
98,98,20
98,98,20
98,98,20
98,98,20
98,98,20
98,98,20
98,98,20
98,98,20
98,98,20
98,72,20
98,72,20
98,72,20
98,72,20
98,72,20
98,72,20
98,72,20
98,72,20
98,72,20
98,72,20
98,72,20
98,72,20
98,72,20
98,72,20
98,72,20
98,72,20
98,72,20
98,72,20
98,72,20
98,72,20
98,72,20
98,72,20
98,72,20
98,72,20
98,72,20
98,72,20
138,153,20
138,153,20
138,153,20
138,153,20
138,153,20
138,153,20
138,153,20
138,153,20
138,153,20
138,153,20
138,153,20
138,156,20
138,156,20
138,156,20
138,156,20
138,156,20
138,156,20
138,156,20
138,156,20
138,156,20
138,156,20
138,156,20
138,156,20
138,156,20
138,156,20
138,156,20
138,156,20
138,156,20
138,156,20
138,156,20
138,156,20
138,156,20
138,156,20
138,156,20
138,156,20
138,156,20
138,156,20
138,156,20
138,156,20
138,156,20
138,156,20
138,156,20
138,156,20
138,156,20
138,156,20
138,156,20
138,156,20
138,156,20
138,156,20
138,156,20
138,156,20
138,156,20
138,156,20
138,156,20
138,156,20
138,156,20
138,156,20
138,156,20
138,156,20
138,156,20
138,156,20
138,156,20
138,156,20
138,159,20
138,159,20
138,159,20
138,159,20
138,159,20
138,159,20
138,159,20
138,159,20
138,159,20
138,159,20
138,159,20
138,159,20
138,159,20
138,159,20
138,159,20
138,159,20
138,159,20
138,159,20
138,159,20
138,159,20
138,159,20
138,159,20
138,159,20
138,159,20
138,159,20
138,159,20
138,159,20
138,159,20
138,159,20
138,159,20
138,159,20
138,159,20
138,159,20
138,159,20
138,159,20
138,159,20
138,159,20
138,159,20
138,159,20
138,159,20
138,159,20
138,159,20
138,159,20
138,159,20
138,159,20
138,159,20
138,159,20
138,159,20
138,159,20
138,159,20
138,159,20
138,159,20
138,159,20
138,159,20
138,159,20
138,159,20
138,159,20
138,159,20
138,159,20
138,159,20
138,145,20
138,145,20
138,145,20
138,145,20
138,145,20
138,145,20
138,145,20
138,145,20
138,145,20
138,145,20
138,145,20
138,145,20
138,145,20
138,145,20
138,145,20
138,145,20
138,145,20
138,145,20
138,145,20
138,145,20
138,145,20
138,145,20
138,145,20
138,145,20
138,145,20
138,145,20
138,163,20
138,163,20
138,163,20
138,163,20
138,163,20
138,163,20
138,163,20
138,163,20
138,163,20
138,163,20
138,163,20
138,163,20
138,163,20
138,163,20
138,163,20
138,163,20
138,163,20
138,163,20
138,163,20
138,163,20
138,163,20
138,163,20
138,163,20
138,163,20
138,163,20
138,163,20
138,163,20
138,163,20
138,163,20
138,163,20
138,163,20
138,163,20
138,163,20
138,102,20
138,102,20
138,102,20
138,102,20
138,102,20
138,102,20
138,102,20
138,102,20
138,102,20
138,102,20
138,102,20
138,102,20
138,102,20
138,102,20
138,102,20
138,102,20
138,154,20
138,154,20
138,154,20
138,154,20
138,154,20
138,154,20
138,154,20
138,154,20
138,154,20
138,154,20
138,154,20
138,154,20
138,154,20
138,154,20
138,154,20
138,154,20
138,154,20
138,154,20
138,154,20
138,154,20
138,154,20
138,154,20
138,154,20
138,154,20
138,154,20
138,154,20
138,154,20
138,154,20
138,154,20
138,154,20
138,144,20
138,144,20
138,144,20
138,144,20
138,144,20
138,144,20
138,144,20
138,144,20
138,144,20
138,144,20
138,144,20
138,144,20
138,144,20
138,144,20
138,144,20
138,144,20
138,144,20
138,144,20
138,144,20
138,144,20
138,144,20
138,144,20
138,144,20
138,144,20
138,144,20
138,144,20
138,144,20
138,144,20
138,144,20
138,144,20
138,144,20
138,144,20
138,144,20
138,144,20
138,144,20
138,144,20
138,144,20
138,144,20
138,144,20
138,144,20
138,144,20
138,144,20
138,144,20
138,144,20
138,144,20
138,144,20
138,144,20
138,144,20
138,144,20
138,144,20
138,144,20
138,144,20
138,144,20
138,136,20
138,136,20
138,136,20
138,136,20
138,136,20
138,136,20
138,136,20
138,136,20
138,136,20
138,136,20
138,136,20
138,136,20
138,136,20
138,136,20
138,136,20
138,136,20
138,136,20
138,136,20
138,136,20
138,136,20
138,136,20
138,136,20
138,145,20
138,145,20
138,145,20
138,145,20
138,145,20
138,145,20
138,145,20
138,145,20
138,145,20
138,145,20
138,145,20
138,145,20
138,145,20
138,145,20
138,145,20
138,145,20
138,145,20
138,145,20
138,145,20
138,145,20
138,146,20
138,146,20
138,146,20
138,146,20
138,146,20
138,146,20
138,146,20
138,146,20
138,146,20
138,146,20
138,146,20
138,146,20
138,146,20
138,146,20
138,146,20
138,106,20
138,106,20
138,106,20
138,106,20
138,106,20
138,106,20
138,106,20
138,106,20
138,106,20
138,106,20
138,106,20
138,106,20
138,106,20
138,106,20
138,106,20
138,106,20
138,106,20
138,106,20
138,106,20
138,106,20
138,106,20
138,106,20
138,106,20
138,106,20
138,106,20
138,106,20
138,106,20
138,106,20
138,106,20
138,106,20
138,106,20
138,106,20
138,106,20
138,106,20
138,106,20
138,106,20
138,106,20
138,106,20
138,106,20
138,106,20
138,176,20
138,176,20
138,176,20
138,176,20
138,176,20
138,176,20
138,176,20
138,111,20
138,111,20
138,111,20
138,111,20
138,111,20
138,111,20
138,111,20
138,111,20
138,111,20
138,111,20
138,111,20
138,111,20
138,111,20
138,111,20
138,111,20
138,111,20
138,111,20
138,111,20
138,111,20
138,111,20
138,111,20
138,111,20
138,111,20
138,111,20
138,111,20
138,111,20
138,111,20
138,111,20
138,111,20
138,111,20
138,111,20
138,111,20
138,111,20
138,150,20
138,150,20
138,150,20
138,150,20
138,150,20
138,150,20
138,150,20
138,150,20
138,130,20
138,130,20
138,130,20
138,130,20
138,130,20
138,130,20
138,130,20
138,130,20
138,130,20
138,130,20
138,130,20
138,130,20
138,130,20
138,130,20
138,155,20
138,155,20
138,155,20
138,155,20
138,155,20
138,155,20
138,155,20
138,155,20
138,155,20
138,155,20
138,155,20
138,155,20
138,101,20
138,101,20
138,101,20
138,101,20
138,101,20
138,101,20
138,101,20
138,101,20
138,101,20
138,101,20
138,101,20
138,101,20
138,101,20
138,101,20
138,101,20
138,101,20
138,101,20
138,101,20
138,101,20
138,101,20
138,101,20
138,101,20
138,101,20
138,101,20
138,101,20
138,101,20
138,101,20
138,101,20
138,101,20
138,101,20
138,101,20
138,101,20
138,101,20
138,101,20
138,101,20
138,101,20
138,101,20
138,134,20
138,134,20
138,134,20
138,134,20
138,134,20
138,134,20
138,134,20
138,134,20
138,134,20
138,134,20
138,134,20
138,134,20
138,134,20
138,134,20
138,134,20
138,134,20
138,134,20
138,134,20
138,134,20
138,134,20
138,134,20
138,134,20
138,134,20
138,134,20
138,134,20
138,134,20
138,134,20
138,134,20
138,134,20
138,134,20
138,134,20
138,134,20
138,134,20
138,134,20
138,134,20
138,134,20
138,134,20
138,134,20
138,134,20
138,134,20
138,134,20
138,134,20
138,134,20
138,134,20
138,134,20
138,116,20
138,116,20
138,116,20
138,116,20
138,116,20
138,116,20
138,115,20
138,115,20
138,115,20
138,115,20
138,115,20
138,115,20
138,115,20
138,115,20
138,115,20
138,115,20
138,115,20
138,115,20
138,115,20
138,115,20
138,115,20
138,115,20
138,115,20
138,115,20
138,115,20
138,115,20
138,115,20
138,115,20
138,115,20
138,115,20
138,115,20
138,115,20
138,115,20
138,115,20
138,115,20
138,115,20
138,115,20
138,115,20
138,142,20
138,142,20
138,142,20
138,142,20
138,142,20
138,142,20
138,142,20
138,142,20
138,142,20
138,142,20
138,142,20
138,142,20
138,142,20
138,142,20
138,142,20
138,142,20
138,142,20
138,142,20
138,142,20
138,142,20
138,142,20
138,142,20
138,142,20
138,142,20
138,142,20
138,142,20
138,142,20
138,142,20
138,142,20
138,142,20
138,111,20
138,111,20
138,111,20
138,111,20
138,111,20
138,111,20
138,111,20
138,111,20
138,111,20
138,111,20
138,111,20
138,111,20
168,199,20
168,199,20
168,199,20
168,199,20
168,199,20
168,199,20
168,199,20
168,199,20
168,199,20
168,155,20
168,155,20
168,155,20
168,155,20
168,155,20
168,155,20
168,155,20
168,155,20
168,155,20
168,155,20
168,155,20
168,155,20
168,155,20
168,155,20
168,155,20
168,155,20
168,155,20
168,159,20
168,159,20
168,159,20
168,159,20
168,159,20
168,159,20
168,159,20
168,159,20
168,159,20
168,159,20
168,159,20
168,159,20
168,159,20
168,212,20
168,212,20
168,212,20
168,212,20
168,212,20
168,212,20
168,212,20
168,212,20
168,212,20
168,212,20
168,212,20
168,212,20
168,212,20
168,212,20
168,212,20
168,212,20
168,212,20
168,212,20
168,212,20
168,212,20
168,212,20
168,212,20
168,212,20
168,212,20
168,212,20
168,212,20
168,212,20
168,212,20
168,212,20
168,212,20
168,212,20
168,212,20
168,212,20
168,212,20
168,212,20
168,212,20
168,212,20
168,212,20
168,212,20
168,212,20
168,212,20
168,182,20
168,182,20
168,182,20
168,182,20
168,182,20
168,182,20
168,182,20
168,177,20
168,177,20
168,177,20
168,177,20
168,177,20
168,177,20
168,112,20
168,112,20
168,112,20
168,112,20
168,112,20
168,112,20
168,112,20
168,112,20
168,112,20
168,112,20
168,99,20
168,99,20
168,99,20
168,99,20
168,99,20
168,99,20
168,99,20
168,99,20
168,99,20
168,99,20
168,99,20
168,99,20
168,99,20
168,99,20
168,99,20
168,99,20
168,99,20
168,99,20
168,99,20
168,99,20
168,99,20
168,99,20
168,164,20
168,164,20
168,164,20
168,164,20
168,164,20
168,164,20
168,164,20
168,164,20
168,164,20
168,164,20
168,164,20
168,164,20
168,164,20
168,164,20
168,164,20
168,164,20
168,164,20
168,164,20
168,164,20
168,164,20
168,164,20
168,164,20
168,164,20
168,144,20
168,144,20
168,144,20
168,144,20
168,144,20
168,144,20
168,144,20
168,144,20
168,144,20
168,144,20
168,144,20
168,144,20
168,144,20
168,144,20
168,144,20
168,144,20
168,144,20
168,144,20
168,144,20
168,144,20
168,144,20
168,144,20
168,144,20
168,144,20
168,144,20
168,144,20
168,144,20
168,144,20
168,144,20
168,144,20
168,144,20
168,214,20
168,214,20
168,214,20
168,214,20
168,214,20
168,214,20
168,214,20
168,214,20
168,214,20
168,214,20
168,214,20
168,214,20
168,214,20
168,214,20
168,214,20
168,214,20
168,214,20
168,214,20
168,214,20
168,214,20
168,214,20
168,214,20
168,214,20
168,214,20
168,214,20
168,214,20
168,214,20
168,214,20
168,214,20
168,214,20
168,214,20
168,214,20
168,214,20
168,214,20
168,214,20
168,214,20
168,214,20
168,214,20
168,214,20
168,165,20
168,165,20
168,165,20
168,165,20
168,165,20
168,165,20
168,165,20
168,165,20
168,165,20
168,165,20
168,165,20
168,165,20
168,165,20
168,165,20
168,165,20
168,165,20
168,165,20
168,165,20
168,165,20
168,165,20
168,165,20
168,165,20
168,165,20
168,165,20
168,165,20
168,165,20
168,165,20
168,165,20
168,165,20
168,165,20
168,165,20
168,165,20
168,165,20
168,165,20
168,165,20
168,154,20
168,154,20
168,154,20
168,154,20
168,154,20
168,154,20
168,154,20
168,154,20
168,154,20
168,149,20
168,149,20
168,149,20
168,149,20
168,149,20
168,149,20
168,149,20
168,149,20
168,149,20
168,149,20
168,149,20
168,149,20
168,149,20
168,149,20
168,149,20
168,149,20
168,149,20
168,149,20
168,149,20
168,149,20
168,149,20
168,149,20
168,149,20
168,149,20
168,149,20
168,149,20
168,157,20
168,157,20
168,157,20
168,157,20
168,157,20
168,157,20
168,157,20
168,157,20
168,157,20
168,157,20
168,157,20
168,157,20
168,157,20
168,157,20
168,157,20
168,157,20
168,157,20
168,157,20
168,157,20
168,157,20
168,157,20
168,157,20
168,158,20
168,158,20
168,158,20
168,158,20
168,158,20
168,158,20
168,158,20
168,158,20
168,172,20
168,172,20
168,172,20
168,172,20
168,172,20
168,172,20
168,172,20
168,172,20
168,172,20
168,172,20
168,172,20
168,172,20
168,172,20
168,172,20
168,172,20
168,172,20
168,172,20
168,172,20
168,172,20
168,172,20
168,172,20
168,172,20
168,172,20
168,172,20
168,172,20
168,172,20
168,172,20
168,172,20
168,172,20
168,172,20
168,172,20
168,172,20
168,172,20
168,172,20
168,172,20
168,172,20
168,172,20
168,172,20
168,172,20
168,172,20
168,172,20
168,172,20
168,172,20
168,172,20
168,172,20
168,172,20
168,172,20
168,172,20
168,172,20
168,172,20
168,172,20
168,172,20
168,172,20
168,172,20
168,172,20
168,172,20
168,172,20
168,172,20
168,172,20
168,172,20
168,172,20
168,172,20
168,172,20
168,172,20
168,171,20
168,171,20
168,171,20
168,171,20
168,171,20
168,171,20
168,171,20
168,171,20
168,171,20
168,171,20
168,171,20
168,171,20
168,171,20
168,171,20
168,171,20
168,171,20
168,171,20
168,171,20
168,171,20
168,171,20
168,171,20
168,171,20
168,171,20
168,171,20
168,171,20
168,171,20
168,208,20
168,208,20
168,208,20
168,208,20
168,208,20
168,208,20
168,208,20
168,208,20
168,208,20
168,208,20
168,208,20
168,208,20
168,208,20
168,208,20
168,208,20
168,208,20
168,208,20
168,208,20
168,208,20
168,208,20
168,208,20
168,208,20
168,208,20
168,208,20
168,208,20
168,208,20
168,208,20
168,208,20
168,157,20
168,157,20
168,157,20
168,157,20
168,157,20
168,157,20
168,157,20
168,157,20
168,157,20
168,157,20
168,157,20
168,157,20
168,157,20
168,157,20
168,157,20
168,157,20
168,157,20
168,157,20
168,157,20
168,157,20
168,157,20
168,157,20
168,157,20
168,157,20
168,157,20
168,157,20
168,157,20
168,157,20
168,157,20
168,157,20
168,157,20
168,157,20
168,157,20
168,157,20
168,157,20
168,157,20
168,157,20
168,157,20
168,157,20
168,157,20
168,137,20
168,137,20
168,137,20
168,137,20
168,137,20
168,137,20
168,137,20
168,137,20
168,137,20
168,137,20
168,137,20
168,137,20
168,137,20
168,137,20
168,137,20
168,137,20
168,137,20
168,137,20
168,137,20
168,137,20
168,137,20
168,137,20
168,137,20
168,137,20
168,137,20
168,137,20
168,137,20
168,137,20
168,137,20
168,137,20
168,137,20
168,147,20
168,147,20
168,147,20
168,147,20
168,147,20
168,147,20
168,147,20
168,147,20
168,150,20
168,150,20
168,150,20
168,150,20
168,150,20
168,150,20
168,150,20
168,150,20
168,150,20
168,150,20
168,150,20
168,150,20
168,150,20
168,150,20
168,150,20
168,150,20
168,150,20
168,150,20
168,150,20
168,150,20
168,150,20
168,150,20
168,150,20
168,150,20
168,150,20
168,159,20
168,159,20
168,159,20
168,159,20
168,159,20
168,159,20
168,159,20
168,159,20
168,159,20
168,167,20
168,167,20
168,167,20
168,167,20
168,167,20
168,167,20
168,167,20
168,167,20
168,167,20
168,167,20
168,167,20
168,167,20
168,167,20
168,167,20
168,167,20
168,167,20
168,167,20
168,167,20
168,167,20
168,186,20
168,186,20
168,186,20
168,186,20
168,186,20
168,186,20
168,186,20
168,186,20
168,186,20
168,186,20
168,186,20
168,186,20
168,186,20
168,186,20
168,186,20
168,186,20
168,186,20
168,186,20
168,186,20
168,186,20
168,186,20
168,186,20
168,186,20
168,186,20
168,186,20
168,186,20
168,186,20
168,186,20
168,186,20
168,186,20
168,186,20
168,186,20
168,186,20
168,186,20
168,186,20
168,186,20
168,187,20
168,187,20
168,187,20
168,187,20
168,187,20
168,187,20
168,187,20
168,187,20
168,187,20
168,187,20
168,187,20
168,187,20
168,187,20
168,187,20
168,187,20
168,187,20
168,187,20
168,187,20
168,187,20
168,187,20
168,187,20
168,187,20
168,187,20
168,187,20
168,187,20
168,187,20
168,187,20
168,187,20
168,187,20
168,187,20
168,187,20
168,187,20
168,187,20
168,187,20
168,187,20
168,187,20
168,187,20
168,187,20
168,187,20
168,187,20
168,187,20
168,187,20
168,187,20
168,187,20
168,187,20
168,187,20
168,187,20
168,187,20
168,187,20
168,187,20
168,187,20
168,187,20
168,187,20
168,187,20
168,187,20
168,187,20
168,187,20
168,187,20
168,166,20
168,166,20
168,166,20
168,166,20
168,166,20
168,166,20
168,166,20
168,166,20
168,166,20
168,130,20
168,130,20
168,130,20
168,130,20
168,130,20
168,130,20
168,130,20
168,130,20
168,130,20
168,130,20
168,130,20
168,130,20
168,130,20
168,130,20
168,130,20
168,130,20
168,130,20
168,130,20
168,130,20
168,130,20
168,130,20
168,130,20
168,130,20
168,130,20
168,130,20
168,130,20
168,130,20
168,130,20
168,182,20
168,182,20
168,182,20
168,182,20
168,182,20
168,182,20
168,182,20
168,182,20
168,182,20
168,182,20
168,182,20
168,182,20
168,182,20
168,176,20
168,176,20
168,176,20
168,176,20
168,176,20
168,176,20
168,176,20
168,176,20
168,176,20
168,176,20
168,176,20
168,176,20
168,176,20
168,176,20
168,176,20
168,182,20
168,182,20
168,182,20
168,182,20
168,182,20
168,182,20
168,182,20
168,182,20
168,182,20
168,182,20
168,182,20
168,182,20
168,182,20
168,182,20
168,182,20
168,182,20
168,182,20
168,182,20
168,182,20
168,182,20
168,182,20
168,182,20
168,182,20
168,182,20
168,182,20
168,182,20
168,182,20
168,182,20
168,182,20
168,182,20
168,182,20
168,182,20
168,182,20
168,182,20
168,182,20
168,182,20
168,182,20
168,209,20
168,209,20
168,209,20
168,209,20
168,209,20
168,209,20
168,209,20
168,209,20
168,209,20
168,209,20
168,209,20
168,209,20
168,209,20
168,209,20
168,209,20
168,209,20
168,209,20
168,209,20
168,209,20
168,209,20
168,209,20
168,209,20
168,209,20
138,127,20
138,127,20
138,127,20
138,127,20
138,127,20
138,127,20
138,127,20
138,127,20
138,119,20
138,119,20
138,119,20
138,119,20
138,119,20
138,119,20
138,119,20
138,119,20
138,119,20
138,119,20
138,119,20
138,119,20
138,119,20
138,119,20
138,119,20
138,119,20
138,119,20
138,119,20
138,119,20
138,119,20
138,119,20
138,119,20
138,119,20
138,119,20
138,119,20
138,119,20
138,119,20
138,119,20
138,119,20
138,119,20
138,119,20
138,116,20
138,116,20
138,116,20
138,116,20
138,116,20
138,116,20
138,116,20
138,116,20
138,116,20
138,116,20
138,116,20
138,116,20
138,116,20
138,116,20
138,116,20
138,116,20
138,116,20
138,116,20
138,116,20
138,116,20
138,116,20
138,147,20
138,147,20
138,147,20
138,147,20
138,147,20
138,147,20
138,147,20
138,147,20
138,147,20
138,147,20
138,147,20
138,147,20
138,147,20
138,147,20
138,147,20
138,147,20
138,147,20
138,147,20
138,147,20
138,147,20
138,147,20
138,147,20
138,147,20
138,147,20
138,147,20
138,147,20
138,133,20
138,133,20
138,133,20
138,133,20
138,133,20
138,133,20
138,133,20
138,133,20
138,133,20
138,133,20
138,133,20
138,133,20
138,133,20
138,133,20
138,133,20
138,133,20
138,133,20
138,133,20
138,133,20
138,133,20
138,133,20
138,133,20
138,133,20
138,133,20
138,133,20
138,133,20
138,133,20
138,133,20
138,133,20
138,133,20
138,124,20
138,124,20
138,124,20
138,124,20
138,124,20
138,124,20
138,124,20
138,124,20
138,124,20
138,138,20
138,138,20
138,138,20
138,138,20
138,138,20
138,138,20
138,138,20
138,138,20
138,138,20
138,138,20
138,138,20
138,138,20
138,138,20
138,138,20
138,138,20
138,138,20
138,138,20
138,138,20
138,138,20
138,138,20
138,138,20
138,138,20
138,138,20
138,138,20
138,138,20
138,138,20
138,138,20
138,138,20
138,138,20
138,138,20
138,138,20
138,138,20
138,138,20
138,138,20
138,138,20
138,138,20
138,138,20
138,138,20
138,138,20
138,138,20
138,138,20
138,138,20
138,138,20
138,138,20
138,138,20
138,138,20
138,138,20
138,138,20
138,138,20
138,138,20
138,138,20
138,138,20
138,174,20
138,174,20
138,174,20
138,174,20
138,174,20
138,174,20
138,174,20
138,174,20
138,174,20
138,174,20
138,174,20
138,174,20
138,174,20
138,174,20
138,174,20
138,174,20
138,174,20
138,174,20
138,174,20
138,174,20
138,174,20
138,135,20
138,135,20
138,135,20
138,135,20
138,135,20
138,135,20
138,135,20
138,135,20
138,157,20
138,157,20
138,157,20
138,157,20
138,157,20
138,157,20
138,157,20
138,145,20
138,145,20
138,145,20
138,145,20
138,145,20
138,145,20
138,145,20
138,145,20
138,145,20
138,145,20
138,145,20
138,145,20
138,131,20
138,131,20
138,131,20
138,131,20
138,131,20
138,131,20
138,131,20
138,131,20
138,147,20
138,147,20
138,147,20
138,147,20
138,147,20
138,147,20
138,147,20
138,147,20
138,147,20
138,147,20
138,147,20
138,147,20
138,147,20
138,147,20
138,147,20
138,147,20
138,147,20
138,147,20
138,147,20
138,147,20
138,147,20
138,147,20
138,147,20
138,147,20
138,147,20
138,147,20
138,147,20
138,147,20
138,147,20
138,147,20
138,147,20
138,147,20
138,147,20
138,147,20
138,147,20
138,147,20
138,147,20
138,147,20
138,147,20
138,147,20
138,147,20
138,147,20
138,147,20
138,147,20
138,147,20
138,147,20
138,150,20
138,150,20
138,150,20
138,150,20
138,150,20
138,150,20
138,150,20
138,150,20
138,150,20
138,150,20
138,150,20
138,150,20
138,150,20
138,147,20
138,147,20
138,147,20
138,147,20
138,147,20
138,147,20
138,147,20
138,118,20
138,118,20
138,118,20
138,118,20
138,118,20
138,118,20
138,118,20
138,166,20
138,166,20
138,166,20
138,166,20
138,166,20
138,166,20
138,166,20
138,166,20
138,166,20
138,166,20
138,166,20
138,166,20
138,166,20
138,166,20
138,166,20
138,133,20
138,133,20
138,133,20
138,133,20
138,133,20
138,133,20
138,133,20
138,133,20
138,133,20
138,133,20
138,133,20
138,133,20
138,133,20
138,133,20
138,133,20
138,133,20
138,133,20
138,133,20
138,133,20
138,133,20
138,133,20
138,133,20
138,133,20
138,133,20
138,133,20
138,133,20
138,133,20
138,133,20
138,133,20
138,133,20
138,133,20
138,133,20
138,133,20
138,133,20
138,133,20
138,133,20
138,133,20
138,164,20
138,164,20
138,164,20
138,164,20
138,164,20
138,164,20
138,164,20
138,164,20
138,164,20
138,164,20
138,164,20
138,164,20
138,141,20
138,141,20
138,141,20
138,141,20
138,141,20
138,141,20
138,141,20
138,141,20
138,141,20
138,141,20
138,141,20
138,141,20
138,141,20
138,141,20
138,141,20
138,141,20
138,141,20
138,141,20
138,141,20
138,141,20
138,141,20
138,141,20
138,141,20
138,141,20
138,141,20
138,141,20
138,141,20
138,141,20
138,141,20
138,141,20
138,141,20
138,141,20
138,141,20
138,141,20
138,141,20
138,141,20
138,141,20
138,141,20
138,141,20
138,122,20
138,122,20
138,122,20
138,122,20
138,122,20
138,122,20
138,122,20
138,122,20
138,122,20
138,122,20
138,122,20
138,122,20
138,101,20
138,101,20
138,101,20
138,101,20
138,101,20
138,101,20
138,101,20
138,101,20
138,101,20
138,101,20
138,101,20
138,101,20
138,101,20
138,101,20
138,101,20
138,101,20
138,101,20
138,101,20
138,101,20
138,147,20
138,147,20
138,147,20
138,147,20
138,147,20
138,147,20
138,147,20
138,147,20
138,147,20
138,147,20
138,181,20
138,181,20
138,181,20
138,181,20
138,181,20
138,181,20
138,181,20
138,181,20
138,181,20
138,181,20
138,181,20
138,181,20
138,181,20
138,181,20
138,181,20
138,141,20
138,141,20
138,141,20
138,141,20
138,141,20
138,141,20
138,159,20
138,159,20
138,159,20
138,159,20
138,159,20
138,159,20
138,159,20
138,159,20
138,159,20
138,159,20
138,159,20
138,134,20
138,134,20
138,134,20
138,134,20
138,134,20
138,134,20
138,134,20
138,134,20
138,134,20
138,134,20
138,134,20
138,134,20
138,134,20
138,134,20
138,134,20
138,118,20
138,118,20
138,118,20
138,118,20
138,118,20
138,118,20
138,118,20
138,118,20
138,118,20
138,118,20
138,118,20
138,118,20
138,118,20
138,118,20
138,118,20
138,118,20
138,100,20
138,100,20
138,100,20
138,100,20
138,100,20
138,100,20
138,100,20
138,100,20
138,100,20
138,130,20
138,130,20
138,130,20
138,130,20
138,130,20
138,130,20
138,130,20
138,130,20
138,130,20
138,130,20
138,130,20
138,130,20
138,130,20
138,130,20
138,130,20
138,130,20
138,130,20
138,130,20
138,130,20
138,130,20
138,130,20
138,130,20
138,130,20
138,130,20
138,130,20
138,130,20
138,130,20
138,130,20
138,130,20
138,130,20
138,130,20
138,130,20
138,130,20
138,130,20
138,130,20
138,130,20
138,130,20
138,130,20
138,130,20
138,147,20
138,147,20
138,147,20
138,147,20
138,147,20
138,147,20
138,147,20
138,147,20
138,147,20
138,147,20
138,147,20
138,147,20
138,147,20
138,147,20
138,147,20
138,147,20
138,147,20
138,147,20
138,147,20
138,147,20
138,147,20
138,147,20
138,147,20
138,147,20
138,147,20
138,147,20
138,147,20
138,147,20
138,147,20
138,147,20
138,147,20
138,147,20
138,147,20
138,147,20
138,147,20
138,163,20
138,163,20
138,163,20
138,163,20
138,163,20
138,163,20
138,163,20
138,163,20
138,157,20
138,157,20
138,157,20
138,157,20
138,157,20
138,157,20
138,157,20
138,157,20
138,157,20
138,157,20
138,154,20
138,154,20
138,154,20
138,154,20
138,154,20
138,154,20
138,154,20
138,168,20
138,168,20
138,168,20
138,168,20
138,168,20
138,168,20
138,168,20
138,168,20
138,168,20
138,168,20
138,168,20
138,168,20
138,168,20
138,168,20
138,168,20
138,168,20
138,168,20
138,168,20
138,168,20
138,168,20
138,168,20
138,168,20
138,168,20
138,168,20
138,168,20
138,168,20
138,168,20
138,168,20
138,168,20
138,168,20
138,168,20
138,168,20
138,168,20
138,168,20
138,168,20
138,168,20
138,168,20
138,168,20
138,168,20
138,168,20
138,168,20
138,168,20
138,168,20
138,168,20
138,168,20
138,168,20
138,168,20
138,168,20
138,168,20
138,168,20
138,168,20
138,168,20
138,168,20
138,168,20
138,168,20
118,136,20
118,136,20
118,136,20
118,136,20
118,136,20
118,136,20
118,136,20
118,136,20
118,136,20
118,136,20
118,136,20
118,136,20
118,136,20
118,136,20
118,136,20
118,136,20
118,136,20
118,136,20
118,136,20
118,136,20
118,84,20
118,84,20
118,84,20
118,84,20
118,84,20
118,84,20
118,84,20
118,84,20
118,84,20
118,84,20
118,84,20
118,84,20
118,84,20
118,84,20
118,84,20
118,84,20
118,84,20
118,84,20
118,84,20
118,84,20
118,84,20
118,84,20
118,84,20
118,84,20
118,84,20
118,84,20
118,84,20
118,84,20
118,84,20
118,84,20
118,84,20
118,84,20
118,84,20
118,84,20
118,84,20
118,84,20
118,84,20
118,84,20
118,84,20
118,84,20
118,103,20
118,103,20
118,103,20
118,103,20
118,103,20
118,103,20
118,103,20
118,103,20
118,103,20
118,103,20
118,103,20
118,103,20
118,103,20
118,103,20
118,82,20
118,82,20
118,82,20
118,82,20
118,82,20
118,82,20
118,82,20
118,82,20
118,82,20
118,82,20
118,82,20
118,82,20
118,82,20
118,82,20
118,82,20
118,82,20
118,82,20
118,82,20
118,82,20
118,82,20
118,82,20
118,82,20
118,82,20
118,82,20
118,82,20
118,82,20
118,82,20
118,82,20
118,82,20
118,82,20
118,82,20
118,82,20
118,82,20
118,82,20
118,82,20
118,82,20
118,66,20
118,66,20
118,66,20
118,66,20
118,66,20
118,66,20
118,66,20
118,66,20
118,66,20
118,66,20
118,66,20
118,126,20
118,126,20
118,126,20
118,126,20
118,126,20
118,126,20
118,126,20
118,126,20
118,126,20
118,126,20
118,126,20
118,126,20
118,126,20
118,126,20
118,126,20
118,126,20
118,126,20
118,126,20
118,126,20
118,126,20
118,126,20
118,126,20
118,126,20
118,126,20
118,126,20
118,126,20
118,126,20
118,126,20
118,126,20
118,126,20
118,126,20
118,126,20
118,126,20
118,126,20
118,126,20
118,126,20
118,126,20
118,126,20
118,126,20
118,126,20
118,126,20
118,126,20
118,126,20
118,126,20
118,126,20
118,126,20
118,126,20
118,126,20
118,126,20
118,126,20
118,126,20
118,126,20
118,126,20
118,122,20
118,122,20
118,122,20
118,122,20
118,122,20
118,122,20
118,122,20
118,122,20
118,122,20
118,122,20
118,122,20
118,122,20
118,122,20
118,122,20
118,122,20
118,122,20
118,122,20
118,122,20
118,122,20
118,122,20
118,122,20
118,122,20
118,122,20
118,122,20
118,122,20
118,122,20
118,122,20
118,122,20
118,122,20
118,122,20
118,122,20
118,122,20
118,122,20
118,122,20
118,122,20
118,143,20
118,143,20
118,143,20
118,143,20
118,143,20
118,143,20
118,143,20
118,143,20
118,143,20
118,143,20
118,143,20
118,143,20
118,143,20
118,143,20
118,143,20
118,143,20
118,143,20
118,143,20
118,143,20
118,143,20
118,143,20
118,143,20
118,143,20
118,143,20
118,143,20
118,143,20
118,143,20
118,143,20
118,143,20
118,143,20
118,143,20
118,143,20
118,143,20
118,143,20
118,143,20
118,143,20
118,143,20
118,143,20
118,143,20
118,143,20
118,143,20
118,143,20
118,143,20
118,143,20
118,143,20
118,143,20
118,143,20
118,143,20
118,143,20
118,156,20
118,156,20
118,156,20
118,156,20
118,156,20
118,156,20
118,156,20
118,156,20
118,112,20
118,112,20
118,112,20
118,112,20
118,112,20
118,112,20
118,112,20
118,112,20
118,112,20
118,90,20
118,90,20
118,90,20
118,90,20
118,90,20
118,90,20
118,90,20
118,90,20
118,90,20
118,90,20
118,90,20
118,90,20
118,90,20
118,90,20
118,90,20
118,90,20
118,90,20
118,90,20
118,90,20
118,90,20
118,90,20
118,90,20
118,90,20
118,90,20
118,90,20
118,90,20
118,90,20
118,90,20
118,90,20
118,90,20
118,90,20
118,90,20
118,90,20
118,90,20
118,90,20
118,90,20
118,90,20
118,90,20
118,90,20
118,90,20
118,90,20
118,90,20
118,90,20
118,90,20
118,90,20
118,90,20
118,90,20
118,90,20
118,90,20
118,90,20
118,90,20
118,90,20
118,90,20
118,90,20
118,90,20
118,90,20
118,90,20
118,90,20
118,114,20
118,114,20
118,114,20
118,114,20
118,114,20
118,114,20
118,114,20
118,88,20
118,88,20
118,88,20
118,88,20
118,88,20
118,88,20
118,88,20
118,88,20
118,88,20
118,88,20
118,88,20
118,88,20
118,88,20
118,88,20
118,88,20
118,88,20
118,88,20
118,88,20
118,88,20
118,88,20
118,88,20
118,88,20
118,88,20
118,88,20
118,88,20
118,88,20
118,88,20
118,88,20
118,88,20
118,88,20
118,88,20
118,88,20
118,88,20
118,88,20
118,88,20
118,88,20
118,88,20
118,88,20
118,88,20
118,88,20
118,88,20
118,88,20
118,88,20
118,88,20
118,88,20
118,88,20
118,88,20
118,114,20
118,114,20
118,114,20
118,114,20
118,114,20
118,114,20
118,114,20
118,114,20
118,114,20
118,114,20
118,114,20
118,114,20
118,114,20
118,114,20
118,114,20
118,114,20
118,114,20
118,114,20
118,114,20
118,114,20
118,114,20
118,114,20
118,114,20
118,114,20
118,114,20
118,114,20
118,114,20
118,114,20
118,114,20
118,114,20
118,114,20
118,114,20
118,99,20
118,99,20
118,99,20
118,99,20
118,99,20
118,99,20
118,99,20
118,99,20
118,99,20
118,99,20
118,99,20
118,99,20
118,119,20
118,119,20
118,119,20
118,119,20
118,119,20
118,119,20
118,119,20
118,119,20
118,119,20
118,119,20
118,119,20
118,119,20
118,119,20
118,119,20
118,119,20
118,119,20
118,119,20
118,119,20
118,119,20
118,119,20
118,119,20
118,119,20
118,119,20
118,119,20
118,119,20
118,119,20
118,119,20
118,119,20
118,119,20
118,119,20
118,119,20
118,119,20
118,119,20
118,119,20
118,119,20
118,119,20
118,130,20
118,130,20
118,130,20
118,130,20
118,130,20
118,130,20
118,130,20
118,130,20
118,130,20
118,130,20
118,130,20
118,130,20
118,130,20
118,130,20
118,130,20
118,130,20
118,130,20
118,130,20
118,130,20
118,130,20
118,130,20
118,130,20
118,130,20
118,130,20
118,130,20
118,130,20
118,130,20
118,130,20
118,130,20
118,130,20
118,130,20
118,130,20
118,130,20
118,130,20
118,130,20
118,130,20
118,130,20
118,130,20
118,130,20
118,130,20
118,130,20
118,130,20
118,130,20
118,130,20
118,130,20
118,130,20
118,130,20
118,130,20
118,130,20
118,130,20
118,130,20
118,89,20
118,89,20
118,89,20
118,89,20
118,89,20
118,89,20
118,89,20
118,89,20
118,89,20
118,89,20
118,89,20
118,89,20
118,89,20
118,89,20
118,89,20
118,89,20
118,89,20
118,89,20
118,89,20
118,89,20
118,89,20
118,89,20
118,89,20
118,89,20
118,89,20
118,89,20
118,89,20
118,89,20
118,89,20
118,89,20
118,89,20
118,89,20
118,89,20
118,89,20
118,89,20
118,89,20
118,113,20
118,113,20
118,113,20
118,113,20
118,113,20
118,113,20
118,113,20
118,113,20
118,95,20
118,95,20
118,95,20
118,95,20
118,95,20
118,95,20
118,95,20
118,95,20
118,95,20
118,95,20
118,95,20
118,95,20
118,95,20
118,95,20
118,95,20
118,95,20
118,111,20
118,111,20
118,111,20
118,111,20
118,111,20
118,111,20
118,111,20
118,139,20
118,139,20
118,139,20
118,139,20
118,139,20
118,139,20
118,139,20
118,139,20
118,139,20
118,139,20
118,139,20
118,139,20
118,139,20
118,139,20
118,139,20
118,139,20
118,139,20
118,139,20
118,129,20
118,129,20
118,129,20
118,129,20
118,129,20
118,129,20
118,129,20
118,129,20
118,129,20
118,129,20
118,129,20
118,129,20
118,129,20
118,129,20
118,129,20
118,129,20
118,129,20
118,129,20
118,129,20
118,129,20
118,129,20
118,129,20
118,129,20
118,129,20
118,129,20
118,129,20
118,129,20
118,129,20
118,129,20
118,129,20
118,129,20
118,129,20
118,129,20
118,129,20
118,129,20
118,129,20
118,129,20
118,129,20
118,129,20
118,129,20
118,129,20
118,129,20
118,129,20
118,129,20
118,129,20
118,129,20
118,129,20
118,129,20
118,129,20
118,129,20
118,129,20
118,129,20
118,129,20
118,138,20
118,138,20
118,138,20
118,138,20
118,138,20
118,138,20
118,138,20
118,138,20
118,138,20
118,138,20
118,138,20
118,138,20
118,138,20
118,138,20
118,138,20
118,138,20
118,138,20
118,138,20
118,138,20
118,138,20
118,138,20
118,138,20
118,138,20
118,138,20
118,138,20
118,138,20
118,138,20
118,138,20
118,138,20
118,138,20
118,138,20
118,138,20
118,138,20
118,141,20
118,141,20
118,141,20
118,141,20
118,141,20
118,141,20
118,141,20
118,141,20
118,123,20
118,123,20
118,123,20
118,123,20
118,123,20
118,123,20
118,139,20
118,139,20
118,139,20
118,139,20
118,139,20
118,139,20
118,139,20
118,139,20
118,139,20
118,139,20
118,139,20
118,139,20
118,139,20
118,139,20
118,139,20
118,139,20
118,139,20
118,139,20
118,139,20
118,139,20
118,139,20
118,139,20
118,139,20
118,139,20
118,139,20
118,139,20
118,139,20
118,139,20
118,139,20
118,139,20
118,139,20
118,139,20
118,139,20
118,139,20
118,139,20
118,139,20
118,139,20
118,139,20
118,139,20
118,139,20
118,139,20
118,139,20
118,139,20
118,139,20
118,139,20
118,139,20
118,139,20
118,139,20
118,139,20
118,139,20
118,139,20
118,139,20
118,139,20
118,139,20
118,139,20
118,105,20
118,105,20
118,105,20
118,105,20
118,105,20
118,105,20
118,105,20
118,105,20
118,105,20
118,105,20
118,105,20
118,105,20
118,105,20
118,105,20
118,105,20
118,105,20
118,105,20
118,105,20
118,105,20
118,105,20
118,105,20
118,105,20
118,105,20
98,119,20
98,119,20
98,119,20
98,119,20
98,119,20
98,119,20
98,119,20
98,119,20
98,119,20
98,119,20
98,119,20
98,119,20
98,119,20
98,119,20
98,119,20
98,119,20
98,119,20
98,119,20
98,119,20
98,120,20
98,120,20
98,120,20
98,120,20
98,120,20
98,120,20
98,120,20
98,120,20
98,120,20
98,80,20
98,80,20
98,80,20
98,80,20
98,80,20
98,80,20
98,80,20
98,80,20
98,80,20
98,80,20
98,80,20
98,80,20
98,80,20
98,80,20
98,80,20
98,80,20
98,80,20
98,80,20
98,80,20
98,80,20
98,80,20
98,80,20
98,80,20
98,80,20
98,80,20
98,80,20
98,80,20
98,80,20
98,80,20
98,80,20
98,80,20
98,80,20
98,80,20
98,80,20
98,80,20
98,80,20
98,80,20
98,80,20
98,80,20
98,80,20
98,80,20
98,80,20
98,80,20
98,80,20
98,80,20
98,80,20
98,80,20
98,80,20
98,80,20
98,80,20
98,82,20
98,82,20
98,82,20
98,82,20
98,82,20
98,82,20
98,82,20
98,82,20
98,82,20
98,82,20
98,82,20
98,82,20
98,82,20
98,82,20
98,82,20
98,82,20
98,82,20
98,82,20
98,82,20
98,82,20
98,82,20
98,82,20
98,82,20
98,82,20
98,82,20
98,82,20
98,82,20
98,82,20
98,82,20
98,82,20
98,82,20
98,82,20
98,82,20
98,82,20
98,82,20
98,82,20
98,82,20
98,82,20
98,82,20
98,132,20
98,132,20
98,132,20
98,132,20
98,132,20
98,132,20
98,132,20
98,132,20
98,132,20
98,132,20
98,132,20
98,132,20
98,132,20
98,132,20
98,132,20
98,132,20
98,132,20
98,132,20
98,132,20
98,132,20
98,132,20
98,132,20
98,132,20
98,92,20
98,92,20
98,92,20
98,92,20
98,92,20
98,92,20
98,92,20
98,90,20
98,90,20
98,90,20
98,90,20
98,90,20
98,90,20
98,90,20
98,90,20
98,90,20
98,90,20
98,90,20
98,90,20
98,90,20
98,90,20
98,71,20
98,71,20
98,71,20
98,71,20
98,71,20
98,71,20
98,118,20
98,118,20
98,118,20
98,118,20
98,118,20
98,118,20
98,118,20
98,118,20
98,118,20
98,118,20
98,118,20
98,118,20
98,118,20
98,118,20
98,118,20
98,118,20
98,118,20
98,118,20
98,118,20
98,118,20
98,118,20
98,118,20
98,111,20
98,111,20
98,111,20
98,111,20
98,111,20
98,111,20
98,111,20
98,111,20
98,111,20
98,111,20
98,111,20
98,111,20
98,111,20
98,111,20
98,111,20
98,111,20
98,109,20
98,109,20
98,109,20
98,109,20
98,109,20
98,109,20
98,109,20
98,109,20
98,109,20
98,70,20
98,70,20
98,70,20
98,70,20
98,70,20
98,70,20
98,70,20
98,70,20
98,70,20
98,70,20
98,70,20
98,70,20
98,70,20
98,70,20
98,70,20
98,70,20
98,70,20
98,101,20
98,101,20
98,101,20
98,101,20
98,101,20
98,101,20
98,101,20
98,109,20
98,109,20
98,109,20
98,109,20
98,109,20
98,109,20
98,109,20
98,109,20
98,109,20
98,109,20
98,109,20
98,109,20
98,109,20
98,109,20
98,109,20
98,109,20
98,109,20
98,109,20
98,109,20
98,109,20
98,109,20
98,109,20
98,109,20
98,109,20
98,109,20
98,109,20
98,109,20
98,109,20
98,109,20
98,109,20
98,109,20
98,109,20
98,109,20
98,93,20
98,93,20
98,93,20
98,93,20
98,93,20
98,93,20
98,93,20
98,93,20
98,93,20
98,93,20
98,93,20
98,93,20
98,93,20
98,93,20
98,93,20
98,93,20
98,93,20
98,93,20
98,93,20
98,93,20
98,93,20
98,93,20
98,84,20
98,84,20
98,84,20
98,84,20
98,84,20
98,84,20
98,84,20
98,84,20
98,84,20
98,84,20
98,84,20
98,84,20
98,84,20
98,84,20
98,84,20
98,84,20
98,84,20
98,84,20
98,84,20
98,84,20
98,84,20
98,84,20
98,84,20
98,84,20
98,84,20
98,84,20
98,63,20
98,63,20
98,63,20
98,63,20
98,63,20
98,63,20
98,63,20
98,63,20
98,63,20
98,63,20
98,63,20
98,63,20
98,63,20
98,63,20
98,99,20
98,99,20
98,99,20
98,99,20
98,99,20
98,99,20
98,99,20
98,99,20
98,99,20
98,99,20
98,99,20
98,99,20
98,99,20
98,99,20
98,99,20
98,99,20
98,99,20
98,99,20
98,99,20
98,99,20
98,99,20
98,99,20
98,99,20
98,99,20
98,99,20
98,99,20
98,99,20
98,99,20
98,99,20
98,100,20
98,100,20
98,100,20
98,100,20
98,100,20
98,100,20
98,100,20
98,100,20
98,101,20
98,101,20
98,101,20
98,101,20
98,101,20
98,101,20
98,101,20
98,101,20
98,88,20
98,88,20
98,88,20
98,88,20
98,88,20
98,88,20
98,88,20
98,88,20
98,88,20
98,88,20
98,88,20
98,88,20
98,88,20
98,88,20
98,88,20
98,88,20
98,88,20
98,88,20
98,88,20
98,88,20
98,88,20
98,88,20
98,88,20
98,88,20
98,88,20
98,88,20
98,88,20
98,88,20
98,88,20
98,92,20
98,92,20
98,92,20
98,92,20
98,92,20
98,92,20
98,92,20
98,92,20
98,92,20
98,92,20
98,92,20
98,118,20
98,118,20
98,118,20
98,118,20
98,118,20
98,118,20
98,118,20
98,118,20
98,118,20
98,118,20
98,118,20
98,118,20
98,118,20
98,118,20
98,118,20
98,118,20
98,118,20
98,118,20
98,118,20
98,118,20
98,118,20
98,118,20
98,118,20
98,118,20
98,118,20
98,118,20
98,118,20
98,118,20
98,118,20
98,118,20
98,118,20
98,118,20
98,118,20
98,118,20
98,118,20
98,118,20
98,118,20
98,118,20
98,118,20
98,118,20
98,118,20
98,118,20
98,118,20
98,118,20
98,118,20
98,118,20
98,118,20
98,102,20
98,102,20
98,102,20
98,102,20
98,102,20
98,102,20
98,102,20
98,102,20
98,102,20
98,102,20
98,102,20
98,102,20
98,102,20
98,102,20
98,102,20
98,102,20
98,102,20
98,102,20
98,102,20
98,102,20
98,102,20
98,102,20
98,102,20
98,102,20
98,102,20
98,102,20
98,102,20
98,80,20
98,80,20
98,80,20
98,80,20
98,80,20
98,80,20
98,80,20
98,80,20
98,80,20
98,80,20
98,80,20
98,80,20
98,80,20
98,80,20
98,80,20
98,80,20
98,80,20
98,80,20
98,80,20
98,80,20
98,80,20
98,80,20
98,80,20
98,80,20
98,80,20
98,93,20
98,93,20
98,93,20
98,93,20
98,93,20
98,93,20
98,93,20
98,93,20
98,93,20
98,93,20
98,93,20
98,93,20
98,121,20
98,121,20
98,121,20
98,121,20
98,121,20
98,121,20
98,121,20
98,121,20
98,121,20
98,121,20
98,121,20
98,121,20
98,121,20
98,121,20
98,121,20
98,121,20
98,121,20
98,121,20
98,121,20
98,121,20
98,121,20
98,121,20
98,121,20
98,121,20
98,121,20
98,121,20
98,121,20
98,121,20
98,121,20
98,121,20
98,121,20
98,72,20
98,72,20
98,72,20
98,72,20
98,72,20
98,72,20
98,72,20
98,72,20
98,72,20
98,72,20
98,72,20
98,72,20
98,72,20
98,72,20
98,113,20
98,113,20
98,113,20
98,113,20
98,113,20
98,113,20
98,113,20
98,113,20
98,113,20
98,113,20
98,113,20
98,113,20
98,113,20
98,113,20
98,113,20
98,113,20
98,113,20
98,113,20
98,113,20
98,113,20
98,113,20
98,113,20
98,113,20
98,113,20
78,77,20
78,77,20
78,77,20
78,77,20
78,77,20
78,77,20
78,77,20
78,77,20
78,77,20
78,77,20
78,77,20
78,77,20
78,77,20
78,77,20
78,77,20
78,77,20
78,77,20
78,101,20
78,101,20
78,101,20
78,101,20
78,101,20
78,101,20
78,101,20
78,101,20
78,101,20
78,101,20
78,101,20
78,101,20
78,101,20
78,101,20
78,101,20
78,101,20
78,101,20
78,101,20
78,101,20
78,101,20
78,101,20
78,101,20
78,101,20
78,101,20
78,101,20
78,101,20
78,101,20
78,101,20
78,101,20
78,101,20
78,96,20
78,96,20
78,96,20
78,96,20
78,96,20
78,96,20
78,96,20
78,96,20
78,96,20
78,96,20
78,96,20
78,56,20
78,56,20
78,56,20
78,56,20
78,56,20
78,56,20
78,56,20
78,56,20
78,56,20
78,56,20
78,56,20
78,56,20
78,56,20
78,56,20
78,56,20
78,56,20
78,56,20
78,56,20
78,56,20
78,56,20
78,56,20
78,56,20
78,56,20
78,56,20
78,56,20
78,56,20
78,56,20
78,56,20
78,56,20
78,56,20
78,56,20
78,56,20
78,56,20
78,56,20
78,56,20
78,56,20
78,56,20
78,56,20
78,56,20
78,56,20
78,56,20
78,56,20
78,70,20
78,70,20
78,70,20
78,70,20
78,70,20
78,70,20
78,70,20
78,70,20
78,70,20
78,70,20
78,70,20
78,70,20
78,70,20
78,70,20
78,70,20
78,70,20
78,70,20
78,70,20
78,70,20
78,70,20
78,70,20
78,70,20
78,70,20
78,70,20
78,70,20
78,70,20
78,70,20
78,70,20
78,70,20
78,70,20
78,70,20
78,70,20
78,70,20
78,70,20
78,59,20
78,59,20
78,59,20
78,59,20
78,59,20
78,59,20
78,59,20
78,59,20
78,59,20
78,59,20
78,59,20
78,59,20
78,59,20
78,59,20
78,59,20
78,59,20
78,59,20
78,59,20
78,59,20
78,59,20
78,59,20
78,59,20
78,59,20
78,59,20
78,59,20
78,59,20
78,59,20
78,59,20
78,59,20
78,59,20
78,59,20
78,59,20
78,59,20
78,59,20
78,59,20
78,59,20
78,59,20
78,59,20
78,59,20
78,59,20
78,59,20
78,59,20
78,59,20
78,59,20
78,59,20
78,59,20
78,59,20
78,59,20
78,102,20
78,102,20
78,102,20
78,102,20
78,102,20
78,102,20
78,102,20
78,102,20
78,102,20
78,102,20
78,102,20
78,102,20
78,102,20
78,102,20
78,102,20
78,102,20
78,102,20
78,102,20
78,102,20
78,102,20
78,102,20
78,102,20
78,102,20
78,102,20
78,102,20
78,102,20
78,102,20
78,102,20
78,102,20
78,102,20
78,83,20
78,83,20
78,83,20
78,83,20
78,83,20
78,83,20
78,83,20
78,83,20
78,83,20
78,83,20
78,83,20
78,83,20
78,83,20
78,83,20
78,83,20
78,83,20
78,83,20
78,83,20
78,36,20
78,36,20
78,36,20
78,36,20
78,36,20
78,36,20
78,36,20
78,36,20
78,36,20
78,36,20
78,36,20
78,36,20
78,36,20
78,36,20
78,36,20
78,62,20
78,62,20
78,62,20
78,62,20
78,62,20
78,62,20
78,62,20
78,62,20
78,62,20
78,62,20
78,62,20
78,62,20
78,62,20
78,62,20
78,62,20
78,62,20
78,62,20
78,62,20
78,62,20
78,62,20
78,62,20
78,62,20
78,62,20
78,62,20
78,59,20
78,59,20
78,59,20
78,59,20
78,59,20
78,59,20
78,59,20
78,59,20
78,59,20
78,59,20
78,59,20
78,59,20
78,59,20
78,59,20
78,59,20
78,59,20
78,59,20
78,69,20
78,69,20
78,69,20
78,69,20
78,69,20
78,69,20
78,69,20
78,69,20
78,69,20
78,69,20
78,69,20
78,69,20
78,69,20
78,69,20
78,69,20
78,69,20
78,69,20
78,69,20
78,69,20
78,69,20
78,69,20
78,69,20
78,69,20
78,69,20
78,69,20
78,69,20
78,69,20
78,69,20
78,69,20
78,69,20
78,69,20
78,69,20
78,69,20
78,69,20
78,69,20
78,69,20
78,69,20
78,69,20
78,69,20
78,93,20
78,93,20
78,93,20
78,93,20
78,93,20
78,93,20
78,93,20
78,93,20
78,93,20
78,93,20
78,93,20
78,93,20
78,77,20
78,77,20
78,77,20
78,77,20
78,77,20
78,77,20
78,77,20
78,74,20
78,74,20
78,74,20
78,74,20
78,74,20
78,74,20
78,74,20
78,74,20
78,74,20
78,74,20
78,74,20
78,74,20
78,74,20
78,74,20
78,74,20
78,74,20
78,74,20
78,74,20
78,74,20
78,74,20
78,74,20
78,74,20
78,74,20
78,74,20
78,74,20
78,74,20
78,74,20
78,74,20
78,74,20
78,74,20
78,74,20
78,74,20
78,74,20
78,74,20
78,74,20
78,74,20
78,74,20
78,55,20
78,55,20
78,55,20
78,55,20
78,55,20
78,55,20
78,107,20
78,107,20
78,107,20
78,107,20
78,107,20
78,107,20
78,107,20
78,107,20
78,107,20
78,107,20
78,107,20
78,107,20
78,107,20
78,107,20
78,107,20
78,107,20
78,107,20
78,107,20
78,107,20
78,107,20
78,107,20
78,34,20
78,34,20
78,34,20
78,34,20
78,34,20
78,34,20
78,34,20
78,34,20
78,34,20
78,34,20
78,34,20
78,34,20
78,34,20
78,34,20
78,34,20
78,34,20
78,34,20
78,34,20
78,34,20
78,34,20
78,34,20
78,34,20
78,34,20
78,34,20
78,34,20
78,34,20
78,34,20
78,34,20
78,34,20
78,34,20
78,34,20
78,34,20
78,34,20
78,34,20
78,34,20
78,34,20
78,34,20
78,34,20
78,34,20
78,34,20
78,34,20
78,84,20
78,84,20
78,84,20
78,84,20
78,84,20
78,84,20
78,84,20
78,84,20
78,84,20
78,84,20
78,84,20
78,84,20
78,84,20
78,84,20
78,84,20
78,84,20
78,84,20
78,84,20
78,84,20
78,84,20
78,84,20
78,84,20
78,84,20
78,84,20
78,84,20
78,84,20
78,84,20
78,84,20
78,84,20
78,84,20
78,84,20
78,84,20
78,84,20
78,84,20
78,84,20
78,84,20
78,84,20
78,84,20
78,84,20
78,84,20
78,84,20
78,84,20
78,84,20
78,84,20
78,84,20
78,84,20
78,65,20
78,65,20
78,65,20
78,65,20
78,65,20
78,65,20
78,65,20
78,65,20
78,65,20
58,41,20
58,41,20
58,41,20
58,41,20
58,41,20
58,41,20
58,41,20
58,41,20
58,41,20
58,41,20
58,41,20
58,63,20
58,63,20
58,63,20
58,63,20
58,63,20
58,63,20
58,63,20
58,63,20
58,63,20
58,48,20
58,48,20
58,48,20
58,48,20
58,48,20
58,48,20
58,48,20
58,48,20
58,48,20
58,48,20
58,48,20
58,48,20
58,48,20
58,48,20
58,48,20
58,48,20
58,48,20
58,48,20
58,48,20
58,48,20
58,48,20
58,48,20
58,73,20
58,73,20
58,73,20
58,73,20
58,73,20
58,73,20
58,73,20
58,73,20
58,73,20
58,73,20
58,73,20
58,73,20
58,73,20
58,73,20
58,73,20
58,73,20
58,73,20
58,73,20
58,73,20
58,73,20
58,73,20
58,73,20
58,73,20
58,73,20
58,73,20
58,52,20
58,52,20
58,52,20
58,52,20
58,52,20
58,52,20
58,52,20
58,52,20
58,52,20
58,52,20
58,52,20
58,52,20
58,52,20
58,52,20
58,52,20
58,52,20
58,52,20
58,52,20
58,52,20
58,52,20
58,52,20
58,52,20
58,52,20
58,52,20
58,52,20
58,52,20
58,52,20
58,52,20
58,52,20
58,52,20
58,52,20
58,52,20
58,52,20
58,52,20
58,52,20
58,52,20
58,52,20
58,52,20
58,52,20
58,52,20
58,52,20
58,52,20
58,52,20
58,52,20
58,52,20
58,52,20
58,52,20
58,52,20
58,52,20
58,52,20
58,52,20
58,52,20
58,52,20
58,52,20
58,52,20
58,26,20
58,26,20
58,26,20
58,26,20
58,26,20
58,26,20
58,26,20
58,26,20
58,26,20
58,26,20
58,26,20
58,26,20
58,26,20
58,85,20
58,85,20
58,85,20
58,85,20
58,85,20
58,85,20
58,66,20
58,66,20
58,66,20
58,66,20
58,66,20
58,66,20
58,66,20
58,66,20
58,66,20
58,66,20
58,66,20
58,66,20
58,66,20
58,66,20
58,66,20
58,48,20
58,48,20
58,48,20
58,48,20
58,48,20
58,48,20
58,48,20
58,48,20
58,48,20
58,48,20
58,48,20
58,48,20
58,48,20
58,48,20
58,48,20
58,48,20
58,48,20
58,48,20
58,48,20
58,48,20
58,48,20
58,27,20
58,27,20
58,27,20
58,27,20
58,27,20
58,27,20
58,53,20
58,53,20
58,53,20
58,53,20
58,53,20
58,53,20
58,53,20
58,53,20
58,53,20
58,53,20
58,53,20
58,53,20
58,53,20
58,53,20
58,53,20
58,53,20
58,53,20
58,53,20
58,53,20
58,53,20
58,53,20
58,53,20
58,81,20
58,81,20
58,81,20
58,81,20
58,81,20
58,81,20
58,81,20
58,81,20
58,81,20
58,81,20
58,81,20
58,81,20
58,81,20
58,81,20
58,81,20
58,81,20
58,81,20
58,81,20
58,81,20
58,81,20
58,81,20
58,81,20
58,81,20
58,81,20
58,81,20
58,81,20
58,81,20
58,81,20
58,81,20
58,81,20
58,81,20
58,81,20
58,81,20
58,81,20
58,81,20
58,81,20
58,81,20
58,81,20
58,81,20
58,81,20
58,81,20
58,81,20
58,81,20
58,81,20
58,49,20
58,49,20
58,49,20
58,49,20
58,49,20
58,49,20
58,49,20
58,65,20
58,65,20
58,65,20
58,65,20
58,65,20
58,65,20
58,65,20
58,46,20
58,46,20
58,46,20
58,46,20
58,46,20
58,46,20
58,46,20
58,46,20
58,46,20
58,46,20
58,46,20
58,46,20
58,46,20
58,46,20
58,46,20
58,46,20
58,46,20
58,46,20
58,46,20
58,46,20
58,46,20
58,46,20
58,46,20
58,46,20
58,46,20
58,46,20
58,46,20
58,46,20
58,46,20
58,46,20
58,46,20
58,46,20
58,46,20
58,46,20
58,46,20
58,46,20
58,46,20
58,46,20
58,46,20
58,46,20
58,46,20
58,46,20
58,46,20
58,46,20
58,46,20
58,46,20
58,102,20
58,102,20
58,102,20
58,102,20
58,102,20
58,102,20
58,102,20
58,102,20
58,102,20
58,102,20
58,102,20
58,102,20
58,102,20
58,102,20
58,102,20
58,102,20
58,102,20
58,102,20
58,102,20
58,102,20
58,102,20
58,102,20
58,102,20
58,102,20
58,102,20
58,102,20
58,102,20
58,102,20
58,102,20
58,102,20
58,102,20
58,102,20
58,102,20
58,102,20
58,102,20
58,102,20
58,102,20
58,102,20
58,102,20
58,102,20
58,102,20
58,102,20
58,102,20
58,102,20
58,102,20
58,102,20
58,102,20
58,102,20
58,102,20
58,102,20
58,102,20
58,102,20
58,102,20
58,102,20
58,102,20
58,37,20
58,37,20
58,37,20
58,37,20
58,37,20
58,37,20
58,104,20
58,104,20
58,104,20
58,104,20
58,104,20
58,104,20
58,104,20
58,104,20
58,104,20
58,104,20
58,104,20
58,104,20
58,104,20
58,104,20
58,104,20
58,104,20
58,104,20
58,104,20
58,51,20
58,51,20
58,51,20
58,51,20
58,51,20
58,51,20
58,51,20
58,51,20
58,51,20
58,51,20
58,51,20
58,51,20
58,51,20
58,51,20
58,69,20
58,69,20
58,69,20
58,69,20
58,69,20
58,69,20
58,69,20
58,69,20
58,69,20
58,69,20
58,69,20
58,69,20
58,69,20
58,69,20
58,69,20
58,69,20
58,69,20
58,69,20
58,69,20
58,64,20
58,64,20
58,64,20
58,64,20
58,64,20
58,64,20
58,64,20
58,64,20
58,64,20
58,64,20
58,64,20
58,64,20
58,64,20
58,64,20
58,64,20
58,64,20
58,44,20
58,44,20
58,44,20
58,44,20
58,44,20
58,44,20
58,44,20
58,44,20
58,44,20
58,44,20
58,44,20
58,44,20
58,44,20
58,44,20
58,44,20
58,44,20
58,44,20
58,44,20
58,44,20
58,44,20
58,44,20
58,44,20
58,44,20
58,44,20
58,44,20
58,44,20
58,44,20
58,44,20
58,44,20
58,44,20
58,44,20
58,60,20
58,60,20
58,60,20
58,60,20
58,60,20
58,60,20
58,60,20
58,60,20
58,68,20
58,68,20
58,68,20
58,68,20
58,68,20
58,68,20
58,68,20
58,68,20
58,38,20
58,38,20
58,38,20
58,38,20
58,38,20
58,38,20
58,38,20
58,38,20
58,38,20
58,38,20
58,38,20
58,38,20
58,38,20
58,38,20
58,38,20
58,38,20
58,38,20
58,38,20
58,38,20
58,38,20
58,38,20
58,38,20
58,38,20
58,38,20
58,59,20
58,59,20
58,59,20
58,59,20
58,59,20
58,59,20
58,59,20
58,59,20
58,59,20
58,59,20
58,59,20
58,59,20
58,59,20
58,59,20
58,59,20
58,59,20
58,59,20
58,59,20
58,59,20
58,59,20
58,81,20
58,81,20
58,81,20
58,81,20
58,81,20
58,81,20
58,81,20
58,81,20
58,30,20
58,30,20
58,30,20
58,30,20
58,30,20
58,30,20
58,30,20
58,90,20
58,90,20
58,90,20
58,90,20
58,90,20
58,90,20
58,90,20
58,90,20
58,90,20
58,90,20
58,90,20
58,90,20
58,90,20
58,90,20
58,72,20
58,72,20
58,72,20
58,72,20
58,72,20
58,72,20
58,72,20
58,72,20
58,75,20
58,75,20
58,75,20
58,75,20
58,75,20
58,75,20
58,75,20
58,85,20
58,85,20
58,85,20
58,85,20
58,85,20
58,85,20
58,85,20
58,65,20
58,65,20
58,65,20
58,65,20
58,65,20
58,65,20
58,65,20
58,65,20
58,65,20
58,65,20
58,65,20
58,54,20
58,54,20
58,54,20
58,54,20
58,54,20
58,54,20
58,54,20
58,54,20
58,54,20
58,54,20
58,54,20
58,54,20
58,54,20
58,54,20
58,54,20
88,74,20
88,74,20
88,74,20
88,74,20
88,74,20
88,74,20
88,74,20
88,74,20
88,74,20
88,74,20
88,74,20
88,74,20
88,74,20
88,74,20
88,74,20
88,74,20
88,74,20
88,74,20
88,96,20
88,96,20
88,96,20
88,96,20
88,96,20
88,96,20
88,96,20
88,96,20
88,96,20
88,96,20
88,96,20
88,96,20
88,96,20
88,96,20
88,96,20
88,96,20
88,96,20
88,96,20
88,96,20
88,96,20
88,96,20
88,96,20
88,86,20
88,86,20
88,86,20
88,86,20
88,86,20
88,86,20
88,86,20
88,86,20
88,86,20
88,70,20
88,70,20
88,70,20
88,70,20
88,70,20
88,70,20
88,70,20
88,70,20
88,70,20
88,70,20
88,70,20
88,70,20
88,70,20
88,70,20
88,70,20
88,70,20
88,70,20
88,70,20
88,70,20
88,70,20
88,70,20
88,70,20
88,70,20
88,70,20
88,70,20
88,70,20
88,70,20
88,70,20
88,70,20
88,70,20
88,70,20
88,70,20
88,70,20
88,70,20
88,70,20
88,88,20
88,88,20
88,88,20
88,88,20
88,88,20
88,88,20
88,88,20
88,88,20
88,88,20
88,88,20
88,88,20
88,88,20
88,88,20
88,88,20
88,88,20
88,88,20
88,91,20
88,91,20
88,91,20
88,91,20
88,91,20
88,91,20
88,91,20
88,91,20
88,91,20
88,91,20
88,91,20
88,91,20
88,91,20
88,91,20
88,109,20
88,109,20
88,109,20
88,109,20
88,109,20
88,109,20
88,109,20
88,109,20
88,109,20
88,109,20
88,109,20
88,109,20
88,109,20
88,109,20
88,109,20
88,109,20
88,109,20
88,109,20
88,109,20
88,109,20
88,109,20
88,109,20
88,109,20
88,109,20
88,88,20
88,88,20
88,88,20
88,88,20
88,88,20
88,88,20
88,88,20
88,88,20
88,88,20
88,88,20
88,88,20
88,88,20
88,88,20
88,88,20
88,88,20
88,88,20
88,88,20
88,88,20
88,88,20
88,88,20
88,88,20
88,88,20
88,88,20
88,88,20
88,88,20
88,88,20
88,88,20
88,106,20
88,106,20
88,106,20
88,106,20
88,106,20
88,106,20
88,106,20
88,106,20
88,106,20
88,106,20
88,106,20
88,106,20
88,106,20
88,106,20
88,52,20
88,52,20
88,52,20
88,52,20
88,52,20
88,52,20
88,52,20
88,52,20
88,52,20
88,52,20
88,52,20
88,52,20
88,52,20
88,52,20
88,52,20
88,113,20
88,113,20
88,113,20
88,113,20
88,113,20
88,113,20
88,113,20
88,113,20
88,113,20
88,113,20
88,113,20
88,113,20
88,113,20
88,113,20
88,113,20
88,113,20
88,113,20
88,113,20
88,113,20
88,113,20
88,113,20
88,113,20
88,113,20
88,113,20
88,113,20
88,113,20
88,113,20
88,113,20
88,113,20
88,113,20
88,113,20
88,113,20
88,113,20
88,113,20
88,113,20
88,113,20
88,113,20
88,113,20
88,113,20
88,113,20
88,113,20
88,113,20
88,113,20
88,113,20
88,113,20
88,113,20
88,113,20
88,113,20
88,113,20
88,113,20
88,113,20
88,113,20
88,113,20
88,113,20
88,113,20
88,113,20
