true_pos,obs_pos,true_var
54,70,10
54,70,10
54,70,10
54,70,10
54,70,10
54,70,10
54,46,10
54,46,10
54,46,10
54,46,10
54,46,10
54,46,10
54,46,10
54,46,10
54,46,10
54,46,10
54,46,10
54,46,10
54,46,10
54,46,10
54,46,10
54,46,10
54,46,10
54,62,10
54,62,10
54,62,10
54,62,10
54,62,10
54,62,10
54,62,10
54,62,10
54,62,10
54,62,10
54,62,10
54,62,10
54,62,10
54,62,10
54,62,10
54,62,10
54,62,10
54,62,10
54,62,10
54,62,10
54,62,10
54,49,10
54,49,10
54,49,10
54,49,10
54,49,10
54,49,10
54,49,10
54,49,10
54,49,10
54,49,10
54,49,10
54,49,10
54,49,10
54,49,10
54,49,10
54,49,10
54,49,10
54,49,10
54,49,10
54,49,10
54,49,10
54,49,10
54,49,10
54,49,10
54,49,10
54,49,10
54,49,10
54,49,10
54,52,10
54,52,10
54,52,10
54,52,10
54,52,10
54,52,10
54,52,10
54,52,10
54,52,10
54,52,10
54,52,10
54,52,10
54,68,10
54,68,10
54,68,10
54,68,10
54,68,10
54,68,10
54,68,10
54,68,10
54,68,10
54,68,10
54,51,10
54,51,10
54,51,10
54,51,10
54,51,10
54,51,10
54,51,10
54,51,10
54,51,10
54,51,10
54,51,10
54,62,10
54,62,10
54,62,10
54,62,10
54,62,10
54,62,10
54,62,10
54,62,10
54,62,10
54,62,10
54,62,10
54,62,10
54,62,10
54,62,10
54,62,10
54,62,10
54,62,10
54,62,10
54,62,10
54,62,10
54,57,10
54,57,10
54,57,10
54,57,10
54,57,10
54,57,10
54,57,10
54,57,10
54,57,10
54,57,10
54,57,10
54,57,10
54,57,10
54,57,10
54,57,10
54,57,10
54,57,10
54,57,10
54,57,10
54,57,10
54,57,10
54,59,10
54,59,10
54,59,10
54,59,10
54,59,10
54,59,10
54,59,10
54,59,10
54,59,10
54,59,10
54,59,10
54,59,10
54,59,10
54,59,10
54,59,10
54,59,10
54,59,10
54,59,10
54,59,10
54,59,10
54,59,10
54,59,10
54,62,10
54,62,10
54,62,10
54,62,10
54,62,10
54,62,10
54,62,10
54,62,10
54,62,10
54,62,10
54,54,10
54,54,10
54,54,10
54,54,10
54,54,10
54,54,10
54,54,10
54,54,10
54,54,10
54,54,10
54,48,10
54,48,10
54,48,10
54,48,10
54,48,10
54,48,10
54,48,10
54,48,10
54,48,10
54,48,10
54,48,10
54,48,10
54,45,10
54,45,10
54,45,10
54,45,10
54,45,10
54,45,10
54,45,10
54,45,10
54,45,10
54,45,10
54,45,10
54,45,10
54,45,10
54,45,10
54,45,10
54,51,10
54,51,10
54,51,10
54,51,10
54,51,10
54,51,10
54,51,10
54,51,10
54,51,10
54,51,10
54,51,10
54,51,10
54,51,10
54,51,10
54,51,10
54,51,10
54,51,10
54,51,10
54,51,10
54,51,10
54,51,10
54,51,10
54,51,10
54,42,10
54,42,10
54,42,10
54,42,10
54,42,10
54,42,10
54,42,10
54,42,10
54,42,10
54,42,10
54,42,10
54,42,10
54,42,10
54,42,10
54,42,10
54,42,10
54,42,10
54,42,10
54,42,10
54,42,10
54,42,10
54,42,10
54,42,10
54,42,10
54,42,10
54,42,10
54,42,10
54,42,10
54,42,10
54,42,10
54,42,10
54,42,10
54,42,10
54,42,10
54,42,10
54,42,10
54,42,10
54,42,10
54,42,10
54,42,10
54,57,10
54,57,10
54,57,10
54,57,10
54,57,10
54,57,10
54,57,10
54,57,10
54,57,10
54,57,10
54,57,10
54,57,10
54,57,10
54,57,10
54,57,10
54,57,10
54,57,10
54,57,10
54,57,10
54,57,10
54,57,10
54,57,10
54,57,10
54,57,10
54,57,10
54,57,10
54,57,10
54,57,10
54,57,10
54,57,10
54,57,10
54,57,10
54,57,10
54,57,10
54,57,10
54,57,10
54,57,10
54,57,10
54,57,10
54,57,10
54,57,10
54,57,10
54,57,10
54,57,10
54,57,10
54,47,10
54,47,10
54,47,10
54,47,10
54,47,10
54,47,10
54,47,10
54,47,10
54,47,10
54,47,10
54,47,10
54,47,10
54,47,10
54,47,10
54,47,10
54,47,10
54,47,10
54,47,10
54,47,10
54,47,10
54,47,10
54,47,10
54,47,10
54,47,10
54,47,10
54,47,10
54,47,10
54,47,10
54,47,10
54,47,10
54,47,10
54,47,10
54,47,10
54,47,10
54,47,10
54,47,10
54,47,10
54,47,10
54,47,10
54,47,10
54,47,10
54,47,10
54,58,10
54,58,10
54,58,10
54,58,10
54,58,10
54,58,10
54,58,10
54,58,10
54,58,10
54,58,10
54,58,10
54,58,10
54,58,10
54,58,10
54,58,10
54,58,10
54,58,10
54,58,10
54,58,10
54,58,10
54,58,10
54,58,10
54,58,10
54,58,10
54,58,10
54,58,10
54,58,10
54,58,10
54,58,10
54,58,10
54,58,10
54,58,10
54,58,10
54,58,10
54,58,10
54,58,10
54,58,10
54,58,10
54,58,10
54,58,10
54,55,10
54,55,10
54,55,10
54,55,10
54,55,10
54,55,10
54,55,10
54,55,10
54,55,10
54,55,10
54,55,10
54,55,10
54,55,10
54,55,10
54,55,10
54,51,10
54,51,10
54,51,10
54,51,10
54,51,10
54,51,10
54,51,10
54,51,10
54,51,10
54,62,10
54,62,10
54,62,10
54,62,10
54,62,10
54,62,10
54,62,10
54,62,10
54,62,10
54,62,10
54,62,10
54,62,10
54,62,10
54,62,10
54,62,10
54,62,10
54,56,10
54,56,10
54,56,10
54,56,10
54,56,10
54,56,10
54,56,10
54,56,10
54,56,10
54,56,10
54,56,10
54,56,10
54,56,10
54,56,10
54,56,10
54,60,10
54,60,10
54,60,10
54,60,10
54,60,10
54,60,10
54,60,10
54,60,10
54,60,10
54,60,10
54,60,10
54,60,10
54,60,10
54,60,10
54,60,10
54,60,10
54,60,10
54,60,10
54,60,10
54,60,10
54,60,10
54,60,10
54,60,10
54,60,10
54,60,10
54,60,10
54,59,10
54,59,10
54,59,10
54,59,10
54,59,10
54,59,10
54,59,10
54,59,10
54,59,10
54,59,10
54,56,10
54,56,10
54,56,10
54,56,10
54,56,10
54,56,10
54,56,10
54,56,10
54,56,10
54,56,10
54,56,10
54,56,10
54,56,10
54,56,10
54,56,10
54,56,10
54,56,10
54,56,10
54,56,10
54,56,10
54,56,10
54,56,10
54,56,10
54,56,10
54,56,10
54,56,10
54,56,10
54,64,10
54,64,10
54,64,10
54,64,10
54,64,10
54,64,10
54,64,10
54,64,10
54,64,10
54,64,10
54,64,10
54,64,10
54,64,10
54,64,10
54,64,10
54,64,10
54,64,10
54,64,10
54,64,10
54,64,10
54,64,10
54,64,10
54,64,10
54,64,10
54,64,10
54,64,10
54,64,10
54,64,10
54,64,10
54,64,10
54,64,10
54,64,10
54,64,10
54,64,10
54,64,10
54,64,10
54,64,10
54,64,10
54,64,10
54,53,10
54,53,10
54,53,10
54,53,10
54,53,10
54,53,10
54,53,10
54,53,10
54,53,10
54,53,10
54,53,10
54,53,10
54,53,10
54,53,10
54,53,10
54,53,10
54,53,10
54,53,10
54,53,10
54,53,10
54,53,10
54,53,10
54,53,10
54,53,10
74,67,10
74,67,10
74,67,10
74,67,10
74,67,10
74,67,10
74,67,10
74,67,10
74,67,10
74,67,10
74,67,10
74,67,10
74,67,10
74,67,10
74,67,10
74,67,10
74,67,10
74,67,10
74,67,10
74,67,10
74,67,10
74,67,10
74,67,10
74,67,10
74,77,10
74,77,10
74,77,10
74,77,10
74,77,10
74,77,10
74,77,10
74,77,10
74,77,10
74,77,10
74,77,10
74,77,10
74,77,10
74,77,10
74,77,10
74,79,10
74,79,10
74,79,10
74,79,10
74,79,10
74,79,10
74,79,10
74,79,10
74,79,10
74,79,10
74,79,10
74,79,10
74,79,10
74,79,10
74,79,10
74,79,10
74,79,10
74,65,10
74,65,10
74,65,10
74,65,10
74,65,10
74,65,10
74,65,10
74,65,10
74,65,10
74,65,10
74,65,10
74,65,10
74,65,10
74,65,10
74,65,10
74,65,10
74,65,10
74,65,10
74,65,10
74,65,10
74,65,10
74,65,10
74,65,10
74,65,10
74,65,10
74,65,10
74,65,10
74,65,10
74,65,10
74,65,10
74,65,10
74,65,10
74,65,10
74,65,10
74,65,10
74,65,10
74,65,10
74,65,10
74,65,10
74,65,10
74,65,10
74,65,10
74,65,10
74,65,10
74,65,10
74,77,10
74,77,10
74,77,10
74,77,10
74,77,10
74,77,10
74,77,10
74,77,10
74,77,10
74,77,10
74,77,10
74,77,10
74,77,10
74,77,10
74,77,10
74,77,10
74,77,10
74,77,10
74,77,10
74,77,10
74,77,10
74,77,10
74,77,10
74,77,10
74,77,10
74,77,10
74,77,10
74,77,10
74,77,10
74,77,10
74,77,10
74,77,10
74,77,10
74,68,10
74,68,10
74,68,10
74,68,10
74,68,10
74,68,10
74,68,10
74,68,10
74,68,10
74,82,10
74,82,10
74,82,10
74,82,10
74,82,10
74,82,10
74,82,10
74,82,10
74,82,10
74,82,10
74,82,10
74,82,10
74,82,10
74,82,10
74,82,10
74,82,10
74,82,10
74,82,10
74,82,10
74,82,10
74,82,10
74,82,10
74,82,10
74,82,10
74,82,10
74,82,10
74,82,10
74,82,10
74,82,10
74,82,10
74,82,10
74,82,10
74,82,10
74,82,10
74,82,10
74,82,10
74,82,10
74,82,10
74,82,10
74,82,10
74,82,10
74,82,10
74,82,10
74,79,10
74,79,10
74,79,10
74,79,10
74,79,10
74,79,10
74,79,10
74,79,10
74,79,10
74,79,10
74,79,10
74,79,10
74,79,10
74,79,10
74,79,10
74,79,10
74,79,10
74,79,10
74,79,10
74,79,10
74,79,10
74,79,10
74,79,10
74,79,10
74,79,10
74,79,10
74,79,10
74,79,10
74,79,10
74,79,10
74,79,10
74,79,10
74,79,10
74,79,10
74,79,10
74,79,10
74,79,10
74,79,10
74,79,10
74,79,10
74,79,10
74,79,10
74,79,10
74,79,10
74,79,10
74,79,10
74,79,10
74,79,10
74,79,10
74,79,10
74,79,10
74,79,10
74,79,10
74,79,10
74,79,10
74,79,10
74,79,10
74,74,10
74,74,10
74,74,10
74,74,10
74,74,10
74,74,10
74,74,10
74,74,10
74,74,10
74,74,10
74,74,10
74,74,10
74,74,10
74,74,10
74,74,10
74,74,10
74,74,10
74,74,10
74,74,10
74,74,10
74,74,10
74,74,10
74,74,10
74,74,10
74,74,10
74,74,10
74,74,10
74,74,10
74,74,10
74,74,10
74,74,10
74,74,10
74,74,10
74,74,10
74,74,10
74,74,10
74,87,10
74,87,10
74,87,10
74,87,10
74,87,10
74,87,10
74,87,10
74,87,10
74,87,10
74,87,10
74,87,10
74,87,10
74,87,10
74,62,10
74,62,10
74,62,10
74,62,10
74,62,10
74,62,10
74,62,10
74,62,10
74,62,10
74,62,10
74,62,10
74,62,10
74,62,10
74,62,10
74,62,10
74,62,10
74,62,10
74,62,10
74,72,10
74,72,10
74,72,10
74,72,10
74,72,10
74,72,10
74,72,10
74,72,10
74,72,10
74,72,10
74,72,10
74,72,10
74,72,10
74,72,10
74,72,10
74,74,10
74,74,10
74,74,10
74,74,10
74,74,10
74,74,10
74,74,10
74,74,10
74,74,10
74,74,10
74,74,10
74,74,10
74,74,10
74,74,10
74,74,10
74,74,10
74,74,10
74,74,10
74,74,10
74,74,10
74,74,10
74,74,10
74,74,10
74,74,10
74,74,10
74,74,10
74,74,10
74,74,10
74,74,10
74,74,10
74,74,10
74,74,10
74,74,10
74,74,10
74,70,10
74,70,10
74,70,10
74,70,10
74,70,10
74,70,10
74,70,10
74,70,10
74,83,10
74,83,10
74,83,10
74,83,10
74,83,10
74,83,10
74,83,10
74,83,10
74,83,10
74,83,10
74,83,10
74,82,10
74,82,10
74,82,10
74,82,10
74,82,10
74,82,10
74,82,10
74,82,10
74,82,10
74,82,10
74,82,10
74,82,10
74,82,10
74,82,10
74,82,10
74,82,10
74,82,10
74,82,10
74,82,10
74,69,10
74,69,10
74,69,10
74,69,10
74,69,10
74,69,10
74,69,10
74,69,10
74,69,10
74,69,10
74,69,10
74,69,10
74,69,10
74,69,10
74,69,10
74,69,10
74,69,10
74,69,10
74,69,10
74,69,10
74,69,10
74,69,10
74,69,10
74,69,10
74,69,10
74,69,10
74,69,10
74,69,10
74,69,10
74,69,10
74,69,10
74,69,10
74,69,10
74,77,10
74,77,10
74,77,10
74,77,10
74,77,10
74,77,10
74,77,10
74,77,10
74,77,10
74,77,10
74,77,10
74,77,10
74,77,10
74,77,10
74,77,10
74,77,10
74,77,10
74,77,10
74,77,10
74,77,10
74,77,10
74,77,10
74,77,10
74,77,10
74,77,10
74,77,10
74,77,10
74,70,10
74,70,10
74,70,10
74,70,10
74,70,10
74,70,10
74,70,10
74,70,10
74,70,10
74,70,10
74,70,10
74,70,10
74,70,10
74,70,10
74,70,10
74,70,10
74,70,10
74,70,10
74,70,10
74,70,10
74,70,10
74,71,10
74,71,10
74,71,10
74,71,10
74,71,10
74,71,10
74,71,10
74,71,10
74,71,10
74,71,10
74,71,10
74,71,10
74,71,10
74,71,10
74,71,10
74,71,10
74,71,10
74,71,10
74,71,10
74,71,10
74,71,10
74,71,10
74,71,10
74,71,10
74,71,10
74,71,10
74,71,10
74,71,10
74,71,10
74,71,10
74,71,10
74,71,10
74,71,10
74,71,10
74,71,10
74,71,10
74,71,10
74,71,10
74,71,10
74,74,10
74,74,10
74,74,10
74,74,10
74,74,10
74,74,10
74,74,10
74,74,10
74,74,10
74,74,10
74,74,10
74,74,10
74,74,10
74,74,10
74,74,10
74,74,10
74,74,10
74,74,10
74,74,10
74,74,10
74,74,10
74,76,10
74,76,10
74,76,10
74,76,10
74,76,10
74,76,10
74,61,10
74,61,10
74,61,10
74,61,10
74,61,10
74,61,10
74,61,10
74,61,10
74,61,10
74,61,10
74,61,10
74,61,10
74,61,10
74,61,10
74,61,10
74,61,10
74,61,10
74,61,10
74,61,10
74,61,10
74,61,10
114,110,10
114,110,10
114,110,10
114,110,10
114,110,10
114,110,10
114,110,10
114,110,10
114,110,10
114,110,10
114,110,10
114,110,10
114,110,10
114,110,10
114,110,10
114,110,10
114,110,10
114,110,10
114,110,10
114,110,10
114,110,10
114,110,10
114,110,10
114,110,10
114,110,10
114,110,10
114,110,10
114,110,10
114,110,10
114,110,10
114,110,10
114,110,10
114,110,10
114,110,10
114,110,10
114,110,10
114,96,10
114,96,10
114,96,10
114,96,10
114,96,10
114,96,10
114,96,10
114,96,10
114,96,10
114,96,10
114,96,10
114,96,10
114,96,10
114,96,10
114,96,10
114,96,10
114,96,10
114,96,10
114,96,10
114,96,10
114,96,10
114,96,10
114,96,10
114,96,10
114,96,10
114,96,10
114,96,10
114,96,10
114,96,10
114,96,10
114,96,10
114,125,10
114,125,10
114,125,10
114,125,10
114,125,10
114,125,10
114,125,10
114,125,10
114,125,10
114,125,10
114,125,10
114,125,10
114,125,10
114,125,10
114,125,10
114,125,10
114,125,10
114,125,10
114,125,10
114,125,10
114,125,10
114,125,10
114,125,10
114,125,10
114,125,10
114,125,10
114,125,10
114,125,10
114,125,10
114,125,10
114,125,10
114,125,10
114,125,10
114,125,10
114,125,10
114,125,10
114,125,10
114,125,10
114,132,10
114,132,10
114,132,10
114,132,10
114,132,10
114,132,10
114,132,10
114,132,10
114,132,10
114,132,10
114,132,10
114,132,10
114,132,10
114,129,10
114,129,10
114,129,10
114,129,10
114,129,10
114,129,10
114,129,10
114,129,10
114,129,10
114,129,10
114,129,10
114,129,10
114,129,10
114,122,10
114,122,10
114,122,10
114,122,10
114,122,10
114,122,10
114,122,10
114,122,10
114,122,10
114,93,10
114,93,10
114,93,10
114,93,10
114,93,10
114,93,10
114,93,10
114,93,10
114,93,10
114,93,10
114,93,10
114,93,10
114,93,10
114,116,10
114,116,10
114,116,10
114,116,10
114,116,10
114,116,10
114,116,10
114,116,10
114,116,10
114,121,10
114,121,10
114,121,10
114,121,10
114,121,10
114,121,10
114,121,10
114,121,10
114,121,10
114,121,10
114,121,10
114,121,10
114,121,10
114,121,10
114,121,10
114,118,10
114,118,10
114,118,10
114,118,10
114,118,10
114,118,10
114,118,10
114,118,10
114,118,10
114,118,10
114,118,10
114,118,10
114,118,10
114,118,10
114,118,10
114,118,10
114,118,10
114,118,10
114,118,10
114,118,10
114,118,10
114,118,10
114,109,10
114,109,10
114,109,10
114,109,10
114,109,10
114,109,10
114,109,10
114,109,10
114,109,10
114,104,10
114,104,10
114,104,10
114,104,10
114,104,10
114,104,10
114,104,10
114,104,10
114,115,10
114,115,10
114,115,10
114,115,10
114,115,10
114,115,10
114,115,10
114,115,10
114,115,10
114,115,10
114,115,10
114,115,10
114,115,10
114,115,10
114,115,10
114,115,10
114,115,10
114,115,10
114,115,10
114,115,10
114,115,10
114,115,10
114,115,10
114,115,10
114,115,10
114,115,10
114,115,10
114,115,10
114,115,10
114,115,10
114,115,10
114,130,10
114,130,10
114,130,10
114,130,10
114,130,10
114,130,10
114,130,10
114,130,10
114,130,10
114,130,10
114,130,10
114,130,10
114,130,10
114,109,10
114,109,10
114,109,10
114,109,10
114,109,10
114,109,10
114,109,10
114,109,10
114,114,10
114,114,10
114,114,10
114,114,10
114,114,10
114,114,10
114,114,10
114,114,10
114,114,10
114,114,10
114,114,10
114,114,10
114,114,10
114,114,10
114,114,10
114,114,10
114,114,10
114,114,10
114,114,10
114,106,10
114,106,10
114,106,10
114,106,10
114,106,10
114,106,10
114,106,10
114,106,10
114,108,10
114,108,10
114,108,10
114,108,10
114,108,10
114,108,10
114,108,10
114,108,10
114,108,10
114,108,10
114,108,10
114,108,10
114,108,10
114,108,10
114,108,10
114,108,10
114,108,10
114,108,10
114,108,10
114,108,10
114,108,10
114,108,10
114,108,10
114,108,10
114,108,10
114,108,10
114,108,10
114,108,10
114,108,10
114,108,10
114,108,10
114,108,10
114,108,10
114,108,10
114,108,10
114,108,10
114,108,10
114,108,10
114,108,10
114,108,10
114,108,10
114,108,10
114,108,10
114,108,10
114,100,10
114,100,10
114,100,10
114,100,10
114,100,10
114,100,10
114,100,10
114,100,10
114,100,10
114,100,10
114,100,10
114,100,10
114,100,10
114,100,10
114,100,10
114,100,10
114,100,10
114,100,10
114,100,10
114,100,10
114,100,10
114,100,10
114,100,10
114,100,10
114,100,10
114,100,10
114,100,10
114,100,10
114,100,10
114,100,10
114,100,10
114,100,10
114,100,10
114,100,10
114,100,10
114,100,10
114,100,10
114,100,10
114,100,10
114,100,10
114,100,10
114,100,10
114,100,10
114,116,10
114,116,10
114,116,10
114,116,10
114,116,10
114,116,10
114,116,10
114,116,10
114,116,10
114,116,10
114,116,10
114,116,10
114,116,10
114,116,10
114,116,10
114,116,10
114,116,10
114,116,10
114,116,10
114,116,10
114,116,10
114,116,10
114,108,10
114,108,10
114,108,10
114,108,10
114,108,10
114,108,10
114,108,10
114,108,10
114,108,10
114,125,10
114,125,10
114,125,10
114,125,10
114,125,10
114,125,10
114,125,10
114,125,10
114,125,10
114,125,10
114,125,10
114,106,10
114,106,10
114,106,10
114,106,10
114,106,10
114,106,10
114,106,10
114,106,10
114,106,10
114,106,10
114,106,10
114,106,10
114,106,10
114,106,10
114,106,10
114,106,10
114,106,10
114,106,10
114,106,10
114,106,10
114,106,10
114,106,10
114,106,10
114,106,10
114,127,10
114,127,10
114,127,10
114,127,10
114,127,10
114,127,10
114,127,10
114,127,10
114,127,10
114,127,10
114,127,10
114,127,10
114,127,10
114,127,10
114,127,10
114,127,10
114,127,10
114,127,10
114,127,10
114,127,10
114,127,10
114,127,10
114,127,10
114,127,10
114,127,10
114,127,10
114,127,10
114,127,10
114,127,10
114,127,10
114,127,10
114,127,10
114,127,10
114,127,10
114,127,10
114,127,10
114,127,10
114,127,10
114,127,10
114,127,10
114,127,10
114,127,10
114,127,10
114,127,10
114,127,10
114,127,10
114,127,10
114,127,10
114,127,10
114,127,10
114,127,10
114,127,10
114,101,10
114,101,10
114,101,10
114,101,10
114,101,10
114,101,10
114,101,10
114,101,10
114,101,10
114,101,10
114,101,10
114,101,10
114,101,10
114,101,10
114,101,10
114,101,10
114,101,10
114,101,10
114,101,10
114,101,10
114,101,10
114,101,10
114,101,10
114,101,10
114,101,10
114,101,10
114,101,10
114,101,10
114,101,10
114,116,10
114,116,10
114,116,10
114,116,10
114,116,10
114,116,10
114,116,10
114,116,10
114,116,10
114,116,10
114,116,10
114,116,10
114,116,10
114,116,10
114,116,10
114,116,10
114,116,10
114,116,10
114,116,10
114,116,10
114,116,10
114,116,10
114,116,10
114,116,10
114,116,10
114,116,10
114,118,10
114,118,10
114,118,10
114,118,10
114,118,10
114,118,10
114,118,10
114,118,10
114,118,10
114,118,10
114,118,10
114,118,10
114,118,10
114,118,10
114,110,10
114,110,10
114,110,10
114,110,10
114,110,10
114,110,10
114,110,10
114,110,10
114,110,10
114,110,10
114,110,10
114,110,10
114,110,10
114,110,10
114,110,10
114,110,10
114,110,10
114,110,10
114,110,10
114,110,10
114,110,10
114,110,10
114,110,10
114,110,10
114,110,10
114,110,10
114,106,10
114,106,10
114,106,10
114,106,10
114,106,10
114,106,10
114,106,10
114,106,10
114,106,10
114,106,10
114,106,10
114,106,10
114,106,10
114,106,10
114,106,10
114,106,10
114,106,10
114,106,10
114,106,10
114,106,10
114,106,10
114,106,10
114,106,10
114,106,10
114,106,10
114,106,10
114,104,10
114,104,10
114,104,10
114,104,10
114,104,10
114,104,10
114,104,10
114,104,10
114,113,10
114,113,10
114,113,10
114,113,10
114,113,10
114,113,10
114,113,10
114,113,10
114,113,10
114,113,10
114,113,10
114,113,10
114,124,10
114,124,10
114,124,10
114,124,10
114,124,10
114,124,10
114,110,10
114,110,10
114,110,10
114,110,10
114,110,10
114,110,10
114,110,10
114,110,10
114,110,10
114,110,10
114,110,10
114,110,10
114,110,10
114,110,10
114,110,10
114,110,10
114,129,10
114,129,10
114,129,10
114,129,10
114,129,10
114,129,10
114,129,10
114,129,10
114,129,10
114,129,10
114,129,10
114,129,10
114,129,10
114,129,10
114,129,10
114,129,10
114,129,10
114,129,10
114,129,10
114,129,10
114,129,10
114,129,10
114,132,10
114,132,10
114,132,10
114,132,10
114,132,10
114,132,10
114,132,10
114,132,10
114,132,10
114,132,10
114,132,10
114,132,10
114,132,10
134,135,10
134,135,10
134,135,10
134,135,10
134,135,10
134,135,10
134,135,10
134,135,10
134,135,10
134,135,10
134,135,10
134,135,10
134,135,10
134,135,10
134,135,10
134,135,10
134,135,10
134,141,10
134,141,10
134,141,10
134,141,10
134,141,10
134,141,10
134,141,10
134,141,10
134,141,10
134,141,10
134,141,10
134,141,10
134,141,10
134,141,10
134,141,10
134,141,10
134,141,10
134,107,10
134,107,10
134,107,10
134,107,10
134,107,10
134,107,10
134,107,10
134,107,10
134,107,10
134,107,10
134,107,10
134,107,10
134,107,10
134,107,10
134,107,10
134,107,10
134,107,10
134,107,10
134,107,10
134,107,10
134,107,10
134,107,10
134,107,10
134,134,10
134,134,10
134,134,10
134,134,10
134,134,10
134,134,10
134,134,10
134,134,10
134,134,10
134,134,10
134,134,10
134,134,10
134,134,10
134,134,10
134,134,10
134,134,10
134,134,10
134,134,10
134,134,10
134,134,10
134,134,10
134,134,10
134,134,10
134,134,10
134,133,10
134,133,10
134,133,10
134,133,10
134,133,10
134,133,10
134,133,10
134,133,10
134,133,10
134,133,10
134,133,10
134,133,10
134,133,10
134,133,10
134,133,10
134,133,10
134,133,10
134,133,10
134,133,10
134,133,10
134,133,10
134,133,10
134,133,10
134,133,10
134,133,10
134,133,10
134,133,10
134,133,10
134,133,10
134,133,10
134,133,10
134,133,10
134,123,10
134,123,10
134,123,10
134,123,10
134,123,10
134,123,10
134,123,10
134,123,10
134,123,10
134,123,10
134,123,10
134,123,10
134,123,10
134,123,10
134,123,10
134,123,10
134,123,10
134,123,10
134,123,10
134,123,10
134,123,10
134,123,10
134,123,10
134,123,10
134,123,10
134,123,10
134,123,10
134,123,10
134,123,10
134,123,10
134,123,10
134,123,10
134,123,10
134,123,10
134,123,10
134,123,10
134,123,10
134,123,10
134,123,10
134,123,10
134,123,10
134,123,10
134,123,10
134,123,10
134,123,10
134,123,10
134,123,10
134,123,10
134,123,10
134,123,10
134,123,10
134,123,10
134,123,10
134,123,10
134,123,10
134,123,10
134,123,10
134,123,10
134,118,10
134,118,10
134,118,10
134,118,10
134,118,10
134,118,10
134,118,10
134,118,10
134,118,10
134,118,10
134,118,10
134,118,10
134,118,10
134,118,10
134,118,10
134,118,10
134,118,10
134,118,10
134,118,10
134,118,10
134,118,10
134,118,10
134,118,10
134,118,10
134,118,10
134,118,10
134,118,10
134,118,10
134,118,10
134,118,10
134,118,10
134,118,10
134,130,10
134,130,10
134,130,10
134,130,10
134,130,10
134,130,10
134,130,10
134,130,10
134,130,10
134,130,10
134,130,10
134,130,10
134,130,10
134,130,10
134,130,10
134,130,10
134,130,10
134,130,10
134,130,10
134,130,10
134,149,10
134,149,10
134,149,10
134,149,10
134,149,10
134,149,10
134,149,10
134,149,10
134,124,10
134,124,10
134,124,10
134,124,10
134,124,10
134,124,10
134,124,10
134,124,10
134,124,10
134,124,10
134,124,10
134,124,10
134,124,10
134,124,10
134,124,10
134,124,10
134,124,10
134,124,10
134,124,10
134,124,10
134,124,10
134,124,10
134,124,10
134,124,10
134,124,10
134,124,10
134,124,10
134,141,10
134,141,10
134,141,10
134,141,10
134,141,10
134,141,10
134,141,10
134,141,10
134,141,10
134,141,10
134,141,10
134,141,10
134,141,10
134,141,10
134,141,10
134,141,10
134,141,10
134,141,10
134,141,10
134,141,10
134,141,10
134,141,10
134,141,10
134,141,10
134,141,10
134,141,10
134,141,10
134,141,10
134,141,10
134,133,10
134,133,10
134,133,10
134,133,10
134,133,10
134,133,10
134,133,10
134,133,10
134,133,10
134,133,10
134,133,10
134,133,10
134,133,10
134,133,10
134,133,10
134,133,10
134,133,10
134,133,10
134,133,10
134,133,10
134,133,10
134,133,10
134,133,10
134,133,10
134,133,10
134,133,10
134,133,10
134,133,10
134,144,10
134,144,10
134,144,10
134,144,10
134,144,10
134,144,10
134,144,10
134,144,10
134,144,10
134,144,10
134,144,10
134,144,10
134,144,10
134,144,10
134,144,10
134,144,10
134,144,10
134,144,10
134,144,10
134,144,10
134,144,10
134,144,10
134,144,10
134,144,10
134,144,10
134,144,10
134,150,10
134,150,10
134,150,10
134,150,10
134,150,10
134,150,10
134,150,10
134,150,10
134,150,10
134,150,10
134,150,10
134,150,10
134,150,10
134,150,10
134,132,10
134,132,10
134,132,10
134,132,10
134,132,10
134,132,10
134,132,10
134,132,10
134,132,10
134,132,10
134,132,10
134,132,10
134,132,10
134,132,10
134,132,10
134,132,10
134,132,10
134,132,10
134,132,10
134,132,10
134,132,10
134,132,10
134,132,10
134,132,10
134,132,10
134,132,10
134,132,10
134,132,10
134,132,10
134,132,10
134,132,10
134,132,10
134,132,10
134,132,10
134,132,10
134,132,10
134,132,10
134,132,10
134,132,10
134,132,10
134,132,10
134,132,10
134,132,10
134,129,10
134,129,10
134,129,10
134,129,10
134,129,10
134,129,10
134,129,10
134,129,10
134,129,10
134,129,10
134,129,10
134,129,10
134,129,10
134,129,10
134,129,10
134,129,10
134,129,10
134,129,10
134,129,10
134,129,10
134,129,10
134,129,10
134,129,10
134,129,10
134,129,10
134,129,10
134,129,10
134,129,10
134,129,10
134,129,10
134,129,10
134,129,10
134,129,10
134,129,10
134,129,10
134,129,10
134,129,10
134,129,10
134,129,10
134,129,10
134,129,10
134,129,10
134,129,10
134,155,10
134,155,10
134,155,10
134,155,10
134,155,10
134,155,10
134,155,10
134,155,10
134,155,10
134,155,10
134,155,10
134,155,10
134,155,10
134,155,10
134,155,10
134,155,10
134,155,10
134,155,10
134,155,10
134,155,10
134,155,10
134,155,10
134,155,10
134,113,10
134,113,10
134,113,10
134,113,10
134,113,10
134,113,10
134,113,10
134,113,10
134,113,10
134,113,10
134,113,10
134,113,10
134,113,10
134,113,10
134,145,10
134,145,10
134,145,10
134,145,10
134,145,10
134,145,10
134,145,10
134,145,10
134,145,10
134,145,10
134,145,10
134,145,10
134,145,10
134,145,10
134,145,10
134,145,10
134,145,10
94,115,10
94,115,10
94,115,10
94,115,10
94,115,10
94,115,10
94,115,10
94,115,10
94,115,10
94,115,10
94,115,10
94,115,10
94,115,10
94,115,10
94,115,10
94,115,10
94,115,10
94,115,10
94,115,10
94,115,10
94,115,10
94,115,10
94,115,10
94,115,10
94,115,10
94,115,10
94,115,10
94,115,10
94,82,10
94,82,10
94,82,10
94,82,10
94,82,10
94,82,10
94,82,10
94,82,10
94,82,10
94,82,10
94,82,10
94,82,10
94,82,10
94,82,10
94,82,10
94,82,10
94,82,10
94,82,10
94,93,10
94,93,10
94,93,10
94,93,10
94,93,10
94,93,10
94,93,10
94,93,10
94,93,10
94,93,10
94,93,10
94,93,10
94,93,10
94,93,10
94,93,10
94,93,10
94,93,10
94,93,10
94,93,10
94,93,10
94,93,10
94,93,10
94,93,10
94,93,10
94,93,10
94,93,10
94,93,10
94,93,10
94,93,10
94,93,10
94,93,10
94,93,10
94,93,10
94,93,10
94,93,10
94,93,10
94,93,10
94,93,10
94,93,10
94,93,10
94,93,10
94,93,10
94,93,10
94,93,10
94,93,10
94,93,10
94,90,10
94,90,10
94,90,10
94,90,10
94,90,10
94,90,10
94,90,10
94,90,10
94,90,10
94,90,10
94,90,10
94,90,10
94,90,10
94,90,10
94,90,10
94,90,10
94,90,10
94,90,10
94,77,10
94,77,10
94,77,10
94,77,10
94,77,10
94,77,10
94,77,10
94,77,10
94,77,10
94,77,10
94,77,10
94,77,10
94,77,10
94,77,10
94,77,10
94,77,10
94,77,10
94,77,10
94,77,10
94,77,10
94,77,10
94,77,10
94,77,10
94,77,10
94,77,10
94,77,10
94,77,10
94,77,10
94,77,10
94,77,10
94,77,10
94,109,10
94,109,10
94,109,10
94,109,10
94,109,10
94,109,10
94,109,10
94,109,10
94,109,10
94,109,10
94,109,10
94,109,10
94,109,10
94,109,10
94,109,10
94,109,10
94,109,10
94,109,10
94,109,10
94,109,10
94,109,10
94,109,10
94,109,10
94,109,10
94,109,10
94,109,10
94,109,10
94,109,10
94,109,10
94,109,10
94,109,10
94,109,10
94,109,10
94,109,10
94,109,10
94,109,10
94,109,10
94,109,10
94,109,10
94,109,10
94,109,10
94,109,10
94,109,10
94,109,10
94,109,10
94,92,10
94,92,10
94,92,10
94,92,10
94,92,10
94,92,10
94,77,10
94,77,10
94,77,10
94,77,10
94,77,10
94,77,10
94,77,10
94,77,10
94,77,10
94,77,10
94,77,10
94,77,10
94,93,10
94,93,10
94,93,10
94,93,10
94,93,10
94,93,10
94,93,10
94,93,10
94,93,10
94,93,10
94,93,10
94,93,10
94,93,10
94,93,10
94,93,10
94,93,10
94,93,10
94,93,10
94,93,10
94,87,10
94,87,10
94,87,10
94,87,10
94,87,10
94,87,10
94,87,10
94,87,10
94,87,10
94,87,10
94,87,10
94,87,10
94,87,10
94,87,10
94,87,10
94,87,10
94,87,10
94,87,10
94,87,10
94,87,10
94,87,10
94,87,10
94,87,10
94,87,10
94,87,10
94,87,10
94,87,10
94,87,10
94,87,10
94,87,10
94,87,10
94,87,10
94,87,10
94,87,10
94,87,10
94,87,10
94,87,10
94,87,10
94,87,10
94,87,10
94,83,10
94,83,10
94,83,10
94,83,10
94,83,10
94,83,10
94,103,10
94,103,10
94,103,10
94,103,10
94,103,10
94,103,10
94,103,10
94,103,10
94,103,10
94,103,10
94,103,10
94,90,10
94,90,10
94,90,10
94,90,10
94,90,10
94,90,10
94,90,10
94,90,10
94,90,10
94,88,10
94,88,10
94,88,10
94,88,10
94,88,10
94,88,10
94,88,10
94,88,10
94,88,10
94,88,10
94,88,10
94,88,10
94,88,10
94,88,10
94,88,10
94,88,10
94,88,10
94,88,10
94,88,10
94,88,10
94,88,10
94,88,10
94,88,10
94,88,10
94,100,10
94,100,10
94,100,10
94,100,10
94,100,10
94,100,10
94,100,10
94,100,10
94,100,10
94,100,10
94,100,10
94,100,10
94,100,10
94,100,10
94,100,10
94,100,10
94,100,10
94,100,10
94,100,10
94,100,10
94,100,10
94,100,10
94,100,10
94,100,10
94,100,10
94,100,10
94,100,10
94,100,10
94,100,10
94,100,10
94,100,10
94,100,10
94,100,10
94,100,10
94,100,10
94,100,10
94,100,10
94,100,10
94,100,10
94,100,10
94,100,10
94,100,10
94,100,10
94,100,10
94,100,10
94,100,10
94,100,10
94,100,10
94,100,10
94,100,10
94,100,10
94,100,10
94,100,10
94,100,10
94,100,10
94,100,10
94,100,10
94,103,10
94,103,10
94,103,10
94,103,10
94,103,10
94,103,10
94,103,10
94,103,10
94,103,10
94,98,10
94,98,10
94,98,10
94,98,10
94,98,10
94,98,10
94,98,10
94,98,10
94,98,10
94,98,10
94,98,10
94,98,10
94,98,10
94,98,10
94,98,10
94,98,10
94,98,10
94,98,10
94,98,10
94,98,10
94,98,10
94,98,10
94,98,10
94,98,10
94,98,10
94,98,10
94,93,10
94,93,10
94,93,10
94,93,10
94,93,10
94,93,10
94,93,10
94,93,10
94,93,10
94,93,10
94,93,10
94,93,10
94,93,10
94,93,10
94,93,10
94,93,10
94,93,10
94,93,10
94,93,10
94,93,10
94,93,10
94,93,10
94,93,10
94,93,10
94,93,10
94,93,10
94,93,10
94,93,10
94,93,10
94,93,10
94,93,10
94,93,10
94,93,10
94,93,10
94,93,10
94,93,10
94,93,10
94,93,10
94,93,10
94,93,10
94,93,10
94,93,10
94,93,10
94,93,10
94,93,10
94,93,10
94,93,10
94,93,10
94,89,10
94,89,10
94,89,10
94,89,10
94,89,10
94,89,10
94,89,10
94,89,10
94,89,10
94,89,10
94,89,10
94,89,10
94,89,10
94,89,10
94,89,10
94,89,10
94,89,10
94,89,10
94,89,10
94,89,10
94,89,10
94,89,10
94,89,10
94,89,10
94,103,10
94,103,10
94,103,10
94,103,10
94,103,10
94,103,10
94,103,10
94,103,10
94,103,10
94,103,10
94,103,10
94,86,10
94,86,10
94,86,10
94,86,10
94,86,10
94,86,10
94,86,10
94,86,10
94,86,10
94,86,10
94,108,10
94,108,10
94,108,10
94,108,10
94,108,10
94,108,10
94,108,10
94,108,10
94,108,10
94,108,10
94,108,10
94,108,10
94,108,10
94,108,10
94,108,10
94,108,10
94,108,10
94,108,10
94,108,10
94,108,10
94,108,10
94,108,10
94,108,10
94,108,10
94,108,10
94,108,10
94,108,10
94,108,10
94,108,10
94,108,10
94,108,10
94,108,10
94,79,10
94,79,10
94,79,10
94,79,10
94,79,10
94,79,10
94,79,10
94,79,10
94,79,10
94,79,10
94,79,10
94,79,10
94,79,10
94,79,10
94,79,10
94,79,10
94,79,10
94,79,10
94,79,10
94,79,10
94,79,10
94,79,10
94,79,10
94,79,10
94,88,10
94,88,10
94,88,10
94,88,10
94,88,10
94,88,10
94,88,10
94,88,10
94,88,10
94,88,10
94,88,10
94,88,10
94,88,10
94,88,10
94,88,10
94,88,10
94,88,10
94,88,10
94,88,10
94,88,10
94,88,10
94,88,10
94,88,10
94,88,10
94,88,10
94,88,10
94,88,10
94,88,10
94,88,10
94,88,10
94,88,10
94,88,10
94,88,10
94,88,10
94,88,10
94,88,10
94,88,10
94,88,10
94,88,10
94,88,10
94,88,10
94,88,10
64,71,10
64,71,10
64,71,10
64,71,10
64,71,10
64,71,10
64,71,10
64,71,10
64,71,10
64,71,10
64,71,10
64,71,10
64,71,10
64,71,10
64,71,10
64,71,10
64,71,10
64,77,10
64,77,10
64,77,10
64,77,10
64,77,10
64,77,10
64,77,10
64,77,10
64,77,10
64,77,10
64,77,10
64,77,10
64,77,10
64,77,10
64,77,10
64,77,10
64,77,10
64,77,10
64,77,10
64,77,10
64,77,10
64,77,10
64,77,10
64,77,10
64,77,10
64,77,10
64,77,10
64,77,10
64,77,10
64,60,10
64,60,10
64,60,10
64,60,10
64,60,10
64,60,10
64,60,10
64,60,10
64,60,10
64,60,10
64,60,10
64,67,10
64,67,10
64,67,10
64,67,10
64,67,10
64,67,10
64,67,10
64,67,10
64,67,10
64,67,10
64,67,10
64,67,10
64,67,10
64,67,10
64,67,10
64,67,10
64,67,10
64,67,10
64,67,10
64,67,10
64,67,10
64,67,10
64,67,10
64,67,10
64,67,10
64,69,10
64,69,10
64,69,10
64,69,10
64,69,10
64,69,10
64,69,10
64,59,10
64,59,10
64,59,10
64,59,10
64,59,10
64,59,10
64,59,10
64,59,10
64,59,10
64,59,10
64,59,10
64,59,10
64,59,10
64,59,10
64,59,10
64,59,10
64,59,10
64,59,10
64,59,10
64,59,10
64,59,10
64,59,10
64,59,10
64,53,10
64,53,10
64,53,10
64,53,10
64,53,10
64,53,10
64,53,10
64,67,10
64,67,10
64,67,10
64,67,10
64,67,10
64,67,10
64,67,10
64,67,10
64,67,10
64,67,10
64,67,10
64,67,10
64,67,10
64,67,10
64,67,10
64,67,10
64,67,10
64,67,10
64,67,10
64,67,10
64,67,10
64,67,10
64,58,10
64,58,10
64,58,10
64,58,10
64,58,10
64,58,10
64,58,10
64,58,10
64,58,10
64,58,10
64,58,10
64,58,10
64,58,10
64,58,10
64,58,10
64,58,10
64,58,10
64,58,10
64,58,10
64,58,10
64,58,10
64,58,10
64,58,10
64,58,10
64,58,10
64,58,10
64,58,10
64,58,10
64,58,10
64,58,10
64,58,10
64,58,10
64,58,10
64,58,10
64,58,10
64,58,10
64,58,10
64,58,10
64,58,10
64,58,10
64,70,10
64,70,10
64,70,10
64,70,10
64,70,10
64,70,10
64,70,10
64,70,10
64,70,10
64,70,10
64,70,10
64,70,10
64,70,10
64,70,10
64,70,10
64,70,10
64,70,10
64,65,10
64,65,10
64,65,10
64,65,10
64,65,10
64,65,10
64,65,10
64,65,10
64,65,10
64,65,10
64,65,10
64,65,10
64,65,10
64,65,10
64,65,10
64,65,10
64,65,10
64,65,10
64,65,10
64,65,10
64,65,10
64,65,10
64,65,10
64,65,10
64,65,10
64,65,10
64,65,10
64,65,10
64,67,10
64,67,10
64,67,10
64,67,10
64,67,10
64,67,10
64,67,10
64,67,10
64,72,10
64,72,10
64,72,10
64,72,10
64,72,10
64,72,10
64,72,10
64,72,10
64,72,10
64,72,10
64,72,10
64,72,10
64,72,10
64,72,10
64,72,10
64,72,10
64,72,10
64,72,10
64,72,10
64,72,10
64,72,10
64,72,10
64,72,10
64,72,10
64,72,10
64,72,10
64,72,10
64,72,10
64,72,10
64,72,10
64,72,10
64,72,10
64,60,10
64,60,10
64,60,10
64,60,10
64,60,10
64,60,10
64,60,10
64,67,10
64,67,10
64,67,10
64,67,10
64,67,10
64,67,10
64,67,10
64,67,10
64,67,10
64,67,10
64,67,10
64,67,10
64,67,10
64,67,10
64,67,10
64,67,10
64,67,10
64,67,10
64,60,10
64,60,10
64,60,10
64,60,10
64,60,10
64,60,10
64,60,10
64,60,10
64,60,10
64,60,10
64,60,10
64,60,10
64,60,10
64,60,10
64,60,10
64,60,10
64,60,10
64,60,10
64,60,10
64,60,10
64,60,10
64,60,10
64,61,10
64,61,10
64,61,10
64,61,10
64,61,10
64,61,10
64,64,10
64,64,10
64,64,10
64,64,10
64,64,10
64,64,10
64,64,10
64,58,10
64,58,10
64,58,10
64,58,10
64,58,10
64,58,10
64,58,10
64,58,10
64,58,10
64,58,10
64,58,10
64,58,10
64,58,10
64,58,10
64,58,10
64,58,10
64,58,10
64,58,10
64,58,10
64,58,10
64,58,10
64,58,10
64,58,10
64,58,10
64,58,10
64,58,10
64,58,10
64,58,10
64,58,10
64,58,10
64,58,10
64,58,10
64,58,10
64,58,10
64,58,10
64,44,10
64,44,10
64,44,10
64,44,10
64,44,10
64,44,10
64,44,10
64,44,10
64,44,10
64,44,10
64,44,10
64,44,10
64,39,10
64,39,10
64,39,10
64,39,10
64,39,10
64,39,10
64,39,10
64,39,10
64,39,10
64,39,10
64,72,10
64,72,10
64,72,10
64,72,10
64,72,10
64,72,10
64,72,10
64,72,10
64,63,10
64,63,10
64,63,10
64,63,10
64,63,10
64,63,10
64,63,10
64,63,10
64,63,10
64,63,10
64,63,10
64,63,10
64,61,10
64,61,10
64,61,10
64,61,10
64,61,10
64,61,10
64,61,10
64,61,10
64,61,10
64,61,10
64,61,10
64,61,10
64,61,10
64,61,10
64,61,10
64,61,10
64,61,10
64,66,10
64,66,10
64,66,10
64,66,10
64,66,10
64,66,10
64,66,10
64,66,10
64,66,10
64,66,10
64,66,10
64,66,10
64,66,10
64,66,10
64,66,10
64,66,10
64,66,10
64,66,10
64,65,10
64,65,10
64,65,10
64,65,10
64,65,10
64,65,10
64,65,10
64,65,10
64,65,10
64,65,10
64,65,10
64,65,10
64,65,10
64,72,10
64,72,10
64,72,10
64,72,10
64,72,10
64,72,10
64,72,10
64,72,10
64,72,10
64,72,10
64,72,10
64,72,10
64,72,10
64,72,10
64,72,10
64,72,10
64,72,10
64,72,10
64,72,10
64,72,10
64,72,10
64,72,10
64,72,10
64,72,10
64,72,10
64,72,10
64,72,10
64,72,10
64,72,10
64,72,10
64,72,10
64,72,10
64,72,10
64,72,10
64,72,10
64,72,10
64,72,10
64,72,10
64,72,10
64,72,10
64,72,10
64,72,10
64,72,10
64,72,10
64,54,10
64,54,10
64,54,10
64,54,10
64,54,10
64,54,10
64,54,10
64,54,10
64,54,10
64,54,10
64,54,10
64,54,10
64,54,10
64,54,10
64,54,10
104,92,10
104,92,10
104,92,10
104,92,10
104,92,10
104,92,10
104,92,10
104,92,10
104,92,10
104,92,10
104,92,10
104,92,10
104,92,10
104,92,10
104,92,10
104,92,10
104,92,10
104,92,10
104,92,10
104,92,10
104,92,10
104,92,10
104,92,10
104,92,10
104,92,10
104,92,10
104,84,10
104,84,10
104,84,10
104,84,10
104,84,10
104,84,10
104,84,10
104,84,10
104,84,10
104,84,10
104,84,10
104,84,10
104,84,10
104,84,10
104,84,10
104,84,10
104,84,10
104,84,10
104,84,10
104,104,10
104,104,10
104,104,10
104,104,10
104,104,10
104,104,10
104,107,10
104,107,10
104,107,10
104,107,10
104,107,10
104,107,10
104,107,10
104,107,10
104,107,10
104,107,10
104,107,10
104,107,10
104,107,10
104,107,10
104,107,10
104,107,10
104,107,10
104,107,10
104,107,10
104,107,10
104,107,10
104,107,10
104,107,10
104,107,10
104,109,10
104,109,10
104,109,10
104,109,10
104,109,10
104,109,10
104,109,10
104,101,10
104,101,10
104,101,10
104,101,10
104,101,10
104,101,10
104,101,10
104,101,10
104,101,10
104,101,10
104,101,10
104,101,10
104,101,10
104,101,10
104,101,10
104,101,10
104,101,10
104,101,10
104,101,10
104,101,10
104,99,10
104,99,10
104,99,10
104,99,10
104,99,10
104,99,10
104,99,10
104,99,10
104,99,10
104,99,10
104,99,10
104,99,10
104,99,10
104,99,10
104,99,10
104,99,10
104,99,10
104,99,10
104,102,10
104,102,10
104,102,10
104,102,10
104,102,10
104,102,10
104,102,10
104,102,10
104,102,10
104,102,10
104,102,10
104,102,10
104,102,10
104,102,10
104,102,10
104,102,10
104,102,10
104,102,10
104,102,10
104,102,10
104,102,10
104,102,10
104,102,10
104,102,10
104,102,10
104,102,10
104,102,10
104,102,10
104,102,10
104,102,10
104,102,10
104,102,10
104,102,10
104,102,10
104,102,10
104,102,10
104,102,10
104,102,10
104,102,10
104,102,10
104,102,10
104,102,10
104,102,10
104,102,10
104,102,10
104,102,10
104,102,10
104,102,10
104,102,10
104,102,10
104,102,10
104,102,10
104,102,10
104,99,10
104,99,10
104,99,10
104,99,10
104,99,10
104,99,10
104,99,10
104,99,10
104,99,10
104,99,10
104,99,10
104,99,10
104,99,10
104,99,10
104,99,10
104,99,10
104,99,10
104,99,10
104,99,10
104,99,10
104,99,10
104,99,10
104,99,10
104,99,10
104,99,10
104,99,10
104,99,10
104,99,10
104,99,10
104,99,10
104,99,10
104,99,10
104,110,10
104,110,10
104,110,10
104,110,10
104,110,10
104,110,10
104,110,10
104,110,10
104,110,10
104,110,10
104,110,10
104,110,10
104,110,10
104,110,10
104,110,10
104,110,10
104,110,10
104,110,10
104,120,10
104,120,10
104,120,10
104,120,10
104,120,10
104,120,10
104,120,10
104,120,10
104,106,10
104,106,10
104,106,10
104,106,10
104,106,10
104,106,10
104,106,10
104,106,10
104,106,10
104,106,10
104,106,10
104,107,10
104,107,10
104,107,10
104,107,10
104,107,10
104,107,10
104,107,10
104,107,10
104,107,10
104,107,10
104,86,10
104,86,10
104,86,10
104,86,10
104,86,10
104,86,10
104,86,10
104,86,10
104,86,10
104,86,10
104,86,10
104,86,10
104,86,10
104,86,10
104,86,10
104,86,10
104,86,10
104,86,10
104,86,10
104,86,10
104,113,10
104,113,10
104,113,10
104,113,10
104,113,10
104,113,10
104,113,10
104,113,10
104,113,10
104,113,10
104,113,10
104,113,10
104,113,10
104,113,10
104,113,10
104,113,10
104,113,10
104,113,10
104,113,10
104,113,10
104,113,10
104,113,10
104,113,10
104,113,10
104,113,10
104,113,10
104,113,10
104,113,10
104,113,10
104,113,10
104,113,10
104,113,10
104,113,10
104,113,10
104,113,10
104,101,10
104,101,10
104,101,10
104,101,10
104,101,10
104,101,10
104,101,10
104,101,10
104,100,10
104,100,10
104,100,10
104,100,10
104,100,10
104,100,10
104,100,10
104,100,10
104,100,10
104,100,10
104,100,10
104,100,10
104,100,10
104,100,10
104,100,10
104,100,10
104,100,10
104,100,10
104,100,10
104,100,10
104,100,10
104,100,10
104,100,10
104,100,10
104,100,10
104,100,10
104,100,10
104,100,10
104,100,10
104,100,10
104,100,10
104,100,10
104,100,10
104,100,10
104,100,10
104,100,10
104,100,10
104,100,10
104,100,10
104,100,10
104,100,10
104,100,10
104,100,10
104,100,10
104,100,10
104,100,10
104,100,10
104,100,10
104,100,10
104,100,10
104,100,10
104,94,10
104,94,10
104,94,10
104,94,10
104,94,10
104,94,10
104,94,10
104,94,10
104,103,10
104,103,10
104,103,10
104,103,10
104,103,10
104,103,10
104,103,10
104,103,10
104,103,10
104,103,10
104,103,10
104,103,10
104,103,10
104,103,10
104,95,10
104,95,10
104,95,10
104,95,10
104,95,10
104,95,10
104,95,10
104,95,10
104,95,10
104,95,10
104,95,10
104,95,10
104,95,10
104,95,10
104,95,10
104,95,10
104,95,10
104,110,10
104,110,10
104,110,10
104,110,10
104,110,10
104,110,10
104,110,10
104,110,10
104,110,10
104,110,10
104,110,10
104,110,10
104,110,10
104,110,10
104,110,10
104,110,10
104,110,10
104,110,10
104,110,10
104,110,10
104,110,10
104,110,10
104,110,10
104,110,10
104,110,10
104,110,10
104,110,10
104,110,10
104,110,10
104,110,10
104,110,10
104,110,10
104,110,10
104,110,10
104,110,10
104,110,10
104,110,10
104,110,10
104,110,10
104,110,10
104,110,10
104,110,10
104,110,10
104,110,10
104,110,10
104,110,10
104,110,10
104,110,10
104,110,10
104,110,10
104,110,10
104,110,10
104,110,10
104,110,10
104,110,10
104,110,10
104,105,10
104,105,10
104,105,10
104,105,10
104,105,10
104,105,10
104,105,10
104,105,10
104,94,10
104,94,10
104,94,10
104,94,10
104,94,10
104,94,10
104,94,10
104,94,10
104,94,10
104,94,10
104,94,10
104,94,10
104,94,10
104,94,10
104,94,10
104,94,10
104,115,10
104,115,10
104,115,10
104,115,10
104,115,10
104,115,10
104,115,10
104,115,10
104,115,10
104,97,10
104,97,10
104,97,10
104,97,10
104,97,10
104,97,10
104,97,10
104,97,10
104,97,10
104,97,10
104,97,10
104,97,10
104,97,10
104,97,10
104,97,10
104,97,10
104,104,10
104,104,10
104,104,10
104,104,10
104,104,10
104,104,10
104,104,10
104,104,10
104,104,10
104,104,10
104,104,10
104,104,10
104,104,10
104,104,10
104,104,10
104,104,10
104,104,10
104,104,10
104,104,10
104,112,10
104,112,10
104,112,10
104,112,10
104,112,10
104,112,10
104,112,10
104,112,10
104,112,10
104,112,10
104,112,10
104,112,10
104,112,10
104,112,10
104,112,10
104,112,10
104,112,10
104,112,10
104,112,10
104,112,10
104,112,10
104,112,10
104,112,10
104,112,10
104,112,10
104,112,10
104,112,10
104,112,10
104,112,10
104,112,10
104,112,10
104,112,10
104,112,10
104,112,10
104,112,10
104,112,10
104,112,10
104,112,10
104,112,10
104,112,10
104,107,10
104,107,10
104,107,10
104,107,10
104,107,10
104,107,10
104,107,10
104,107,10
104,107,10
104,107,10
104,107,10
104,107,10
104,107,10
104,107,10
104,107,10
104,107,10
104,107,10
104,107,10
104,107,10
104,107,10
104,107,10
104,107,10
104,107,10
104,107,10
104,107,10
104,97,10
104,97,10
104,97,10
104,97,10
104,97,10
104,97,10
104,97,10
104,97,10
104,97,10
104,97,10
104,97,10
104,97,10
104,97,10
104,97,10
104,97,10
104,97,10
104,97,10
104,97,10
104,116,10
104,116,10
104,116,10
104,116,10
104,116,10
104,116,10
104,116,10
104,116,10
104,116,10
104,116,10
104,116,10
104,116,10
104,116,10
104,116,10
104,116,10
104,116,10
104,116,10
104,116,10
104,116,10
104,116,10
104,116,10
104,116,10
144,131,10
144,131,10
144,131,10
144,131,10
144,131,10
144,131,10
144,131,10
144,131,10
144,131,10
144,131,10
144,131,10
144,131,10
144,131,10
144,131,10
144,131,10
144,131,10
144,156,10
144,156,10
144,156,10
144,156,10
144,156,10
144,156,10
144,156,10
144,156,10
144,156,10
144,156,10
144,156,10
144,156,10
144,156,10
144,156,10
144,156,10
144,156,10
144,156,10
144,156,10
144,156,10
144,159,10
144,159,10
144,159,10
144,159,10
144,159,10
144,159,10
144,159,10
144,159,10
144,159,10
144,159,10
144,159,10
144,159,10
144,159,10
144,159,10
144,159,10
144,159,10
144,159,10
144,159,10
144,159,10
144,159,10
144,123,10
144,123,10
144,123,10
144,123,10
144,123,10
144,123,10
144,123,10
144,123,10
144,123,10
144,123,10
144,123,10
144,123,10
144,123,10
144,123,10
144,123,10
144,123,10
144,123,10
144,123,10
144,123,10
144,123,10
144,123,10
144,123,10
144,123,10
144,123,10
144,123,10
144,123,10
144,123,10
144,123,10
144,123,10
144,123,10
144,123,10
144,123,10
144,123,10
144,123,10
144,139,10
144,139,10
144,139,10
144,139,10
144,139,10
144,139,10
144,139,10
144,139,10
144,139,10
144,139,10
144,139,10
144,139,10
144,139,10
144,139,10
144,143,10
144,143,10
144,143,10
144,143,10
144,143,10
144,143,10
144,143,10
144,143,10
144,160,10
144,160,10
144,160,10
144,160,10
144,160,10
144,160,10
144,160,10
144,160,10
144,160,10
144,160,10
144,160,10
144,160,10
144,160,10
144,160,10
144,160,10
144,160,10
144,160,10
144,160,10
144,160,10
144,160,10
144,160,10
144,160,10
144,160,10
144,160,10
144,160,10
144,160,10
144,160,10
144,160,10
144,160,10
144,160,10
144,160,10
144,160,10
144,160,10
144,160,10
144,160,10
144,160,10
144,160,10
144,160,10
144,160,10
144,160,10
144,160,10
144,160,10
144,160,10
144,160,10
144,160,10
144,160,10
144,136,10
144,136,10
144,136,10
144,136,10
144,136,10
144,136,10
144,136,10
144,136,10
144,136,10
144,136,10
144,136,10
144,136,10
144,136,10
144,136,10
144,136,10
144,136,10
144,136,10
144,136,10
144,136,10
144,136,10
144,136,10
144,135,10
144,135,10
144,135,10
144,135,10
144,135,10
144,135,10
144,135,10
144,135,10
144,135,10
144,135,10
144,135,10
144,135,10
144,135,10
144,135,10
144,135,10
144,135,10
144,135,10
144,135,10
144,132,10
144,132,10
144,132,10
144,132,10
144,132,10
144,132,10
144,132,10
144,132,10
144,132,10
144,132,10
144,132,10
144,132,10
144,132,10
144,132,10
144,132,10
144,132,10
144,132,10
144,132,10
144,132,10
144,132,10
144,132,10
144,132,10
144,132,10
144,132,10
144,132,10
144,132,10
144,132,10
144,144,10
144,144,10
144,144,10
144,144,10
144,144,10
144,144,10
144,144,10
144,144,10
144,144,10
144,144,10
144,144,10
144,144,10
144,144,10
144,144,10
144,144,10
144,144,10
144,144,10
144,144,10
144,144,10
144,144,10
144,144,10
144,144,10
144,144,10
144,144,10
144,144,10
144,144,10
144,144,10
144,144,10
144,144,10
144,144,10
144,154,10
144,154,10
144,154,10
144,154,10
144,154,10
144,154,10
144,154,10
144,154,10
144,154,10
144,154,10
144,154,10
144,154,10
144,154,10
144,154,10
144,154,10
144,154,10
144,154,10
144,154,10
144,154,10
144,154,10
144,154,10
144,154,10
144,154,10
144,154,10
144,154,10
144,154,10
144,154,10
144,154,10
144,154,10
144,154,10
144,154,10
144,154,10
144,154,10
144,154,10
144,154,10
144,154,10
144,154,10
144,154,10
144,154,10
144,154,10
144,154,10
144,154,10
144,154,10
144,154,10
144,154,10
144,154,10
144,154,10
144,154,10
144,154,10
144,154,10
144,154,10
144,154,10
144,154,10
144,154,10
144,154,10
144,154,10
144,154,10
144,154,10
144,145,10
144,145,10
144,145,10
144,145,10
144,145,10
144,145,10
144,145,10
144,145,10
144,145,10
144,145,10
144,145,10
144,145,10
144,145,10
144,145,10
144,145,10
144,145,10
144,145,10
144,145,10
144,145,10
144,145,10
144,145,10
144,145,10
144,145,10
144,145,10
144,145,10
144,145,10
144,145,10
144,145,10
144,145,10
144,145,10
144,145,10
144,145,10
144,145,10
144,145,10
144,145,10
144,145,10
144,156,10
144,156,10
144,156,10
144,156,10
144,156,10
144,156,10
144,156,10
144,156,10
144,156,10
144,156,10
144,156,10
144,156,10
144,156,10
144,156,10
144,156,10
144,156,10
144,156,10
144,156,10
144,156,10
144,156,10
144,156,10
144,156,10
144,156,10
144,156,10
144,156,10
144,156,10
144,156,10
144,156,10
144,156,10
144,156,10
144,156,10
144,150,10
144,150,10
144,150,10
144,150,10
144,150,10
144,150,10
144,146,10
144,146,10
144,146,10
144,146,10
144,146,10
144,146,10
144,146,10
144,146,10
144,146,10
144,142,10
144,142,10
144,142,10
144,142,10
144,142,10
144,142,10
144,142,10
144,142,10
144,142,10
144,142,10
144,142,10
144,142,10
144,142,10
144,142,10
144,142,10
144,142,10
144,142,10
144,142,10
144,142,10
144,142,10
144,142,10
144,142,10
144,142,10
144,142,10
144,142,10
144,142,10
144,142,10
144,142,10
144,142,10
144,150,10
144,150,10
144,150,10
144,150,10
144,150,10
144,150,10
144,150,10
144,150,10
144,150,10
144,150,10
144,150,10
144,150,10
144,150,10
144,150,10
144,150,10
144,150,10
144,150,10
144,150,10
144,150,10
144,150,10
144,150,10
144,150,10
144,150,10
144,150,10
144,150,10
144,150,10
144,150,10
144,150,10
144,150,10
144,150,10
144,150,10
144,150,10
144,150,10
144,143,10
144,143,10
144,143,10
144,143,10
144,143,10
144,143,10
144,143,10
144,143,10
144,143,10
144,145,10
144,145,10
144,145,10
144,145,10
144,145,10
144,145,10
144,145,10
144,145,10
144,145,10
144,145,10
144,145,10
144,145,10
144,145,10
144,145,10
144,145,10
144,149,10
144,149,10
144,149,10
144,149,10
144,149,10
144,149,10
144,149,10
144,149,10
144,137,10
144,137,10
144,137,10
144,137,10
144,137,10
144,137,10
144,137,10
144,137,10
144,137,10
144,137,10
144,137,10
144,137,10
144,137,10
144,137,10
144,137,10
144,137,10
144,137,10
144,137,10
144,137,10
144,137,10
144,137,10
144,137,10
144,137,10
144,137,10
144,137,10
144,137,10
144,137,10
144,137,10
144,137,10
144,137,10
144,137,10
144,137,10
144,137,10
144,137,10
144,137,10
144,137,10
144,137,10
144,137,10
144,137,10
144,137,10
144,137,10
144,137,10
144,137,10
144,137,10
144,147,10
144,147,10
144,147,10
144,147,10
144,147,10
144,147,10
144,147,10
144,142,10
144,142,10
144,142,10
144,142,10
144,142,10
144,142,10
144,142,10
144,142,10
144,142,10
144,142,10
144,142,10
144,142,10
144,142,10
144,142,10
144,142,10
144,142,10
144,142,10
144,142,10
144,142,10
144,142,10
144,142,10
144,142,10
144,142,10
144,142,10
144,142,10
144,142,10
144,142,10
144,142,10
144,142,10
144,153,10
144,153,10
144,153,10
144,153,10
144,153,10
144,153,10
144,150,10
144,150,10
144,150,10
144,150,10
144,150,10
144,150,10
144,148,10
144,148,10
144,148,10
144,148,10
144,148,10
144,148,10
144,148,10
144,148,10
144,148,10
144,148,10
144,148,10
144,148,10
144,148,10
144,148,10
144,148,10
144,148,10
144,148,10
144,136,10
144,136,10
144,136,10
144,136,10
144,136,10
144,136,10
144,136,10
144,136,10
144,136,10
144,136,10
144,136,10
144,136,10
144,136,10
144,136,10
144,136,10
144,136,10
144,136,10
144,136,10
144,149,10
144,149,10
144,149,10
144,149,10
144,149,10
144,149,10
144,149,10
144,149,10
144,148,10
144,148,10
144,148,10
144,148,10
144,148,10
144,148,10
114,122,10
114,122,10
114,122,10
114,122,10
114,122,10
114,122,10
114,122,10
114,122,10
114,122,10
114,122,10
114,122,10
114,122,10
114,122,10
114,122,10
114,122,10
114,122,10
114,129,10
114,129,10
114,129,10
114,129,10
114,129,10
114,129,10
114,129,10
114,129,10
114,130,10
114,130,10
114,130,10
114,130,10
114,130,10
114,130,10
114,130,10
114,130,10
114,130,10
114,130,10
114,130,10
114,103,10
114,103,10
114,103,10
114,103,10
114,103,10
114,103,10
114,102,10
114,102,10
114,102,10
114,102,10
114,102,10
114,102,10
114,102,10
114,102,10
114,102,10
114,102,10
114,102,10
114,102,10
114,102,10
114,102,10
114,102,10
114,102,10
114,102,10
114,102,10
114,102,10
114,102,10
114,102,10
114,102,10
114,102,10
114,102,10
114,102,10
114,102,10
114,102,10
114,102,10
114,102,10
114,102,10
114,102,10
114,102,10
114,102,10
114,102,10
114,102,10
114,102,10
114,102,10
114,102,10
114,102,10
114,102,10
114,102,10
114,102,10
114,102,10
114,102,10
114,102,10
114,102,10
114,108,10
114,108,10
114,108,10
114,108,10
114,108,10
114,108,10
114,108,10
114,108,10
114,108,10
114,108,10
114,108,10
114,108,10
114,108,10
114,108,10
114,108,10
114,108,10
114,108,10
114,108,10
114,108,10
114,108,10
114,108,10
114,108,10
114,108,10
114,108,10
114,108,10
114,108,10
114,108,10
114,108,10
114,108,10
114,108,10
114,108,10
114,108,10
114,108,10
114,108,10
114,108,10
114,108,10
114,108,10
114,108,10
114,108,10
114,108,10
114,108,10
114,108,10
114,108,10
114,108,10
114,108,10
114,108,10
114,108,10
114,108,10
114,108,10
114,106,10
114,106,10
114,106,10
114,106,10
114,106,10
114,106,10
114,106,10
114,106,10
114,106,10
114,106,10
114,106,10
114,106,10
114,106,10
114,106,10
114,106,10
114,106,10
114,106,10
114,106,10
114,106,10
114,106,10
114,109,10
114,109,10
114,109,10
114,109,10
114,109,10
114,109,10
114,130,10
114,130,10
114,130,10
114,130,10
114,130,10
114,130,10
114,125,10
114,125,10
114,125,10
114,125,10
114,125,10
114,125,10
114,125,10
114,125,10
114,103,10
114,103,10
114,103,10
114,103,10
114,103,10
114,103,10
114,103,10
114,103,10
114,103,10
114,103,10
114,103,10
114,103,10
114,103,10
114,103,10
114,103,10
114,103,10
114,103,10
114,103,10
114,103,10
114,103,10
114,103,10
114,103,10
114,103,10
114,103,10
114,103,10
114,103,10
114,103,10
114,103,10
114,103,10
114,103,10
114,103,10
114,103,10
114,103,10
114,103,10
114,103,10
114,103,10
114,103,10
114,103,10
114,103,10
114,103,10
114,103,10
114,103,10
114,123,10
114,123,10
114,123,10
114,123,10
114,123,10
114,123,10
114,123,10
114,123,10
114,123,10
114,123,10
114,123,10
114,123,10
114,123,10
114,123,10
114,123,10
114,123,10
114,123,10
114,123,10
114,123,10
114,123,10
114,123,10
114,123,10
114,123,10
114,123,10
114,123,10
114,108,10
114,108,10
114,108,10
114,108,10
114,108,10
114,108,10
114,108,10
114,108,10
114,108,10
114,108,10
114,108,10
114,108,10
114,108,10
114,108,10
114,108,10
114,114,10
114,114,10
114,114,10
114,114,10
114,114,10
114,114,10
114,114,10
114,114,10
114,114,10
114,114,10
114,114,10
114,114,10
114,114,10
114,114,10
114,114,10
114,114,10
114,114,10
114,114,10
114,114,10
114,114,10
114,114,10
114,114,10
114,114,10
114,114,10
114,114,10
114,114,10
114,114,10
114,114,10
114,114,10
114,114,10
114,111,10
114,111,10
114,111,10
114,111,10
114,111,10
114,111,10
114,111,10
114,111,10
114,111,10
114,102,10
114,102,10
114,102,10
114,102,10
114,102,10
114,102,10
114,102,10
114,102,10
114,102,10
114,102,10
114,102,10
114,102,10
114,102,10
114,102,10
114,102,10
114,102,10
114,102,10
114,102,10
114,102,10
114,102,10
114,102,10
114,102,10
114,102,10
114,117,10
114,117,10
114,117,10
114,117,10
114,117,10
114,117,10
114,117,10
114,117,10
114,117,10
114,117,10
114,117,10
114,117,10
114,117,10
114,117,10
114,117,10
114,117,10
114,117,10
114,117,10
114,117,10
114,117,10
114,117,10
114,98,10
114,98,10
114,98,10
114,98,10
114,98,10
114,98,10
114,98,10
114,98,10
114,98,10
114,98,10
114,98,10
114,98,10
114,98,10
114,98,10
114,98,10
114,98,10
114,98,10
114,98,10
114,98,10
114,98,10
114,98,10
114,98,10
114,98,10
114,118,10
114,118,10
114,118,10
114,118,10
114,118,10
114,118,10
114,118,10
114,118,10
114,118,10
114,118,10
114,118,10
114,118,10
114,118,10
114,118,10
114,118,10
114,118,10
114,118,10
114,118,10
114,118,10
114,118,10
114,118,10
114,118,10
114,118,10
114,118,10
114,118,10
114,118,10
114,118,10
114,118,10
114,118,10
114,118,10
114,118,10
114,118,10
114,118,10
114,118,10
114,118,10
114,118,10
114,118,10
114,118,10
114,118,10
114,118,10
114,118,10
114,118,10
114,118,10
114,118,10
114,118,10
114,118,10
114,118,10
114,118,10
114,118,10
114,118,10
114,118,10
114,118,10
114,118,10
114,118,10
114,118,10
114,118,10
114,118,10
114,118,10
114,104,10
114,104,10
114,104,10
114,104,10
114,104,10
114,104,10
114,104,10
114,104,10
114,104,10
114,104,10
114,104,10
114,104,10
114,104,10
114,104,10
114,104,10
114,104,10
114,104,10
114,104,10
114,104,10
114,104,10
114,104,10
114,104,10
114,104,10
114,104,10
114,104,10
114,104,10
114,104,10
114,104,10
114,104,10
114,104,10
114,104,10
114,104,10
114,104,10
114,104,10
114,104,10
114,104,10
114,104,10
114,104,10
114,104,10
114,104,10
114,104,10
114,104,10
114,104,10
114,104,10
114,104,10
114,104,10
114,104,10
114,104,10
114,126,10
114,126,10
114,126,10
114,126,10
114,126,10
114,126,10
114,126,10
114,126,10
114,126,10
114,126,10
114,126,10
114,126,10
114,126,10
114,126,10
114,126,10
114,126,10
114,126,10
114,126,10
114,126,10
114,126,10
114,126,10
114,126,10
114,98,10
114,98,10
114,98,10
114,98,10
114,98,10
114,98,10
114,98,10
114,98,10
114,98,10
114,98,10
114,98,10
114,98,10
114,98,10
114,98,10
114,98,10
114,98,10
114,98,10
114,98,10
114,98,10
114,109,10
114,109,10
114,109,10
114,109,10
114,109,10
114,109,10
114,109,10
114,109,10
114,109,10
114,90,10
114,90,10
114,90,10
114,90,10
114,90,10
114,90,10
114,90,10
114,90,10
114,90,10
114,90,10
114,90,10
114,90,10
114,90,10
114,90,10
114,90,10
114,90,10
114,90,10
114,90,10
114,90,10
114,90,10
114,90,10
114,90,10
114,90,10
114,90,10
114,90,10
114,90,10
114,90,10
114,90,10
114,90,10
114,90,10
114,90,10
114,90,10
114,133,10
114,133,10
114,133,10
114,133,10
114,133,10
114,133,10
114,133,10
114,133,10
114,133,10
114,133,10
114,133,10
114,133,10
114,133,10
114,133,10
114,133,10
114,133,10
114,133,10
114,133,10
114,133,10
114,133,10
114,133,10
114,133,10
114,133,10
114,133,10
114,133,10
114,133,10
114,133,10
114,117,10
114,117,10
114,117,10
114,117,10
114,117,10
114,117,10
114,117,10
114,137,10
114,137,10
114,137,10
114,137,10
114,137,10
114,137,10
114,137,10
114,137,10
114,137,10
114,137,10
114,137,10
114,137,10
114,137,10
114,115,10
114,115,10
114,115,10
114,115,10
114,115,10
114,115,10
114,115,10
114,115,10
114,115,10
114,115,10
114,115,10
114,115,10
114,124,10
114,124,10
114,124,10
114,124,10
114,124,10
114,124,10
134,131,10
134,131,10
134,131,10
134,131,10
134,131,10
134,131,10
134,131,10
134,131,10
134,131,10
134,131,10
134,131,10
134,131,10
134,131,10
134,131,10
134,131,10
134,131,10
134,131,10
134,131,10
134,118,10
134,118,10
134,118,10
134,118,10
134,118,10
134,118,10
134,118,10
134,118,10
134,118,10
134,118,10
134,118,10
134,118,10
134,118,10
134,118,10
134,126,10
134,126,10
134,126,10
134,126,10
134,126,10
134,126,10
134,126,10
134,126,10
134,126,10
134,126,10
134,126,10
134,126,10
134,126,10
134,126,10
134,126,10
134,126,10
134,126,10
134,126,10
134,126,10
134,126,10
134,126,10
134,126,10
134,126,10
134,151,10
134,151,10
134,151,10
134,151,10
134,151,10
134,151,10
134,151,10
134,151,10
134,151,10
134,151,10
134,151,10
134,151,10
134,152,10
134,152,10
134,152,10
134,152,10
134,152,10
134,152,10
134,152,10
134,152,10
134,152,10
134,152,10
134,152,10
134,152,10
134,126,10
134,126,10
134,126,10
134,126,10
134,126,10
134,126,10
134,126,10
134,126,10
134,126,10
134,126,10
134,134,10
134,134,10
134,134,10
134,134,10
134,134,10
134,134,10
134,134,10
134,134,10
134,134,10
134,134,10
134,134,10
134,134,10
134,134,10
134,134,10
134,134,10
134,134,10
134,134,10
134,134,10
134,134,10
134,134,10
134,134,10
134,134,10
134,134,10
134,134,10
134,135,10
134,135,10
134,135,10
134,135,10
134,135,10
134,135,10
134,135,10
134,135,10
134,135,10
134,135,10
134,135,10
134,135,10
134,135,10
134,135,10
134,135,10
134,135,10
134,135,10
134,135,10
134,135,10
134,135,10
134,135,10
134,135,10
134,135,10
134,135,10
134,135,10
134,135,10
134,135,10
134,135,10
134,135,10
134,135,10
134,135,10
134,135,10
134,135,10
134,135,10
134,135,10
134,135,10
134,135,10
134,135,10
134,135,10
134,135,10
134,128,10
134,128,10
134,128,10
134,128,10
134,128,10
134,128,10
134,128,10
134,128,10
134,128,10
134,128,10
134,128,10
134,128,10
134,128,10
134,128,10
134,128,10
134,128,10
134,128,10
134,128,10
134,128,10
134,128,10
134,128,10
134,128,10
134,145,10
134,145,10
134,145,10
134,145,10
134,145,10
134,145,10
134,145,10
134,145,10
134,141,10
134,141,10
134,141,10
134,141,10
134,141,10
134,141,10
134,141,10
134,141,10
134,141,10
134,141,10
134,141,10
134,141,10
134,141,10
134,109,10
134,109,10
134,109,10
134,109,10
134,109,10
134,109,10
134,109,10
134,109,10
134,109,10
134,109,10
134,109,10
134,109,10
134,109,10
134,109,10
134,109,10
134,109,10
134,109,10
134,109,10
134,109,10
134,109,10
134,109,10
134,109,10
134,109,10
134,109,10
134,109,10
134,109,10
134,109,10
134,109,10
134,109,10
134,109,10
134,109,10
134,109,10
134,109,10
134,109,10
134,109,10
134,109,10
134,109,10
134,109,10
134,109,10
134,109,10
134,141,10
134,141,10
134,141,10
134,141,10
134,141,10
134,141,10
134,141,10
134,119,10
134,119,10
134,119,10
134,119,10
134,119,10
134,119,10
134,119,10
134,119,10
134,119,10
134,119,10
134,119,10
134,119,10
134,119,10
134,119,10
134,119,10
134,119,10
134,119,10
134,119,10
134,141,10
134,141,10
134,141,10
134,141,10
134,141,10
134,141,10
134,141,10
134,141,10
134,141,10
134,141,10
134,141,10
134,141,10
134,141,10
134,141,10
134,141,10
134,141,10
134,141,10
134,141,10
134,141,10
134,141,10
134,141,10
134,141,10
134,141,10
134,141,10
134,141,10
134,141,10
134,129,10
134,129,10
134,129,10
134,129,10
134,129,10
134,129,10
134,129,10
134,129,10
134,129,10
134,129,10
134,129,10
134,129,10
134,129,10
134,129,10
134,129,10
134,129,10
134,129,10
134,129,10
134,129,10
134,129,10
134,129,10
134,129,10
134,129,10
134,129,10
134,129,10
134,129,10
134,129,10
134,139,10
134,139,10
134,139,10
134,139,10
134,139,10
134,139,10
134,139,10
134,139,10
134,139,10
134,139,10
134,139,10
134,139,10
134,139,10
134,139,10
134,139,10
134,139,10
134,139,10
134,139,10
134,127,10
134,127,10
134,127,10
134,127,10
134,127,10
134,127,10
134,127,10
134,127,10
134,127,10
134,127,10
134,127,10
134,127,10
134,127,10
134,127,10
134,127,10
134,127,10
134,127,10
134,127,10
134,127,10
134,127,10
134,127,10
134,127,10
134,127,10
134,127,10
134,127,10
134,127,10
134,127,10
134,127,10
134,127,10
134,127,10
134,127,10
134,127,10
134,127,10
134,127,10
134,127,10
134,127,10
134,127,10
134,127,10
134,127,10
134,127,10
134,127,10
134,127,10
134,127,10
134,127,10
134,127,10
134,127,10
134,111,10
134,111,10
134,111,10
134,111,10
134,111,10
134,111,10
134,111,10
134,111,10
134,111,10
134,111,10
134,111,10
134,111,10
134,111,10
134,111,10
134,111,10
134,111,10
134,111,10
134,111,10
134,111,10
134,111,10
134,150,10
134,150,10
134,150,10
134,150,10
134,150,10
134,150,10
134,150,10
134,150,10
134,150,10
134,150,10
134,150,10
134,137,10
134,137,10
134,137,10
134,137,10
134,137,10
134,137,10
134,137,10
134,137,10
134,137,10
134,132,10
134,132,10
134,132,10
134,132,10
134,132,10
134,132,10
134,132,10
134,132,10
134,132,10
134,132,10
134,132,10
134,135,10
134,135,10
134,135,10
134,135,10
134,135,10
134,135,10
134,135,10
134,146,10
134,146,10
134,146,10
134,146,10
134,146,10
134,146,10
134,146,10
134,146,10
134,146,10
134,146,10
134,146,10
134,146,10
134,146,10
134,146,10
134,146,10
134,146,10
134,146,10
134,146,10
134,146,10
134,146,10
134,146,10
134,146,10
134,146,10
134,146,10
134,146,10
134,146,10
134,146,10
134,146,10
134,146,10
134,146,10
134,146,10
134,146,10
134,146,10
134,146,10
134,127,10
134,127,10
134,127,10
134,127,10
134,127,10
134,127,10
134,127,10
134,127,10
134,127,10
134,132,10
134,132,10
134,132,10
134,132,10
134,132,10
134,132,10
134,132,10
134,132,10
134,132,10
134,132,10
134,132,10
134,132,10
134,132,10
134,132,10
134,132,10
134,132,10
134,132,10
134,132,10
134,124,10
134,124,10
134,124,10
134,124,10
134,124,10
134,124,10
134,124,10
134,125,10
134,125,10
134,125,10
134,125,10
134,125,10
134,125,10
134,125,10
134,125,10
134,125,10
134,125,10
134,125,10
134,125,10
134,125,10
134,125,10
134,125,10
134,125,10
134,125,10
134,125,10
134,125,10
134,125,10
134,125,10
134,125,10
134,125,10
134,125,10
134,127,10
134,127,10
134,127,10
134,127,10
134,127,10
134,127,10
134,127,10
134,127,10
134,127,10
134,127,10
134,127,10
134,127,10
134,127,10
134,127,10
134,127,10
134,127,10
134,127,10
134,127,10
134,127,10
134,127,10
134,127,10
134,127,10
134,127,10
134,127,10
134,127,10
134,127,10
134,127,10
134,127,10
134,127,10
134,127,10
134,127,10
134,127,10
134,127,10
134,127,10
134,127,10
134,127,10
134,127,10
134,127,10
134,127,10
134,127,10
134,127,10
134,127,10
134,127,10
134,127,10
134,127,10
134,127,10
134,127,10
134,127,10
134,127,10
134,127,10
134,127,10
134,127,10
134,127,10
134,127,10
134,127,10
134,142,10
134,142,10
134,142,10
134,142,10
134,142,10
134,142,10
134,142,10
134,142,10
134,142,10
134,142,10
134,142,10
134,150,10
134,150,10
134,150,10
134,150,10
134,150,10
134,150,10
134,150,10
134,150,10
134,150,10
134,150,10
134,150,10
134,150,10
134,150,10
134,150,10
134,150,10
134,150,10
134,150,10
134,150,10
134,150,10
134,150,10
134,150,10
134,150,10
134,150,10
134,150,10
134,150,10
134,150,10
134,150,10
134,150,10
134,150,10
134,150,10
134,150,10
134,150,10
134,150,10
134,150,10
134,150,10
134,150,10
134,150,10
134,150,10
134,150,10
134,150,10
134,150,10
134,150,10
134,150,10
134,139,10
134,139,10
134,139,10
134,139,10
134,139,10
134,139,10
134,139,10
134,139,10
134,139,10
134,139,10
134,139,10
134,139,10
134,139,10
134,139,10
134,139,10
134,139,10
134,139,10
134,139,10
134,139,10
134,139,10
134,139,10
134,139,10
134,139,10
134,139,10
134,139,10
134,139,10
134,139,10
134,139,10
134,139,10
134,139,10
134,139,10
134,139,10
134,139,10
134,139,10
134,139,10
134,139,10
134,139,10
134,139,10
134,139,10
134,139,10
134,139,10
134,139,10
134,139,10
134,139,10
134,139,10
134,139,10
134,139,10
134,139,10
134,139,10
134,139,10
134,139,10
134,139,10
134,139,10
134,113,10
134,113,10
134,113,10
134,113,10
134,113,10
134,113,10
134,113,10
134,113,10
134,113,10
134,113,10
134,113,10
134,113,10
134,113,10
134,113,10
134,113,10
134,113,10
134,113,10
134,113,10
134,113,10
134,113,10
154,162,10
154,162,10
154,162,10
154,162,10
154,162,10
154,162,10
154,162,10
154,162,10
154,162,10
154,162,10
154,162,10
154,162,10
154,162,10
154,162,10
154,162,10
154,162,10
154,162,10
154,162,10
154,162,10
154,162,10
154,162,10
154,162,10
154,162,10
154,162,10
154,162,10
154,162,10
154,162,10
154,162,10
154,162,10
154,162,10
154,162,10
154,162,10
154,162,10
154,162,10
154,162,10
154,162,10
154,162,10
154,162,10
154,162,10
154,162,10
154,162,10
154,162,10
154,162,10
154,162,10
154,162,10
154,162,10
154,162,10
154,162,10
154,162,10
154,162,10
154,162,10
154,162,10
154,162,10
154,162,10
154,162,10
154,162,10
154,162,10
154,162,10
154,162,10
154,162,10
154,162,10
154,162,10
154,162,10
154,162,10
154,162,10
154,162,10
154,162,10
154,162,10
154,162,10
154,162,10
154,162,10
154,162,10
154,162,10
154,162,10
154,162,10
154,162,10
154,162,10
154,162,10
154,162,10
154,162,10
154,162,10
154,162,10
154,162,10
154,162,10
154,162,10
154,162,10
154,162,10
154,162,10
154,162,10
154,162,10
154,162,10
154,156,10
154,156,10
154,156,10
154,156,10
154,156,10
154,156,10
154,156,10
154,156,10
154,156,10
154,156,10
154,156,10
154,156,10
154,156,10
154,156,10
154,156,10
154,156,10
154,156,10
154,156,10
154,156,10
154,156,10
154,156,10
154,156,10
154,156,10
154,156,10
154,156,10
154,156,10
154,156,10
154,156,10
154,156,10
154,156,10
154,156,10
154,156,10
154,156,10
154,156,10
154,156,10
154,156,10
154,156,10
154,156,10
154,156,10
154,156,10
154,156,10
154,156,10
154,156,10
154,156,10
154,156,10
154,156,10
154,156,10
154,156,10
154,161,10
154,161,10
154,161,10
154,161,10
154,161,10
154,161,10
154,161,10
154,161,10
154,161,10
154,161,10
154,161,10
154,161,10
154,161,10
154,161,10
154,161,10
154,161,10
154,161,10
154,161,10
154,161,10
154,161,10
154,161,10
154,161,10
154,161,10
154,161,10
154,161,10
154,161,10
154,161,10
154,161,10
154,161,10
154,161,10
154,144,10
154,144,10
154,144,10
154,144,10
154,144,10
154,144,10
154,144,10
154,144,10
154,144,10
154,144,10
154,144,10
154,144,10
154,144,10
154,144,10
154,144,10
154,144,10
154,144,10
154,144,10
154,163,10
154,163,10
154,163,10
154,163,10
154,163,10
154,163,10
154,163,10
154,163,10
154,163,10
154,163,10
154,163,10
154,163,10
154,163,10
154,163,10
154,163,10
154,163,10
154,163,10
154,155,10
154,155,10
154,155,10
154,155,10
154,155,10
154,155,10
154,155,10
154,155,10
154,155,10
154,155,10
154,155,10
154,155,10
154,155,10
154,155,10
154,155,10
154,155,10
154,155,10
154,155,10
154,155,10
154,155,10
154,160,10
154,160,10
154,160,10
154,160,10
154,160,10
154,160,10
154,160,10
154,160,10
154,160,10
154,160,10
154,160,10
154,160,10
154,160,10
154,160,10
154,160,10
154,160,10
154,160,10
154,160,10
154,160,10
154,160,10
154,160,10
154,160,10
154,160,10
154,160,10
154,160,10
154,160,10
154,160,10
154,160,10
154,160,10
154,160,10
154,160,10
154,160,10
154,160,10
154,160,10
154,160,10
154,160,10
154,160,10
154,160,10
154,160,10
154,160,10
154,160,10
154,160,10
154,160,10
154,160,10
154,160,10
154,160,10
154,160,10
154,160,10
154,160,10
154,160,10
154,160,10
154,160,10
154,160,10
154,160,10
154,160,10
154,160,10
154,160,10
154,160,10
154,160,10
154,154,10
154,154,10
154,154,10
154,154,10
154,154,10
154,154,10
154,154,10
154,154,10
154,154,10
154,154,10
154,154,10
154,154,10
154,154,10
154,154,10
154,154,10
154,154,10
154,154,10
154,154,10
154,154,10
154,154,10
154,154,10
154,154,10
154,154,10
154,154,10
154,154,10
154,154,10
154,154,10
154,154,10
154,154,10
154,154,10
154,154,10
154,154,10
154,154,10
154,154,10
154,154,10
154,154,10
154,154,10
154,154,10
154,154,10
154,154,10
154,154,10
154,154,10
154,154,10
154,154,10
154,154,10
154,154,10
154,148,10
154,148,10
154,148,10
154,148,10
154,148,10
154,148,10
154,148,10
154,148,10
154,148,10
154,148,10
154,148,10
154,148,10
154,148,10
154,148,10
154,148,10
154,148,10
154,148,10
154,148,10
154,148,10
154,148,10
154,148,10
154,148,10
154,148,10
154,148,10
154,148,10
154,148,10
154,148,10
154,148,10
154,148,10
154,148,10
154,148,10
154,148,10
154,148,10
154,148,10
154,148,10
154,148,10
154,148,10
154,148,10
154,148,10
154,148,10
154,148,10
154,148,10
154,148,10
154,148,10
154,148,10
154,148,10
154,148,10
154,148,10
154,148,10
154,158,10
154,158,10
154,158,10
154,158,10
154,158,10
154,158,10
154,158,10
154,145,10
154,145,10
154,145,10
154,145,10
154,145,10
154,145,10
154,145,10
154,145,10
154,167,10
154,167,10
154,167,10
154,167,10
154,167,10
154,167,10
154,150,10
154,150,10
154,150,10
154,150,10
154,150,10
154,150,10
154,150,10
154,150,10
154,150,10
154,150,10
154,150,10
154,150,10
154,150,10
154,150,10
154,150,10
154,133,10
154,133,10
154,133,10
154,133,10
154,133,10
154,133,10
154,133,10
154,151,10
154,151,10
154,151,10
154,151,10
154,151,10
154,151,10
154,151,10
154,151,10
154,151,10
154,151,10
154,151,10
154,151,10
154,151,10
154,151,10
154,151,10
154,151,10
154,151,10
154,151,10
154,151,10
154,151,10
154,151,10
154,151,10
154,152,10
154,152,10
154,152,10
154,152,10
154,152,10
154,152,10
154,152,10
154,152,10
154,152,10
154,152,10
154,152,10
154,152,10
154,152,10
154,152,10
154,152,10
154,152,10
154,152,10
154,152,10
154,152,10
154,152,10
154,138,10
154,138,10
154,138,10
154,138,10
154,138,10
154,138,10
154,138,10
154,138,10
154,138,10
154,138,10
154,138,10
154,138,10
154,138,10
154,138,10
154,138,10
154,138,10
154,138,10
154,138,10
154,138,10
154,138,10
154,138,10
154,138,10
154,138,10
154,138,10
154,138,10
154,138,10
154,138,10
154,138,10
154,138,10
154,138,10
154,138,10
154,138,10
154,138,10
154,138,10
154,138,10
154,138,10
154,138,10
154,138,10
154,138,10
154,138,10
154,138,10
154,157,10
154,157,10
154,157,10
154,157,10
154,157,10
154,157,10
154,157,10
154,157,10
154,157,10
154,157,10
154,157,10
154,157,10
154,157,10
154,157,10
154,157,10
154,157,10
154,157,10
154,157,10
154,174,10
154,174,10
154,174,10
154,174,10
154,174,10
154,174,10
154,174,10
154,174,10
154,174,10
154,174,10
154,174,10
154,174,10
154,174,10
154,157,10
154,157,10
154,157,10
154,157,10
154,157,10
154,157,10
154,157,10
154,151,10
154,151,10
154,151,10
154,151,10
154,151,10
154,151,10
154,151,10
154,151,10
154,148,10
154,148,10
154,148,10
154,148,10
154,148,10
154,148,10
154,148,10
154,148,10
154,148,10
154,148,10
154,148,10
154,148,10
154,148,10
154,148,10
154,148,10
154,148,10
154,148,10
154,148,10
154,148,10
154,148,10
154,148,10
154,148,10
154,148,10
154,148,10
154,148,10
154,148,10
154,148,10
154,148,10
154,148,10
154,148,10
154,148,10
154,148,10
154,148,10
154,148,10
154,148,10
154,148,10
154,148,10
154,148,10
154,148,10
154,148,10
154,148,10
154,148,10
154,148,10
154,148,10
154,148,10
154,148,10
154,148,10
154,148,10
154,148,10
154,148,10
154,148,10
154,174,10
154,174,10
154,174,10
154,174,10
154,174,10
154,174,10
154,174,10
154,174,10
154,174,10
154,174,10
154,152,10
154,152,10
154,152,10
154,152,10
154,152,10
154,152,10
154,152,10
154,152,10
154,152,10
154,152,10
174,164,10
174,164,10
174,164,10
174,164,10
174,164,10
174,164,10
174,164,10
174,164,10
174,164,10
174,164,10
174,164,10
174,164,10
174,164,10
174,164,10
174,164,10
174,164,10
174,173,10
174,173,10
174,173,10
174,173,10
174,173,10
174,173,10
174,173,10
174,173,10
174,173,10
174,173,10
174,173,10
174,173,10
174,173,10
174,173,10
174,173,10
174,173,10
174,173,10
174,173,10
174,173,10
174,173,10
174,173,10
174,173,10
174,173,10
174,173,10
174,173,10
174,173,10
174,173,10
174,173,10
174,173,10
174,173,10
174,173,10
174,173,10
174,173,10
174,173,10
174,173,10
174,173,10
174,173,10
174,173,10
174,173,10
174,173,10
174,173,10
174,173,10
174,173,10
174,173,10
174,173,10
174,173,10
174,173,10
174,173,10
174,173,10
174,168,10
174,168,10
174,168,10
174,168,10
174,168,10
174,168,10
174,168,10
174,168,10
174,168,10
174,168,10
174,168,10
174,168,10
174,168,10
174,168,10
174,168,10
174,168,10
174,168,10
174,168,10
174,160,10
174,160,10
174,160,10
174,160,10
174,160,10
174,160,10
174,160,10
174,160,10
174,160,10
174,160,10
174,160,10
174,160,10
174,160,10
174,160,10
174,160,10
174,160,10
174,160,10
174,160,10
174,160,10
174,160,10
174,160,10
174,160,10
174,160,10
174,160,10
174,145,10
174,145,10
174,145,10
174,145,10
174,145,10
174,145,10
174,145,10
174,145,10
174,145,10
174,145,10
174,145,10
174,145,10
174,145,10
174,145,10
174,145,10
174,145,10
174,145,10
174,162,10
174,162,10
174,162,10
174,162,10
174,162,10
174,162,10
174,162,10
174,162,10
174,162,10
174,162,10
174,162,10
174,162,10
174,162,10
174,162,10
174,162,10
174,162,10
174,162,10
174,162,10
174,162,10
174,162,10
174,162,10
174,162,10
174,162,10
174,162,10
174,162,10
174,162,10
174,162,10
174,162,10
174,162,10
174,162,10
174,162,10
174,162,10
174,162,10
174,162,10
174,162,10
174,162,10
174,162,10
174,162,10
174,162,10
174,162,10
174,172,10
174,172,10
174,172,10
174,172,10
174,172,10
174,172,10
174,172,10
174,172,10
174,172,10
174,172,10
174,172,10
174,172,10
174,172,10
174,172,10
174,172,10
174,172,10
174,172,10
174,172,10
174,172,10
174,172,10
174,172,10
174,172,10
174,172,10
174,172,10
174,172,10
174,172,10
174,172,10
174,172,10
174,172,10
174,172,10
174,172,10
174,172,10
174,172,10
174,172,10
174,172,10
174,172,10
174,172,10
174,172,10
174,172,10
174,172,10
174,172,10
174,172,10
174,172,10
174,152,10
174,152,10
174,152,10
174,152,10
174,152,10
174,152,10
174,152,10
174,152,10
174,164,10
174,164,10
174,164,10
174,164,10
174,164,10
174,164,10
174,164,10
174,164,10
174,164,10
174,164,10
174,164,10
174,164,10
174,158,10
174,158,10
174,158,10
174,158,10
174,158,10
174,158,10
174,158,10
174,158,10
174,185,10
174,185,10
174,185,10
174,185,10
174,185,10
174,185,10
174,185,10
174,185,10
174,185,10
174,185,10
174,185,10
174,185,10
174,185,10
174,185,10
174,185,10
174,185,10
174,185,10
174,185,10
174,185,10
174,174,10
174,174,10
174,174,10
174,174,10
174,174,10
174,174,10
174,174,10
174,174,10
174,174,10
174,174,10
174,174,10
174,178,10
174,178,10
174,178,10
174,178,10
174,178,10
174,178,10
174,178,10
174,178,10
174,178,10
174,178,10
174,178,10
174,178,10
174,178,10
174,178,10
174,174,10
174,174,10
174,174,10
174,174,10
174,174,10
174,174,10
174,174,10
174,174,10
174,163,10
174,163,10
174,163,10
174,163,10
174,163,10
174,163,10
174,163,10
174,163,10
174,163,10
174,163,10
174,163,10
174,163,10
174,163,10
174,163,10
174,163,10
174,163,10
174,163,10
174,163,10
174,163,10
174,163,10
174,163,10
174,163,10
174,163,10
174,163,10
174,163,10
174,163,10
174,163,10
174,163,10
174,163,10
174,163,10
174,163,10
174,163,10
174,163,10
174,163,10
174,163,10
174,163,10
174,163,10
174,163,10
174,163,10
174,163,10
174,163,10
174,163,10
174,163,10
174,163,10
174,163,10
174,163,10
174,163,10
174,163,10
174,163,10
174,163,10
174,163,10
174,163,10
174,163,10
174,163,10
174,163,10
174,163,10
174,163,10
174,163,10
174,163,10
174,163,10
174,171,10
174,171,10
174,171,10
174,171,10
174,171,10
174,171,10
174,171,10
174,171,10
174,171,10
174,171,10
174,171,10
174,171,10
174,171,10
174,171,10
174,171,10
174,171,10
174,171,10
174,171,10
174,171,10
174,171,10
174,171,10
174,171,10
174,171,10
174,171,10
174,171,10
174,171,10
174,171,10
174,171,10
174,171,10
174,171,10
174,171,10
174,171,10
174,171,10
174,171,10
174,171,10
174,171,10
174,171,10
174,171,10
174,171,10
174,181,10
174,181,10
174,181,10
174,181,10
174,181,10
174,181,10
174,181,10
174,181,10
174,181,10
174,181,10
174,181,10
174,181,10
174,181,10
174,181,10
174,181,10
174,181,10
174,181,10
174,181,10
174,159,10
174,159,10
174,159,10
174,159,10
174,159,10
174,159,10
174,159,10
174,159,10
174,159,10
174,159,10
174,159,10
174,159,10
174,159,10
174,159,10
174,159,10
174,159,10
174,159,10
174,159,10
174,159,10
174,159,10
174,183,10
174,183,10
174,183,10
174,183,10
174,183,10
174,183,10
174,183,10
174,183,10
174,183,10
174,183,10
174,172,10
174,172,10
174,172,10
174,172,10
174,172,10
174,172,10
174,172,10
174,172,10
174,172,10
174,172,10
174,172,10
174,172,10
174,172,10
174,172,10
174,172,10
174,172,10
174,181,10
174,181,10
174,181,10
174,181,10
174,181,10
174,181,10
174,181,10
174,181,10
174,181,10
174,181,10
174,181,10
174,181,10
174,181,10
174,181,10
174,181,10
174,181,10
174,178,10
174,178,10
174,178,10
174,178,10
174,178,10
174,178,10
174,178,10
174,178,10
174,178,10
174,178,10
174,178,10
174,178,10
174,178,10
174,178,10
174,178,10
174,178,10
174,178,10
174,178,10
174,178,10
174,178,10
174,178,10
174,178,10
174,178,10
174,178,10
174,178,10
174,178,10
174,178,10
174,178,10
174,178,10
174,178,10
174,178,10
174,178,10
174,178,10
174,178,10
174,178,10
174,178,10
174,178,10
174,178,10
174,178,10
174,178,10
174,178,10
174,178,10
174,178,10
174,178,10
174,178,10
174,153,10
174,153,10
174,153,10
174,153,10
174,153,10
174,153,10
174,153,10
174,153,10
174,153,10
174,153,10
174,153,10
174,153,10
174,153,10
204,221,10
204,221,10
204,221,10
204,221,10
204,221,10
204,221,10
204,221,10
204,221,10
204,221,10
204,221,10
204,221,10
204,221,10
204,221,10
204,221,10
204,221,10
204,221,10
204,221,10
204,221,10
204,221,10
204,221,10
204,221,10
204,221,10
204,221,10
204,221,10
204,221,10
204,221,10
204,221,10
204,221,10
204,221,10
204,221,10
204,221,10
204,221,10
204,221,10
204,221,10
204,213,10
204,213,10
204,213,10
204,213,10
204,213,10
204,213,10
204,213,10
204,213,10
204,213,10
204,213,10
204,213,10
204,213,10
204,213,10
204,213,10
204,213,10
204,213,10
204,213,10
204,213,10
204,213,10
204,213,10
204,202,10
204,202,10
204,202,10
204,202,10
204,202,10
204,202,10
204,202,10
204,202,10
204,202,10
204,202,10
204,202,10
204,202,10
204,202,10
204,217,10
204,217,10
204,217,10
204,217,10
204,217,10
204,217,10
204,217,10
204,217,10
204,217,10
204,217,10
204,217,10
204,217,10
204,217,10
204,217,10
204,217,10
204,217,10
204,217,10
204,217,10
204,217,10
204,217,10
204,217,10
204,217,10
204,217,10
204,217,10
204,217,10
204,201,10
204,201,10
204,201,10
204,201,10
204,201,10
204,201,10
204,201,10
204,201,10
204,201,10
204,201,10
204,201,10
204,201,10
204,201,10
204,201,10
204,201,10
204,201,10
204,201,10
204,201,10
204,201,10
204,205,10
204,205,10
204,205,10
204,205,10
204,205,10
204,205,10
204,205,10
204,219,10
204,219,10
204,219,10
204,219,10
204,219,10
204,219,10
204,219,10
204,219,10
204,219,10
204,219,10
204,219,10
204,219,10
204,219,10
204,219,10
204,219,10
204,219,10
204,219,10
204,219,10
204,219,10
204,219,10
204,219,10
204,219,10
204,219,10
204,219,10
204,211,10
204,211,10
204,211,10
204,211,10
204,211,10
204,211,10
204,211,10
204,211,10
204,211,10
204,211,10
204,211,10
204,211,10
204,211,10
204,211,10
204,211,10
204,211,10
204,211,10
204,202,10
204,202,10
204,202,10
204,202,10
204,202,10
204,202,10
204,202,10
204,202,10
204,202,10
204,202,10
204,202,10
204,202,10
204,202,10
204,202,10
204,202,10
204,203,10
204,203,10
204,203,10
204,203,10
204,203,10
204,203,10
204,203,10
204,203,10
204,203,10
204,203,10
204,203,10
204,203,10
204,203,10
204,203,10
204,203,10
204,203,10
204,203,10
204,203,10
204,203,10
204,203,10
204,203,10
204,203,10
204,203,10
204,203,10
204,203,10
204,203,10
204,203,10
204,203,10
204,203,10
204,203,10
204,203,10
204,203,10
204,203,10
204,203,10
204,197,10
204,197,10
204,197,10
204,197,10
204,197,10
204,197,10
204,197,10
204,197,10
204,197,10
204,197,10
204,197,10
204,197,10
204,197,10
204,195,10
204,195,10
204,195,10
204,195,10
204,195,10
204,195,10
204,195,10
204,195,10
204,195,10
204,195,10
204,195,10
204,195,10
204,195,10
204,195,10
204,195,10
204,195,10
204,195,10
204,195,10
204,195,10
204,195,10
204,195,10
204,195,10
204,195,10
204,195,10
204,195,10
204,195,10
204,200,10
204,200,10
204,200,10
204,200,10
204,200,10
204,200,10
204,200,10
204,200,10
204,200,10
204,200,10
204,200,10
204,200,10
204,200,10
204,200,10
204,192,10
204,192,10
204,192,10
204,192,10
204,192,10
204,192,10
204,192,10
204,192,10
204,192,10
204,192,10
204,192,10
204,192,10
204,192,10
204,192,10
204,192,10
204,192,10
204,192,10
204,192,10
204,206,10
204,206,10
204,206,10
204,206,10
204,206,10
204,206,10
204,206,10
204,206,10
204,206,10
204,206,10
204,206,10
204,206,10
204,206,10
204,206,10
204,206,10
204,206,10
204,206,10
204,206,10
204,206,10
204,206,10
204,206,10
204,206,10
204,206,10
204,206,10
204,206,10
204,206,10
204,206,10
204,206,10
204,206,10
204,206,10
204,206,10
204,206,10
204,206,10
204,206,10
204,206,10
204,206,10
204,206,10
204,206,10
204,206,10
204,206,10
204,206,10
204,206,10
204,217,10
204,217,10
204,217,10
204,217,10
204,217,10
204,217,10
204,217,10
204,217,10
204,217,10
204,217,10
204,217,10
204,217,10
204,217,10
204,217,10
204,217,10
204,217,10
204,217,10
204,217,10
204,217,10
204,217,10
204,217,10
204,217,10
204,217,10
204,217,10
204,217,10
204,217,10
204,217,10
204,217,10
204,217,10
204,217,10
204,217,10
204,217,10
204,217,10
204,217,10
204,206,10
204,206,10
204,206,10
204,206,10
204,206,10
204,206,10
204,206,10
204,206,10
204,206,10
204,218,10
204,218,10
204,218,10
204,218,10
204,218,10
204,218,10
204,218,10
204,218,10
204,218,10
204,218,10
204,218,10
204,218,10
204,218,10
204,218,10
204,216,10
204,216,10
204,216,10
204,216,10
204,216,10
204,216,10
204,216,10
204,216,10
204,216,10
204,216,10
204,216,10
204,216,10
204,216,10
204,216,10
204,216,10
204,193,10
204,193,10
204,193,10
204,193,10
204,193,10
204,193,10
204,193,10
204,193,10
204,193,10
204,193,10
204,193,10
204,193,10
204,193,10
204,194,10
204,194,10
204,194,10
204,194,10
204,194,10
204,194,10
204,194,10
204,194,10
204,194,10
204,194,10
204,194,10
204,194,10
204,194,10
204,194,10
204,194,10
204,194,10
204,194,10
204,194,10
204,194,10
204,194,10
204,194,10
204,194,10
204,194,10
204,194,10
204,194,10
204,194,10
204,194,10
204,194,10
204,194,10
204,194,10
204,194,10
204,194,10
204,212,10
204,212,10
204,212,10
204,212,10
204,212,10
204,212,10
204,212,10
204,212,10
204,212,10
204,212,10
204,212,10
204,212,10
204,212,10
204,212,10
204,212,10
204,212,10
204,212,10
204,212,10
204,212,10
204,212,10
204,212,10
204,212,10
204,212,10
204,212,10
204,212,10
204,212,10
204,212,10
204,212,10
204,212,10
204,212,10
204,212,10
204,212,10
204,212,10
204,212,10
204,212,10
204,212,10
204,212,10
204,212,10
204,212,10
204,212,10
204,212,10
204,212,10
204,212,10
204,212,10
204,212,10
204,212,10
204,212,10
204,212,10
204,212,10
204,212,10
204,212,10
204,212,10
204,212,10
204,212,10
204,203,10
204,203,10
204,203,10
204,203,10
204,203,10
204,203,10
204,203,10
204,203,10
204,203,10
204,203,10
204,203,10
204,203,10
204,185,10
204,185,10
204,185,10
204,185,10
204,185,10
204,185,10
204,185,10
204,185,10
204,185,10
204,185,10
204,185,10
204,185,10
204,210,10
204,210,10
204,210,10
204,210,10
204,210,10
204,210,10
204,210,10
204,210,10
204,210,10
204,210,10
204,210,10
204,210,10
204,210,10
204,210,10
204,210,10
204,210,10
204,210,10
204,210,10
204,210,10
204,210,10
204,210,10
204,210,10
204,210,10
204,210,10
204,210,10
204,210,10
204,210,10
204,210,10
204,210,10
204,210,10
204,210,10
204,210,10
204,210,10
204,210,10
204,210,10
204,210,10
204,210,10
204,210,10
204,210,10
204,210,10
204,210,10
204,210,10
204,210,10
204,210,10
204,210,10
204,210,10
204,210,10
204,210,10
204,210,10
204,210,10
204,210,10
204,210,10
204,210,10
204,210,10
204,210,10
204,210,10
204,210,10
204,210,10
204,210,10
204,184,10
204,184,10
204,184,10
204,184,10
204,184,10
204,184,10
204,184,10
204,184,10
204,184,10
204,184,10
204,184,10
204,184,10
204,184,10
204,184,10
204,184,10
204,184,10
204,184,10
204,184,10
204,184,10
204,184,10
204,184,10
204,184,10
204,184,10
204,184,10
204,184,10
204,184,10
204,184,10
204,184,10
204,184,10
204,184,10
204,184,10
204,184,10
204,184,10
204,184,10
204,184,10
204,184,10
204,184,10
204,184,10
204,184,10
204,184,10
204,184,10
204,184,10
204,184,10
204,208,10
204,208,10
204,208,10
204,208,10
204,208,10
204,208,10
204,208,10
204,208,10
204,204,10
204,204,10
204,204,10
204,204,10
204,204,10
204,204,10
204,204,10
204,204,10
204,196,10
204,196,10
204,196,10
204,196,10
204,196,10
204,196,10
204,196,10
204,207,10
204,207,10
204,207,10
204,207,10
204,207,10
204,207,10
204,207,10
204,207,10
204,207,10
204,207,10
204,207,10
204,208,10
204,208,10
204,208,10
204,208,10
204,208,10
204,208,10
204,208,10
204,208,10
204,208,10
204,208,10
204,208,10
204,208,10
204,208,10
204,208,10
204,208,10
204,208,10
204,208,10
204,204,10
204,204,10
204,204,10
204,204,10
204,204,10
204,204,10
204,204,10
204,204,10
204,204,10
204,204,10
204,204,10
204,204,10
204,204,10
204,204,10
204,204,10
204,204,10
204,204,10
204,204,10
224,217,10
224,217,10
224,217,10
224,217,10
224,217,10
224,217,10
224,217,10
224,217,10
224,217,10
224,217,10
224,217,10
224,217,10
224,217,10
224,217,10
224,217,10
224,217,10
224,217,10
224,217,10
224,218,10
224,218,10
224,218,10
224,218,10
224,218,10
224,218,10
224,218,10
224,218,10
224,242,10
224,242,10
224,242,10
224,242,10
224,242,10
224,242,10
224,242,10
224,242,10
224,242,10
224,242,10
224,242,10
224,242,10
224,242,10
224,242,10
224,242,10
224,242,10
224,242,10
224,242,10
224,242,10
224,242,10
224,242,10
224,242,10
224,242,10
224,242,10
224,242,10
224,242,10
224,242,10
224,242,10
224,242,10
224,242,10
224,242,10
224,242,10
224,242,10
224,242,10
224,242,10
224,242,10
224,242,10
224,242,10
224,242,10
224,242,10
224,242,10
224,227,10
224,227,10
224,227,10
224,227,10
224,227,10
224,227,10
224,227,10
224,227,10
224,227,10
224,227,10
224,219,10
224,219,10
224,219,10
224,219,10
224,219,10
224,219,10
224,219,10
224,219,10
224,219,10
224,219,10
224,219,10
224,219,10
224,219,10
224,219,10
224,219,10
224,219,10
224,219,10
224,219,10
224,219,10
224,219,10
224,219,10
224,219,10
224,219,10
224,221,10
224,221,10
224,221,10
224,221,10
224,221,10
224,221,10
224,221,10
224,221,10
224,221,10
224,221,10
224,221,10
224,218,10
224,218,10
224,218,10
224,218,10
224,218,10
224,218,10
224,218,10
224,218,10
224,218,10
224,218,10
224,218,10
224,218,10
224,218,10
224,218,10
224,218,10
224,218,10
224,218,10
224,218,10
224,218,10
224,218,10
224,218,10
224,218,10
224,218,10
224,218,10
224,218,10
224,218,10
224,218,10
224,218,10
224,227,10
224,227,10
224,227,10
224,227,10
224,227,10
224,227,10
224,227,10
224,227,10
224,227,10
224,219,10
224,219,10
224,219,10
224,219,10
224,219,10
224,219,10
224,219,10
224,219,10
224,219,10
224,219,10
224,209,10
224,209,10
224,209,10
224,209,10
224,209,10
224,209,10
224,209,10
224,209,10
224,209,10
224,209,10
224,209,10
224,221,10
224,221,10
224,221,10
224,221,10
224,221,10
224,221,10
224,221,10
224,221,10
224,221,10
224,221,10
224,221,10
224,221,10
224,221,10
224,221,10
224,221,10
224,221,10
224,221,10
224,221,10
224,221,10
224,221,10
224,221,10
224,221,10
224,221,10
224,222,10
224,222,10
224,222,10
224,222,10
224,222,10
224,222,10
224,222,10
224,222,10
224,222,10
224,222,10
224,222,10
224,222,10
224,222,10
224,222,10
224,222,10
224,222,10
224,222,10
224,222,10
224,222,10
224,222,10
224,222,10
224,227,10
224,227,10
224,227,10
224,227,10
224,227,10
224,227,10
224,227,10
224,227,10
224,227,10
224,227,10
224,227,10
224,227,10
224,227,10
224,227,10
224,227,10
224,227,10
224,227,10
224,227,10
224,227,10
224,227,10
224,227,10
224,227,10
224,227,10
224,227,10
224,227,10
224,227,10
224,227,10
224,227,10
224,227,10
224,227,10
224,227,10
224,220,10
224,220,10
224,220,10
224,220,10
224,220,10
224,220,10
224,220,10
224,225,10
224,225,10
224,225,10
224,225,10
224,225,10
224,225,10
224,225,10
224,225,10
224,225,10
224,225,10
224,225,10
224,225,10
224,225,10
224,225,10
224,225,10
224,225,10
224,225,10
224,225,10
224,225,10
224,225,10
224,225,10
224,225,10
224,225,10
224,225,10
224,225,10
224,225,10
224,225,10
224,225,10
224,225,10
224,225,10
224,225,10
224,225,10
224,231,10
224,231,10
224,231,10
224,231,10
224,231,10
224,231,10
224,231,10
224,231,10
224,231,10
224,231,10
224,231,10
224,231,10
224,231,10
224,230,10
224,230,10
224,230,10
224,230,10
224,230,10
224,230,10
224,230,10
224,230,10
224,230,10
224,230,10
224,230,10
224,230,10
224,230,10
224,230,10
224,230,10
224,230,10
224,228,10
224,228,10
224,228,10
224,228,10
224,228,10
224,228,10
224,221,10
224,221,10
224,221,10
224,221,10
224,221,10
224,221,10
224,221,10
224,221,10
224,221,10
224,221,10
224,235,10
224,235,10
224,235,10
224,235,10
224,235,10
224,235,10
224,235,10
224,235,10
224,235,10
224,235,10
224,235,10
224,235,10
224,235,10
224,235,10
224,235,10
224,235,10
224,235,10
224,235,10
224,235,10
224,235,10
224,235,10
224,235,10
224,235,10
224,235,10
224,235,10
224,235,10
224,235,10
224,235,10
224,235,10
224,235,10
224,235,10
224,235,10
224,235,10
224,235,10
224,245,10
224,245,10
224,245,10
224,245,10
224,245,10
224,245,10
224,245,10
224,245,10
224,245,10
224,245,10
224,245,10
224,245,10
224,245,10
224,245,10
224,245,10
224,245,10
224,245,10
224,245,10
224,245,10
224,245,10
224,245,10
224,245,10
224,245,10
224,245,10
224,245,10
224,245,10
224,245,10
224,245,10
224,245,10
224,245,10
224,245,10
224,245,10
224,245,10
224,245,10
224,245,10
224,245,10
224,245,10
224,245,10
224,245,10
224,245,10
224,245,10
224,245,10
224,225,10
224,225,10
224,225,10
224,225,10
224,225,10
224,225,10
224,225,10
224,225,10
224,225,10
224,225,10
224,225,10
224,225,10
224,225,10
224,225,10
224,225,10
224,225,10
224,225,10
224,225,10
224,225,10
224,225,10
224,225,10
224,225,10
224,216,10
224,216,10
224,216,10
224,216,10
224,216,10
224,216,10
224,216,10
224,216,10
224,216,10
224,216,10
224,220,10
224,220,10
224,220,10
224,220,10
224,220,10
224,220,10
224,220,10
224,220,10
224,220,10
224,220,10
224,220,10
224,220,10
224,220,10
224,220,10
224,220,10
224,220,10
224,220,10
224,230,10
224,230,10
224,230,10
224,230,10
224,230,10
224,230,10
224,230,10
224,230,10
224,230,10
224,230,10
224,230,10
224,230,10
224,230,10
224,230,10
224,230,10
224,230,10
224,226,10
224,226,10
224,226,10
224,226,10
224,226,10
224,226,10
224,226,10
224,226,10
224,226,10
224,226,10
224,219,10
224,219,10
224,219,10
224,219,10
224,219,10
224,219,10
224,219,10
224,223,10
224,223,10
224,223,10
224,223,10
224,223,10
224,223,10
224,223,10
224,223,10
224,223,10
224,223,10
224,223,10
224,223,10
224,223,10
224,223,10
224,223,10
224,223,10
224,223,10
224,223,10
224,223,10
224,223,10
224,223,10
224,215,10
224,215,10
224,215,10
224,215,10
224,215,10
224,215,10
224,215,10
224,215,10
224,215,10
224,215,10
224,215,10
224,215,10
224,215,10
224,215,10
224,215,10
224,215,10
224,215,10
224,215,10
224,215,10
224,215,10
224,215,10
224,215,10
224,215,10
224,215,10
224,215,10
224,205,10
224,205,10
224,205,10
224,205,10
224,205,10
224,205,10
224,205,10
194,199,10
194,199,10
194,199,10
194,199,10
194,199,10
194,199,10
194,199,10
194,199,10
194,199,10
194,199,10
194,199,10
194,199,10
194,199,10
194,199,10
194,199,10
194,199,10
194,199,10
194,199,10
194,199,10
194,199,10
194,199,10
194,199,10
194,199,10
194,199,10
194,199,10
194,199,10
194,199,10
194,199,10
194,199,10
194,199,10
194,199,10
194,199,10
194,199,10
194,199,10
194,199,10
194,199,10
194,199,10
194,199,10
194,199,10
194,201,10
194,201,10
194,201,10
194,201,10
194,201,10
194,201,10
194,201,10
194,205,10
194,205,10
194,205,10
194,205,10
194,205,10
194,205,10
194,205,10
194,205,10
194,205,10
194,205,10
194,205,10
194,205,10
194,205,10
194,205,10
194,205,10
194,205,10
194,205,10
194,205,10
194,205,10
194,205,10
194,205,10
194,205,10
194,205,10
194,205,10
194,205,10
194,205,10
194,205,10
194,205,10
194,205,10
194,205,10
194,205,10
194,205,10
194,205,10
194,205,10
194,205,10
194,205,10
194,205,10
194,205,10
194,205,10
194,205,10
194,205,10
194,205,10
194,205,10
194,205,10
194,205,10
194,205,10
194,197,10
194,197,10
194,197,10
194,197,10
194,197,10
194,197,10
194,197,10
194,197,10
194,197,10
194,197,10
194,197,10
194,197,10
194,197,10
194,197,10
194,163,10
194,163,10
194,163,10
194,163,10
194,163,10
194,163,10
194,163,10
194,163,10
194,163,10
194,163,10
194,163,10
194,163,10
194,163,10
194,163,10
194,194,10
194,194,10
194,194,10
194,194,10
194,194,10
194,194,10
194,194,10
194,194,10
194,194,10
194,194,10
194,194,10
194,194,10
194,194,10
194,194,10
194,194,10
194,194,10
194,194,10
194,194,10
194,194,10
194,194,10
194,194,10
194,194,10
194,194,10
194,194,10
194,194,10
194,194,10
194,194,10
194,194,10
194,194,10
194,194,10
194,194,10
194,194,10
194,194,10
194,194,10
194,194,10
194,194,10
194,194,10
194,194,10
194,194,10
194,194,10
194,196,10
194,196,10
194,196,10
194,196,10
194,196,10
194,196,10
194,196,10
194,196,10
194,196,10
194,196,10
194,196,10
194,196,10
194,179,10
194,179,10
194,179,10
194,179,10
194,179,10
194,179,10
194,179,10
194,179,10
194,179,10
194,179,10
194,183,10
194,183,10
194,183,10
194,183,10
194,183,10
194,183,10
194,183,10
194,183,10
194,183,10
194,183,10
194,183,10
194,183,10
194,183,10
194,183,10
194,183,10
194,183,10
194,183,10
194,183,10
194,183,10
194,183,10
194,183,10
194,183,10
194,183,10
194,183,10
194,183,10
194,183,10
194,183,10
194,183,10
194,183,10
194,183,10
194,183,10
194,183,10
194,183,10
194,183,10
194,183,10
194,183,10
194,183,10
194,183,10
194,183,10
194,183,10
194,183,10
194,183,10
194,183,10
194,183,10
194,183,10
194,183,10
194,183,10
194,183,10
194,183,10
194,183,10
194,183,10
194,183,10
194,183,10
194,183,10
194,183,10
194,183,10
194,183,10
194,183,10
194,183,10
194,183,10
194,188,10
194,188,10
194,188,10
194,188,10
194,188,10
194,188,10
194,188,10
194,188,10
194,188,10
194,188,10
194,188,10
194,192,10
194,192,10
194,192,10
194,192,10
194,192,10
194,192,10
194,192,10
194,192,10
194,192,10
194,192,10
194,192,10
194,192,10
194,192,10
194,192,10
194,192,10
194,192,10
194,192,10
194,192,10
194,192,10
194,192,10
194,192,10
194,192,10
194,192,10
194,192,10
194,192,10
194,188,10
194,188,10
194,188,10
194,188,10
194,188,10
194,188,10
194,188,10
194,188,10
194,188,10
194,188,10
194,188,10
194,188,10
194,188,10
194,188,10
194,188,10
194,188,10
194,188,10
194,188,10
194,188,10
194,188,10
194,188,10
194,188,10
194,199,10
194,199,10
194,199,10
194,199,10
194,199,10
194,199,10
194,199,10
194,199,10
194,199,10
194,199,10
194,199,10
194,199,10
194,199,10
194,180,10
194,180,10
194,180,10
194,180,10
194,180,10
194,180,10
194,180,10
194,180,10
194,180,10
194,180,10
194,180,10
194,180,10
194,180,10
194,180,10
194,180,10
194,180,10
194,180,10
194,180,10
194,180,10
194,180,10
194,180,10
194,180,10
194,193,10
194,193,10
194,193,10
194,193,10
194,193,10
194,193,10
194,193,10
194,193,10
194,193,10
194,193,10
194,193,10
194,193,10
194,193,10
194,193,10
194,198,10
194,198,10
194,198,10
194,198,10
194,198,10
194,198,10
194,198,10
194,198,10
194,198,10
194,198,10
194,198,10
194,198,10
194,198,10
194,198,10
194,198,10
194,198,10
194,198,10
194,198,10
194,198,10
194,198,10
194,198,10
194,198,10
194,198,10
194,198,10
194,198,10
194,198,10
194,198,10
194,198,10
194,198,10
194,192,10
194,192,10
194,192,10
194,192,10
194,192,10
194,192,10
194,192,10
194,192,10
194,192,10
194,192,10
194,192,10
194,192,10
194,192,10
194,192,10
194,192,10
194,190,10
194,190,10
194,190,10
194,190,10
194,190,10
194,190,10
194,190,10
194,190,10
194,190,10
194,199,10
194,199,10
194,199,10
194,199,10
194,199,10
194,199,10
194,199,10
194,199,10
194,199,10
194,199,10
194,199,10
194,199,10
194,199,10
194,199,10
194,199,10
194,199,10
194,199,10
194,199,10
194,199,10
194,199,10
194,199,10
194,199,10
194,199,10
194,199,10
194,199,10
194,199,10
194,199,10
194,199,10
194,199,10
194,183,10
194,183,10
194,183,10
194,183,10
194,183,10
194,183,10
194,183,10
194,183,10
194,183,10
194,200,10
194,200,10
194,200,10
194,200,10
194,200,10
194,200,10
194,200,10
194,202,10
194,202,10
194,202,10
194,202,10
194,202,10
194,202,10
194,202,10
194,202,10
194,202,10
194,202,10
194,202,10
194,202,10
194,202,10
194,202,10
194,202,10
194,202,10
194,202,10
194,202,10
194,202,10
194,211,10
194,211,10
194,211,10
194,211,10
194,211,10
194,211,10
194,211,10
194,204,10
194,204,10
194,204,10
194,204,10
194,204,10
194,204,10
194,204,10
194,204,10
194,204,10
194,204,10
194,208,10
194,208,10
194,208,10
194,208,10
194,208,10
194,208,10
194,208,10
194,208,10
194,208,10
194,208,10
194,208,10
194,208,10
194,208,10
194,208,10
194,208,10
194,208,10
194,208,10
194,208,10
194,208,10
194,208,10
194,208,10
194,208,10
194,208,10
194,208,10
194,208,10
194,208,10
194,208,10
194,175,10
194,175,10
194,175,10
194,175,10
194,175,10
194,175,10
194,188,10
194,188,10
194,188,10
194,188,10
194,188,10
194,188,10
194,188,10
194,188,10
194,188,10
194,188,10
194,188,10
194,188,10
194,188,10
194,201,10
194,201,10
194,201,10
194,201,10
194,201,10
194,201,10
194,201,10
194,201,10
174,191,10
174,191,10
174,191,10
174,191,10
174,191,10
174,191,10
174,191,10
174,191,10
174,191,10
174,191,10
174,191,10
174,191,10
174,191,10
174,191,10
174,191,10
174,191,10
174,191,10
174,191,10
174,191,10
174,191,10
174,191,10
174,191,10
174,191,10
174,191,10
174,191,10
174,191,10
174,191,10
174,191,10
174,191,10
174,191,10
174,191,10
174,191,10
174,191,10
174,165,10
174,165,10
174,165,10
174,165,10
174,165,10
174,165,10
174,165,10
174,165,10
174,165,10
174,165,10
174,165,10
174,165,10
174,165,10
174,172,10
174,172,10
174,172,10
174,172,10
174,172,10
174,172,10
174,172,10
174,172,10
174,172,10
174,172,10
174,172,10
174,172,10
174,172,10
174,176,10
174,176,10
174,176,10
174,176,10
174,176,10
174,176,10
174,176,10
174,176,10
174,176,10
174,176,10
174,176,10
174,176,10
174,176,10
174,169,10
174,169,10
174,169,10
174,169,10
174,169,10
174,169,10
174,169,10
174,169,10
174,169,10
174,169,10
174,169,10
174,169,10
174,169,10
174,187,10
174,187,10
174,187,10
174,187,10
174,187,10
174,187,10
174,168,10
174,168,10
174,168,10
174,168,10
174,168,10
174,168,10
174,168,10
174,168,10
174,168,10
174,168,10
174,168,10
174,168,10
174,168,10
174,168,10
174,168,10
174,168,10
174,168,10
174,188,10
174,188,10
174,188,10
174,188,10
174,188,10
174,188,10
174,188,10
174,188,10
174,159,10
174,159,10
174,159,10
174,159,10
174,159,10
174,159,10
174,159,10
174,159,10
174,159,10
174,159,10
174,159,10
174,159,10
174,159,10
174,159,10
174,159,10
174,159,10
174,159,10
174,159,10
174,159,10
174,159,10
174,159,10
174,159,10
174,159,10
174,159,10
174,159,10
174,159,10
174,159,10
174,159,10
174,159,10
174,159,10
174,159,10
174,159,10
174,159,10
174,159,10
174,159,10
174,159,10
174,159,10
174,159,10
174,159,10
174,159,10
174,159,10
174,191,10
174,191,10
174,191,10
174,191,10
174,191,10
174,191,10
174,191,10
174,191,10
174,191,10
174,191,10
174,191,10
174,191,10
174,191,10
174,191,10
174,191,10
174,169,10
174,169,10
174,169,10
174,169,10
174,169,10
174,169,10
174,169,10
174,169,10
174,169,10
174,169,10
174,169,10
174,169,10
174,169,10
174,169,10
174,169,10
174,169,10
174,169,10
174,169,10
174,169,10
174,169,10
174,169,10
174,169,10
174,169,10
174,169,10
174,169,10
174,169,10
174,169,10
174,169,10
174,169,10
174,169,10
174,172,10
174,172,10
174,172,10
174,172,10
174,172,10
174,172,10
174,172,10
174,172,10
174,172,10
174,172,10
174,172,10
174,172,10
174,172,10
174,172,10
174,172,10
174,172,10
174,172,10
174,172,10
174,172,10
174,172,10
174,172,10
174,172,10
174,172,10
174,172,10
174,172,10
174,172,10
174,172,10
174,172,10
174,172,10
174,172,10
174,172,10
174,172,10
174,172,10
174,172,10
174,172,10
174,172,10
174,172,10
174,172,10
174,172,10
174,172,10
174,172,10
174,172,10
174,172,10
174,170,10
174,170,10
174,170,10
174,170,10
174,170,10
174,170,10
174,170,10
174,170,10
174,170,10
174,170,10
174,170,10
174,170,10
174,170,10
174,170,10
174,170,10
174,170,10
174,170,10
174,170,10
174,170,10
174,170,10
174,170,10
174,170,10
174,170,10
174,170,10
174,170,10
174,170,10
174,170,10
174,170,10
174,184,10
174,184,10
174,184,10
174,184,10
174,184,10
174,184,10
174,184,10
174,184,10
174,184,10
174,184,10
174,184,10
174,184,10
174,184,10
174,184,10
174,184,10
174,184,10
174,184,10
174,184,10
174,184,10
174,184,10
174,184,10
174,184,10
174,184,10
174,184,10
174,184,10
174,184,10
174,184,10
174,184,10
174,184,10
174,184,10
174,184,10
174,184,10
174,184,10
174,184,10
174,184,10
174,184,10
174,184,10
174,184,10
174,184,10
174,184,10
174,184,10
174,184,10
174,184,10
174,184,10
174,184,10
174,184,10
174,184,10
174,184,10
174,184,10
174,175,10
174,175,10
174,175,10
174,175,10
174,175,10
174,175,10
174,179,10
174,179,10
174,179,10
174,179,10
174,179,10
174,179,10
174,179,10
174,180,10
174,180,10
174,180,10
174,180,10
174,180,10
174,180,10
174,180,10
174,180,10
174,180,10
174,180,10
174,180,10
174,180,10
174,180,10
174,180,10
174,180,10
174,180,10
174,180,10
174,180,10
174,187,10
174,187,10
174,187,10
174,187,10
174,187,10
174,187,10
174,187,10
174,187,10
174,187,10
174,187,10
174,187,10
174,187,10
174,187,10
174,187,10
174,187,10
174,187,10
174,187,10
174,187,10
174,187,10
174,187,10
174,187,10
174,187,10
174,187,10
174,187,10
174,187,10
174,187,10
174,187,10
174,187,10
174,187,10
174,187,10
174,187,10
174,187,10
174,187,10
174,187,10
174,187,10
174,187,10
174,187,10
174,170,10
174,170,10
174,170,10
174,170,10
174,170,10
174,170,10
174,170,10
174,170,10
174,170,10
174,170,10
174,170,10
174,170,10
174,170,10
174,170,10
174,170,10
174,170,10
174,170,10
174,170,10
174,170,10
174,170,10
174,170,10
174,170,10
174,181,10
174,181,10
174,181,10
174,181,10
174,181,10
174,181,10
174,181,10
174,181,10
174,181,10
174,181,10
174,181,10
174,174,10
174,174,10
174,174,10
174,174,10
174,174,10
174,174,10
174,174,10
174,174,10
174,174,10
174,174,10
174,174,10
174,174,10
174,174,10
174,184,10
174,184,10
174,184,10
174,184,10
174,184,10
174,184,10
174,184,10
174,184,10
174,184,10
174,184,10
174,184,10
174,184,10
174,184,10
174,184,10
174,184,10
174,184,10
174,184,10
174,184,10
174,184,10
174,184,10
174,184,10
174,184,10
174,184,10
174,184,10
174,184,10
174,184,10
174,184,10
174,184,10
174,184,10
174,184,10
174,184,10
174,184,10
174,184,10
174,184,10
174,184,10
174,184,10
174,184,10
174,184,10
174,184,10
174,184,10
174,184,10
174,166,10
174,166,10
174,166,10
174,166,10
174,166,10
174,166,10
174,166,10
174,166,10
174,166,10
174,166,10
174,166,10
174,166,10
174,166,10
174,166,10
174,166,10
174,166,10
174,166,10
174,166,10
174,166,10
174,166,10
174,166,10
174,166,10
174,166,10
174,166,10
174,166,10
174,166,10
174,173,10
174,173,10
174,173,10
174,173,10
174,173,10
174,173,10
174,173,10
174,173,10
174,173,10
174,173,10
174,173,10
174,173,10
174,173,10
174,173,10
174,173,10
174,173,10
174,173,10
174,173,10
174,173,10
174,173,10
174,173,10
174,173,10
174,173,10
174,173,10
174,173,10
174,173,10
174,173,10
174,173,10
174,173,10
174,173,10
174,180,10
174,180,10
174,180,10
174,180,10
174,180,10
174,180,10
174,180,10
174,180,10
174,180,10
174,180,10
174,180,10
174,180,10
174,180,10
174,180,10
174,180,10
174,180,10
174,180,10
204,193,10
204,193,10
204,193,10
204,193,10
204,193,10
204,193,10
204,193,10
204,193,10
204,193,10
204,193,10
204,193,10
204,193,10
204,193,10
204,194,10
204,194,10
204,194,10
204,194,10
204,194,10
204,194,10
204,194,10
204,194,10
204,194,10
204,194,10
204,200,10
204,200,10
204,200,10
204,200,10
204,200,10
204,200,10
204,200,10
204,200,10
204,200,10
204,200,10
204,200,10
204,200,10
204,200,10
204,200,10
204,200,10
204,200,10
204,200,10
204,200,10
204,200,10
204,200,10
204,206,10
204,206,10
204,206,10
204,206,10
204,206,10
204,206,10
204,206,10
204,206,10
204,206,10
204,206,10
204,206,10
204,206,10
204,206,10
204,206,10
204,206,10
204,206,10
204,206,10
204,206,10
204,206,10
204,206,10
204,206,10
204,206,10
204,206,10
204,206,10
204,206,10
204,206,10
204,206,10
204,206,10
204,206,10
204,206,10
204,206,10
204,206,10
204,206,10
204,206,10
204,206,10
204,206,10
204,206,10
204,206,10
204,206,10
204,206,10
204,206,10
204,206,10
204,206,10
204,197,10
204,197,10
204,197,10
204,197,10
204,197,10
204,197,10
204,197,10
204,197,10
204,197,10
204,197,10
204,197,10
204,197,10
204,197,10
204,197,10
204,197,10
204,197,10
204,197,10
204,197,10
204,197,10
204,203,10
204,203,10
204,203,10
204,203,10
204,203,10
204,203,10
204,203,10
204,203,10
204,203,10
204,196,10
204,196,10
204,196,10
204,196,10
204,196,10
204,196,10
204,196,10
204,196,10
204,196,10
204,196,10
204,196,10
204,196,10
204,196,10
204,196,10
204,196,10
204,196,10
204,196,10
204,196,10
204,196,10
204,196,10
204,196,10
204,196,10
204,202,10
204,202,10
204,202,10
204,202,10
204,202,10
204,202,10
204,202,10
204,202,10
204,202,10
204,202,10
204,204,10
204,204,10
204,204,10
204,204,10
204,204,10
204,204,10
204,204,10
204,204,10
204,192,10
204,192,10
204,192,10
204,192,10
204,192,10
204,192,10
204,192,10
204,192,10
204,192,10
204,192,10
204,192,10
204,192,10
204,192,10
204,192,10
204,192,10
204,192,10
204,192,10
204,192,10
204,192,10
204,192,10
204,192,10
204,192,10
204,192,10
204,192,10
204,192,10
204,192,10
204,192,10
204,192,10
204,192,10
204,192,10
204,192,10
204,192,10
204,192,10
204,192,10
204,192,10
204,192,10
204,192,10
204,192,10
204,192,10
204,192,10
204,192,10
204,192,10
204,192,10
204,192,10
204,192,10
204,192,10
204,192,10
204,192,10
204,205,10
204,205,10
204,205,10
204,205,10
204,205,10
204,205,10
204,205,10
204,205,10
204,205,10
204,205,10
204,205,10
204,205,10
204,205,10
204,205,10
204,205,10
204,205,10
204,205,10
204,205,10
204,205,10
204,193,10
204,193,10
204,193,10
204,193,10
204,193,10
204,193,10
204,193,10
204,195,10
204,195,10
204,195,10
204,195,10
204,195,10
204,195,10
204,195,10
204,195,10
204,195,10
204,195,10
204,195,10
204,195,10
204,195,10
204,195,10
204,195,10
204,195,10
204,195,10
204,195,10
204,195,10
204,195,10
204,195,10
204,195,10
204,195,10
204,195,10
204,195,10
204,195,10
204,195,10
204,195,10
204,195,10
204,195,10
204,195,10
204,195,10
204,195,10
204,195,10
204,195,10
204,195,10
204,195,10
204,195,10
204,195,10
204,195,10
204,195,10
204,195,10
204,195,10
204,195,10
204,195,10
204,195,10
204,195,10
204,195,10
204,204,10
204,204,10
204,204,10
204,204,10
204,204,10
204,204,10
204,204,10
204,204,10
204,204,10
204,204,10
204,204,10
204,204,10
204,204,10
204,204,10
204,204,10
204,204,10
204,204,10
204,204,10
204,204,10
204,204,10
204,204,10
204,204,10
204,204,10
204,199,10
204,199,10
204,199,10
204,199,10
204,199,10
204,199,10
204,199,10
204,199,10
204,199,10
204,199,10
204,199,10
204,199,10
204,199,10
204,202,10
204,202,10
204,202,10
204,202,10
204,202,10
204,202,10
204,202,10
204,202,10
204,202,10
204,202,10
204,202,10
204,202,10
204,202,10
204,202,10
204,202,10
204,202,10
204,202,10
204,202,10
204,202,10
204,202,10
204,202,10
204,202,10
204,202,10
204,202,10
204,202,10
204,202,10
204,202,10
204,202,10
204,202,10
204,202,10
204,202,10
204,202,10
204,202,10
204,202,10
204,202,10
204,210,10
204,210,10
204,210,10
204,210,10
204,210,10
204,210,10
204,210,10
204,210,10
204,210,10
204,210,10
204,210,10
204,210,10
204,210,10
204,210,10
204,210,10
204,210,10
204,210,10
204,210,10
204,210,10
204,210,10
204,210,10
204,210,10
204,210,10
204,210,10
204,210,10
204,210,10
204,210,10
204,210,10
204,210,10
204,195,10
204,195,10
204,195,10
204,195,10
204,195,10
204,195,10
204,195,10
204,195,10
204,195,10
204,195,10
204,195,10
204,195,10
204,195,10
204,195,10
204,195,10
204,207,10
204,207,10
204,207,10
204,207,10
204,207,10
204,207,10
204,207,10
204,207,10
204,207,10
204,207,10
204,207,10
204,207,10
204,207,10
204,207,10
204,207,10
204,207,10
204,207,10
204,207,10
204,207,10
204,196,10
204,196,10
204,196,10
204,196,10
204,196,10
204,196,10
204,196,10
204,196,10
204,196,10
204,196,10
204,196,10
204,196,10
204,196,10
204,196,10
204,196,10
204,196,10
204,196,10
204,196,10
204,196,10
204,196,10
204,196,10
204,196,10
204,196,10
204,196,10
204,196,10
204,196,10
204,196,10
204,196,10
204,196,10
204,196,10
204,196,10
204,196,10
204,196,10
204,196,10
204,196,10
204,196,10
204,196,10
204,196,10
204,196,10
204,196,10
204,196,10
204,196,10
204,198,10
204,198,10
204,198,10
204,198,10
204,198,10
204,198,10
204,211,10
204,211,10
204,211,10
204,211,10
204,211,10
204,211,10
204,211,10
204,211,10
204,211,10
204,211,10
204,211,10
204,211,10
204,222,10
204,222,10
204,222,10
204,222,10
204,222,10
204,222,10
204,222,10
204,222,10
204,222,10
204,222,10
204,222,10
204,222,10
204,222,10
204,222,10
204,222,10
204,222,10
204,222,10
204,222,10
204,222,10
204,222,10
204,222,10
204,222,10
204,189,10
204,189,10
204,189,10
204,189,10
204,189,10
204,189,10
204,189,10
204,189,10
204,189,10
204,189,10
204,189,10
204,189,10
204,189,10
204,189,10
204,189,10
204,189,10
204,189,10
204,189,10
204,189,10
204,189,10
204,189,10
204,227,10
204,227,10
204,227,10
204,227,10
204,227,10
204,227,10
204,227,10
204,227,10
204,227,10
204,227,10
204,227,10
204,227,10
204,213,10
204,213,10
204,213,10
204,213,10
204,213,10
204,213,10
204,213,10
204,213,10
204,213,10
204,213,10
204,213,10
204,213,10
204,213,10
204,213,10
204,213,10
204,213,10
204,213,10
204,213,10
204,213,10
204,213,10
204,213,10
204,213,10
204,213,10
204,213,10
204,213,10
204,213,10
204,213,10
204,213,10
204,213,10
204,213,10
204,213,10
204,213,10
204,213,10
204,213,10
204,213,10
204,213,10
204,213,10
204,213,10
204,213,10
204,213,10
204,213,10
204,213,10
204,213,10
204,213,10
204,213,10
204,213,10
204,202,10
204,202,10
204,202,10
204,202,10
204,202,10
204,202,10
204,207,10
204,207,10
204,207,10
204,207,10
204,207,10
204,207,10
204,207,10
204,207,10
204,207,10
204,207,10
204,207,10
204,207,10
204,207,10
204,207,10
204,207,10
204,207,10
204,207,10
204,207,10
204,207,10
204,207,10
204,207,10
204,207,10
204,207,10
204,207,10
204,207,10
204,207,10
164,146,10
164,146,10
164,146,10
164,146,10
164,146,10
164,146,10
164,146,10
164,146,10
164,146,10
164,146,10
164,150,10
164,150,10
164,150,10
164,150,10
164,150,10
164,150,10
164,150,10
164,150,10
164,150,10
164,164,10
164,164,10
164,164,10
164,164,10
164,164,10
164,164,10
164,164,10
164,164,10
164,164,10
164,164,10
164,164,10
164,164,10
164,164,10
164,164,10
164,164,10
164,164,10
164,164,10
164,164,10
164,164,10
164,151,10
164,151,10
164,151,10
164,151,10
164,151,10
164,151,10
164,151,10
164,151,10
164,151,10
164,151,10
164,156,10
164,156,10
164,156,10
164,156,10
164,156,10
164,156,10
164,156,10
164,156,10
164,156,10
164,156,10
164,156,10
164,156,10
164,156,10
164,156,10
164,156,10
164,156,10
164,156,10
164,156,10
164,156,10
164,156,10
164,156,10
164,156,10
164,156,10
164,156,10
164,156,10
164,156,10
164,156,10
164,156,10
164,156,10
164,156,10
164,156,10
164,156,10
164,156,10
164,156,10
164,156,10
164,156,10
164,156,10
164,156,10
164,156,10
164,156,10
164,178,10
164,178,10
164,178,10
164,178,10
164,178,10
164,178,10
164,178,10
164,178,10
164,178,10
164,178,10
164,178,10
164,178,10
164,178,10
164,167,10
164,167,10
164,167,10
164,167,10
164,167,10
164,167,10
164,167,10
164,167,10
164,167,10
164,167,10
164,167,10
164,167,10
164,167,10
164,167,10
164,167,10
164,167,10
164,167,10
164,167,10
164,167,10
164,167,10
164,167,10
164,167,10
164,167,10
164,167,10
164,160,10
164,160,10
164,160,10
164,160,10
164,160,10
164,160,10
164,160,10
164,160,10
164,160,10
164,160,10
164,169,10
164,169,10
164,169,10
164,169,10
164,169,10
164,169,10
164,169,10
164,169,10
164,169,10
164,169,10
164,169,10
164,169,10
164,169,10
164,169,10
164,169,10
164,169,10
164,169,10
164,169,10
164,169,10
164,169,10
164,169,10
164,169,10
164,169,10
164,169,10
164,169,10
164,169,10
164,169,10
164,169,10
164,169,10
164,169,10
164,169,10
164,169,10
164,169,10
164,173,10
164,173,10
164,173,10
164,173,10
164,173,10
164,173,10
164,173,10
164,173,10
164,173,10
164,173,10
164,173,10
164,173,10
164,173,10
164,173,10
164,183,10
164,183,10
164,183,10
164,183,10
164,183,10
164,183,10
164,183,10
164,183,10
164,183,10
164,183,10
164,170,10
164,170,10
164,170,10
164,170,10
164,170,10
164,170,10
164,170,10
164,170,10
164,170,10
164,170,10
164,170,10
164,170,10
164,154,10
164,154,10
164,154,10
164,154,10
164,154,10
164,154,10
164,154,10
164,154,10
164,154,10
164,154,10
164,154,10
164,154,10
164,154,10
164,154,10
164,154,10
164,154,10
164,154,10
164,154,10
164,154,10
164,154,10
164,154,10
164,154,10
164,154,10
164,154,10
164,154,10
164,177,10
164,177,10
164,177,10
164,177,10
164,177,10
164,177,10
164,177,10
164,177,10
164,177,10
164,177,10
164,177,10
164,177,10
164,177,10
164,177,10
164,177,10
164,177,10
164,177,10
164,177,10
164,177,10
164,172,10
164,172,10
164,172,10
164,172,10
164,172,10
164,172,10
164,172,10
164,172,10
164,172,10
164,172,10
164,172,10
164,172,10
164,172,10
164,172,10
164,172,10
164,172,10
164,172,10
164,172,10
164,172,10
164,181,10
164,181,10
164,181,10
164,181,10
164,181,10
164,181,10
164,181,10
164,179,10
164,179,10
164,179,10
164,179,10
164,179,10
164,179,10
164,179,10
164,179,10
164,179,10
164,179,10
164,179,10
164,179,10
164,179,10
164,168,10
164,168,10
164,168,10
164,168,10
164,168,10
164,168,10
164,168,10
164,168,10
164,168,10
164,168,10
164,168,10
164,168,10
164,168,10
164,168,10
164,168,10
164,168,10
164,168,10
164,168,10
164,168,10
164,168,10
164,168,10
164,168,10
164,168,10
164,168,10
164,168,10
164,168,10
164,168,10
164,168,10
164,168,10
164,168,10
164,168,10
164,168,10
164,168,10
164,168,10
164,168,10
164,168,10
164,168,10
164,168,10
164,168,10
164,168,10
164,168,10
164,168,10
164,168,10
164,168,10
164,168,10
164,168,10
164,158,10
164,158,10
164,158,10
164,158,10
164,158,10
164,158,10
164,158,10
164,158,10
164,158,10
164,158,10
164,158,10
164,158,10
164,158,10
164,158,10
164,158,10
164,158,10
164,158,10
164,158,10
164,158,10
164,158,10
164,158,10
164,158,10
164,158,10
164,158,10
164,158,10
164,158,10
164,158,10
164,173,10
164,173,10
164,173,10
164,173,10
164,173,10
164,173,10
164,173,10
164,173,10
164,173,10
164,173,10
164,173,10
164,173,10
164,173,10
164,173,10
164,173,10
164,173,10
164,173,10
164,173,10
164,173,10
164,173,10
164,173,10
164,173,10
164,173,10
164,173,10
164,173,10
164,173,10
164,173,10
164,173,10
164,173,10
164,173,10
164,173,10
164,173,10
164,173,10
164,173,10
164,173,10
164,173,10
164,173,10
164,166,10
164,166,10
164,166,10
164,166,10
164,166,10
164,166,10
164,166,10
164,166,10
164,166,10
164,166,10
164,166,10
164,166,10
164,166,10
164,166,10
164,166,10
164,166,10
164,166,10
164,166,10
164,166,10
164,166,10
164,166,10
164,166,10
164,166,10
164,166,10
164,166,10
164,166,10
164,166,10
164,166,10
164,169,10
164,169,10
164,169,10
164,169,10
164,169,10
164,169,10
164,169,10
164,169,10
164,169,10
164,169,10
164,169,10
164,169,10
164,169,10
164,169,10
164,169,10
164,169,10
164,169,10
164,169,10
164,169,10
164,163,10
164,163,10
164,163,10
164,163,10
164,163,10
164,163,10
164,163,10
164,163,10
164,163,10
164,163,10
164,163,10
164,163,10
164,163,10
164,163,10
164,163,10
164,163,10
164,163,10
164,163,10
164,163,10
164,163,10
164,163,10
164,163,10
164,163,10
164,163,10
164,163,10
164,163,10
164,163,10
164,175,10
164,175,10
164,175,10
164,175,10
164,175,10
164,175,10
164,175,10
164,170,10
164,170,10
164,170,10
164,170,10
164,170,10
164,170,10
164,170,10
164,170,10
164,170,10
164,170,10
164,170,10
164,170,10
164,170,10
164,170,10
164,170,10
164,167,10
164,167,10
164,167,10
164,167,10
164,167,10
164,167,10
164,167,10
164,167,10
164,167,10
164,167,10
164,140,10
164,140,10
164,140,10
164,140,10
164,140,10
164,140,10
164,140,10
164,140,10
164,140,10
164,140,10
164,140,10
164,140,10
164,140,10
164,140,10
164,140,10
164,140,10
164,140,10
164,140,10
164,140,10
164,140,10
164,140,10
164,140,10
164,140,10
164,140,10
164,140,10
164,140,10
164,140,10
164,140,10
164,140,10
164,140,10
164,140,10
164,140,10
164,140,10
164,140,10
164,140,10
164,140,10
164,140,10
164,140,10
164,140,10
164,140,10
164,140,10
164,140,10
164,140,10
164,140,10
164,140,10
164,140,10
164,140,10
164,140,10
164,140,10
164,140,10
164,140,10
164,140,10
164,140,10
164,140,10
164,140,10
164,140,10
164,140,10
164,140,10
164,167,10
164,167,10
164,167,10
164,167,10
164,167,10
164,167,10
164,167,10
164,167,10
164,167,10
164,167,10
164,167,10
164,167,10
164,167,10
164,167,10
164,167,10
164,167,10
164,167,10
164,167,10
164,167,10
164,167,10
164,167,10
164,177,10
164,177,10
164,177,10
164,177,10
164,177,10
164,177,10
164,177,10
164,177,10
164,177,10
164,171,10
164,171,10
164,171,10
164,171,10
164,171,10
164,171,10
164,171,10
164,171,10
164,171,10
164,171,10
164,171,10
164,171,10
164,171,10
164,171,10
164,171,10
164,171,10
164,152,10
164,152,10
164,152,10
164,152,10
164,152,10
164,152,10
164,152,10
164,152,10
164,152,10
164,152,10
164,152,10
164,152,10
164,152,10
164,152,10
164,152,10
164,155,10
164,155,10
164,155,10
164,155,10
164,155,10
164,155,10
164,155,10
164,155,10
164,155,10
164,155,10
164,155,10
164,155,10
164,155,10
164,155,10
164,172,10
164,172,10
164,172,10
164,172,10
164,172,10
164,172,10
164,172,10
164,172,10
164,173,10
164,173,10
164,173,10
164,173,10
164,173,10
164,173,10
164,173,10
164,173,10
164,173,10
164,173,10
164,171,10
164,171,10
164,171,10
164,171,10
164,171,10
164,171,10
164,171,10
164,171,10
164,171,10
164,171,10
164,171,10
164,171,10
164,171,10
164,171,10
164,171,10
164,171,10
164,171,10
164,171,10
164,171,10
164,171,10
164,171,10
164,171,10
164,171,10
164,171,10
164,171,10
164,158,10
164,158,10
164,158,10
164,158,10
164,158,10
164,158,10
164,158,10
164,158,10
164,158,10
164,158,10
164,158,10
164,158,10
164,158,10
164,158,10
164,160,10
164,160,10
164,160,10
164,160,10
164,160,10
164,160,10
164,160,10
