true_pos,obs_pos,true_var
357,25,20
357,25,20
357,25,20
357,25,20
357,25,20
357,25,20
357,25,20
357,25,20
357,25,20
357,25,20
357,25,20
357,25,20
357,25,20
357,25,20
357,25,20
357,25,20
357,25,20
357,25,20
357,25,20
357,25,20
357,25,20
357,25,20
357,25,20
357,25,20
357,25,20
357,25,20
357,25,20
357,25,20
357,25,20
357,5,20
357,5,20
357,5,20
357,5,20
357,5,20
357,5,20
357,5,20
357,5,20
357,5,20
357,5,20
357,5,20
357,5,20
357,5,20
357,5,20
357,5,20
357,5,20
357,5,20
357,5,20
357,5,20
357,5,20
357,5,20
357,5,20
357,5,20
357,5,20
357,5,20
357,5,20
357,5,20
357,5,20
357,5,20
357,343,20
357,343,20
357,343,20
357,343,20
357,343,20
357,343,20
357,343,20
357,346,20
357,346,20
357,346,20
357,346,20
357,346,20
357,346,20
357,346,20
357,346,20
357,346,20
357,0,20
357,0,20
357,0,20
357,0,20
357,0,20
357,0,20
357,0,20
357,0,20
357,0,20
357,0,20
357,0,20
357,18,20
357,18,20
357,18,20
357,18,20
357,18,20
357,18,20
357,18,20
357,18,20
357,18,20
357,11,20
357,11,20
357,11,20
357,11,20
357,11,20
357,11,20
357,11,20
357,11,20
357,11,20
357,11,20
357,11,20
357,11,20
357,11,20
357,11,20
357,11,20
357,11,20
357,11,20
357,11,20
357,11,20
357,11,20
357,11,20
357,11,20
357,11,20
357,11,20
357,11,20
357,11,20
357,11,20
357,11,20
357,15,20
357,15,20
357,15,20
357,15,20
357,15,20
357,15,20
357,15,20
357,15,20
357,15,20
357,15,20
357,15,20
357,15,20
357,15,20
357,15,20
357,15,20
357,15,20
357,15,20
357,15,20
357,15,20
357,15,20
357,15,20
357,15,20
357,15,20
357,15,20
357,15,20
357,15,20
357,15,20
357,347,20
357,347,20
357,347,20
357,347,20
357,347,20
357,347,20
357,347,20
357,347,20
357,347,20
357,347,20
357,347,20
357,347,20
357,347,20
357,7,20
357,7,20
357,7,20
357,7,20
357,7,20
357,7,20
357,355,20
357,355,20
357,355,20
357,355,20
357,355,20
357,355,20
357,355,20
357,355,20
357,355,20
357,355,20
357,355,20
357,355,20
357,355,20
357,355,20
357,355,20
357,355,20
357,31,20
357,31,20
357,31,20
357,31,20
357,31,20
357,31,20
357,31,20
357,31,20
357,31,20
357,31,20
357,31,20
357,31,20
357,31,20
357,31,20
357,31,20
357,31,20
357,31,20
357,31,20
357,31,20
357,328,20
357,328,20
357,328,20
357,328,20
357,328,20
357,328,20
357,328,20
357,328,20
357,328,20
357,328,20
357,328,20
357,328,20
357,328,20
357,328,20
357,328,20
357,328,20
357,328,20
357,328,20
357,328,20
357,328,20
357,328,20
357,328,20
357,328,20
357,328,20
357,328,20
357,328,20
357,328,20
357,328,20
357,328,20
357,328,20
357,328,20
357,328,20
357,328,20
357,328,20
357,328,20
357,328,20
357,328,20
357,328,20
357,328,20
357,328,20
357,328,20
357,328,20
357,328,20
357,328,20
357,328,20
357,328,20
357,328,20
357,328,20
357,16,20
357,16,20
357,16,20
357,16,20
357,16,20
357,16,20
357,16,20
357,16,20
357,16,20
357,2,20
357,2,20
357,2,20
357,2,20
357,2,20
357,2,20
357,2,20
357,2,20
357,357,20
357,357,20
357,357,20
357,357,20
357,357,20
357,357,20
357,357,20
357,357,20
357,357,20
357,357,20
357,357,20
357,357,20
357,357,20
357,357,20
357,357,20
357,357,20
357,357,20
357,357,20
357,357,20
357,357,20
357,349,20
357,349,20
357,349,20
357,349,20
357,349,20
357,349,20
357,349,20
357,349,20
357,349,20
357,349,20
357,349,20
357,349,20
357,349,20
357,349,20
357,349,20
357,349,20
357,349,20
357,349,20
357,344,20
357,344,20
357,344,20
357,344,20
357,344,20
357,344,20
357,344,20
357,344,20
357,344,20
357,344,20
357,344,20
357,344,20
357,344,20
357,344,20
357,344,20
357,344,20
357,344,20
357,344,20
357,344,20
357,344,20
357,344,20
357,344,20
357,344,20
357,344,20
357,344,20
357,344,20
357,344,20
357,344,20
357,344,20
357,319,20
357,319,20
357,319,20
357,319,20
357,319,20
357,319,20
357,319,20
357,319,20
357,319,20
357,319,20
357,319,20
357,319,20
357,319,20
357,319,20
357,319,20
357,319,20
357,319,20
357,319,20
357,319,20
357,319,20
357,319,20
357,319,20
357,319,20
357,319,20
357,319,20
357,319,20
357,354,20
357,354,20
357,354,20
357,354,20
357,354,20
357,354,20
357,354,20
357,354,20
357,354,20
357,354,20
357,354,20
357,354,20
357,354,20
357,354,20
357,354,20
357,354,20
357,354,20
357,354,20
357,354,20
357,354,20
357,354,20
357,354,20
357,354,20
357,354,20
357,354,20
357,354,20
357,354,20
357,354,20
357,354,20
357,354,20
357,354,20
357,354,20
357,354,20
357,354,20
357,354,20
357,354,20
357,354,20
357,354,20
357,354,20
357,354,20
357,354,20
357,354,20
357,354,20
357,354,20
357,354,20
357,354,20
357,354,20
357,354,20
357,354,20
357,354,20
357,354,20
357,354,20
357,354,20
357,354,20
357,354,20
357,354,20
357,355,20
357,355,20
357,355,20
357,355,20
357,355,20
357,355,20
357,355,20
357,355,20
357,355,20
357,355,20
357,355,20
357,355,20
357,348,20
357,348,20
357,348,20
357,348,20
357,348,20
357,348,20
357,348,20
357,348,20
357,348,20
357,348,20
357,348,20
357,348,20
357,348,20
357,348,20
357,348,20
357,340,20
357,340,20
357,340,20
357,340,20
357,340,20
357,340,20
357,340,20
357,1,20
357,1,20
357,1,20
357,1,20
357,1,20
357,1,20
357,1,20
357,1,20
357,1,20
357,1,20
357,1,20
357,1,20
357,1,20
357,1,20
357,1,20
357,1,20
357,1,20
357,1,20
357,1,20
357,1,20
357,1,20
357,1,20
357,1,20
357,1,20
357,1,20
357,1,20
357,1,20
357,1,20
357,1,20
357,1,20
357,13,20
357,13,20
357,13,20
357,13,20
357,13,20
357,13,20
357,13,20
357,13,20
357,13,20
357,13,20
357,13,20
357,13,20
357,13,20
357,13,20
357,13,20
357,13,20
357,13,20
357,13,20
357,13,20
357,13,20
357,13,20
357,13,20
357,13,20
357,13,20
357,13,20
357,354,20
357,354,20
357,354,20
357,354,20
357,354,20
357,354,20
357,354,20
357,354,20
357,354,20
357,354,20
357,354,20
357,354,20
357,354,20
357,354,20
357,354,20
357,350,20
357,350,20
357,350,20
357,350,20
357,350,20
357,350,20
357,350,20
357,350,20
357,350,20
357,350,20
357,350,20
357,350,20
357,350,20
357,350,20
357,350,20
357,350,20
357,350,20
357,350,20
357,350,20
357,350,20
357,350,20
357,350,20
357,350,20
357,350,20
357,350,20
357,350,20
357,350,20
357,350,20
357,350,20
357,350,20
357,350,20
357,350,20
357,350,20
357,350,20
357,350,20
357,350,20
357,350,20
357,350,20
357,350,20
357,350,20
357,350,20
357,350,20
357,352,20
357,352,20
357,352,20
357,352,20
357,352,20
357,352,20
357,352,20
357,352,20
357,352,20
357,352,20
357,352,20
357,352,20
357,352,20
357,352,20
357,352,20
357,352,20
357,352,20
357,352,20
357,352,20
357,352,20
357,352,20
357,352,20
357,352,20
357,352,20
357,352,20
357,352,20
357,352,20
357,352,20
357,352,20
357,15,20
357,15,20
357,15,20
357,15,20
357,15,20
357,15,20
357,15,20
357,15,20
357,15,20
357,15,20
357,15,20
357,334,20
357,334,20
357,334,20
357,334,20
357,334,20
357,334,20
357,334,20
357,334,20
357,334,20
357,334,20
357,334,20
357,38,20
357,38,20
357,38,20
357,38,20
357,38,20
357,38,20
357,323,20
357,323,20
357,323,20
357,323,20
357,323,20
357,323,20
357,323,20
357,323,20
357,323,20
357,323,20
357,323,20
357,323,20
357,323,20
357,323,20
357,323,20
357,323,20
357,323,20
357,323,20
357,323,20
357,323,20
357,324,20
357,324,20
357,324,20
357,324,20
357,324,20
357,324,20
357,324,20
357,354,20
357,354,20
357,354,20
357,354,20
357,354,20
357,354,20
357,354,20
357,354,20
357,354,20
357,354,20
357,354,20
357,354,20
357,354,20
357,354,20
357,354,20
357,354,20
357,354,20
357,354,20
17,354,20
17,354,20
17,354,20
17,354,20
17,354,20
17,354,20
17,354,20
17,354,20
17,354,20
17,354,20
17,354,20
17,354,20
17,354,20
17,354,20
17,354,20
17,354,20
17,354,20
17,354,20
17,354,20
17,354,20
17,354,20
17,354,20
17,354,20
17,354,20
17,354,20
17,354,20
17,354,20
17,354,20
17,354,20
17,354,20
17,354,20
17,354,20
17,354,20
17,354,20
17,354,20
17,354,20
17,354,20
17,354,20
17,354,20
17,354,20
17,354,20
17,354,20
17,354,20
17,354,20
17,354,20
17,354,20
17,354,20
17,354,20
17,21,20
17,21,20
17,21,20
17,21,20
17,21,20
17,21,20
17,21,20
17,21,20
17,21,20
17,21,20
17,21,20
17,21,20
17,21,20
17,21,20
17,21,20
17,21,20
17,21,20
17,21,20
17,21,20
17,21,20
17,21,20
17,21,20
17,21,20
17,21,20
17,21,20
17,21,20
17,21,20
17,21,20
17,21,20
17,21,20
17,21,20
17,21,20
17,21,20
17,25,20
17,25,20
17,25,20
17,25,20
17,25,20
17,25,20
17,25,20
17,25,20
17,25,20
17,25,20
17,25,20
17,25,20
17,25,20
17,25,20
17,25,20
17,25,20
17,25,20
17,25,20
17,25,20
17,25,20
17,25,20
17,25,20
17,25,20
17,25,20
17,25,20
17,352,20
17,352,20
17,352,20
17,352,20
17,352,20
17,352,20
17,352,20
17,48,20
17,48,20
17,48,20
17,48,20
17,48,20
17,48,20
17,48,20
17,48,20
17,48,20
17,19,20
17,19,20
17,19,20
17,19,20
17,19,20
17,19,20
17,19,20
17,19,20
17,19,20
17,19,20
17,19,20
17,19,20
17,19,20
17,19,20
17,19,20
17,19,20
17,19,20
17,19,20
17,19,20
17,19,20
17,19,20
17,7,20
17,7,20
17,7,20
17,7,20
17,7,20
17,7,20
17,7,20
17,7,20
17,7,20
17,7,20
17,355,20
17,355,20
17,355,20
17,355,20
17,355,20
17,355,20
17,355,20
17,355,20
17,355,20
17,7,20
17,7,20
17,7,20
17,7,20
17,7,20
17,7,20
17,7,20
17,7,20
17,7,20
17,7,20
17,7,20
17,7,20
17,7,20
17,7,20
17,7,20
17,7,20
17,7,20
17,7,20
17,7,20
17,7,20
17,7,20
17,7,20
17,7,20
17,7,20
17,7,20
17,7,20
17,7,20
17,7,20
17,7,20
17,7,20
17,7,20
17,7,20
17,7,20
17,7,20
17,30,20
17,30,20
17,30,20
17,30,20
17,30,20
17,30,20
17,30,20
17,30,20
17,30,20
17,30,20
17,30,20
17,30,20
17,30,20
17,30,20
17,30,20
17,30,20
17,30,20
17,30,20
17,30,20
17,30,20
17,30,20
17,30,20
17,30,20
17,30,20
17,30,20
17,30,20
17,30,20
17,30,20
17,30,20
17,30,20
17,30,20
17,343,20
17,343,20
17,343,20
17,343,20
17,343,20
17,343,20
17,343,20
17,343,20
17,343,20
17,343,20
17,343,20
17,343,20
17,343,20
17,343,20
17,343,20
17,343,20
17,343,20
17,343,20
17,343,20
17,343,20
17,343,20
17,343,20
17,343,20
17,343,20
17,6,20
17,6,20
17,6,20
17,6,20
17,6,20
17,6,20
17,6,20
17,6,20
17,6,20
17,6,20
17,6,20
17,6,20
17,6,20
17,31,20
17,31,20
17,31,20
17,31,20
17,31,20
17,31,20
17,31,20
17,31,20
17,31,20
17,31,20
17,31,20
17,31,20
17,31,20
17,31,20
17,31,20
17,31,20
17,31,20
17,31,20
17,31,20
17,31,20
17,31,20
17,31,20
17,31,20
17,31,20
17,31,20
17,31,20
17,31,20
17,31,20
17,31,20
17,31,20
17,31,20
17,31,20
17,31,20
17,31,20
17,31,20
17,31,20
17,31,20
17,31,20
17,31,20
17,31,20
17,23,20
17,23,20
17,23,20
17,23,20
17,23,20
17,23,20
17,23,20
17,23,20
17,23,20
17,23,20
17,23,20
17,23,20
17,23,20
17,23,20
17,23,20
17,23,20
17,23,20
17,23,20
17,23,20
17,23,20
17,23,20
17,23,20
17,10,20
17,10,20
17,10,20
17,10,20
17,10,20
17,10,20
17,53,20
17,53,20
17,53,20
17,53,20
17,53,20
17,53,20
17,53,20
17,53,20
17,53,20
17,53,20
17,53,20
17,53,20
17,53,20
17,53,20
17,53,20
17,53,20
17,53,20
17,53,20
17,53,20
17,53,20
17,53,20
17,53,20
17,53,20
17,53,20
17,53,20
17,53,20
17,53,20
17,53,20
17,53,20
17,53,20
17,53,20
17,53,20
17,53,20
17,53,20
17,53,20
17,53,20
17,53,20
17,53,20
17,53,20
17,331,20
17,331,20
17,331,20
17,331,20
17,331,20
17,331,20
17,331,20
17,331,20
17,331,20
17,331,20
17,331,20
17,32,20
17,32,20
17,32,20
17,32,20
17,32,20
17,32,20
17,32,20
17,32,20
17,35,20
17,35,20
17,35,20
17,35,20
17,35,20
17,35,20
17,35,20
17,35,20
17,35,20
17,35,20
17,35,20
17,35,20
17,35,20
17,24,20
17,24,20
17,24,20
17,24,20
17,24,20
17,24,20
17,24,20
17,24,20
17,359,20
17,359,20
17,359,20
17,359,20
17,359,20
17,359,20
17,359,20
17,359,20
17,359,20
17,359,20
17,359,20
17,359,20
17,359,20
17,359,20
17,359,20
17,359,20
17,359,20
17,359,20
17,359,20
17,359,20
17,359,20
17,359,20
17,359,20
17,359,20
17,359,20
17,359,20
17,359,20
17,359,20
17,359,20
17,359,20
17,30,20
17,30,20
17,30,20
17,30,20
17,30,20
17,30,20
17,30,20
17,30,20
17,30,20
17,30,20
17,30,20
17,30,20
17,30,20
17,30,20
17,30,20
17,30,20
17,30,20
17,30,20
17,30,20
17,30,20
17,30,20
17,30,20
17,30,20
17,30,20
17,8,20
17,8,20
17,8,20
17,8,20
17,8,20
17,8,20
17,8,20
17,8,20
17,8,20
17,8,20
17,8,20
17,8,20
17,8,20
17,8,20
17,8,20
17,8,20
17,8,20
17,8,20
17,8,20
17,8,20
17,8,20
17,8,20
17,8,20
17,8,20
17,8,20
17,8,20
17,8,20
17,8,20
17,8,20
17,8,20
17,8,20
17,8,20
17,8,20
17,8,20
17,8,20
17,8,20
17,355,20
17,355,20
17,355,20
17,355,20
17,355,20
17,355,20
17,355,20
17,355,20
17,355,20
17,355,20
17,355,20
17,355,20
17,355,20
17,355,20
17,355,20
17,355,20
17,355,20
17,355,20
17,355,20
17,355,20
17,355,20
17,355,20
17,355,20
17,355,20
17,355,20
17,355,20
17,355,20
17,355,20
17,23,20
17,23,20
17,23,20
17,23,20
17,23,20
17,23,20
17,23,20
17,23,20
17,23,20
17,25,20
17,25,20
17,25,20
17,25,20
17,25,20
17,25,20
17,25,20
17,25,20
17,25,20
17,25,20
17,25,20
17,25,20
17,25,20
17,25,20
17,25,20
17,25,20
17,26,20
17,26,20
17,26,20
17,26,20
17,26,20
17,26,20
17,26,20
17,26,20
17,26,20
17,26,20
17,14,20
17,14,20
17,14,20
17,14,20
17,14,20
17,14,20
17,14,20
17,14,20
17,14,20
17,14,20
17,14,20
17,14,20
37,25,20
37,25,20
37,25,20
37,25,20
37,25,20
37,25,20
37,25,20
37,25,20
37,25,20
37,25,20
37,25,20
37,25,20
37,25,20
37,25,20
37,25,20
37,25,20
37,25,20
37,25,20
37,25,20
37,25,20
37,25,20
37,45,20
37,45,20
37,45,20
37,45,20
37,45,20
37,45,20
37,45,20
37,45,20
37,45,20
37,64,20
37,64,20
37,64,20
37,64,20
37,64,20
37,64,20
37,64,20
37,64,20
37,64,20
37,64,20
37,64,20
37,64,20
37,64,20
37,64,20
37,64,20
37,64,20
37,64,20
37,64,20
37,64,20
37,64,20
37,64,20
37,64,20
37,64,20
37,64,20
37,64,20
37,64,20
37,64,20
37,64,20
37,64,20
37,64,20
37,64,20
37,64,20
37,64,20
37,64,20
37,34,20
37,34,20
37,34,20
37,34,20
37,34,20
37,34,20
37,34,20
37,34,20
37,34,20
37,34,20
37,34,20
37,34,20
37,34,20
37,34,20
37,34,20
37,34,20
37,34,20
37,34,20
37,34,20
37,34,20
37,34,20
37,34,20
37,34,20
37,34,20
37,34,20
37,56,20
37,56,20
37,56,20
37,56,20
37,56,20
37,56,20
37,39,20
37,39,20
37,39,20
37,39,20
37,39,20
37,39,20
37,39,20
37,39,20
37,39,20
37,39,20
37,39,20
37,39,20
37,39,20
37,39,20
37,39,20
37,39,20
37,39,20
37,39,20
37,39,20
37,40,20
37,40,20
37,40,20
37,40,20
37,40,20
37,40,20
37,40,20
37,40,20
37,40,20
37,40,20
37,40,20
37,40,20
37,40,20
37,40,20
37,40,20
37,40,20
37,40,20
37,40,20
37,40,20
37,38,20
37,38,20
37,38,20
37,38,20
37,38,20
37,38,20
37,38,20
37,38,20
37,38,20
37,38,20
37,38,20
37,38,20
37,38,20
37,38,20
37,38,20
37,38,20
37,38,20
37,38,20
37,38,20
37,38,20
37,38,20
37,38,20
37,38,20
37,38,20
37,38,20
37,38,20
37,38,20
37,38,20
37,38,20
37,35,20
37,35,20
37,35,20
37,35,20
37,35,20
37,35,20
37,35,20
37,35,20
37,35,20
37,35,20
37,35,20
37,35,20
37,35,20
37,35,20
37,28,20
37,28,20
37,28,20
37,28,20
37,28,20
37,28,20
37,28,20
37,28,20
37,28,20
37,28,20
37,44,20
37,44,20
37,44,20
37,44,20
37,44,20
37,44,20
37,44,20
37,44,20
37,44,20
37,44,20
37,44,20
37,44,20
37,44,20
37,24,20
37,24,20
37,24,20
37,24,20
37,24,20
37,24,20
37,24,20
37,24,20
37,24,20
37,24,20
37,24,20
37,24,20
37,24,20
37,24,20
37,24,20
37,24,20
37,24,20
37,24,20
37,24,20
37,24,20
37,24,20
37,24,20
37,24,20
37,24,20
37,24,20
37,24,20
37,24,20
37,24,20
37,24,20
37,24,20
37,24,20
37,24,20
37,24,20
37,24,20
37,24,20
37,24,20
37,24,20
37,24,20
37,24,20
37,24,20
37,24,20
37,24,20
37,24,20
37,24,20
37,24,20
37,24,20
37,24,20
37,24,20
37,24,20
37,24,20
37,24,20
37,24,20
37,24,20
37,24,20
37,24,20
37,24,20
37,24,20
37,54,20
37,54,20
37,54,20
37,54,20
37,54,20
37,54,20
37,54,20
37,54,20
37,54,20
37,54,20
37,54,20
37,54,20
37,54,20
37,54,20
37,54,20
37,54,20
37,54,20
37,54,20
37,54,20
37,54,20
37,34,20
37,34,20
37,34,20
37,34,20
37,34,20
37,34,20
37,34,20
37,34,20
37,34,20
37,34,20
37,34,20
37,34,20
37,34,20
37,34,20
37,34,20
37,34,20
37,34,20
37,34,20
37,34,20
37,34,20
37,34,20
37,34,20
37,34,20
37,34,20
37,34,20
37,34,20
37,34,20
37,34,20
37,34,20
37,34,20
37,34,20
37,34,20
37,34,20
37,34,20
37,34,20
37,34,20
37,34,20
37,34,20
37,34,20
37,34,20
37,34,20
37,34,20
37,34,20
37,34,20
37,34,20
37,53,20
37,53,20
37,53,20
37,53,20
37,53,20
37,53,20
37,53,20
37,53,20
37,53,20
37,53,20
37,53,20
37,53,20
37,53,20
37,53,20
37,53,20
37,53,20
37,53,20
37,53,20
37,53,20
37,53,20
37,53,20
37,7,20
37,7,20
37,7,20
37,7,20
37,7,20
37,7,20
37,7,20
37,7,20
37,7,20
37,7,20
37,7,20
37,7,20
37,68,20
37,68,20
37,68,20
37,68,20
37,68,20
37,68,20
37,68,20
37,68,20
37,68,20
37,68,20
37,68,20
37,68,20
37,31,20
37,31,20
37,31,20
37,31,20
37,31,20
37,31,20
37,31,20
37,31,20
37,31,20
37,31,20
37,31,20
37,31,20
37,31,20
37,31,20
37,31,20
37,31,20
37,31,20
37,31,20
37,31,20
37,31,20
37,31,20
37,31,20
37,31,20
37,31,20
37,31,20
37,31,20
37,31,20
37,31,20
37,31,20
37,31,20
37,31,20
37,27,20
37,27,20
37,27,20
37,27,20
37,27,20
37,27,20
37,27,20
37,27,20
37,27,20
37,27,20
37,27,20
37,27,20
37,27,20
37,27,20
37,27,20
37,23,20
37,23,20
37,23,20
37,23,20
37,23,20
37,23,20
37,42,20
37,42,20
37,42,20
37,42,20
37,42,20
37,42,20
37,42,20
37,42,20
37,42,20
37,56,20
37,56,20
37,56,20
37,56,20
37,56,20
37,56,20
37,56,20
37,56,20
37,56,20
37,56,20
37,56,20
37,56,20
37,56,20
37,56,20
37,56,20
37,56,20
37,56,20
37,56,20
37,56,20
37,56,20
37,56,20
37,56,20
37,56,20
37,56,20
37,56,20
37,56,20
37,64,20
37,64,20
37,64,20
37,64,20
37,64,20
37,64,20
37,64,20
37,64,20
37,64,20
37,64,20
37,64,20
37,64,20
37,64,20
37,64,20
37,64,20
37,64,20
37,64,20
37,64,20
37,64,20
37,64,20
37,64,20
37,64,20
37,64,20
37,64,20
37,64,20
37,64,20
37,64,20
37,64,20
37,64,20
37,64,20
37,64,20
37,64,20
37,64,20
37,64,20
37,64,20
37,64,20
37,64,20
37,64,20
37,64,20
37,64,20
37,64,20
37,64,20
37,64,20
37,64,20
37,64,20
37,64,20
37,64,20
37,64,20
37,64,20
37,64,20
37,64,20
37,64,20
37,64,20
37,64,20
37,64,20
37,64,20
37,64,20
37,64,20
37,30,20
37,30,20
37,30,20
37,30,20
37,30,20
37,30,20
37,30,20
37,30,20
37,30,20
37,30,20
37,30,20
37,30,20
37,30,20
37,30,20
37,30,20
37,30,20
37,30,20
37,30,20
37,59,20
37,59,20
37,59,20
37,59,20
37,59,20
37,59,20
37,59,20
37,59,20
37,59,20
37,59,20
37,59,20
37,59,20
37,59,20
37,59,20
37,59,20
37,59,20
37,59,20
37,59,20
37,10,20
37,10,20
37,10,20
37,10,20
37,10,20
37,10,20
37,10,20
37,10,20
37,10,20
37,10,20
37,10,20
37,10,20
37,10,20
37,10,20
37,10,20
37,10,20
37,10,20
37,10,20
37,10,20
37,10,20
37,10,20
37,10,20
37,10,20
37,10,20
37,10,20
37,10,20
37,56,20
37,56,20
37,56,20
37,56,20
37,56,20
37,56,20
37,56,20
37,56,20
37,15,20
37,15,20
37,15,20
37,15,20
37,15,20
37,15,20
37,17,20
37,17,20
37,17,20
37,17,20
37,17,20
37,17,20
37,17,20
37,17,20
37,17,20
37,17,20
37,17,20
37,17,20
37,17,20
37,17,20
37,17,20
37,17,20
37,17,20
37,17,20
37,17,20
37,17,20
37,17,20
37,17,20
37,17,20
37,17,20
37,17,20
37,17,20
37,17,20
37,17,20
37,17,20
37,17,20
37,34,20
37,34,20
37,34,20
37,34,20
37,34,20
37,34,20
37,34,20
37,34,20
37,34,20
37,34,20
37,34,20
37,34,20
37,34,20
37,34,20
37,34,20
37,34,20
37,34,20
37,34,20
37,34,20
37,34,20
37,34,20
37,34,20
37,34,20
37,34,20
37,34,20
37,34,20
37,34,20
37,34,20
37,34,20
37,34,20
37,12,20
37,12,20
37,12,20
37,12,20
37,12,20
37,12,20
37,12,20
37,12,20
37,12,20
37,12,20
37,12,20
37,12,20
37,12,20
37,12,20
37,12,20
37,12,20
37,12,20
37,12,20
37,12,20
37,12,20
37,12,20
37,12,20
37,12,20
37,12,20
37,12,20
37,12,20
37,12,20
37,12,20
37,12,20
37,12,20
37,12,20
37,12,20
37,12,20
37,12,20
37,12,20
37,12,20
37,40,20
37,40,20
37,40,20
37,40,20
37,40,20
37,40,20
37,40,20
37,40,20
37,40,20
37,40,20
37,40,20
37,40,20
37,40,20
37,40,20
37,40,20
37,40,20
37,40,20
37,40,20
37,40,20
37,40,20
37,40,20
37,40,20
37,40,20
37,40,20
37,40,20
37,40,20
37,40,20
37,40,20
37,40,20
37,40,20
37,40,20
37,40,20
37,40,20
37,40,20
37,40,20
37,66,20
37,66,20
37,66,20
37,66,20
37,66,20
37,66,20
37,66,20
37,66,20
37,66,20
37,66,20
37,12,20
37,12,20
37,12,20
37,12,20
37,12,20
37,12,20
37,12,20
37,12,20
37,12,20
37,12,20
37,12,20
37,12,20
37,12,20
37,12,20
37,12,20
37,12,20
37,12,20
37,12,20
37,12,20
37,12,20
37,12,20
37,12,20
37,78,20
37,78,20
37,78,20
37,78,20
37,78,20
37,78,20
37,78,20
37,78,20
37,78,20
37,78,20
37,78,20
37,78,20
37,78,20
37,78,20
37,78,20
37,78,20
37,78,20
37,26,20
37,26,20
37,26,20
37,26,20
37,26,20
37,26,20
37,26,20
37,26,20
37,26,20
37,26,20
37,26,20
37,26,20
37,26,20
37,26,20
67,69,20
67,69,20
67,69,20
67,69,20
67,69,20
67,69,20
67,69,20
67,69,20
67,69,20
67,69,20
67,69,20
67,69,20
67,69,20
67,69,20
67,69,20
67,69,20
67,69,20
67,69,20
67,69,20
67,69,20
67,69,20
67,69,20
67,61,20
67,61,20
67,61,20
67,61,20
67,61,20
67,61,20
67,61,20
67,61,20
67,61,20
67,61,20
67,61,20
67,61,20
67,61,20
67,61,20
67,61,20
67,61,20
67,61,20
67,61,20
67,61,20
67,61,20
67,61,20
67,61,20
67,61,20
67,61,20
67,61,20
67,61,20
67,61,20
67,61,20
67,61,20
67,61,20
67,61,20
67,61,20
67,61,20
67,61,20
67,66,20
67,66,20
67,66,20
67,66,20
67,66,20
67,66,20
67,66,20
67,66,20
67,66,20
67,66,20
67,66,20
67,66,20
67,66,20
67,66,20
67,66,20
67,66,20
67,79,20
67,79,20
67,79,20
67,79,20
67,79,20
67,79,20
67,79,20
67,79,20
67,79,20
67,79,20
67,79,20
67,79,20
67,79,20
67,79,20
67,79,20
67,79,20
67,79,20
67,79,20
67,79,20
67,79,20
67,79,20
67,79,20
67,79,20
67,79,20
67,79,20
67,79,20
67,79,20
67,79,20
67,79,20
67,79,20
67,79,20
67,79,20
67,79,20
67,79,20
67,79,20
67,79,20
67,79,20
67,79,20
67,66,20
67,66,20
67,66,20
67,66,20
67,66,20
67,66,20
67,66,20
67,66,20
67,66,20
67,66,20
67,66,20
67,66,20
67,30,20
67,30,20
67,30,20
67,30,20
67,30,20
67,30,20
67,30,20
67,30,20
67,30,20
67,30,20
67,30,20
67,30,20
67,30,20
67,30,20
67,30,20
67,30,20
67,30,20
67,30,20
67,30,20
67,30,20
67,30,20
67,30,20
67,30,20
67,30,20
67,30,20
67,30,20
67,30,20
67,1,20
67,1,20
67,1,20
67,1,20
67,1,20
67,1,20
67,1,20
67,1,20
67,1,20
67,1,20
67,1,20
67,1,20
67,1,20
67,1,20
67,1,20
67,1,20
67,1,20
67,1,20
67,1,20
67,1,20
67,1,20
67,1,20
67,1,20
67,1,20
67,1,20
67,1,20
67,1,20
67,1,20
67,1,20
67,1,20
67,1,20
67,1,20
67,1,20
67,1,20
67,1,20
67,1,20
67,1,20
67,1,20
67,1,20
67,60,20
67,60,20
67,60,20
67,60,20
67,60,20
67,60,20
67,60,20
67,60,20
67,60,20
67,60,20
67,60,20
67,60,20
67,75,20
67,75,20
67,75,20
67,75,20
67,75,20
67,75,20
67,75,20
67,75,20
67,75,20
67,75,20
67,75,20
67,75,20
67,75,20
67,75,20
67,75,20
67,75,20
67,75,20
67,75,20
67,75,20
67,75,20
67,75,20
67,75,20
67,75,20
67,75,20
67,75,20
67,75,20
67,75,20
67,75,20
67,75,20
67,75,20
67,75,20
67,75,20
67,75,20
67,75,20
67,75,20
67,75,20
67,75,20
67,75,20
67,75,20
67,75,20
67,75,20
67,92,20
67,92,20
67,92,20
67,92,20
67,92,20
67,92,20
67,83,20
67,83,20
67,83,20
67,83,20
67,83,20
67,83,20
67,83,20
67,83,20
67,83,20
67,83,20
67,83,20
67,83,20
67,83,20
67,83,20
67,83,20
67,83,20
67,83,20
67,83,20
67,83,20
67,61,20
67,61,20
67,61,20
67,61,20
67,61,20
67,61,20
67,61,20
67,61,20
67,61,20
67,61,20
67,61,20
67,61,20
67,61,20
67,61,20
67,61,20
67,61,20
67,61,20
67,61,20
67,61,20
67,61,20
67,61,20
67,61,20
67,61,20
67,61,20
67,61,20
67,61,20
67,61,20
67,61,20
67,61,20
67,61,20
67,61,20
67,61,20
67,61,20
67,47,20
67,47,20
67,47,20
67,47,20
67,47,20
67,47,20
67,47,20
67,47,20
67,47,20
67,47,20
67,47,20
67,47,20
67,47,20
67,47,20
67,47,20
67,47,20
67,47,20
67,47,20
67,47,20
67,47,20
67,65,20
67,65,20
67,65,20
67,65,20
67,65,20
67,65,20
67,65,20
67,65,20
67,65,20
67,65,20
67,65,20
67,65,20
67,65,20
67,65,20
67,65,20
67,65,20
67,65,20
67,65,20
67,65,20
67,38,20
67,38,20
67,38,20
67,38,20
67,38,20
67,38,20
67,38,20
67,38,20
67,38,20
67,38,20
67,38,20
67,38,20
67,38,20
67,38,20
67,38,20
67,38,20
67,38,20
67,38,20
67,38,20
67,38,20
67,38,20
67,38,20
67,38,20
67,38,20
67,38,20
67,38,20
67,38,20
67,38,20
67,38,20
67,38,20
67,38,20
67,38,20
67,38,20
67,38,20
67,38,20
67,38,20
67,38,20
67,38,20
67,38,20
67,38,20
67,38,20
67,38,20
67,38,20
67,38,20
67,38,20
67,45,20
67,45,20
67,45,20
67,45,20
67,45,20
67,45,20
67,45,20
67,45,20
67,45,20
67,78,20
67,78,20
67,78,20
67,78,20
67,78,20
67,78,20
67,78,20
67,78,20
67,78,20
67,78,20
67,78,20
67,78,20
67,78,20
67,78,20
67,78,20
67,78,20
67,78,20
67,78,20
67,78,20
67,78,20
67,78,20
67,78,20
67,78,20
67,78,20
67,78,20
67,78,20
67,78,20
67,78,20
67,78,20
67,78,20
67,78,20
67,78,20
67,78,20
67,78,20
67,78,20
67,78,20
67,78,20
67,78,20
67,76,20
67,76,20
67,76,20
67,76,20
67,76,20
67,76,20
67,76,20
67,76,20
67,76,20
67,76,20
67,76,20
67,76,20
67,76,20
67,76,20
67,76,20
67,76,20
67,76,20
67,76,20
67,76,20
67,76,20
67,76,20
67,76,20
67,76,20
67,76,20
67,76,20
67,76,20
67,76,20
67,76,20
67,76,20
67,76,20
67,76,20
67,76,20
67,76,20
67,76,20
67,76,20
67,76,20
67,76,20
67,76,20
67,76,20
67,76,20
67,76,20
67,76,20
67,76,20
67,47,20
67,47,20
67,47,20
67,47,20
67,47,20
67,47,20
67,47,20
67,47,20
67,47,20
67,47,20
67,47,20
67,47,20
67,47,20
67,47,20
67,47,20
67,47,20
67,47,20
67,47,20
67,47,20
67,47,20
67,47,20
67,54,20
67,54,20
67,54,20
67,54,20
67,54,20
67,54,20
67,54,20
67,54,20
67,54,20
67,54,20
67,54,20
67,54,20
67,54,20
67,54,20
67,54,20
67,54,20
67,54,20
67,54,20
67,54,20
67,54,20
67,54,20
67,54,20
67,54,20
67,54,20
67,54,20
67,54,20
67,63,20
67,63,20
67,63,20
67,63,20
67,63,20
67,63,20
67,63,20
67,63,20
67,63,20
67,63,20
67,63,20
67,63,20
67,63,20
67,63,20
67,63,20
67,63,20
67,63,20
67,63,20
67,63,20
67,63,20
67,63,20
67,63,20
67,63,20
67,76,20
67,76,20
67,76,20
67,76,20
67,76,20
67,76,20
67,76,20
67,76,20
67,76,20
67,76,20
67,76,20
67,76,20
67,67,20
67,67,20
67,67,20
67,67,20
67,67,20
67,67,20
67,67,20
67,67,20
67,67,20
67,67,20
67,67,20
67,62,20
67,62,20
67,62,20
67,62,20
67,62,20
67,62,20
67,62,20
67,62,20
67,62,20
67,62,20
67,62,20
47,52,20
47,52,20
47,52,20
47,52,20
47,52,20
47,52,20
47,52,20
47,52,20
47,52,20
47,52,20
47,52,20
47,52,20
47,52,20
47,52,20
47,52,20
47,52,20
47,52,20
47,52,20
47,52,20
47,52,20
47,52,20
47,52,20
47,52,20
47,52,20
47,52,20
47,52,20
47,52,20
47,52,20
47,52,20
47,52,20
47,52,20
47,52,20
47,52,20
47,52,20
47,52,20
47,52,20
47,61,20
47,61,20
47,61,20
47,61,20
47,61,20
47,61,20
47,61,20
47,61,20
47,61,20
47,61,20
47,61,20
47,61,20
47,61,20
47,61,20
47,61,20
47,61,20
47,61,20
47,61,20
47,61,20
47,61,20
47,61,20
47,61,20
47,61,20
47,61,20
47,61,20
47,24,20
47,24,20
47,24,20
47,24,20
47,24,20
47,24,20
47,24,20
47,24,20
47,24,20
47,24,20
47,24,20
47,37,20
47,37,20
47,37,20
47,37,20
47,37,20
47,37,20
47,37,20
47,37,20
47,37,20
47,37,20
47,37,20
47,37,20
47,37,20
47,37,20
47,37,20
47,37,20
47,37,20
47,37,20
47,43,20
47,43,20
47,43,20
47,43,20
47,43,20
47,43,20
47,43,20
47,43,20
47,43,20
47,43,20
47,43,20
47,43,20
47,43,20
47,43,20
47,43,20
47,43,20
47,43,20
47,43,20
47,43,20
47,43,20
47,43,20
47,43,20
47,43,20
47,43,20
47,46,20
47,46,20
47,46,20
47,46,20
47,46,20
47,46,20
47,46,20
47,46,20
47,46,20
47,46,20
47,46,20
47,46,20
47,46,20
47,46,20
47,46,20
47,46,20
47,46,20
47,56,20
47,56,20
47,56,20
47,56,20
47,56,20
47,56,20
47,56,20
47,56,20
47,56,20
47,56,20
47,56,20
47,56,20
47,56,20
47,56,20
47,56,20
47,56,20
47,56,20
47,56,20
47,56,20
47,56,20
47,53,20
47,53,20
47,53,20
47,53,20
47,53,20
47,53,20
47,53,20
47,53,20
47,53,20
47,53,20
47,53,20
47,53,20
47,53,20
47,53,20
47,53,20
47,53,20
47,53,20
47,53,20
47,53,20
47,53,20
47,53,20
47,53,20
47,53,20
47,53,20
47,53,20
47,34,20
47,34,20
47,34,20
47,34,20
47,34,20
47,34,20
47,34,20
47,34,20
47,34,20
47,34,20
47,34,20
47,34,20
47,34,20
47,34,20
47,34,20
47,34,20
47,34,20
47,34,20
47,34,20
47,34,20
47,34,20
47,34,20
47,34,20
47,34,20
47,34,20
47,34,20
47,34,20
47,34,20
47,34,20
47,34,20
47,34,20
47,34,20
47,34,20
47,34,20
47,34,20
47,34,20
47,34,20
47,34,20
47,34,20
47,34,20
47,34,20
47,34,20
47,34,20
47,34,20
47,34,20
47,34,20
47,34,20
47,34,20
47,34,20
47,34,20
47,34,20
47,34,20
47,34,20
47,34,20
47,58,20
47,58,20
47,58,20
47,58,20
47,58,20
47,58,20
47,58,20
47,58,20
47,58,20
47,58,20
47,58,20
47,94,20
47,94,20
47,94,20
47,94,20
47,94,20
47,94,20
47,94,20
47,94,20
47,94,20
47,94,20
47,94,20
47,94,20
47,94,20
47,94,20
47,94,20
47,94,20
47,94,20
47,94,20
47,2,20
47,2,20
47,2,20
47,2,20
47,2,20
47,2,20
47,2,20
47,2,20
47,2,20
47,2,20
47,2,20
47,2,20
47,2,20
47,2,20
47,2,20
47,2,20
47,2,20
47,2,20
47,2,20
47,2,20
47,2,20
47,2,20
47,2,20
47,2,20
47,2,20
47,2,20
47,2,20
47,2,20
47,2,20
47,2,20
47,2,20
47,2,20
47,2,20
47,2,20
47,2,20
47,18,20
47,18,20
47,18,20
47,18,20
47,18,20
47,18,20
47,18,20
47,18,20
47,18,20
47,18,20
47,18,20
47,18,20
47,18,20
47,18,20
47,18,20
47,18,20
47,18,20
47,18,20
47,18,20
47,18,20
47,18,20
47,18,20
47,18,20
47,18,20
47,18,20
47,18,20
47,18,20
47,18,20
47,18,20
47,18,20
47,18,20
47,18,20
47,18,20
47,18,20
47,18,20
47,18,20
47,18,20
47,18,20
47,18,20
47,23,20
47,23,20
47,23,20
47,23,20
47,23,20
47,23,20
47,23,20
47,23,20
47,23,20
47,23,20
47,23,20
47,23,20
47,23,20
47,23,20
47,60,20
47,60,20
47,60,20
47,60,20
47,60,20
47,60,20
47,60,20
47,60,20
47,47,20
47,47,20
47,47,20
47,47,20
47,47,20
47,47,20
47,47,20
47,47,20
47,47,20
47,47,20
47,47,20
47,359,20
47,359,20
47,359,20
47,359,20
47,359,20
47,359,20
47,359,20
47,359,20
47,359,20
47,33,20
47,33,20
47,33,20
47,33,20
47,33,20
47,33,20
47,33,20
47,33,20
47,33,20
47,33,20
47,33,20
47,33,20
47,33,20
47,33,20
47,33,20
47,33,20
47,33,20
47,33,20
47,33,20
47,33,20
47,33,20
47,33,20
47,33,20
47,33,20
47,33,20
47,33,20
47,33,20
47,33,20
47,54,20
47,54,20
47,54,20
47,54,20
47,54,20
47,54,20
47,54,20
47,54,20
47,54,20
47,54,20
47,54,20
47,54,20
47,54,20
47,54,20
47,74,20
47,74,20
47,74,20
47,74,20
47,74,20
47,74,20
47,74,20
47,74,20
47,74,20
47,74,20
47,74,20
47,74,20
47,74,20
47,74,20
47,74,20
47,74,20
47,74,20
47,74,20
47,74,20
47,74,20
47,74,20
47,74,20
47,74,20
47,74,20
47,74,20
47,74,20
47,74,20
47,74,20
47,74,20
47,74,20
47,74,20
47,74,20
47,74,20
47,74,20
47,74,20
47,74,20
47,74,20
47,74,20
47,74,20
47,74,20
47,74,20
47,74,20
47,74,20
47,74,20
47,74,20
47,74,20
47,74,20
47,74,20
47,74,20
47,74,20
47,74,20
47,74,20
47,74,20
47,74,20
47,74,20
47,74,20
47,74,20
47,74,20
47,56,20
47,56,20
47,56,20
47,56,20
47,56,20
47,56,20
47,56,20
47,56,20
47,56,20
47,56,20
47,56,20
47,56,20
47,56,20
47,56,20
47,56,20
47,56,20
47,56,20
47,56,20
47,56,20
47,56,20
47,56,20
47,56,20
47,56,20
47,56,20
47,32,20
47,32,20
47,32,20
47,32,20
47,32,20
47,32,20
47,32,20
47,32,20
47,32,20
47,32,20
47,32,20
47,32,20
47,32,20
47,32,20
47,32,20
47,32,20
47,32,20
47,32,20
47,32,20
47,32,20
47,32,20
47,32,20
47,32,20
47,61,20
47,61,20
47,61,20
47,61,20
47,61,20
47,61,20
47,61,20
47,61,20
47,61,20
47,61,20
47,61,20
47,61,20
47,61,20
47,61,20
47,61,20
47,61,20
47,61,20
47,61,20
47,61,20
47,61,20
47,61,20
47,61,20
47,61,20
47,61,20
47,61,20
47,61,20
47,61,20
47,61,20
47,61,20
47,61,20
47,61,20
47,61,20
47,61,20
47,61,20
47,61,20
47,61,20
47,61,20
47,61,20
47,61,20
47,61,20
47,61,20
47,61,20
47,61,20
47,61,20
47,61,20
47,61,20
47,61,20
47,61,20
47,61,20
47,41,20
47,41,20
47,41,20
47,41,20
47,41,20
47,41,20
47,38,20
47,38,20
47,38,20
47,38,20
47,38,20
47,38,20
47,38,20
47,38,20
47,38,20
47,48,20
47,48,20
47,48,20
47,48,20
47,48,20
47,48,20
47,48,20
47,48,20
47,48,20
47,48,20
47,48,20
47,48,20
47,48,20
47,37,20
47,37,20
47,37,20
47,37,20
47,37,20
47,37,20
47,37,20
47,37,20
47,37,20
47,37,20
47,37,20
47,37,20
47,37,20
47,37,20
47,37,20
47,37,20
47,37,20
47,37,20
47,37,20
47,37,20
47,37,20
47,37,20
47,37,20
47,37,20
47,37,20
47,37,20
47,15,20
47,15,20
47,15,20
47,15,20
47,15,20
47,15,20
47,15,20
47,15,20
47,15,20
47,15,20
47,15,20
47,15,20
47,15,20
47,15,20
47,15,20
47,15,20
47,15,20
47,15,20
47,15,20
47,15,20
47,15,20
47,15,20
47,15,20
47,15,20
47,15,20
47,15,20
47,15,20
47,15,20
47,15,20
47,15,20
47,15,20
47,15,20
47,15,20
47,15,20
47,15,20
47,15,20
47,15,20
47,15,20
47,15,20
47,15,20
47,15,20
47,15,20
47,15,20
47,15,20
47,15,20
47,15,20
47,15,20
47,15,20
47,15,20
47,15,20
47,15,20
47,29,20
47,29,20
47,29,20
47,29,20
47,29,20
47,29,20
47,29,20
47,49,20
47,49,20
47,49,20
47,49,20
47,49,20
47,49,20
47,49,20
47,49,20
47,52,20
47,52,20
47,52,20
47,52,20
47,52,20
47,52,20
47,52,20
47,52,20
47,52,20
47,52,20
47,52,20
47,52,20
47,52,20
47,52,20
47,52,20
47,52,20
47,52,20
47,52,20
47,52,20
47,52,20
47,52,20
47,52,20
47,52,20
47,52,20
47,52,20
47,52,20
47,52,20
47,52,20
47,52,20
47,52,20
47,52,20
47,52,20
47,52,20
47,52,20
47,52,20
47,52,20
47,52,20
47,52,20
47,52,20
47,52,20
47,52,20
47,52,20
47,52,20
47,15,20
47,15,20
47,15,20
47,15,20
47,15,20
47,15,20
47,15,20
47,15,20
7,15,20
7,15,20
7,15,20
7,15,20
7,15,20
7,15,20
7,15,20
7,15,20
7,15,20
7,15,20
7,15,20
7,15,20
7,15,20
7,15,20
7,15,20
7,15,20
7,41,20
7,41,20
7,41,20
7,41,20
7,41,20
7,41,20
7,41,20
7,41,20
7,41,20
7,41,20
7,41,20
7,41,20
7,41,20
7,41,20
7,41,20
7,41,20
7,41,20
7,41,20
7,41,20
7,41,20
7,41,20
7,41,20
7,41,20
7,41,20
7,41,20
7,41,20
7,41,20
7,41,20
7,17,20
7,17,20
7,17,20
7,17,20
7,17,20
7,17,20
7,17,20
7,17,20
7,17,20
7,17,20
7,17,20
7,17,20
7,17,20
7,17,20
7,17,20
7,17,20
7,17,20
7,17,20
7,17,20
7,17,20
7,17,20
7,17,20
7,48,20
7,48,20
7,48,20
7,48,20
7,48,20
7,48,20
7,48,20
7,48,20
7,48,20
7,48,20
7,48,20
7,48,20
7,48,20
7,48,20
7,357,20
7,357,20
7,357,20
7,357,20
7,357,20
7,357,20
7,357,20
7,357,20
7,357,20
7,357,20
7,357,20
7,357,20
7,357,20
7,357,20
7,357,20
7,357,20
7,357,20
7,357,20
7,357,20
7,357,20
7,0,20
7,0,20
7,0,20
7,0,20
7,0,20
7,0,20
7,319,20
7,319,20
7,319,20
7,319,20
7,319,20
7,319,20
7,319,20
7,319,20
7,12,20
7,12,20
7,12,20
7,12,20
7,12,20
7,12,20
7,40,20
7,40,20
7,40,20
7,40,20
7,40,20
7,40,20
7,40,20
7,18,20
7,18,20
7,18,20
7,18,20
7,18,20
7,18,20
7,18,20
7,18,20
7,18,20
7,18,20
7,3,20
7,3,20
7,3,20
7,3,20
7,3,20
7,3,20
7,3,20
7,3,20
7,3,20
7,3,20
7,3,20
7,3,20
7,3,20
7,3,20
7,3,20
7,3,20
7,3,20
7,3,20
7,3,20
7,3,20
7,3,20
7,3,20
7,3,20
7,3,20
7,3,20
7,3,20
7,3,20
7,3,20
7,3,20
7,3,20
7,3,20
7,3,20
7,3,20
7,3,20
7,3,20
7,3,20
7,3,20
7,3,20
7,3,20
7,3,20
7,3,20
7,3,20
7,3,20
7,3,20
7,3,20
7,3,20
7,3,20
7,3,20
7,3,20
7,3,20
7,3,20
7,3,20
7,3,20
7,3,20
7,3,20
7,0,20
7,0,20
7,0,20
7,0,20
7,0,20
7,0,20
7,18,20
7,18,20
7,18,20
7,18,20
7,18,20
7,18,20
7,18,20
7,18,20
7,18,20
7,18,20
7,18,20
7,18,20
7,18,20
7,18,20
7,18,20
7,18,20
7,18,20
7,18,20
7,18,20
7,18,20
7,18,20
7,18,20
7,18,20
7,18,20
7,18,20
7,18,20
7,18,20
7,18,20
7,18,20
7,3,20
7,3,20
7,3,20
7,3,20
7,3,20
7,3,20
7,3,20
7,3,20
7,3,20
7,3,20
7,3,20
7,3,20
7,3,20
7,3,20
7,3,20
7,3,20
7,3,20
7,3,20
7,3,20
7,3,20
7,3,20
7,3,20
7,19,20
7,19,20
7,19,20
7,19,20
7,19,20
7,19,20
7,19,20
7,19,20
7,19,20
7,19,20
7,19,20
7,335,20
7,335,20
7,335,20
7,335,20
7,335,20
7,335,20
7,335,20
7,335,20
7,335,20
7,335,20
7,335,20
7,335,20
7,335,20
7,335,20
7,335,20
7,335,20
7,335,20
7,335,20
7,335,20
7,335,20
7,335,20
7,335,20
7,335,20
7,335,20
7,335,20
7,335,20
7,335,20
7,335,20
7,335,20
7,335,20
7,335,20
7,335,20
7,356,20
7,356,20
7,356,20
7,356,20
7,356,20
7,356,20
7,356,20
7,356,20
7,356,20
7,356,20
7,356,20
7,356,20
7,356,20
7,356,20
7,356,20
7,356,20
7,356,20
7,356,20
7,356,20
7,356,20
7,356,20
7,356,20
7,356,20
7,356,20
7,356,20
7,356,20
7,356,20
7,356,20
7,356,20
7,356,20
7,356,20
7,356,20
7,9,20
7,9,20
7,9,20
7,9,20
7,9,20
7,9,20
7,9,20
7,9,20
7,9,20
7,9,20
7,9,20
7,9,20
7,352,20
7,352,20
7,352,20
7,352,20
7,352,20
7,352,20
7,352,20
7,352,20
7,352,20
7,352,20
7,352,20
7,352,20
7,352,20
7,352,20
7,352,20
7,352,20
7,352,20
7,352,20
7,352,20
7,352,20
7,352,20
7,352,20
7,352,20
7,352,20
7,352,20
7,352,20
7,352,20
7,352,20
7,352,20
7,329,20
7,329,20
7,329,20
7,329,20
7,329,20
7,329,20
7,329,20
7,329,20
7,329,20
7,329,20
7,329,20
7,329,20
7,329,20
7,329,20
7,329,20
7,329,20
7,329,20
7,329,20
7,329,20
7,329,20
7,329,20
7,329,20
7,329,20
7,329,20
7,329,20
7,329,20
7,329,20
7,329,20
7,329,20
7,329,20
7,329,20
7,329,20
7,329,20
7,329,20
7,329,20
7,329,20
7,329,20
7,329,20
7,329,20
7,329,20
7,329,20
7,329,20
7,329,20
7,33,20
7,33,20
7,33,20
7,33,20
7,33,20
7,33,20
7,33,20
7,33,20
7,33,20
7,33,20
7,33,20
7,33,20
7,33,20
7,33,20
7,6,20
7,6,20
7,6,20
7,6,20
7,6,20
7,6,20
7,6,20
7,6,20
7,6,20
7,6,20
7,6,20
7,6,20
7,6,20
7,6,20
7,6,20
7,6,20
7,6,20
7,6,20
7,6,20
7,6,20
7,6,20
7,6,20
7,6,20
7,6,20
7,6,20
7,6,20
7,6,20
7,6,20
7,6,20
7,20,20
7,20,20
7,20,20
7,20,20
7,20,20
7,20,20
7,20,20
7,20,20
7,20,20
7,20,20
7,20,20
7,20,20
7,20,20
7,20,20
7,20,20
7,29,20
7,29,20
7,29,20
7,29,20
7,29,20
7,29,20
7,29,20
7,29,20
7,29,20
7,29,20
7,29,20
7,29,20
7,29,20
7,37,20
7,37,20
7,37,20
7,37,20
7,37,20
7,37,20
7,37,20
7,37,20
7,37,20
7,37,20
7,37,20
7,37,20
7,37,20
7,37,20
7,37,20
7,37,20
7,37,20
7,37,20
7,37,20
7,37,20
7,37,20
7,37,20
7,37,20
7,37,20
7,37,20
7,37,20
7,37,20
7,37,20
7,37,20
7,40,20
7,40,20
7,40,20
7,40,20
7,40,20
7,40,20
7,40,20
7,40,20
7,40,20
7,40,20
7,40,20
7,40,20
7,40,20
7,40,20
7,40,20
7,40,20
7,40,20
7,40,20
7,40,20
7,40,20
7,40,20
7,40,20
7,40,20
7,40,20
7,40,20
7,40,20
7,40,20
7,40,20
7,22,20
7,22,20
7,22,20
7,22,20
7,22,20
7,22,20
7,22,20
7,22,20
7,22,20
7,22,20
7,22,20
7,22,20
7,22,20
7,22,20
7,22,20
7,22,20
7,22,20
7,22,20
7,22,20
7,22,20
7,22,20
7,22,20
7,22,20
7,22,20
7,22,20
7,22,20
7,22,20
7,22,20
7,22,20
7,22,20
7,345,20
7,345,20
7,345,20
7,345,20
7,345,20
7,345,20
7,345,20
7,345,20
7,345,20
7,345,20
7,345,20
7,345,20
7,345,20
7,345,20
7,345,20
7,345,20
7,345,20
7,345,20
7,345,20
7,345,20
7,345,20
7,345,20
7,345,20
7,345,20
7,345,20
7,345,20
7,345,20
7,345,20
7,345,20
7,345,20
7,345,20
7,345,20
7,345,20
7,345,20
7,345,20
7,345,20
7,345,20
7,345,20
7,345,20
7,345,20
7,345,20
7,345,20
7,345,20
7,345,20
7,8,20
7,8,20
7,8,20
7,8,20
7,8,20
7,8,20
7,8,20
7,8,20
7,8,20
7,8,20
7,8,20
7,8,20
337,348,20
337,348,20
337,348,20
337,348,20
337,348,20
337,348,20
337,329,20
337,329,20
337,329,20
337,329,20
337,329,20
337,329,20
337,329,20
337,329,20
337,329,20
337,329,20
337,329,20
337,329,20
337,329,20
337,329,20
337,329,20
337,329,20
337,329,20
337,329,20
337,329,20
337,329,20
337,329,20
337,329,20
337,329,20
337,329,20
337,329,20
337,329,20
337,329,20
337,329,20
337,329,20
337,329,20
337,329,20
337,329,20
337,329,20
337,329,20
337,329,20
337,329,20
337,329,20
337,329,20
337,329,20
337,5,20
337,5,20
337,5,20
337,5,20
337,5,20
337,5,20
337,5,20
337,5,20
337,5,20
337,5,20
337,5,20
337,5,20
337,5,20
337,5,20
337,5,20
337,5,20
337,5,20
337,5,20
337,5,20
337,5,20
337,5,20
337,5,20
337,5,20
337,5,20
337,5,20
337,5,20
337,5,20
337,5,20
337,5,20
337,5,20
337,5,20
337,5,20
337,5,20
337,5,20
337,5,20
337,5,20
337,5,20
337,5,20
337,5,20
337,5,20
337,314,20
337,314,20
337,314,20
337,314,20
337,314,20
337,314,20
337,314,20
337,314,20
337,314,20
337,314,20
337,314,20
337,314,20
337,314,20
337,314,20
337,314,20
337,314,20
337,314,20
337,314,20
337,322,20
337,322,20
337,322,20
337,322,20
337,322,20
337,322,20
337,322,20
337,322,20
337,322,20
337,322,20
337,322,20
337,322,20
337,322,20
337,322,20
337,322,20
337,322,20
337,322,20
337,322,20
337,322,20
337,322,20
337,322,20
337,322,20
337,322,20
337,322,20
337,322,20
337,322,20
337,322,20
337,322,20
337,322,20
337,322,20
337,322,20
337,322,20
337,322,20
337,322,20
337,322,20
337,322,20
337,322,20
337,322,20
337,322,20
337,303,20
337,303,20
337,303,20
337,303,20
337,303,20
337,303,20
337,303,20
337,303,20
337,303,20
337,303,20
337,303,20
337,303,20
337,304,20
337,304,20
337,304,20
337,304,20
337,304,20
337,304,20
337,304,20
337,304,20
337,304,20
337,304,20
337,304,20
337,304,20
337,304,20
337,304,20
337,304,20
337,304,20
337,304,20
337,304,20
337,304,20
337,304,20
337,304,20
337,304,20
337,304,20
337,304,20
337,304,20
337,346,20
337,346,20
337,346,20
337,346,20
337,346,20
337,346,20
337,346,20
337,346,20
337,336,20
337,336,20
337,336,20
337,336,20
337,336,20
337,336,20
337,336,20
337,336,20
337,336,20
337,336,20
337,336,20
337,336,20
337,336,20
337,336,20
337,334,20
337,334,20
337,334,20
337,334,20
337,334,20
337,334,20
337,334,20
337,334,20
337,334,20
337,334,20
337,334,20
337,334,20
337,334,20
337,334,20
337,334,20
337,334,20
337,334,20
337,334,20
337,334,20
337,334,20
337,334,20
337,334,20
337,334,20
337,334,20
337,334,20
337,334,20
337,334,20
337,334,20
337,334,20
337,334,20
337,334,20
337,334,20
337,334,20
337,334,20
337,320,20
337,320,20
337,320,20
337,320,20
337,320,20
337,320,20
337,320,20
337,320,20
337,320,20
337,320,20
337,320,20
337,320,20
337,320,20
337,320,20
337,320,20
337,320,20
337,7,20
337,7,20
337,7,20
337,7,20
337,7,20
337,7,20
337,7,20
337,7,20
337,7,20
337,7,20
337,306,20
337,306,20
337,306,20
337,306,20
337,306,20
337,306,20
337,334,20
337,334,20
337,334,20
337,334,20
337,334,20
337,334,20
337,334,20
337,334,20
337,334,20
337,334,20
337,334,20
337,334,20
337,334,20
337,334,20
337,334,20
337,334,20
337,334,20
337,334,20
337,341,20
337,341,20
337,341,20
337,341,20
337,341,20
337,341,20
337,341,20
337,341,20
337,341,20
337,341,20
337,341,20
337,341,20
337,341,20
337,337,20
337,337,20
337,337,20
337,337,20
337,337,20
337,337,20
337,337,20
337,337,20
337,337,20
337,337,20
337,337,20
337,337,20
337,337,20
337,337,20
337,337,20
337,337,20
337,337,20
337,337,20
337,337,20
337,337,20
337,337,20
337,337,20
337,337,20
337,337,20
337,337,20
337,337,20
337,337,20
337,337,20
337,337,20
337,340,20
337,340,20
337,340,20
337,340,20
337,340,20
337,340,20
337,340,20
337,340,20
337,340,20
337,340,20
337,340,20
337,340,20
337,340,20
337,340,20
337,340,20
337,340,20
337,340,20
337,340,20
337,340,20
337,340,20
337,340,20
337,340,20
337,340,20
337,340,20
337,340,20
337,340,20
337,340,20
337,340,20
337,340,20
337,340,20
337,340,20
337,340,20
337,340,20
337,340,20
337,340,20
337,340,20
337,340,20
337,340,20
337,340,20
337,340,20
337,340,20
337,340,20
337,340,20
337,340,20
337,340,20
337,340,20
337,340,20
337,340,20
337,337,20
337,337,20
337,337,20
337,337,20
337,337,20
337,337,20
337,337,20
337,337,20
337,337,20
337,337,20
337,337,20
337,337,20
337,337,20
337,337,20
337,337,20
337,337,20
337,337,20
337,337,20
337,337,20
337,337,20
337,337,20
337,337,20
337,337,20
337,337,20
337,337,20
337,337,20
337,337,20
337,337,20
337,337,20
337,337,20
337,337,20
337,337,20
337,337,20
337,337,20
337,337,20
337,337,20
337,337,20
337,337,20
337,337,20
337,337,20
337,0,20
337,0,20
337,0,20
337,0,20
337,0,20
337,0,20
337,0,20
337,0,20
337,0,20
337,0,20
337,0,20
337,0,20
337,0,20
337,0,20
337,0,20
337,0,20
337,0,20
337,0,20
337,0,20
337,0,20
337,0,20
337,0,20
337,0,20
337,0,20
337,0,20
337,0,20
337,0,20
337,354,20
337,354,20
337,354,20
337,354,20
337,354,20
337,354,20
337,354,20
337,354,20
337,354,20
337,354,20
337,354,20
337,354,20
337,354,20
337,354,20
337,354,20
337,354,20
337,354,20
337,354,20
337,354,20
337,354,20
337,354,20
337,354,20
337,354,20
337,354,20
337,354,20
337,354,20
337,354,20
337,335,20
337,335,20
337,335,20
337,335,20
337,335,20
337,335,20
337,335,20
337,335,20
337,335,20
337,335,20
337,335,20
337,335,20
337,335,20
337,335,20
337,335,20
337,335,20
337,335,20
337,335,20
337,335,20
337,335,20
337,335,20
337,335,20
337,335,20
337,335,20
337,335,20
337,335,20
337,335,20
337,335,20
337,335,20
337,335,20
337,335,20
337,335,20
337,335,20
337,335,20
337,335,20
337,335,20
337,335,20
337,335,20
337,335,20
337,335,20
337,335,20
337,335,20
337,335,20
337,335,20
337,335,20
337,335,20
337,335,20
337,335,20
337,335,20
337,335,20
337,335,20
337,335,20
337,335,20
337,335,20
337,335,20
337,335,20
337,335,20
337,335,20
337,335,20
337,282,20
337,282,20
337,282,20
337,282,20
337,282,20
337,282,20
337,282,20
337,282,20
337,282,20
337,282,20
337,282,20
337,282,20
337,282,20
337,282,20
337,282,20
337,282,20
337,282,20
337,282,20
337,282,20
337,282,20
337,282,20
337,282,20
337,282,20
337,282,20
337,282,20
337,282,20
337,282,20
337,338,20
337,338,20
337,338,20
337,338,20
337,338,20
337,338,20
337,338,20
337,338,20
337,338,20
337,338,20
337,338,20
337,338,20
337,338,20
337,338,20
337,338,20
337,334,20
337,334,20
337,334,20
337,334,20
337,334,20
337,334,20
337,334,20
317,272,20
317,272,20
317,272,20
317,272,20
317,272,20
317,272,20
317,272,20
317,272,20
317,272,20
317,272,20
317,272,20
317,272,20
317,272,20
317,272,20
317,272,20
317,272,20
317,272,20
317,272,20
317,272,20
317,272,20
317,272,20
317,272,20
317,272,20
317,272,20
317,272,20
317,272,20
317,272,20
317,314,20
317,314,20
317,314,20
317,314,20
317,314,20
317,314,20
317,314,20
317,314,20
317,314,20
317,314,20
317,314,20
317,314,20
317,328,20
317,328,20
317,328,20
317,328,20
317,328,20
317,328,20
317,328,20
317,328,20
317,328,20
317,328,20
317,328,20
317,328,20
317,328,20
317,328,20
317,328,20
317,328,20
317,328,20
317,328,20
317,328,20
317,328,20
317,328,20
317,328,20
317,328,20
317,328,20
317,328,20
317,328,20
317,328,20
317,328,20
317,328,20
317,328,20
317,328,20
317,328,20
317,328,20
317,313,20
317,313,20
317,313,20
317,313,20
317,313,20
317,313,20
317,313,20
317,313,20
317,313,20
317,313,20
317,313,20
317,313,20
317,313,20
317,321,20
317,321,20
317,321,20
317,321,20
317,321,20
317,321,20
317,321,20
317,321,20
317,321,20
317,321,20
317,321,20
317,321,20
317,322,20
317,322,20
317,322,20
317,322,20
317,322,20
317,322,20
317,322,20
317,322,20
317,322,20
317,322,20
317,331,20
317,331,20
317,331,20
317,331,20
317,331,20
317,331,20
317,331,20
317,331,20
317,331,20
317,331,20
317,331,20
317,331,20
317,331,20
317,331,20
317,331,20
317,331,20
317,323,20
317,323,20
317,323,20
317,323,20
317,323,20
317,323,20
317,323,20
317,323,20
317,323,20
317,323,20
317,323,20
317,323,20
317,323,20
317,323,20
317,323,20
317,323,20
317,323,20
317,323,20
317,323,20
317,323,20
317,323,20
317,323,20
317,323,20
317,323,20
317,308,20
317,308,20
317,308,20
317,308,20
317,308,20
317,308,20
317,308,20
317,308,20
317,292,20
317,292,20
317,292,20
317,292,20
317,292,20
317,292,20
317,292,20
317,292,20
317,292,20
317,292,20
317,292,20
317,292,20
317,292,20
317,292,20
317,292,20
317,292,20
317,292,20
317,292,20
317,292,20
317,292,20
317,292,20
317,292,20
317,292,20
317,292,20
317,292,20
317,292,20
317,292,20
317,292,20
317,292,20
317,308,20
317,308,20
317,308,20
317,308,20
317,308,20
317,308,20
317,308,20
317,308,20
317,308,20
317,308,20
317,308,20
317,308,20
317,308,20
317,308,20
317,285,20
317,285,20
317,285,20
317,285,20
317,285,20
317,285,20
317,285,20
317,285,20
317,285,20
317,285,20
317,285,20
317,285,20
317,285,20
317,285,20
317,285,20
317,285,20
317,285,20
317,285,20
317,285,20
317,285,20
317,285,20
317,285,20
317,285,20
317,285,20
317,285,20
317,285,20
317,285,20
317,285,20
317,285,20
317,285,20
317,285,20
317,285,20
317,285,20
317,285,20
317,285,20
317,285,20
317,285,20
317,285,20
317,285,20
317,285,20
317,304,20
317,304,20
317,304,20
317,304,20
317,304,20
317,304,20
317,304,20
317,304,20
317,304,20
317,304,20
317,304,20
317,304,20
317,304,20
317,304,20
317,304,20
317,304,20
317,304,20
317,304,20
317,304,20
317,305,20
317,305,20
317,305,20
317,305,20
317,305,20
317,305,20
317,305,20
317,305,20
317,305,20
317,305,20
317,305,20
317,305,20
317,305,20
317,305,20
317,305,20
317,305,20
317,305,20
317,305,20
317,277,20
317,277,20
317,277,20
317,277,20
317,277,20
317,277,20
317,277,20
317,277,20
317,277,20
317,277,20
317,277,20
317,277,20
317,277,20
317,277,20
317,277,20
317,277,20
317,277,20
317,277,20
317,355,20
317,355,20
317,355,20
317,355,20
317,355,20
317,355,20
317,355,20
317,355,20
317,355,20
317,355,20
317,355,20
317,355,20
317,355,20
317,355,20
317,355,20
317,355,20
317,355,20
317,296,20
317,296,20
317,296,20
317,296,20
317,296,20
317,296,20
317,325,20
317,325,20
317,325,20
317,325,20
317,325,20
317,325,20
317,325,20
317,325,20
317,325,20
317,325,20
317,325,20
317,325,20
317,325,20
317,325,20
317,325,20
317,325,20
317,325,20
317,325,20
317,325,20
317,325,20
317,325,20
317,325,20
317,325,20
317,325,20
317,325,20
317,325,20
317,325,20
317,325,20
317,287,20
317,287,20
317,287,20
317,287,20
317,287,20
317,287,20
317,287,20
317,287,20
317,287,20
317,287,20
317,287,20
317,287,20
317,287,20
317,287,20
317,287,20
317,287,20
317,287,20
317,287,20
317,287,20
317,287,20
317,287,20
317,287,20
317,287,20
317,287,20
317,287,20
317,287,20
317,287,20
317,287,20
317,287,20
317,287,20
317,287,20
317,287,20
317,287,20
317,287,20
317,287,20
317,287,20
317,287,20
317,287,20
317,287,20
317,287,20
317,287,20
317,287,20
317,287,20
317,287,20
317,287,20
317,287,20
317,287,20
317,287,20
317,287,20
317,318,20
317,318,20
317,318,20
317,318,20
317,318,20
317,318,20
317,318,20
317,318,20
317,318,20
317,318,20
317,318,20
317,318,20
317,318,20
317,318,20
317,318,20
317,318,20
317,318,20
317,318,20
317,281,20
317,281,20
317,281,20
317,281,20
317,281,20
317,281,20
317,281,20
317,281,20
317,281,20
317,281,20
317,281,20
317,281,20
317,281,20
317,281,20
317,281,20
317,281,20
317,281,20
317,281,20
317,281,20
317,281,20
317,281,20
317,281,20
317,281,20
317,281,20
317,282,20
317,282,20
317,282,20
317,282,20
317,282,20
317,282,20
317,282,20
317,282,20
317,282,20
317,282,20
317,282,20
317,282,20
317,282,20
317,282,20
317,282,20
317,282,20
317,282,20
317,282,20
317,282,20
317,282,20
317,282,20
317,282,20
317,282,20
317,282,20
317,282,20
317,317,20
317,317,20
317,317,20
317,317,20
317,317,20
317,317,20
317,317,20
317,317,20
317,317,20
317,317,20
317,317,20
317,317,20
317,317,20
317,317,20
317,317,20
317,317,20
317,317,20
317,317,20
317,303,20
317,303,20
317,303,20
317,303,20
317,303,20
317,303,20
317,303,20
317,303,20
317,303,20
317,325,20
317,325,20
317,325,20
317,325,20
317,325,20
317,325,20
317,325,20
317,325,20
317,329,20
317,329,20
317,329,20
317,329,20
317,329,20
317,329,20
317,329,20
317,336,20
317,336,20
317,336,20
317,336,20
317,336,20
317,336,20
317,336,20
317,336,20
317,336,20
317,336,20
317,336,20
317,336,20
317,336,20
317,336,20
317,336,20
317,336,20
317,336,20
317,336,20
317,336,20
317,336,20
317,336,20
317,320,20
317,320,20
317,320,20
317,320,20
317,320,20
317,320,20
317,320,20
317,320,20
317,320,20
317,320,20
317,320,20
317,320,20
317,320,20
317,320,20
317,320,20
317,320,20
317,320,20
317,320,20
317,320,20
317,320,20
317,320,20
317,320,20
317,320,20
317,320,20
317,320,20
317,329,20
317,329,20
317,329,20
317,329,20
317,329,20
317,329,20
317,329,20
317,329,20
317,329,20
317,329,20
317,329,20
317,329,20
317,329,20
317,329,20
317,329,20
317,329,20
317,329,20
317,329,20
317,329,20
317,329,20
317,329,20
317,329,20
317,329,20
317,329,20
317,329,20
317,329,20
317,329,20
317,329,20
317,329,20
317,329,20
317,329,20
317,329,20
317,329,20
317,329,20
317,329,20
317,329,20
317,329,20
317,329,20
317,329,20
277,309,20
277,309,20
277,309,20
277,309,20
277,309,20
277,309,20
277,309,20
277,309,20
277,309,20
277,309,20
277,309,20
277,309,20
277,309,20
277,309,20
277,309,20
277,309,20
277,309,20
277,309,20
277,309,20
277,309,20
277,309,20
277,309,20
277,309,20
277,309,20
277,309,20
277,309,20
277,306,20
277,306,20
277,306,20
277,306,20
277,306,20
277,306,20
277,306,20
277,306,20
277,306,20
277,306,20
277,306,20
277,306,20
277,306,20
277,306,20
277,306,20
277,306,20
277,306,20
277,303,20
277,303,20
277,303,20
277,303,20
277,303,20
277,303,20
277,303,20
277,303,20
277,303,20
277,303,20
277,303,20
277,303,20
277,303,20
277,303,20
277,303,20
277,303,20
277,303,20
277,303,20
277,303,20
277,303,20
277,303,20
277,303,20
277,303,20
277,303,20
277,303,20
277,303,20
277,303,20
277,303,20
277,303,20
277,303,20
277,303,20
277,303,20
277,303,20
277,303,20
277,303,20
277,299,20
277,299,20
277,299,20
277,299,20
277,299,20
277,299,20
277,299,20
277,299,20
277,299,20
277,299,20
277,299,20
277,299,20
277,299,20
277,299,20
277,299,20
277,299,20
277,240,20
277,240,20
277,240,20
277,240,20
277,240,20
277,240,20
277,240,20
277,240,20
277,240,20
277,240,20
277,240,20
277,240,20
277,240,20
277,240,20
277,240,20
277,275,20
277,275,20
277,275,20
277,275,20
277,275,20
277,275,20
277,275,20
277,275,20
277,275,20
277,275,20
277,286,20
277,286,20
277,286,20
277,286,20
277,286,20
277,286,20
277,286,20
277,286,20
277,291,20
277,291,20
277,291,20
277,291,20
277,291,20
277,291,20
277,291,20
277,291,20
277,291,20
277,291,20
277,291,20
277,291,20
277,291,20
277,291,20
277,291,20
277,291,20
277,291,20
277,291,20
277,291,20
277,291,20
277,291,20
277,291,20
277,291,20
277,291,20
277,291,20
277,291,20
277,291,20
277,291,20
277,291,20
277,291,20
277,291,20
277,291,20
277,291,20
277,291,20
277,265,20
277,265,20
277,265,20
277,265,20
277,265,20
277,265,20
277,265,20
277,265,20
277,265,20
277,265,20
277,265,20
277,265,20
277,265,20
277,265,20
277,265,20
277,265,20
277,265,20
277,265,20
277,265,20
277,265,20
277,265,20
277,265,20
277,265,20
277,265,20
277,265,20
277,265,20
277,265,20
277,265,20
277,265,20
277,298,20
277,298,20
277,298,20
277,298,20
277,298,20
277,298,20
277,298,20
277,263,20
277,263,20
277,263,20
277,263,20
277,263,20
277,263,20
277,274,20
277,274,20
277,274,20
277,274,20
277,274,20
277,274,20
277,274,20
277,274,20
277,274,20
277,274,20
277,274,20
277,274,20
277,274,20
277,274,20
277,274,20
277,267,20
277,267,20
277,267,20
277,267,20
277,267,20
277,267,20
277,267,20
277,267,20
277,267,20
277,267,20
277,267,20
277,267,20
277,267,20
277,267,20
277,267,20
277,267,20
277,267,20
277,267,20
277,267,20
277,267,20
277,267,20
277,267,20
277,267,20
277,267,20
277,267,20
277,267,20
277,267,20
277,267,20
277,267,20
277,267,20
277,267,20
277,267,20
277,267,20
277,267,20
277,267,20
277,267,20
277,267,20
277,267,20
277,267,20
277,267,20
277,267,20
277,267,20
277,267,20
277,267,20
277,267,20
277,267,20
277,267,20
277,267,20
277,278,20
277,278,20
277,278,20
277,278,20
277,278,20
277,278,20
277,278,20
277,278,20
277,278,20
277,252,20
277,252,20
277,252,20
277,252,20
277,252,20
277,252,20
277,252,20
277,252,20
277,252,20
277,252,20
277,252,20
277,252,20
277,252,20
277,252,20
277,252,20
277,252,20
277,252,20
277,252,20
277,261,20
277,261,20
277,261,20
277,261,20
277,261,20
277,261,20
277,261,20
277,261,20
277,261,20
277,261,20
277,261,20
277,261,20
277,261,20
277,261,20
277,261,20
277,261,20
277,275,20
277,275,20
277,275,20
277,275,20
277,275,20
277,275,20
277,275,20
277,275,20
277,275,20
277,275,20
277,275,20
277,275,20
277,275,20
277,275,20
277,275,20
277,275,20
277,275,20
277,275,20
277,275,20
277,275,20
277,275,20
277,275,20
277,275,20
277,275,20
277,275,20
277,275,20
277,275,20
277,275,20
277,275,20
277,275,20
277,275,20
277,275,20
277,275,20
277,275,20
277,275,20
277,275,20
277,275,20
277,275,20
277,275,20
277,275,20
277,275,20
277,268,20
277,268,20
277,268,20
277,268,20
277,268,20
277,268,20
277,268,20
277,268,20
277,268,20
277,268,20
277,268,20
277,268,20
277,268,20
277,268,20
277,268,20
277,268,20
277,268,20
277,268,20
277,268,20
277,268,20
277,268,20
277,268,20
277,268,20
277,268,20
277,268,20
277,268,20
277,268,20
277,268,20
277,268,20
277,268,20
277,268,20
277,268,20
277,268,20
277,268,20
277,268,20
277,268,20
277,261,20
277,261,20
277,261,20
277,261,20
277,261,20
277,261,20
277,261,20
277,261,20
277,261,20
277,261,20
277,261,20
277,261,20
277,261,20
277,261,20
277,261,20
277,261,20
277,261,20
277,261,20
277,261,20
277,261,20
277,261,20
277,261,20
277,261,20
277,261,20
277,261,20
277,261,20
277,261,20
277,251,20
277,251,20
277,251,20
277,251,20
277,251,20
277,251,20
277,285,20
277,285,20
277,285,20
277,285,20
277,285,20
277,285,20
277,285,20
277,285,20
277,285,20
277,285,20
277,285,20
277,285,20
277,285,20
277,285,20
277,285,20
277,285,20
277,285,20
277,285,20
277,285,20
277,285,20
277,285,20
277,285,20
277,285,20
277,285,20
277,285,20
277,228,20
277,228,20
277,228,20
277,228,20
277,228,20
277,228,20
277,228,20
277,228,20
277,228,20
277,228,20
277,228,20
277,228,20
277,228,20
277,228,20
277,228,20
277,228,20
277,228,20
277,228,20
277,228,20
277,228,20
277,228,20
277,228,20
277,228,20
277,228,20
277,228,20
277,228,20
277,261,20
277,261,20
277,261,20
277,261,20
277,261,20
277,261,20
277,261,20
277,261,20
277,261,20
277,261,20
277,261,20
277,261,20
277,261,20
277,261,20
277,261,20
277,261,20
277,261,20
277,261,20
277,261,20
277,261,20
277,261,20
277,261,20
277,261,20
277,261,20
277,261,20
277,261,20
277,261,20
277,261,20
277,261,20
277,261,20
277,261,20
277,261,20
277,280,20
277,280,20
277,280,20
277,280,20
277,280,20
277,280,20
277,280,20
277,280,20
277,280,20
277,280,20
277,280,20
277,280,20
277,280,20
277,280,20
277,280,20
277,280,20
277,280,20
277,280,20
277,280,20
277,280,20
277,307,20
277,307,20
277,307,20
277,307,20
277,307,20
277,307,20
277,307,20
277,307,20
277,307,20
277,307,20
277,307,20
277,307,20
277,307,20
277,307,20
277,307,20
277,307,20
277,307,20
277,307,20
277,307,20
277,307,20
277,307,20
277,307,20
277,307,20
277,298,20
277,298,20
277,298,20
277,298,20
277,298,20
277,298,20
277,298,20
277,298,20
277,298,20
277,298,20
277,298,20
277,298,20
277,298,20
277,298,20
277,298,20
277,298,20
277,298,20
277,298,20
277,298,20
277,298,20
277,298,20
277,298,20
277,298,20
277,298,20
277,298,20
277,298,20
277,298,20
277,298,20
277,298,20
277,298,20
277,298,20
277,270,20
277,270,20
277,270,20
277,270,20
277,270,20
277,270,20
277,270,20
277,270,20
277,270,20
277,270,20
277,270,20
277,270,20
277,270,20
277,270,20
277,270,20
277,270,20
277,270,20
277,270,20
277,270,20
277,270,20
277,270,20
277,270,20
277,270,20
277,270,20
277,270,20
277,270,20
277,270,20
277,270,20
277,270,20
277,270,20
277,270,20
277,270,20
277,270,20
277,270,20
277,270,20
277,270,20
277,270,20
277,250,20
277,250,20
277,250,20
277,250,20
277,250,20
277,250,20
277,250,20
277,250,20
277,250,20
277,250,20
277,250,20
277,250,20
277,250,20
277,262,20
277,262,20
277,262,20
277,262,20
277,262,20
277,262,20
277,262,20
277,262,20
277,262,20
277,262,20
277,262,20
277,262,20
277,262,20
277,276,20
277,276,20
277,276,20
277,276,20
277,276,20
277,276,20
277,276,20
277,276,20
277,276,20
277,276,20
277,273,20
277,273,20
277,273,20
277,273,20
277,273,20
277,273,20
277,273,20
277,273,20
277,273,20
277,273,20
277,273,20
277,273,20
277,273,20
277,273,20
277,273,20
277,273,20
277,273,20
277,273,20
277,273,20
277,273,20
277,273,20
277,273,20
277,273,20
277,273,20
277,273,20
277,273,20
277,273,20
277,273,20
277,273,20
277,273,20
277,308,20
277,308,20
277,308,20
277,308,20
277,308,20
277,308,20
277,308,20
277,257,20
277,257,20
277,257,20
277,257,20
277,257,20
277,257,20
277,257,20
277,257,20
277,257,20
277,257,20
257,252,20
257,252,20
257,252,20
257,252,20
257,252,20
257,252,20
257,252,20
257,252,20
257,252,20
257,252,20
257,252,20
257,252,20
257,252,20
257,252,20
257,252,20
257,252,20
257,252,20
257,252,20
257,252,20
257,252,20
257,252,20
257,252,20
257,252,20
257,252,20
257,252,20
257,252,20
257,252,20
257,252,20
257,252,20
257,282,20
257,282,20
257,282,20
257,282,20
257,282,20
257,282,20
257,282,20
257,282,20
257,282,20
257,282,20
257,282,20
257,282,20
257,282,20
257,282,20
257,282,20
257,282,20
257,282,20
257,282,20
257,282,20
257,282,20
257,282,20
257,282,20
257,282,20
257,285,20
257,285,20
257,285,20
257,285,20
257,285,20
257,285,20
257,285,20
257,285,20
257,285,20
257,285,20
257,285,20
257,285,20
257,285,20
257,285,20
257,285,20
257,285,20
257,258,20
257,258,20
257,258,20
257,258,20
257,258,20
257,258,20
257,258,20
257,258,20
257,258,20
257,258,20
257,244,20
257,244,20
257,244,20
257,244,20
257,244,20
257,244,20
257,223,20
257,223,20
257,223,20
257,223,20
257,223,20
257,223,20
257,223,20
257,223,20
257,223,20
257,223,20
257,254,20
257,254,20
257,254,20
257,254,20
257,254,20
257,254,20
257,254,20
257,254,20
257,254,20
257,254,20
257,254,20
257,254,20
257,254,20
257,225,20
257,225,20
257,225,20
257,225,20
257,225,20
257,225,20
257,225,20
257,225,20
257,225,20
257,225,20
257,225,20
257,225,20
257,225,20
257,225,20
257,225,20
257,225,20
257,225,20
257,225,20
257,241,20
257,241,20
257,241,20
257,241,20
257,241,20
257,241,20
257,241,20
257,241,20
257,241,20
257,241,20
257,241,20
257,241,20
257,241,20
257,241,20
257,241,20
257,255,20
257,255,20
257,255,20
257,255,20
257,255,20
257,255,20
257,255,20
257,255,20
257,255,20
257,255,20
257,255,20
257,259,20
257,259,20
257,259,20
257,259,20
257,259,20
257,259,20
257,259,20
257,259,20
257,259,20
257,259,20
257,259,20
257,259,20
257,259,20
257,259,20
257,259,20
257,259,20
257,259,20
257,259,20
257,259,20
257,259,20
257,259,20
257,259,20
257,259,20
257,259,20
257,259,20
257,259,20
257,259,20
257,259,20
257,263,20
257,263,20
257,263,20
257,263,20
257,263,20
257,263,20
257,266,20
257,266,20
257,266,20
257,266,20
257,266,20
257,266,20
257,266,20
257,266,20
257,266,20
257,266,20
257,266,20
257,266,20
257,266,20
257,225,20
257,225,20
257,225,20
257,225,20
257,225,20
257,225,20
257,225,20
257,225,20
257,225,20
257,225,20
257,225,20
257,225,20
257,225,20
257,225,20
257,225,20
257,276,20
257,276,20
257,276,20
257,276,20
257,276,20
257,276,20
257,276,20
257,276,20
257,249,20
257,249,20
257,249,20
257,249,20
257,249,20
257,249,20
257,249,20
257,249,20
257,249,20
257,249,20
257,249,20
257,249,20
257,249,20
257,249,20
257,304,20
257,304,20
257,304,20
257,304,20
257,304,20
257,304,20
257,304,20
257,232,20
257,232,20
257,232,20
257,232,20
257,232,20
257,232,20
257,232,20
257,232,20
257,232,20
257,232,20
257,232,20
257,267,20
257,267,20
257,267,20
257,267,20
257,267,20
257,267,20
257,267,20
257,267,20
257,267,20
257,267,20
257,267,20
257,267,20
257,267,20
257,267,20
257,267,20
257,267,20
257,267,20
257,267,20
257,267,20
257,267,20
257,267,20
257,267,20
257,267,20
257,267,20
257,267,20
257,267,20
257,267,20
257,267,20
257,267,20
257,267,20
257,270,20
257,270,20
257,270,20
257,270,20
257,270,20
257,270,20
257,270,20
257,270,20
257,270,20
257,270,20
257,270,20
257,270,20
257,270,20
257,270,20
257,270,20
257,270,20
257,270,20
257,270,20
257,270,20
257,270,20
257,270,20
257,308,20
257,308,20
257,308,20
257,308,20
257,308,20
257,308,20
257,308,20
257,308,20
257,308,20
257,308,20
257,308,20
257,308,20
257,308,20
257,308,20
257,308,20
257,308,20
257,308,20
257,308,20
257,308,20
257,308,20
257,308,20
257,308,20
257,308,20
257,308,20
257,308,20
257,308,20
257,308,20
257,308,20
257,308,20
257,308,20
257,308,20
257,283,20
257,283,20
257,283,20
257,283,20
257,283,20
257,283,20
257,223,20
257,223,20
257,223,20
257,223,20
257,223,20
257,223,20
257,223,20
257,223,20
257,223,20
257,223,20
257,223,20
257,223,20
257,223,20
257,223,20
257,223,20
257,223,20
257,223,20
257,223,20
257,223,20
257,223,20
257,223,20
257,223,20
257,223,20
257,223,20
257,223,20
257,223,20
257,223,20
257,223,20
257,223,20
257,223,20
257,223,20
257,223,20
257,223,20
257,223,20
257,223,20
257,223,20
257,223,20
257,223,20
257,223,20
257,223,20
257,223,20
257,223,20
257,223,20
257,223,20
257,223,20
257,223,20
257,223,20
257,223,20
257,223,20
257,223,20
257,223,20
257,223,20
257,223,20
257,223,20
257,223,20
257,223,20
257,223,20
257,223,20
257,223,20
257,204,20
257,204,20
257,204,20
257,204,20
257,204,20
257,204,20
257,204,20
257,204,20
257,204,20
257,204,20
257,204,20
257,204,20
257,204,20
257,204,20
257,204,20
257,204,20
257,204,20
257,204,20
257,204,20
257,204,20
257,204,20
257,204,20
257,204,20
257,252,20
257,252,20
257,252,20
257,252,20
257,252,20
257,252,20
257,252,20
257,252,20
257,252,20
257,252,20
257,252,20
257,252,20
257,252,20
257,252,20
257,252,20
257,252,20
257,252,20
257,252,20
257,252,20
257,271,20
257,271,20
257,271,20
257,271,20
257,271,20
257,271,20
257,271,20
257,271,20
257,271,20
257,271,20
257,271,20
257,271,20
257,271,20
257,271,20
257,271,20
257,271,20
257,271,20
257,271,20
257,255,20
257,255,20
257,255,20
257,255,20
257,255,20
257,255,20
257,255,20
257,255,20
257,255,20
257,255,20
257,255,20
257,255,20
257,276,20
257,276,20
257,276,20
257,276,20
257,276,20
257,276,20
257,276,20
257,276,20
257,276,20
257,276,20
257,276,20
297,324,20
297,324,20
297,324,20
297,324,20
297,324,20
297,324,20
297,324,20
297,311,20
297,311,20
297,311,20
297,311,20
297,311,20
297,311,20
297,311,20
297,311,20
297,311,20
297,272,20
297,272,20
297,272,20
297,272,20
297,272,20
297,272,20
297,272,20
297,272,20
297,272,20
297,272,20
297,272,20
297,272,20
297,272,20
297,272,20
297,272,20
297,272,20
297,272,20
297,272,20
297,272,20
297,272,20
297,272,20
297,272,20
297,272,20
297,272,20
297,272,20
297,272,20
297,272,20
297,272,20
297,272,20
297,272,20
297,272,20
297,294,20
297,294,20
297,294,20
297,294,20
297,294,20
297,294,20
297,294,20
297,294,20
297,294,20
297,294,20
297,294,20
297,294,20
297,294,20
297,294,20
297,294,20
297,294,20
297,294,20
297,294,20
297,294,20
297,294,20
297,294,20
297,294,20
297,292,20
297,292,20
297,292,20
297,292,20
297,292,20
297,292,20
297,292,20
297,292,20
297,264,20
297,264,20
297,264,20
297,264,20
297,264,20
297,264,20
297,264,20
297,264,20
297,264,20
297,264,20
297,264,20
297,264,20
297,264,20
297,264,20
297,264,20
297,264,20
297,264,20
297,264,20
297,264,20
297,264,20
297,264,20
297,264,20
297,264,20
297,264,20
297,264,20
297,264,20
297,264,20
297,264,20
297,264,20
297,291,20
297,291,20
297,291,20
297,291,20
297,291,20
297,291,20
297,291,20
297,291,20
297,291,20
297,291,20
297,291,20
297,291,20
297,291,20
297,291,20
297,291,20
297,291,20
297,291,20
297,291,20
297,291,20
297,291,20
297,309,20
297,309,20
297,309,20
297,309,20
297,309,20
297,309,20
297,309,20
297,309,20
297,309,20
297,309,20
297,309,20
297,309,20
297,309,20
297,309,20
297,309,20
297,309,20
297,309,20
297,309,20
297,309,20
297,309,20
297,309,20
297,309,20
297,309,20
297,309,20
297,309,20
297,309,20
297,309,20
297,309,20
297,309,20
297,309,20
297,309,20
297,309,20
297,309,20
297,309,20
297,309,20
297,309,20
297,309,20
297,309,20
297,309,20
297,309,20
297,309,20
297,309,20
297,309,20
297,309,20
297,309,20
297,309,20
297,309,20
297,309,20
297,309,20
297,309,20
297,309,20
297,309,20
297,309,20
297,309,20
297,309,20
297,309,20
297,309,20
297,309,20
297,271,20
297,271,20
297,271,20
297,271,20
297,271,20
297,271,20
297,266,20
297,266,20
297,266,20
297,266,20
297,266,20
297,266,20
297,266,20
297,266,20
297,266,20
297,266,20
297,266,20
297,266,20
297,266,20
297,266,20
297,266,20
297,266,20
297,266,20
297,266,20
297,266,20
297,266,20
297,266,20
297,266,20
297,321,20
297,321,20
297,321,20
297,321,20
297,321,20
297,321,20
297,321,20
297,321,20
297,321,20
297,321,20
297,321,20
297,321,20
297,321,20
297,321,20
297,307,20
297,307,20
297,307,20
297,307,20
297,307,20
297,307,20
297,307,20
297,307,20
297,307,20
297,307,20
297,307,20
297,307,20
297,307,20
297,307,20
297,307,20
297,307,20
297,307,20
297,307,20
297,307,20
297,307,20
297,307,20
297,307,20
297,307,20
297,307,20
297,307,20
297,307,20
297,307,20
297,307,20
297,307,20
297,307,20
297,307,20
297,307,20
297,307,20
297,307,20
297,307,20
297,307,20
297,307,20
297,307,20
297,307,20
297,307,20
297,307,20
297,307,20
297,313,20
297,313,20
297,313,20
297,313,20
297,313,20
297,313,20
297,313,20
297,313,20
297,313,20
297,313,20
297,313,20
297,313,20
297,313,20
297,313,20
297,313,20
297,313,20
297,313,20
297,313,20
297,313,20
297,313,20
297,313,20
297,313,20
297,313,20
297,313,20
297,313,20
297,313,20
297,313,20
297,313,20
297,313,20
297,313,20
297,313,20
297,313,20
297,313,20
297,313,20
297,291,20
297,291,20
297,291,20
297,291,20
297,291,20
297,291,20
297,292,20
297,292,20
297,292,20
297,292,20
297,292,20
297,292,20
297,292,20
297,292,20
297,279,20
297,279,20
297,279,20
297,279,20
297,279,20
297,279,20
297,279,20
297,279,20
297,279,20
297,279,20
297,279,20
297,279,20
297,279,20
297,311,20
297,311,20
297,311,20
297,311,20
297,311,20
297,311,20
297,311,20
297,311,20
297,311,20
297,311,20
297,311,20
297,311,20
297,311,20
297,311,20
297,311,20
297,311,20
297,311,20
297,311,20
297,280,20
297,280,20
297,280,20
297,280,20
297,280,20
297,280,20
297,280,20
297,280,20
297,280,20
297,280,20
297,280,20
297,280,20
297,280,20
297,280,20
297,280,20
297,280,20
297,280,20
297,280,20
297,280,20
297,280,20
297,280,20
297,280,20
297,280,20
297,280,20
297,280,20
297,280,20
297,280,20
297,280,20
297,280,20
297,280,20
297,280,20
297,280,20
297,280,20
297,280,20
297,280,20
297,280,20
297,280,20
297,280,20
297,280,20
297,280,20
297,280,20
297,280,20
297,280,20
297,280,20
297,293,20
297,293,20
297,293,20
297,293,20
297,293,20
297,293,20
297,293,20
297,293,20
297,293,20
297,293,20
297,293,20
297,293,20
297,293,20
297,293,20
297,293,20
297,293,20
297,293,20
297,293,20
297,293,20
297,293,20
297,293,20
297,283,20
297,283,20
297,283,20
297,283,20
297,283,20
297,283,20
297,283,20
297,301,20
297,301,20
297,301,20
297,301,20
297,301,20
297,301,20
297,301,20
297,301,20
297,301,20
297,301,20
297,301,20
297,301,20
297,301,20
297,320,20
297,320,20
297,320,20
297,320,20
297,320,20
297,320,20
297,320,20
297,301,20
297,301,20
297,301,20
297,301,20
297,301,20
297,301,20
297,301,20
297,301,20
297,301,20
297,301,20
297,301,20
297,301,20
297,301,20
297,301,20
297,301,20
297,301,20
297,301,20
297,301,20
297,301,20
297,301,20
297,301,20
297,271,20
297,271,20
297,271,20
297,271,20
297,271,20
297,271,20
297,271,20
297,271,20
297,271,20
297,271,20
297,271,20
297,271,20
297,271,20
297,271,20
297,271,20
297,271,20
297,271,20
297,271,20
297,271,20
297,271,20
297,299,20
297,299,20
297,299,20
297,299,20
297,299,20
297,299,20
297,299,20
297,299,20
297,299,20
297,299,20
297,271,20
297,271,20
297,271,20
297,271,20
297,271,20
297,271,20
297,271,20
297,271,20
297,342,20
297,342,20
297,342,20
297,342,20
297,342,20
297,342,20
297,300,20
297,300,20
297,300,20
297,300,20
297,300,20
297,300,20
297,300,20
297,266,20
297,266,20
297,266,20
297,266,20
297,266,20
297,266,20
297,266,20
297,266,20
297,266,20
297,266,20
297,266,20
297,266,20
297,266,20
297,266,20
297,266,20
297,266,20
297,266,20
297,266,20
297,266,20
297,266,20
297,266,20
297,266,20
297,266,20
297,266,20
297,266,20
297,266,20
297,266,20
297,285,20
297,285,20
297,285,20
297,285,20
297,285,20
297,285,20
297,285,20
297,285,20
297,285,20
297,285,20
297,285,20
297,285,20
297,285,20
297,285,20
297,285,20
297,285,20
297,267,20
297,267,20
297,267,20
297,267,20
297,267,20
297,267,20
297,267,20
297,267,20
297,267,20
297,267,20
297,267,20
297,267,20
297,267,20
297,267,20
297,304,20
297,304,20
297,304,20
297,304,20
297,304,20
297,304,20
297,304,20
297,315,20
297,315,20
297,315,20
297,315,20
297,315,20
297,315,20
297,315,20
297,315,20
297,315,20
297,315,20
297,315,20
297,315,20
297,315,20
297,315,20
297,312,20
297,312,20
297,312,20
297,312,20
297,312,20
297,312,20
297,312,20
297,312,20
297,312,20
297,312,20
297,312,20
297,312,20
297,312,20
297,312,20
297,263,20
297,263,20
297,263,20
297,263,20
297,263,20
297,263,20
297,263,20
297,263,20
297,263,20
297,263,20
297,263,20
297,263,20
297,263,20
297,263,20
297,263,20
297,263,20
297,263,20
297,263,20
297,263,20
297,263,20
297,263,20
297,263,20
297,263,20
297,263,20
297,263,20
297,263,20
297,263,20
297,263,20
297,263,20
297,263,20
337,349,20
337,349,20
337,349,20
337,349,20
337,349,20
337,349,20
337,349,20
337,349,20
337,349,20
337,349,20
337,349,20
337,349,20
337,349,20
337,349,20
337,349,20
337,349,20
337,349,20
337,301,20
337,301,20
337,301,20
337,301,20
337,301,20
337,301,20
337,301,20
337,301,20
337,301,20
337,301,20
337,301,20
337,301,20
337,301,20
337,301,20
337,301,20
337,301,20
337,301,20
337,318,20
337,318,20
337,318,20
337,318,20
337,318,20
337,318,20
337,318,20
337,318,20
337,318,20
337,318,20
337,318,20
337,318,20
337,318,20
337,318,20
337,318,20
337,318,20
337,318,20
337,318,20
337,9,20
337,9,20
337,9,20
337,9,20
337,9,20
337,9,20
337,9,20
337,9,20
337,9,20
337,9,20
337,9,20
337,9,20
337,9,20
337,9,20
337,9,20
337,9,20
337,9,20
337,9,20
337,9,20
337,9,20
337,9,20
337,9,20
337,9,20
337,9,20
337,340,20
337,340,20
337,340,20
337,340,20
337,340,20
337,340,20
337,340,20
337,340,20
337,340,20
337,29,20
337,29,20
337,29,20
337,29,20
337,29,20
337,29,20
337,29,20
337,29,20
337,29,20
337,353,20
337,353,20
337,353,20
337,353,20
337,353,20
337,353,20
337,356,20
337,356,20
337,356,20
337,356,20
337,356,20
337,356,20
337,356,20
337,356,20
337,356,20
337,334,20
337,334,20
337,334,20
337,334,20
337,334,20
337,334,20
337,334,20
337,334,20
337,334,20
337,334,20
337,334,20
337,334,20
337,339,20
337,339,20
337,339,20
337,339,20
337,339,20
337,339,20
337,339,20
337,339,20
337,342,20
337,342,20
337,342,20
337,342,20
337,342,20
337,342,20
337,342,20
337,342,20
337,342,20
337,342,20
337,342,20
337,342,20
337,342,20
337,342,20
337,342,20
337,342,20
337,342,20
337,342,20
337,342,20
337,342,20
337,342,20
337,342,20
337,342,20
337,295,20
337,295,20
337,295,20
337,295,20
337,295,20
337,295,20
337,318,20
337,318,20
337,318,20
337,318,20
337,318,20
337,318,20
337,318,20
337,318,20
337,318,20
337,356,20
337,356,20
337,356,20
337,356,20
337,356,20
337,356,20
337,7,20
337,7,20
337,7,20
337,7,20
337,7,20
337,7,20
337,7,20
337,7,20
337,7,20
337,7,20
337,7,20
337,7,20
337,7,20
337,7,20
337,7,20
337,7,20
337,7,20
337,7,20
337,7,20
337,7,20
337,7,20
337,7,20
337,7,20
337,7,20
337,7,20
337,7,20
337,7,20
337,7,20
337,7,20
337,7,20
337,7,20
337,7,20
337,7,20
337,7,20
337,7,20
337,7,20
337,7,20
337,7,20
337,7,20
337,7,20
337,7,20
337,7,20
337,7,20
337,7,20
337,7,20
337,7,20
337,7,20
337,320,20
337,320,20
337,320,20
337,320,20
337,320,20
337,320,20
337,320,20
337,320,20
337,320,20
337,338,20
337,338,20
337,338,20
337,338,20
337,338,20
337,338,20
337,338,20
337,338,20
337,338,20
337,338,20
337,338,20
337,338,20
337,338,20
337,338,20
337,338,20
337,338,20
337,338,20
337,338,20
337,338,20
337,353,20
337,353,20
337,353,20
337,353,20
337,353,20
337,353,20
337,353,20
337,353,20
337,353,20
337,353,20
337,353,20
337,353,20
337,353,20
337,353,20
337,353,20
337,353,20
337,353,20
337,353,20
337,353,20
337,353,20
337,353,20
337,353,20
337,353,20
337,353,20
337,353,20
337,353,20
337,353,20
337,353,20
337,353,20
337,353,20
337,353,20
337,353,20
337,353,20
337,353,20
337,353,20
337,353,20
337,353,20
337,353,20
337,353,20
337,353,20
337,353,20
337,353,20
337,353,20
337,353,20
337,353,20
337,353,20
337,353,20
337,353,20
337,353,20
337,353,20
337,353,20
337,353,20
337,322,20
337,322,20
337,322,20
337,322,20
337,322,20
337,322,20
337,322,20
337,322,20
337,322,20
337,322,20
337,322,20
337,322,20
337,322,20
337,322,20
337,322,20
337,322,20
337,322,20
337,322,20
337,322,20
337,322,20
337,322,20
337,322,20
337,322,20
337,322,20
337,321,20
337,321,20
337,321,20
337,321,20
337,321,20
337,321,20
337,321,20
337,321,20
337,321,20
337,321,20
337,321,20
337,321,20
337,321,20
337,321,20
337,321,20
337,321,20
337,321,20
337,321,20
337,321,20
337,321,20
337,321,20
337,334,20
337,334,20
337,334,20
337,334,20
337,334,20
337,334,20
337,334,20
337,334,20
337,334,20
337,334,20
337,334,20
337,334,20
337,334,20
337,334,20
337,334,20
337,334,20
337,334,20
337,334,20
337,334,20
337,334,20
337,334,20
337,334,20
337,334,20
337,334,20
337,334,20
337,334,20
337,334,20
337,334,20
337,334,20
337,334,20
337,334,20
337,334,20
337,334,20
337,334,20
337,334,20
337,334,20
337,334,20
337,334,20
337,334,20
337,334,20
337,334,20
337,334,20
337,334,20
337,334,20
337,334,20
337,334,20
337,334,20
337,334,20
337,334,20
337,334,20
337,334,20
337,334,20
337,334,20
337,334,20
337,340,20
337,340,20
337,340,20
337,340,20
337,340,20
337,340,20
337,331,20
337,331,20
337,331,20
337,331,20
337,331,20
337,331,20
337,331,20
337,331,20
337,331,20
337,331,20
337,331,20
337,331,20
337,331,20
337,331,20
337,331,20
337,331,20
337,331,20
337,331,20
337,331,20
337,331,20
337,23,20
337,23,20
337,23,20
337,23,20
337,23,20
337,23,20
337,23,20
337,23,20
337,23,20
337,23,20
337,349,20
337,349,20
337,349,20
337,349,20
337,349,20
337,349,20
337,349,20
337,326,20
337,326,20
337,326,20
337,326,20
337,326,20
337,326,20
337,326,20
337,326,20
337,327,20
337,327,20
337,327,20
337,327,20
337,327,20
337,327,20
337,327,20
337,327,20
337,327,20
337,327,20
337,327,20
337,327,20
337,327,20
337,327,20
337,327,20
337,327,20
337,327,20
337,327,20
337,327,20
337,327,20
337,335,20
337,335,20
337,335,20
337,335,20
337,335,20
337,335,20
337,335,20
337,335,20
337,335,20
337,335,20
337,335,20
337,335,20
337,335,20
337,335,20
337,335,20
337,335,20
337,335,20
337,335,20
337,335,20
337,311,20
337,311,20
337,311,20
337,311,20
337,311,20
337,311,20
337,311,20
337,27,20
337,27,20
337,27,20
337,27,20
337,27,20
337,27,20
337,27,20
337,27,20
337,27,20
337,27,20
337,27,20
337,27,20
337,27,20
337,27,20
337,27,20
337,27,20
337,27,20
337,27,20
337,27,20
337,331,20
337,331,20
337,331,20
337,331,20
337,331,20
337,331,20
337,331,20
337,331,20
337,331,20
17,353,20
17,353,20
17,353,20
17,353,20
17,353,20
17,353,20
17,353,20
17,353,20
17,353,20
17,353,20
17,353,20
17,353,20
17,353,20
17,353,20
17,353,20
17,353,20
17,353,20
17,353,20
17,353,20
17,353,20
17,353,20
17,353,20
17,353,20
17,353,20
17,353,20
17,353,20
17,353,20
17,353,20
17,353,20
17,353,20
17,353,20
17,353,20
17,353,20
17,27,20
17,27,20
17,27,20
17,27,20
17,27,20
17,27,20
17,27,20
17,27,20
17,27,20
17,27,20
17,27,20
17,27,20
17,27,20
17,27,20
17,27,20
17,27,20
17,27,20
17,27,20
17,27,20
17,27,20
17,27,20
17,27,20
17,27,20
17,27,20
17,27,20
17,26,20
17,26,20
17,26,20
17,26,20
17,26,20
17,26,20
17,26,20
17,26,20
17,26,20
17,26,20
17,26,20
17,26,20
17,26,20
17,26,20
17,26,20
17,26,20
17,26,20
17,26,20
17,14,20
17,14,20
17,14,20
17,14,20
17,14,20
17,14,20
17,14,20
17,14,20
17,14,20
17,14,20
17,24,20
17,24,20
17,24,20
17,24,20
17,24,20
17,24,20
17,24,20
17,24,20
17,24,20
17,24,20
17,24,20
17,24,20
17,24,20
17,24,20
17,26,20
17,26,20
17,26,20
17,26,20
17,26,20
17,26,20
17,26,20
17,26,20
17,26,20
17,26,20
17,26,20
17,26,20
17,26,20
17,26,20
17,26,20
17,26,20
17,26,20
17,26,20
17,26,20
17,26,20
17,26,20
17,26,20
17,22,20
17,22,20
17,22,20
17,22,20
17,22,20
17,22,20
17,22,20
17,43,20
17,43,20
17,43,20
17,43,20
17,43,20
17,43,20
17,43,20
17,43,20
17,43,20
17,43,20
17,43,20
17,43,20
17,43,20
17,43,20
17,43,20
17,43,20
17,29,20
17,29,20
17,29,20
17,29,20
17,29,20
17,29,20
17,29,20
17,29,20
17,29,20
17,29,20
17,29,20
17,29,20
17,29,20
17,29,20
17,29,20
17,29,20
17,29,20
17,29,20
17,29,20
17,29,20
17,29,20
17,29,20
17,29,20
17,17,20
17,17,20
17,17,20
17,17,20
17,17,20
17,17,20
17,17,20
17,13,20
17,13,20
17,13,20
17,13,20
17,13,20
17,13,20
17,13,20
17,13,20
17,26,20
17,26,20
17,26,20
17,26,20
17,26,20
17,26,20
17,26,20
17,26,20
17,26,20
17,26,20
17,26,20
17,7,20
17,7,20
17,7,20
17,7,20
17,7,20
17,7,20
17,7,20
17,7,20
17,7,20
17,7,20
17,7,20
17,7,20
17,7,20
17,7,20
17,7,20
17,7,20
17,7,20
17,7,20
17,7,20
17,7,20
17,7,20
17,7,20
17,335,20
17,335,20
17,335,20
17,335,20
17,335,20
17,335,20
17,335,20
17,335,20
17,335,20
17,335,20
17,335,20
17,335,20
17,335,20
17,335,20
17,335,20
17,335,20
17,335,20
17,335,20
17,34,20
17,34,20
17,34,20
17,34,20
17,34,20
17,34,20
17,34,20
17,34,20
17,34,20
17,34,20
17,38,20
17,38,20
17,38,20
17,38,20
17,38,20
17,38,20
17,38,20
17,38,20
17,38,20
17,38,20
17,38,20
17,38,20
17,38,20
17,38,20
17,339,20
17,339,20
17,339,20
17,339,20
17,339,20
17,339,20
17,339,20
17,339,20
17,339,20
17,339,20
17,339,20
17,339,20
17,27,20
17,27,20
17,27,20
17,27,20
17,27,20
17,27,20
17,27,20
17,27,20
17,27,20
17,27,20
17,27,20
17,27,20
17,27,20
17,27,20
17,42,20
17,42,20
17,42,20
17,42,20
17,42,20
17,42,20
17,42,20
17,42,20
17,42,20
17,42,20
17,42,20
17,42,20
17,42,20
17,42,20
17,42,20
17,42,20
17,42,20
17,42,20
17,42,20
17,42,20
17,29,20
17,29,20
17,29,20
17,29,20
17,29,20
17,29,20
17,29,20
17,29,20
17,29,20
17,29,20
17,29,20
17,29,20
17,29,20
17,29,20
17,29,20
17,39,20
17,39,20
17,39,20
17,39,20
17,39,20
17,39,20
17,39,20
17,39,20
17,39,20
17,39,20
17,39,20
17,39,20
17,39,20
17,39,20
17,43,20
17,43,20
17,43,20
17,43,20
17,43,20
17,43,20
17,43,20
17,43,20
17,43,20
17,11,20
17,11,20
17,11,20
17,11,20
17,11,20
17,11,20
17,49,20
17,49,20
17,49,20
17,49,20
17,49,20
17,49,20
17,49,20
17,348,20
17,348,20
17,348,20
17,348,20
17,348,20
17,348,20
17,348,20
17,348,20
17,348,20
17,348,20
17,348,20
17,348,20
17,348,20
17,348,20
17,348,20
17,348,20
17,348,20
17,348,20
17,348,20
17,348,20
17,348,20
17,348,20
17,348,20
17,348,20
17,348,20
17,348,20
17,12,20
17,12,20
17,12,20
17,12,20
17,12,20
17,12,20
17,344,20
17,344,20
17,344,20
17,344,20
17,344,20
17,344,20
17,344,20
17,16,20
17,16,20
17,16,20
17,16,20
17,16,20
17,16,20
17,16,20
17,16,20
17,16,20
17,16,20
17,16,20
17,16,20
17,16,20
17,16,20
17,16,20
17,16,20
17,16,20
17,16,20
17,16,20
17,16,20
17,12,20
17,12,20
17,12,20
17,12,20
17,12,20
17,12,20
17,12,20
17,12,20
17,12,20
17,12,20
17,12,20
17,12,20
17,12,20
17,12,20
17,12,20
17,12,20
17,12,20
17,12,20
17,52,20
17,52,20
17,52,20
17,52,20
17,52,20
17,52,20
17,52,20
17,52,20
17,52,20
17,15,20
17,15,20
17,15,20
17,15,20
17,15,20
17,15,20
17,15,20
17,15,20
17,15,20
17,15,20
17,15,20
17,15,20
17,15,20
17,15,20
17,15,20
17,15,20
17,15,20
17,15,20
17,15,20
17,15,20
17,15,20
17,15,20
17,15,20
17,15,20
17,15,20
17,15,20
17,15,20
17,15,20
17,15,20
17,15,20
17,15,20
17,15,20
17,15,20
17,15,20
17,15,20
17,15,20
17,15,20
17,15,20
17,15,20
17,15,20
17,15,20
17,15,20
17,15,20
17,15,20
17,15,20
17,15,20
17,15,20
17,15,20
17,15,20
17,15,20
17,15,20
17,15,20
17,15,20
17,15,20
17,15,20
17,15,20
17,15,20
17,39,20
17,39,20
17,39,20
17,39,20
17,39,20
17,39,20
17,39,20
17,39,20
17,39,20
17,39,20
17,39,20
17,3,20
17,3,20
17,3,20
17,3,20
17,3,20
17,3,20
17,3,20
17,3,20
17,3,20
17,3,20
17,3,20
17,3,20
17,3,20
17,3,20
17,19,20
17,19,20
17,19,20
17,19,20
17,19,20
17,19,20
17,19,20
17,19,20
17,19,20
17,19,20
17,19,20
17,19,20
17,19,20
17,19,20
17,359,20
17,359,20
17,359,20
17,359,20
17,359,20
17,359,20
17,359,20
17,359,20
17,359,20
17,359,20
17,359,20
17,359,20
17,359,20
17,359,20
17,359,20
17,359,20
17,359,20
17,359,20
17,359,20
17,359,20
17,359,20
17,359,20
17,359,20
17,359,20
17,359,20
17,359,20
17,359,20
17,359,20
17,359,20
17,359,20
17,21,20
17,21,20
17,21,20
17,21,20
17,21,20
17,21,20
17,21,20
17,21,20
17,21,20
17,21,20
17,21,20
17,21,20
17,21,20
17,21,20
17,21,20
17,31,20
17,31,20
17,31,20
17,31,20
17,31,20
17,31,20
17,31,20
17,31,20
17,31,20
17,31,20
17,37,20
17,37,20
17,37,20
17,37,20
17,37,20
17,37,20
17,37,20
17,40,20
17,40,20
17,40,20
17,40,20
17,40,20
17,40,20
17,40,20
17,40,20
17,40,20
17,40,20
17,40,20
17,40,20
17,40,20
17,40,20
17,40,20
17,40,20
17,40,20
17,18,20
17,18,20
17,18,20
17,18,20
17,18,20
17,18,20
17,18,20
17,18,20
17,18,20
17,18,20
17,18,20
17,18,20
17,18,20
37,36,20
37,36,20
37,36,20
37,36,20
37,36,20
37,36,20
37,36,20
37,36,20
37,36,20
37,36,20
37,36,20
37,36,20
37,36,20
37,36,20
37,36,20
37,36,20
37,36,20
37,36,20
37,36,20
37,36,20
37,36,20
37,36,20
37,36,20
37,36,20
37,36,20
37,36,20
37,36,20
37,36,20
37,36,20
37,36,20
37,36,20
37,36,20
37,36,20
37,36,20
37,36,20
37,36,20
37,36,20
37,36,20
37,36,20
37,36,20
37,36,20
37,36,20
37,36,20
37,36,20
37,36,20
37,36,20
37,36,20
37,36,20
37,36,20
37,36,20
37,36,20
37,36,20
37,36,20
37,36,20
37,36,20
37,36,20
37,36,20
37,36,20
37,36,20
37,36,20
37,36,20
37,36,20
37,36,20
37,36,20
37,16,20
37,16,20
37,16,20
37,16,20
37,16,20
37,16,20
37,16,20
37,45,20
37,45,20
37,45,20
37,45,20
37,45,20
37,45,20
37,45,20
37,45,20
37,45,20
37,45,20
37,45,20
37,45,20
37,41,20
37,41,20
37,41,20
37,41,20
37,41,20
37,41,20
37,340,20
37,340,20
37,340,20
37,340,20
37,340,20
37,340,20
37,340,20
37,340,20
37,340,20
37,58,20
37,58,20
37,58,20
37,58,20
37,58,20
37,58,20
37,58,20
37,58,20
37,14,20
37,14,20
37,14,20
37,14,20
37,14,20
37,14,20
37,14,20
37,14,20
37,14,20
37,14,20
37,14,20
37,14,20
37,14,20
37,14,20
37,14,20
37,14,20
37,14,20
37,14,20
37,14,20
37,14,20
37,14,20
37,14,20
37,14,20
37,14,20
37,14,20
37,14,20
37,14,20
37,14,20
37,14,20
37,14,20
37,14,20
37,14,20
37,14,20
37,14,20
37,14,20
37,14,20
37,14,20
37,39,20
37,39,20
37,39,20
37,39,20
37,39,20
37,39,20
37,39,20
37,39,20
37,39,20
37,39,20
37,39,20
37,39,20
37,39,20
37,39,20
37,39,20
37,39,20
37,39,20
37,39,20
37,39,20
37,39,20
37,39,20
37,39,20
37,39,20
37,39,20
37,39,20
37,39,20
37,39,20
37,39,20
37,39,20
37,39,20
37,39,20
37,39,20
37,39,20
37,39,20
37,39,20
37,39,20
37,39,20
37,39,20
37,39,20
37,45,20
37,45,20
37,45,20
37,45,20
37,45,20
37,45,20
37,45,20
37,45,20
37,45,20
37,45,20
37,45,20
37,45,20
37,45,20
37,45,20
37,45,20
37,45,20
37,45,20
37,45,20
37,45,20
37,45,20
37,45,20
37,45,20
37,45,20
37,45,20
37,45,20
37,45,20
37,45,20
37,45,20
37,45,20
37,45,20
37,45,20
37,45,20
37,45,20
37,45,20
37,45,20
37,45,20
37,45,20
37,45,20
37,45,20
37,45,20
37,45,20
37,45,20
37,45,20
37,45,20
37,45,20
37,45,20
37,45,20
37,45,20
37,45,20
37,45,20
37,45,20
37,31,20
37,31,20
37,31,20
37,31,20
37,31,20
37,31,20
37,31,20
37,31,20
37,31,20
37,31,20
37,31,20
37,31,20
37,31,20
37,31,20
37,31,20
37,31,20
37,31,20
37,31,20
37,31,20
37,31,20
37,31,20
37,31,20
37,31,20
37,31,20
37,31,20
37,31,20
37,31,20
37,31,20
37,31,20
37,31,20
37,25,20
37,25,20
37,25,20
37,25,20
37,25,20
37,25,20
37,25,20
37,24,20
37,24,20
37,24,20
37,24,20
37,24,20
37,24,20
37,24,20
37,24,20
37,24,20
37,79,20
37,79,20
37,79,20
37,79,20
37,79,20
37,79,20
37,79,20
37,79,20
37,79,20
37,79,20
37,79,20
37,79,20
37,79,20
37,79,20
37,79,20
37,79,20
37,79,20
37,79,20
37,79,20
37,79,20
37,79,20
37,79,20
37,79,20
37,79,20
37,79,20
37,31,20
37,31,20
37,31,20
37,31,20
37,31,20
37,31,20
37,31,20
37,31,20
37,31,20
37,31,20
37,31,20
37,31,20
37,31,20
37,31,20
37,31,20
37,31,20
37,31,20
37,31,20
37,31,20
37,31,20
37,31,20
37,31,20
37,31,20
37,31,20
37,31,20
37,31,20
37,31,20
37,31,20
37,31,20
37,31,20
37,31,20
37,31,20
37,31,20
37,31,20
37,31,20
37,31,20
37,31,20
37,31,20
37,57,20
37,57,20
37,57,20
37,57,20
37,57,20
37,57,20
37,57,20
37,57,20
37,57,20
37,57,20
37,57,20
37,57,20
37,57,20
37,57,20
37,54,20
37,54,20
37,54,20
37,54,20
37,54,20
37,54,20
37,54,20
37,54,20
37,19,20
37,19,20
37,19,20
37,19,20
37,19,20
37,19,20
37,19,20
37,19,20
37,19,20
37,19,20
37,19,20
37,19,20
37,19,20
37,19,20
37,19,20
37,19,20
37,19,20
37,19,20
37,19,20
37,19,20
37,19,20
37,19,20
37,19,20
37,19,20
37,19,20
37,19,20
37,19,20
37,19,20
37,19,20
37,19,20
37,19,20
37,19,20
37,19,20
37,19,20
37,19,20
37,19,20
37,19,20
37,19,20
37,19,20
37,19,20
37,19,20
37,19,20
37,19,20
37,19,20
37,19,20
37,19,20
37,19,20
37,19,20
37,19,20
37,48,20
37,48,20
37,48,20
37,48,20
37,48,20
37,48,20
37,48,20
37,48,20
37,48,20
37,48,20
37,48,20
37,48,20
37,48,20
37,48,20
37,48,20
37,48,20
37,51,20
37,51,20
37,51,20
37,51,20
37,51,20
37,51,20
37,51,20
37,51,20
37,51,20
37,51,20
37,31,20
37,31,20
37,31,20
37,31,20
37,31,20
37,31,20
37,31,20
37,52,20
37,52,20
37,52,20
37,52,20
37,52,20
37,52,20
37,52,20
37,49,20
37,49,20
37,49,20
37,49,20
37,49,20
37,49,20
37,49,20
37,49,20
37,49,20
37,49,20
37,49,20
37,49,20
37,49,20
37,49,20
37,49,20
37,49,20
37,49,20
37,49,20
37,49,20
37,69,20
37,69,20
37,69,20
37,69,20
37,69,20
37,69,20
37,69,20
37,69,20
37,69,20
37,69,20
37,69,20
37,69,20
37,69,20
37,69,20
37,69,20
37,69,20
37,69,20
37,69,20
37,69,20
37,69,20
37,69,20
37,69,20
37,69,20
37,69,20
37,69,20
37,69,20
37,69,20
37,69,20
37,69,20
37,69,20
37,69,20
37,69,20
37,41,20
37,41,20
37,41,20
37,41,20
37,41,20
37,41,20
37,41,20
37,41,20
37,41,20
37,41,20
37,41,20
37,41,20
37,41,20
37,41,20
37,41,20
37,41,20
37,41,20
37,41,20
37,41,20
37,41,20
37,41,20
37,41,20
37,41,20
37,41,20
37,41,20
37,41,20
37,41,20
37,44,20
37,44,20
37,44,20
37,44,20
37,44,20
37,44,20
37,44,20
37,44,20
37,44,20
37,44,20
37,44,20
37,44,20
37,44,20
37,44,20
37,44,20
37,44,20
37,44,20
37,44,20
37,44,20
37,74,20
37,74,20
37,74,20
37,74,20
37,74,20
37,74,20
37,74,20
37,74,20
37,74,20
37,74,20
37,74,20
37,82,20
37,82,20
37,82,20
37,82,20
37,82,20
37,82,20
37,82,20
37,82,20
37,82,20
37,82,20
37,82,20
37,82,20
37,82,20
37,82,20
37,82,20
37,82,20
37,82,20
37,82,20
37,82,20
37,82,20
37,19,20
37,19,20
37,19,20
37,19,20
37,19,20
37,19,20
37,19,20
37,77,20
37,77,20
37,77,20
37,77,20
37,77,20
37,77,20
37,77,20
37,77,20
37,77,20
37,77,20
37,77,20
37,24,20
37,24,20
37,24,20
37,24,20
37,24,20
37,24,20
37,24,20
37,24,20
37,24,20
37,24,20
37,29,20
37,29,20
37,29,20
37,29,20
37,29,20
37,29,20
37,29,20
37,61,20
37,61,20
37,61,20
37,61,20
37,61,20
37,61,20
37,61,20
37,61,20
37,27,20
37,27,20
37,27,20
37,27,20
37,27,20
37,27,20
37,27,20
37,27,20
37,27,20
37,27,20
37,27,20
37,27,20
37,27,20
37,27,20
37,27,20
37,27,20
37,27,20
37,27,20
37,27,20
37,27,20
37,27,20
37,27,20
37,27,20
37,27,20
37,27,20
37,27,20
37,27,20
37,27,20
37,27,20
37,27,20
37,27,20
37,27,20
37,27,20
37,27,20
37,27,20
37,27,20
37,27,20
37,27,20
37,27,20
37,27,20
37,27,20
37,27,20
37,27,20
37,27,20
37,27,20
37,27,20
37,27,20
37,27,20
37,27,20
37,27,20
37,27,20
37,27,20
37,27,20
37,353,20
37,353,20
37,353,20
37,353,20
37,353,20
37,353,20
37,353,20
37,353,20
37,353,20
37,353,20
37,353,20
37,353,20
37,353,20
37,353,20
37,353,20
37,353,20
37,353,20
37,353,20
37,353,20
37,353,20
37,353,20
37,353,20
37,353,20
37,353,20
37,52,20
37,52,20
37,52,20
37,52,20
37,52,20
37,52,20
37,52,20
37,52,20
37,52,20
357,341,20
357,341,20
357,341,20
357,341,20
357,341,20
357,341,20
357,341,20
357,341,20
357,341,20
357,341,20
357,341,20
357,341,20
357,341,20
357,341,20
357,341,20
357,341,20
357,341,20
357,341,20
357,346,20
357,346,20
357,346,20
357,346,20
357,346,20
357,346,20
357,346,20
357,346,20
357,346,20
357,346,20
357,346,20
357,346,20
357,346,20
357,346,20
357,346,20
357,346,20
357,346,20
357,346,20
357,346,20
357,346,20
357,346,20
357,346,20
357,346,20
357,346,20
357,346,20
357,346,20
357,346,20
357,18,20
357,18,20
357,18,20
357,18,20
357,18,20
357,18,20
357,18,20
357,18,20
357,18,20
357,18,20
357,18,20
357,18,20
357,18,20
357,18,20
357,18,20
357,18,20
357,18,20
357,18,20
357,18,20
357,18,20
357,18,20
357,18,20
357,18,20
357,18,20
357,18,20
357,18,20
357,18,20
357,18,20
357,18,20
357,18,20
357,18,20
357,18,20
357,18,20
357,18,20
357,18,20
357,18,20
357,18,20
357,18,20
357,18,20
357,18,20
357,347,20
357,347,20
357,347,20
357,347,20
357,347,20
357,347,20
357,22,20
357,22,20
357,22,20
357,22,20
357,22,20
357,22,20
357,22,20
357,22,20
357,22,20
357,22,20
357,22,20
357,22,20
357,22,20
357,22,20
357,22,20
357,22,20
357,22,20
357,22,20
357,22,20
357,22,20
357,22,20
357,22,20
357,1,20
357,1,20
357,1,20
357,1,20
357,1,20
357,1,20
357,1,20
357,1,20
357,1,20
357,1,20
357,1,20
357,31,20
357,31,20
357,31,20
357,31,20
357,31,20
357,31,20
357,31,20
357,31,20
357,341,20
357,341,20
357,341,20
357,341,20
357,341,20
357,341,20
357,341,20
357,341,20
357,341,20
357,341,20
357,341,20
357,341,20
357,341,20
357,341,20
357,358,20
357,358,20
357,358,20
357,358,20
357,358,20
357,358,20
357,358,20
357,358,20
357,358,20
357,358,20
357,358,20
357,358,20
357,358,20
357,358,20
357,358,20
357,358,20
357,358,20
357,358,20
357,358,20
357,358,20
357,358,20
357,358,20
357,358,20
357,358,20
357,358,20
357,358,20
357,327,20
357,327,20
357,327,20
357,327,20
357,327,20
357,327,20
357,327,20
357,327,20
357,327,20
357,327,20
357,327,20
357,327,20
357,327,20
357,327,20
357,327,20
357,327,20
357,327,20
357,327,20
357,327,20
357,327,20
357,327,20
357,327,20
357,327,20
357,327,20
357,327,20
357,327,20
357,327,20
357,327,20
357,327,20
357,327,20
357,327,20
357,327,20
357,327,20
357,327,20
357,327,20
357,327,20
357,327,20
357,327,20
357,327,20
357,327,20
357,327,20
357,327,20
357,327,20
357,6,20
357,6,20
357,6,20
357,6,20
357,6,20
357,6,20
357,6,20
357,0,20
357,0,20
357,0,20
357,0,20
357,0,20
357,0,20
357,345,20
357,345,20
357,345,20
357,345,20
357,345,20
357,345,20
357,345,20
357,345,20
357,345,20
357,345,20
357,345,20
357,345,20
357,345,20
357,345,20
357,10,20
357,10,20
357,10,20
357,10,20
357,10,20
357,10,20
357,10,20
357,10,20
357,10,20
357,10,20
357,10,20
357,10,20
357,10,20
357,10,20
357,10,20
357,10,20
357,10,20
357,10,20
357,10,20
357,10,20
357,10,20
357,10,20
357,10,20
357,10,20
357,10,20
357,10,20
357,10,20
357,10,20
357,10,20
357,10,20
357,10,20
357,10,20
357,10,20
357,10,20
357,10,20
357,10,20
357,10,20
357,10,20
357,10,20
357,10,20
357,10,20
357,10,20
357,10,20
357,10,20
357,10,20
357,10,20
357,10,20
357,10,20
357,10,20
357,10,20
357,10,20
357,10,20
357,10,20
357,10,20
357,10,20
357,10,20
357,10,20
357,344,20
357,344,20
357,344,20
357,344,20
357,344,20
357,344,20
357,344,20
357,14,20
357,14,20
357,14,20
357,14,20
357,14,20
357,14,20
357,14,20
357,14,20
357,14,20
357,14,20
357,14,20
357,14,20
357,14,20
357,14,20
357,14,20
357,14,20
357,14,20
357,14,20
357,14,20
357,14,20
357,14,20
357,14,20
357,14,20
357,318,20
357,318,20
357,318,20
357,318,20
357,318,20
357,318,20
357,318,20
357,318,20
357,318,20
357,318,20
357,318,20
357,318,20
357,318,20
357,318,20
357,351,20
357,351,20
357,351,20
357,351,20
357,351,20
357,351,20
357,351,20
357,28,20
357,28,20
357,28,20
357,28,20
357,28,20
357,28,20
357,28,20
357,28,20
357,28,20
357,28,20
357,28,20
357,28,20
357,28,20
357,28,20
357,28,20
357,28,20
357,28,20
357,11,20
357,11,20
357,11,20
357,11,20
357,11,20
357,11,20
357,346,20
357,346,20
357,346,20
357,346,20
357,346,20
357,346,20
357,346,20
357,346,20
357,346,20
357,346,20
357,346,20
357,346,20
357,346,20
357,346,20
357,346,20
357,346,20
357,346,20
357,346,20
357,346,20
357,346,20
357,346,20
357,346,20
357,346,20
357,346,20
357,346,20
357,346,20
357,346,20
357,346,20
357,346,20
357,346,20
357,346,20
357,346,20
357,346,20
357,346,20
357,346,20
357,339,20
357,339,20
357,339,20
357,339,20
357,339,20
357,339,20
357,339,20
357,339,20
357,339,20
357,339,20
357,339,20
357,348,20
357,348,20
357,348,20
357,348,20
357,348,20
357,348,20
357,348,20
357,348,20
357,348,20
357,348,20
357,348,20
357,348,20
357,348,20
357,348,20
357,348,20
357,348,20
357,348,20
357,348,20
357,348,20
357,348,20
357,348,20
357,348,20
357,334,20
357,334,20
357,334,20
357,334,20
357,334,20
357,334,20
357,334,20
357,334,20
357,334,20
357,334,20
357,334,20
357,334,20
357,334,20
357,334,20
357,334,20
357,334,20
357,334,20
357,334,20
357,334,20
357,334,20
357,334,20
357,334,20
357,334,20
357,334,20
357,334,20
357,334,20
357,334,20
357,3,20
357,3,20
357,3,20
357,3,20
357,3,20
357,3,20
357,43,20
357,43,20
357,43,20
357,43,20
357,43,20
357,43,20
317,338,20
317,338,20
317,338,20
317,338,20
317,338,20
317,338,20
317,338,20
317,338,20
317,338,20
317,338,20
317,295,20
317,295,20
317,295,20
317,295,20
317,295,20
317,295,20
317,295,20
317,295,20
317,295,20
317,295,20
317,321,20
317,321,20
317,321,20
317,321,20
317,321,20
317,321,20
317,321,20
317,321,20
317,321,20
317,321,20
317,321,20
317,321,20
317,321,20
317,321,20
317,321,20
317,321,20
317,321,20
317,321,20
317,316,20
317,316,20
317,316,20
317,316,20
317,316,20
317,316,20
317,316,20
317,316,20
317,316,20
317,316,20
317,316,20
317,316,20
317,316,20
317,316,20
317,316,20
317,316,20
317,316,20
317,316,20
317,316,20
317,316,20
317,316,20
317,316,20
317,316,20
317,316,20
317,316,20
317,316,20
317,316,20
317,316,20
317,316,20
317,316,20
317,316,20
317,316,20
317,316,20
317,316,20
317,316,20
317,316,20
317,316,20
317,316,20
317,316,20
317,316,20
317,316,20
317,316,20
317,316,20
317,316,20
317,316,20
317,316,20
317,316,20
317,316,20
317,316,20
317,322,20
317,322,20
317,322,20
317,322,20
317,322,20
317,322,20
317,322,20
317,322,20
317,322,20
317,322,20
317,322,20
317,322,20
317,322,20
317,322,20
317,322,20
317,322,20
317,322,20
317,322,20
317,322,20
317,322,20
317,322,20
317,322,20
317,322,20
317,322,20
317,322,20
317,322,20
317,322,20
317,322,20
317,322,20
317,322,20
317,322,20
317,322,20
317,322,20
317,322,20
317,322,20
317,322,20
317,322,20
317,322,20
317,322,20
317,322,20
317,322,20
317,349,20
317,349,20
317,349,20
317,349,20
317,349,20
317,349,20
317,349,20
317,349,20
317,349,20
317,349,20
317,349,20
317,349,20
317,349,20
317,349,20
317,349,20
317,349,20
317,349,20
317,349,20
317,349,20
317,349,20
317,349,20
317,349,20
317,349,20
317,349,20
317,302,20
317,302,20
317,302,20
317,302,20
317,302,20
317,302,20
317,302,20
317,302,20
317,302,20
317,302,20
317,302,20
317,302,20
317,302,20
317,314,20
317,314,20
317,314,20
317,314,20
317,314,20
317,314,20
317,314,20
317,314,20
317,314,20
317,314,20
317,314,20
317,314,20
317,314,20
317,314,20
317,314,20
317,314,20
317,314,20
317,314,20
317,314,20
317,314,20
317,314,20
317,314,20
317,314,20
317,314,20
317,314,20
317,314,20
317,314,20
317,314,20
317,314,20
317,314,20
317,314,20
317,314,20
317,314,20
317,314,20
317,314,20
317,314,20
317,314,20
317,314,20
317,314,20
317,314,20
317,314,20
317,314,20
317,314,20
317,314,20
317,314,20
317,314,20
317,314,20
317,314,20
317,4,20
317,4,20
317,4,20
317,4,20
317,4,20
317,4,20
317,4,20
317,4,20
317,4,20
317,4,20
317,4,20
317,4,20
317,4,20
317,4,20
317,4,20
317,4,20
317,4,20
317,4,20
317,4,20
317,4,20
317,4,20
317,4,20
317,4,20
317,4,20
317,4,20
317,4,20
317,4,20
317,4,20
317,4,20
317,4,20
317,4,20
317,4,20
317,4,20
317,4,20
317,4,20
317,4,20
317,4,20
317,4,20
317,4,20
317,329,20
317,329,20
317,329,20
317,329,20
317,329,20
317,329,20
317,329,20
317,329,20
317,329,20
317,329,20
317,329,20
317,329,20
317,329,20
317,329,20
317,329,20
317,329,20
317,308,20
317,308,20
317,308,20
317,308,20
317,308,20
317,308,20
317,307,20
317,307,20
317,307,20
317,307,20
317,307,20
317,307,20
317,310,20
317,310,20
317,310,20
317,310,20
317,310,20
317,310,20
317,308,20
317,308,20
317,308,20
317,308,20
317,308,20
317,308,20
317,308,20
317,308,20
317,308,20
317,308,20
317,308,20
317,308,20
317,308,20
317,308,20
317,308,20
317,308,20
317,308,20
317,308,20
317,308,20
317,308,20
317,308,20
317,308,20
317,308,20
317,308,20
317,308,20
317,308,20
317,308,20
317,308,20
317,308,20
317,308,20
317,308,20
317,308,20
317,308,20
317,308,20
317,308,20
317,308,20
317,308,20
317,308,20
317,308,20
317,308,20
317,308,20
317,308,20
317,308,20
317,308,20
317,308,20
317,308,20
317,308,20
317,308,20
317,308,20
317,308,20
317,308,20
317,308,20
317,308,20
317,308,20
317,308,20
317,308,20
317,308,20
317,308,20
317,325,20
317,325,20
317,325,20
317,325,20
317,325,20
317,325,20
317,325,20
317,325,20
317,325,20
317,325,20
317,325,20
317,325,20
317,325,20
317,325,20
317,325,20
317,282,20
317,282,20
317,282,20
317,282,20
317,282,20
317,282,20
317,282,20
317,282,20
317,282,20
317,282,20
317,282,20
317,282,20
317,282,20
317,282,20
317,282,20
317,282,20
317,282,20
317,282,20
317,282,20
317,282,20
317,282,20
317,282,20
317,282,20
317,282,20
317,282,20
317,282,20
317,336,20
317,336,20
317,336,20
317,336,20
317,336,20
317,336,20
317,336,20
317,336,20
317,336,20
317,336,20
317,336,20
317,336,20
317,336,20
317,336,20
317,336,20
317,336,20
317,336,20
317,336,20
317,336,20
317,336,20
317,336,20
317,336,20
317,336,20
317,336,20
317,336,20
317,336,20
317,305,20
317,305,20
317,305,20
317,305,20
317,305,20
317,305,20
317,305,20
317,305,20
317,305,20
317,305,20
317,305,20
317,305,20
317,305,20
317,305,20
317,305,20
317,305,20
317,305,20
317,305,20
317,305,20
317,305,20
317,305,20
317,305,20
317,305,20
317,305,20
317,305,20
317,305,20
317,305,20
317,305,20
317,305,20
317,305,20
317,336,20
317,336,20
317,336,20
317,336,20
317,336,20
317,336,20
317,336,20
317,336,20
317,336,20
317,336,20
317,336,20
317,336,20
317,336,20
317,336,20
317,336,20
317,336,20
317,336,20
317,336,20
317,336,20
317,336,20
317,336,20
317,336,20
317,336,20
317,336,20
317,336,20
317,336,20
317,336,20
317,336,20
317,336,20
317,336,20
317,336,20
317,336,20
317,336,20
317,336,20
317,336,20
317,336,20
317,336,20
317,343,20
317,343,20
317,343,20
317,343,20
317,343,20
317,343,20
317,343,20
317,343,20
317,343,20
317,343,20
317,343,20
317,343,20
317,343,20
317,343,20
317,343,20
317,343,20
317,343,20
317,343,20
317,343,20
317,343,20
317,343,20
317,343,20
317,343,20
317,343,20
317,308,20
317,308,20
317,308,20
317,308,20
317,308,20
317,308,20
317,308,20
317,308,20
317,291,20
317,291,20
317,291,20
317,291,20
317,291,20
317,291,20
317,291,20
317,291,20
317,291,20
317,291,20
317,291,20
317,291,20
317,291,20
317,291,20
317,291,20
317,291,20
317,291,20
317,291,20
317,291,20
317,291,20
317,291,20
317,291,20
317,291,20
317,291,20
317,291,20
317,291,20
317,291,20
317,291,20
317,291,20
317,291,20
317,291,20
317,322,20
317,322,20
317,322,20
317,322,20
317,322,20
317,322,20
317,322,20
317,322,20
317,322,20
317,322,20
317,322,20
317,322,20
317,322,20
317,322,20
317,322,20
317,322,20
317,322,20
317,322,20
317,322,20
317,322,20
317,322,20
317,322,20
317,294,20
317,294,20
317,294,20
317,294,20
317,294,20
317,294,20
317,294,20
317,294,20
317,302,20
317,302,20
317,302,20
317,302,20
317,302,20
317,302,20
317,302,20
317,302,20
317,302,20
317,302,20
317,302,20
317,302,20
317,302,20
317,302,20
317,302,20
317,302,20
317,302,20
317,302,20
317,302,20
317,302,20
317,302,20
317,302,20
317,302,20
317,302,20
317,302,20
317,321,20
317,321,20
317,321,20
317,321,20
317,321,20
317,321,20
317,321,20
317,321,20
317,321,20
317,321,20
317,321,20
317,321,20
317,321,20
317,321,20
317,321,20
317,321,20
317,321,20
317,321,20
317,321,20
317,321,20
317,321,20
317,321,20
317,321,20
317,321,20
317,321,20
317,321,20
317,321,20
317,321,20
317,321,20
317,321,20
317,321,20
317,321,20
317,321,20
317,321,20
317,321,20
317,321,20
317,321,20
317,321,20
317,321,20
317,321,20
317,321,20
317,321,20
317,321,20
287,317,20
287,317,20
287,317,20
287,317,20
287,317,20
287,317,20
287,317,20
287,317,20
287,317,20
287,278,20
287,278,20
287,278,20
287,278,20
287,278,20
287,278,20
287,278,20
287,278,20
287,278,20
287,278,20
287,278,20
287,278,20
287,278,20
287,278,20
287,278,20
287,278,20
287,278,20
287,278,20
287,275,20
287,275,20
287,275,20
287,275,20
287,275,20
287,275,20
287,275,20
287,275,20
287,275,20
287,275,20
287,275,20
287,275,20
287,266,20
287,266,20
287,266,20
287,266,20
287,266,20
287,266,20
287,266,20
287,266,20
287,266,20
287,266,20
287,266,20
287,266,20
287,266,20
287,266,20
287,266,20
287,266,20
287,266,20
287,266,20
287,266,20
287,266,20
287,266,20
287,266,20
287,285,20
287,285,20
287,285,20
287,285,20
287,285,20
287,285,20
287,285,20
287,285,20
287,285,20
287,285,20
287,285,20
287,285,20
287,285,20
287,299,20
287,299,20
287,299,20
287,299,20
287,299,20
287,299,20
287,299,20
287,299,20
287,299,20
287,299,20
287,299,20
287,299,20
287,299,20
287,299,20
287,299,20
287,299,20
287,299,20
287,299,20
287,299,20
287,299,20
287,299,20
287,299,20
287,299,20
287,299,20
287,299,20
287,299,20
287,299,20
287,299,20
287,299,20
287,299,20
287,299,20
287,299,20
287,299,20
287,299,20
287,299,20
287,299,20
287,299,20
287,299,20
287,299,20
287,299,20
287,299,20
287,296,20
287,296,20
287,296,20
287,296,20
287,296,20
287,296,20
287,296,20
287,296,20
287,296,20
287,296,20
287,296,20
287,296,20
287,296,20
287,296,20
287,296,20
287,296,20
287,296,20
287,296,20
287,296,20
287,296,20
287,296,20
287,296,20
287,296,20
287,296,20
287,313,20
287,313,20
287,313,20
287,313,20
287,313,20
287,313,20
287,313,20
287,313,20
287,260,20
287,260,20
287,260,20
287,260,20
287,260,20
287,260,20
287,260,20
287,260,20
287,260,20
287,260,20
287,260,20
287,260,20
287,260,20
287,260,20
287,260,20
287,260,20
287,260,20
287,260,20
287,260,20
287,260,20
287,260,20
287,260,20
287,260,20
287,260,20
287,260,20
287,260,20
287,260,20
287,260,20
287,248,20
287,248,20
287,248,20
287,248,20
287,248,20
287,248,20
287,248,20
287,248,20
287,248,20
287,248,20
287,248,20
287,248,20
287,248,20
287,248,20
287,248,20
287,248,20
287,248,20
287,248,20
287,248,20
287,248,20
287,248,20
287,248,20
287,248,20
287,248,20
287,248,20
287,248,20
287,248,20
287,248,20
287,248,20
287,248,20
287,248,20
287,248,20
287,248,20
287,248,20
287,248,20
287,248,20
287,248,20
287,248,20
287,248,20
287,248,20
287,248,20
287,248,20
287,248,20
287,248,20
287,248,20
287,248,20
287,248,20
287,307,20
287,307,20
287,307,20
287,307,20
287,307,20
287,307,20
287,299,20
287,299,20
287,299,20
287,299,20
287,299,20
287,299,20
287,299,20
287,299,20
287,299,20
287,299,20
287,299,20
287,299,20
287,299,20
287,299,20
287,299,20
287,299,20
287,299,20
287,299,20
287,299,20
287,299,20
287,299,20
287,299,20
287,299,20
287,299,20
287,299,20
287,299,20
287,299,20
287,299,20
287,299,20
287,299,20
287,299,20
287,290,20
287,290,20
287,290,20
287,290,20
287,290,20
287,290,20
287,290,20
287,290,20
287,290,20
287,290,20
287,290,20
287,290,20
287,290,20
287,290,20
287,290,20
287,290,20
287,290,20
287,290,20
287,290,20
287,290,20
287,290,20
287,290,20
287,290,20
287,290,20
287,294,20
287,294,20
287,294,20
287,294,20
287,294,20
287,294,20
287,294,20
287,294,20
287,294,20
287,294,20
287,294,20
287,294,20
287,294,20
287,299,20
287,299,20
287,299,20
287,299,20
287,299,20
287,299,20
287,299,20
287,299,20
287,299,20
287,299,20
287,299,20
287,299,20
287,299,20
287,299,20
287,299,20
287,299,20
287,299,20
287,299,20
287,299,20
287,299,20
287,299,20
287,292,20
287,292,20
287,292,20
287,292,20
287,292,20
287,292,20
287,292,20
287,292,20
287,298,20
287,298,20
287,298,20
287,298,20
287,298,20
287,298,20
287,298,20
287,298,20
287,298,20
287,298,20
287,298,20
287,289,20
287,289,20
287,289,20
287,289,20
287,289,20
287,289,20
287,322,20
287,322,20
287,322,20
287,322,20
287,322,20
287,322,20
287,322,20
287,322,20
287,322,20
287,322,20
287,322,20
287,322,20
287,322,20
287,322,20
287,322,20
287,322,20
287,280,20
287,280,20
287,280,20
287,280,20
287,280,20
287,280,20
287,280,20
287,280,20
287,280,20
287,280,20
287,280,20
287,280,20
287,280,20
287,280,20
287,280,20
287,280,20
287,280,20
287,280,20
287,280,20
287,280,20
287,280,20
287,280,20
287,280,20
287,280,20
287,280,20
287,280,20
287,280,20
287,280,20
287,280,20
287,292,20
287,292,20
287,292,20
287,292,20
287,292,20
287,292,20
287,292,20
287,292,20
287,292,20
287,277,20
287,277,20
287,277,20
287,277,20
287,277,20
287,277,20
287,277,20
287,277,20
287,277,20
287,277,20
287,277,20
287,277,20
287,277,20
287,271,20
287,271,20
287,271,20
287,271,20
287,271,20
287,271,20
287,271,20
287,271,20
287,271,20
287,271,20
287,271,20
287,271,20
287,271,20
287,271,20
287,271,20
287,271,20
287,271,20
287,271,20
287,271,20
287,271,20
287,271,20
287,271,20
287,271,20
287,271,20
287,271,20
287,271,20
287,271,20
287,271,20
287,271,20
287,271,20
287,271,20
287,271,20
287,271,20
287,271,20
287,271,20
287,271,20
287,271,20
287,271,20
287,271,20
287,271,20
287,271,20
287,271,20
287,271,20
287,271,20
287,271,20
287,271,20
287,271,20
287,271,20
287,326,20
287,326,20
287,326,20
287,326,20
287,326,20
287,326,20
287,326,20
287,326,20
287,326,20
287,326,20
287,326,20
287,326,20
287,326,20
287,326,20
287,326,20
287,326,20
287,326,20
287,326,20
287,326,20
287,326,20
287,276,20
287,276,20
287,276,20
287,276,20
287,276,20
287,276,20
287,276,20
287,276,20
287,276,20
287,276,20
287,276,20
287,276,20
287,276,20
287,276,20
287,276,20
287,276,20
287,276,20
287,276,20
287,276,20
287,276,20
287,276,20
287,276,20
287,283,20
287,283,20
287,283,20
287,283,20
287,283,20
287,283,20
287,283,20
287,283,20
287,283,20
287,283,20
287,283,20
287,283,20
287,283,20
287,283,20
287,283,20
287,283,20
287,283,20
287,283,20
287,303,20
287,303,20
287,303,20
287,303,20
287,303,20
287,303,20
287,303,20
287,303,20
287,303,20
287,303,20
287,303,20
287,303,20
287,303,20
287,303,20
287,303,20
287,303,20
287,303,20
287,250,20
287,250,20
287,250,20
287,250,20
287,250,20
287,250,20
287,250,20
287,250,20
287,250,20
287,250,20
287,297,20
287,297,20
287,297,20
287,297,20
287,297,20
287,297,20
287,297,20
287,297,20
287,297,20
287,297,20
287,297,20
287,298,20
287,298,20
287,298,20
287,298,20
287,298,20
287,298,20
287,298,20
287,245,20
287,245,20
287,245,20
287,245,20
287,245,20
287,245,20
287,245,20
287,245,20
287,245,20
287,245,20
287,245,20
287,245,20
287,245,20
287,245,20
287,245,20
287,245,20
287,245,20
287,245,20
287,245,20
287,245,20
287,245,20
287,245,20
287,245,20
287,245,20
287,245,20
287,245,20
287,245,20
287,245,20
287,245,20
287,245,20
287,245,20
287,245,20
287,245,20
287,245,20
287,245,20
287,245,20
287,245,20
287,245,20
287,245,20
287,245,20
287,245,20
287,332,20
287,332,20
287,332,20
287,332,20
287,332,20
287,332,20
287,332,20
287,332,20
287,332,20
287,332,20
287,332,20
287,332,20
287,332,20
287,332,20
287,332,20
287,332,20
287,332,20
287,332,20
287,266,20
287,266,20
287,266,20
287,266,20
287,266,20
287,266,20
287,266,20
287,266,20
287,266,20
287,266,20
287,266,20
287,305,20
287,305,20
287,305,20
287,305,20
287,305,20
287,305,20
287,305,20
287,305,20
287,305,20
287,305,20
287,305,20
307,315,20
307,315,20
307,315,20
307,315,20
307,315,20
307,315,20
307,315,20
307,315,20
307,315,20
307,315,20
307,315,20
307,315,20
307,315,20
307,315,20
307,315,20
307,315,20
307,315,20
307,315,20
307,315,20
307,315,20
307,315,20
307,315,20
307,315,20
307,328,20
307,328,20
307,328,20
307,328,20
307,328,20
307,328,20
307,328,20
307,328,20
307,328,20
307,328,20
307,328,20
307,328,20
307,328,20
307,328,20
307,328,20
307,328,20
307,328,20
307,328,20
307,328,20
307,328,20
307,328,20
307,328,20
307,328,20
307,328,20
307,328,20
307,328,20
307,328,20
307,328,20
307,328,20
307,328,20
307,328,20
307,328,20
307,328,20
307,328,20
307,328,20
307,328,20
307,328,20
307,328,20
307,328,20
307,328,20
307,328,20
307,328,20
307,328,20
307,328,20
307,328,20
307,328,20
307,328,20
307,328,20
307,328,20
307,328,20
307,328,20
307,328,20
307,328,20
307,328,20
307,328,20
307,328,20
307,328,20
307,328,20
307,304,20
307,304,20
307,304,20
307,304,20
307,304,20
307,304,20
307,304,20
307,304,20
307,304,20
307,304,20
307,304,20
307,304,20
307,304,20
307,304,20
307,304,20
307,304,20
307,304,20
307,293,20
307,293,20
307,293,20
307,293,20
307,293,20
307,293,20
307,293,20
307,293,20
307,293,20
307,293,20
307,293,20
307,293,20
307,293,20
307,293,20
307,293,20
307,293,20
307,293,20
307,291,20
307,291,20
307,291,20
307,291,20
307,291,20
307,291,20
307,291,20
307,291,20
307,286,20
307,286,20
307,286,20
307,286,20
307,286,20
307,286,20
307,286,20
307,286,20
307,286,20
307,286,20
307,286,20
307,286,20
307,286,20
307,286,20
307,286,20
307,286,20
307,286,20
307,286,20
307,286,20
307,286,20
307,286,20
307,286,20
307,286,20
307,286,20
307,286,20
307,286,20
307,306,20
307,306,20
307,306,20
307,306,20
307,306,20
307,306,20
307,295,20
307,295,20
307,295,20
307,295,20
307,295,20
307,295,20
307,295,20
307,295,20
307,318,20
307,318,20
307,318,20
307,318,20
307,318,20
307,318,20
307,318,20
307,295,20
307,295,20
307,295,20
307,295,20
307,295,20
307,295,20
307,295,20
307,295,20
307,295,20
307,295,20
307,295,20
307,295,20
307,295,20
307,295,20
307,295,20
307,295,20
307,295,20
307,295,20
307,295,20
307,295,20
307,295,20
307,295,20
307,295,20
307,295,20
307,306,20
307,306,20
307,306,20
307,306,20
307,306,20
307,306,20
307,306,20
307,306,20
307,306,20
307,306,20
307,306,20
307,306,20
307,306,20
307,306,20
307,306,20
307,304,20
307,304,20
307,304,20
307,304,20
307,304,20
307,304,20
307,325,20
307,325,20
307,325,20
307,325,20
307,325,20
307,325,20
307,325,20
307,325,20
307,325,20
307,325,20
307,325,20
307,325,20
307,325,20
307,325,20
307,325,20
307,325,20
307,325,20
307,325,20
307,325,20
307,325,20
307,325,20
