true_pos,obs_pos,true_var
196,204,10
196,204,10
196,204,10
196,204,10
196,204,10
196,204,10
196,204,10
196,204,10
196,204,10
196,204,10
196,204,10
196,204,10
196,204,10
196,204,10
196,204,10
196,204,10
196,204,10
196,204,10
196,204,10
196,204,10
196,204,10
196,204,10
196,204,10
196,204,10
196,204,10
196,204,10
196,204,10
196,204,10
196,204,10
196,204,10
196,204,10
196,204,10
196,204,10
196,204,10
196,204,10
196,204,10
196,204,10
196,204,10
196,204,10
196,204,10
196,195,10
196,195,10
196,195,10
196,195,10
196,195,10
196,195,10
196,195,10
196,195,10
196,195,10
196,195,10
196,195,10
196,195,10
196,195,10
196,195,10
196,195,10
196,195,10
196,195,10
196,195,10
196,195,10
196,195,10
196,195,10
196,195,10
196,195,10
196,195,10
196,195,10
196,195,10
196,195,10
196,195,10
196,195,10
196,195,10
196,195,10
196,195,10
196,195,10
196,195,10
196,195,10
196,195,10
196,195,10
196,195,10
196,195,10
196,195,10
196,195,10
196,195,10
196,195,10
196,195,10
196,195,10
196,195,10
196,195,10
196,195,10
196,195,10
196,195,10
196,195,10
196,195,10
196,208,10
196,208,10
196,208,10
196,208,10
196,208,10
196,208,10
196,208,10
196,208,10
196,208,10
196,191,10
196,191,10
196,191,10
196,191,10
196,191,10
196,191,10
196,191,10
196,191,10
196,191,10
196,191,10
196,191,10
196,191,10
196,191,10
196,191,10
196,191,10
196,191,10
196,191,10
196,201,10
196,201,10
196,201,10
196,201,10
196,201,10
196,201,10
196,201,10
196,201,10
196,201,10
196,201,10
196,201,10
196,201,10
196,201,10
196,201,10
196,201,10
196,201,10
196,201,10
196,201,10
196,201,10
196,201,10
196,201,10
196,201,10
196,201,10
196,201,10
196,201,10
196,184,10
196,184,10
196,184,10
196,184,10
196,184,10
196,184,10
196,184,10
196,184,10
196,184,10
196,184,10
196,184,10
196,184,10
196,184,10
196,184,10
196,184,10
196,184,10
196,184,10
196,184,10
196,184,10
196,184,10
196,184,10
196,184,10
196,184,10
196,184,10
196,184,10
196,184,10
196,184,10
196,184,10
196,184,10
196,184,10
196,184,10
196,184,10
196,184,10
196,184,10
196,184,10
196,184,10
196,184,10
196,184,10
196,184,10
196,184,10
196,184,10
196,184,10
196,196,10
196,196,10
196,196,10
196,196,10
196,196,10
196,196,10
196,196,10
196,200,10
196,200,10
196,200,10
196,200,10
196,200,10
196,200,10
196,200,10
196,200,10
196,200,10
196,200,10
196,200,10
196,200,10
196,200,10
196,200,10
196,200,10
196,200,10
196,200,10
196,200,10
196,200,10
196,200,10
196,200,10
196,200,10
196,200,10
196,200,10
196,200,10
196,200,10
196,200,10
196,207,10
196,207,10
196,207,10
196,207,10
196,207,10
196,207,10
196,207,10
196,207,10
196,207,10
196,197,10
196,197,10
196,197,10
196,197,10
196,197,10
196,197,10
196,197,10
196,197,10
196,197,10
196,197,10
196,197,10
196,197,10
196,197,10
196,197,10
196,197,10
196,197,10
196,197,10
196,197,10
196,197,10
196,197,10
196,197,10
196,188,10
196,188,10
196,188,10
196,188,10
196,188,10
196,188,10
196,188,10
196,188,10
196,214,10
196,214,10
196,214,10
196,214,10
196,214,10
196,214,10
196,214,10
196,214,10
196,214,10
196,214,10
196,214,10
196,214,10
196,214,10
196,214,10
196,214,10
196,214,10
196,214,10
196,214,10
196,214,10
196,214,10
196,214,10
196,214,10
196,214,10
196,214,10
196,214,10
196,214,10
196,214,10
196,214,10
196,214,10
196,214,10
196,214,10
226,247,10
226,247,10
226,247,10
226,247,10
226,247,10
226,247,10
226,247,10
226,247,10
226,247,10
226,236,10
226,236,10
226,236,10
226,236,10
226,236,10
226,236,10
226,215,10
226,215,10
226,215,10
226,215,10
226,215,10
226,215,10
226,215,10
226,215,10
226,215,10
226,215,10
226,215,10
226,215,10
226,215,10
226,215,10
226,215,10
226,215,10
226,215,10
226,215,10
226,215,10
226,215,10
226,215,10
226,215,10
226,215,10
226,215,10
226,215,10
226,246,10
226,246,10
226,246,10
226,246,10
226,246,10
226,246,10
226,246,10
226,246,10
226,246,10
226,246,10
226,246,10
226,246,10
226,246,10
226,246,10
226,246,10
226,246,10
226,246,10
226,246,10
226,246,10
226,246,10
226,246,10
226,246,10
226,226,10
226,226,10
226,226,10
226,226,10
226,226,10
226,226,10
226,226,10
226,226,10
226,226,10
226,226,10
226,226,10
226,226,10
226,208,10
226,208,10
226,208,10
226,208,10
226,208,10
226,208,10
226,208,10
226,218,10
226,218,10
226,218,10
226,218,10
226,218,10
226,218,10
226,218,10
226,218,10
226,218,10
226,218,10
226,218,10
226,218,10
226,218,10
226,218,10
226,218,10
226,218,10
226,218,10
226,218,10
226,218,10
226,218,10
226,218,10
226,223,10
226,223,10
226,223,10
226,223,10
226,223,10
226,223,10
226,223,10
226,223,10
226,223,10
226,223,10
226,223,10
226,233,10
226,233,10
226,233,10
226,233,10
226,233,10
226,233,10
226,233,10
226,233,10
226,233,10
226,220,10
226,220,10
226,220,10
226,220,10
226,220,10
226,220,10
226,228,10
226,228,10
226,228,10
226,228,10
226,228,10
226,228,10
226,228,10
226,228,10
226,228,10
226,228,10
226,222,10
226,222,10
226,222,10
226,222,10
226,222,10
226,222,10
226,222,10
226,222,10
226,222,10
226,222,10
226,222,10
226,222,10
226,222,10
226,222,10
226,222,10
226,222,10
226,222,10
226,222,10
226,222,10
226,222,10
226,222,10
226,222,10
226,222,10
226,222,10
226,222,10
226,222,10
226,222,10
226,222,10
226,222,10
226,222,10
226,222,10
226,222,10
226,222,10
226,222,10
226,222,10
256,267,10
256,267,10
256,267,10
256,267,10
256,267,10
256,267,10
256,267,10
256,267,10
256,267,10
256,267,10
256,267,10
256,267,10
256,267,10
256,267,10
256,267,10
256,267,10
256,267,10
256,267,10
256,267,10
256,267,10
256,267,10
256,267,10
256,267,10
256,267,10
256,267,10
256,267,10
256,267,10
256,267,10
256,267,10
256,267,10
256,267,10
256,275,10
256,275,10
256,275,10
256,275,10
256,275,10
256,275,10
256,275,10
256,275,10
256,275,10
256,275,10
256,275,10
256,261,10
256,261,10
256,261,10
256,261,10
256,261,10
256,261,10
256,261,10
256,261,10
256,261,10
256,261,10
256,261,10
256,261,10
256,261,10
256,261,10
256,246,10
256,246,10
256,246,10
256,246,10
256,246,10
256,246,10
256,246,10
256,246,10
256,246,10
256,246,10
256,246,10
256,246,10
256,246,10
256,246,10
256,246,10
256,246,10
256,246,10
256,246,10
256,246,10
256,246,10
256,246,10
256,248,10
256,248,10
256,248,10
256,248,10
256,248,10
256,248,10
256,248,10
256,248,10
256,248,10
256,248,10
256,248,10
256,248,10
256,248,10
256,248,10
256,248,10
256,248,10
256,248,10
256,248,10
256,248,10
256,248,10
256,248,10
256,248,10
256,248,10
256,248,10
256,266,10
256,266,10
256,266,10
256,266,10
256,266,10
256,266,10
256,266,10
256,266,10
256,266,10
256,266,10
256,266,10
256,266,10
256,266,10
256,266,10
256,266,10
256,266,10
256,266,10
256,266,10
256,266,10
256,266,10
256,266,10
256,266,10
256,266,10
256,265,10
256,265,10
256,265,10
256,265,10
256,265,10
256,265,10
256,265,10
256,265,10
256,265,10
256,265,10
256,265,10
256,265,10
256,265,10
256,265,10
256,265,10
256,265,10
256,265,10
256,265,10
256,265,10
256,265,10
256,265,10
256,265,10
256,265,10
256,265,10
256,265,10
256,265,10
256,265,10
256,265,10
256,265,10
256,255,10
256,255,10
256,255,10
256,255,10
256,255,10
256,255,10
256,255,10
256,255,10
256,255,10
256,253,10
256,253,10
256,253,10
256,253,10
256,253,10
256,253,10
256,253,10
256,236,10
256,236,10
256,236,10
256,236,10
256,236,10
256,236,10
256,236,10
256,236,10
256,236,10
256,236,10
256,236,10
256,236,10
256,236,10
256,236,10
256,236,10
256,236,10
256,236,10
256,236,10
256,236,10
256,236,10
256,236,10
256,236,10
256,236,10
256,236,10
256,236,10
256,236,10
256,236,10
256,236,10
256,236,10
256,236,10
256,236,10
256,236,10
256,236,10
256,236,10
256,236,10
256,236,10
256,236,10
256,236,10
256,236,10
256,236,10
256,236,10
256,236,10
256,236,10
256,236,10
256,236,10
256,236,10
256,236,10
256,236,10
256,236,10
256,236,10
256,236,10
256,236,10
256,236,10
256,236,10
256,236,10
256,236,10
256,282,10
256,282,10
256,282,10
256,282,10
256,282,10
256,282,10
256,282,10
256,282,10
256,282,10
256,282,10
256,282,10
256,282,10
256,282,10
256,282,10
256,282,10
256,282,10
256,282,10
256,282,10
256,282,10
256,282,10
256,282,10
256,282,10
256,282,10
256,282,10
256,282,10
256,282,10
256,282,10
256,282,10
256,282,10
256,282,10
256,282,10
256,282,10
256,282,10
256,282,10
256,282,10
256,256,10
256,256,10
256,256,10
256,256,10
256,256,10
256,256,10
256,256,10
256,256,10
256,256,10
256,256,10
256,256,10
256,256,10
256,256,10
256,256,10
256,256,10
256,256,10
256,256,10
256,256,10
256,256,10
256,256,10
256,256,10
256,256,10
256,256,10
256,256,10
256,256,10
256,256,10
256,256,10
256,256,10
256,256,10
256,256,10
256,256,10
256,256,10
256,256,10
256,256,10
256,256,10
256,256,10
256,256,10
296,306,10
296,306,10
296,306,10
296,306,10
296,306,10
296,306,10
296,306,10
296,306,10
296,306,10
296,306,10
296,306,10
296,306,10
296,306,10
296,306,10
296,306,10
296,306,10
296,306,10
296,294,10
296,294,10
296,294,10
296,294,10
296,294,10
296,294,10
296,294,10
296,294,10
296,294,10
296,297,10
296,297,10
296,297,10
296,297,10
296,297,10
296,297,10
296,297,10
296,297,10
296,297,10
296,297,10
296,297,10
296,297,10
296,297,10
296,297,10
296,297,10
296,297,10
296,297,10
296,297,10
296,297,10
296,297,10
296,297,10
296,297,10
296,297,10
296,297,10
296,297,10
296,297,10
296,297,10
296,297,10
296,297,10
296,297,10
296,297,10
296,297,10
296,297,10
296,297,10
296,297,10
296,297,10
296,297,10
296,297,10
296,297,10
296,297,10
296,297,10
296,309,10
296,309,10
296,309,10
296,309,10
296,309,10
296,309,10
296,309,10
296,309,10
296,309,10
296,309,10
296,309,10
296,309,10
296,309,10
296,309,10
296,300,10
296,300,10
296,300,10
296,300,10
296,300,10
296,300,10
296,300,10
296,300,10
296,300,10
296,300,10
296,300,10
296,300,10
296,300,10
296,300,10
296,300,10
296,300,10
296,300,10
296,300,10
296,300,10
296,300,10
296,300,10
296,300,10
296,300,10
296,297,10
296,297,10
296,297,10
296,297,10
296,297,10
296,297,10
296,297,10
296,297,10
296,297,10
296,297,10
296,297,10
296,297,10
296,297,10
296,297,10
296,297,10
296,297,10
296,297,10
296,297,10
296,297,10
296,297,10
296,297,10
296,297,10
296,297,10
296,295,10
296,295,10
296,295,10
296,295,10
296,295,10
296,295,10
296,295,10
296,295,10
296,295,10
296,295,10
296,295,10
296,295,10
296,295,10
296,295,10
296,295,10
296,295,10
296,295,10
296,295,10
296,295,10
296,295,10
296,295,10
296,295,10
296,295,10
296,295,10
296,295,10
296,295,10
296,295,10
296,295,10
296,295,10
296,295,10
296,295,10
296,295,10
296,295,10
296,295,10
296,295,10
296,295,10
296,295,10
296,295,10
296,295,10
296,295,10
296,295,10
296,295,10
296,295,10
296,295,10
296,295,10
296,295,10
296,295,10
296,283,10
296,283,10
296,283,10
296,283,10
296,283,10
296,283,10
296,283,10
296,283,10
296,283,10
296,283,10
296,283,10
296,283,10
296,283,10
296,283,10
266,268,10
266,268,10
266,268,10
266,268,10
266,268,10
266,268,10
266,268,10
266,268,10
266,268,10
266,268,10
266,268,10
266,268,10
266,268,10
266,268,10
266,268,10
266,268,10
266,268,10
266,268,10
266,268,10
266,268,10
266,268,10
266,268,10
266,268,10
266,268,10
266,268,10
266,268,10
266,268,10
266,268,10
266,268,10
266,268,10
266,268,10
266,268,10
266,268,10
266,268,10
266,268,10
266,268,10
266,268,10
266,268,10
266,264,10
266,264,10
266,264,10
266,264,10
266,264,10
266,264,10
266,264,10
266,264,10
266,264,10
266,264,10
266,279,10
266,279,10
266,279,10
266,279,10
266,279,10
266,279,10
266,279,10
266,279,10
266,279,10
266,279,10
266,279,10
266,279,10
266,279,10
266,279,10
266,279,10
266,279,10
266,279,10
266,279,10
266,279,10
266,279,10
266,279,10
266,279,10
266,279,10
266,279,10
266,279,10
266,279,10
266,279,10
266,271,10
266,271,10
266,271,10
266,271,10
266,271,10
266,271,10
266,271,10
266,271,10
266,271,10
266,271,10
266,271,10
266,271,10
266,271,10
266,271,10
266,265,10
266,265,10
266,265,10
266,265,10
266,265,10
266,265,10
266,265,10
266,265,10
266,265,10
266,265,10
266,265,10
266,265,10
266,265,10
266,265,10
266,265,10
266,265,10
266,265,10
266,265,10
266,265,10
266,265,10
266,265,10
266,265,10
266,265,10
266,265,10
266,265,10
266,265,10
266,265,10
266,265,10
266,265,10
266,265,10
266,265,10
266,265,10
266,273,10
266,273,10
266,273,10
266,273,10
266,273,10
266,273,10
266,273,10
266,273,10
266,273,10
266,268,10
266,268,10
266,268,10
266,268,10
266,268,10
266,268,10
266,268,10
266,268,10
266,268,10
266,268,10
266,268,10
266,268,10
266,268,10
266,268,10
266,269,10
266,269,10
266,269,10
266,269,10
266,269,10
266,269,10
266,269,10
266,269,10
266,269,10
266,269,10
266,269,10
266,269,10
266,269,10
266,269,10
266,269,10
266,269,10
266,269,10
266,269,10
266,269,10
266,269,10
266,269,10
266,267,10
266,267,10
266,267,10
266,267,10
266,267,10
266,267,10
266,267,10
266,267,10
266,267,10
266,267,10
266,267,10
266,267,10
266,267,10
266,267,10
266,267,10
266,267,10
266,267,10
266,267,10
266,267,10
266,267,10
266,267,10
246,230,10
246,230,10
246,230,10
246,230,10
246,230,10
246,230,10
246,230,10
246,230,10
246,230,10
246,230,10
246,230,10
246,230,10
246,230,10
246,230,10
246,230,10
246,230,10
246,230,10
246,230,10
246,230,10
246,230,10
246,230,10
246,230,10
246,230,10
246,230,10
246,230,10
246,230,10
246,230,10
246,230,10
246,230,10
246,230,10
246,230,10
246,230,10
246,230,10
246,230,10
246,254,10
246,254,10
246,254,10
246,254,10
246,254,10
246,254,10
246,254,10
246,254,10
246,254,10
246,254,10
246,254,10
246,254,10
246,254,10
246,254,10
246,254,10
246,254,10
246,254,10
246,254,10
246,254,10
246,254,10
246,254,10
246,254,10
246,254,10
246,254,10
246,254,10
246,254,10
246,254,10
246,254,10
246,254,10
246,254,10
246,254,10
246,254,10
246,254,10
246,259,10
246,259,10
246,259,10
246,259,10
246,259,10
246,259,10
246,259,10
246,249,10
246,249,10
246,249,10
246,249,10
246,249,10
246,249,10
246,249,10
246,249,10
246,249,10
246,249,10
246,249,10
246,249,10
246,249,10
246,249,10
246,249,10
246,249,10
246,249,10
246,249,10
246,249,10
246,249,10
246,249,10
246,249,10
246,249,10
246,249,10
246,249,10
246,249,10
246,249,10
246,249,10
246,249,10
246,249,10
246,249,10
246,249,10
246,249,10
246,249,10
246,249,10
246,249,10
246,249,10
246,249,10
246,249,10
246,249,10
246,249,10
246,249,10
246,249,10
246,249,10
246,249,10
246,249,10
246,249,10
246,249,10
246,248,10
246,248,10
246,248,10
246,248,10
246,248,10
246,248,10
246,248,10
246,248,10
246,248,10
246,248,10
246,248,10
246,248,10
246,248,10
246,248,10
246,248,10
246,248,10
246,248,10
246,248,10
246,248,10
246,248,10
246,248,10
246,248,10
246,248,10
246,248,10
286,286,10
286,286,10
286,286,10
286,286,10
286,286,10
286,286,10
286,286,10
286,286,10
286,286,10
286,294,10
286,294,10
286,294,10
286,294,10
286,294,10
286,294,10
286,294,10
286,294,10
286,294,10
286,294,10
286,294,10
286,294,10
286,294,10
286,294,10
286,294,10
286,294,10
286,294,10
286,294,10
286,294,10
286,294,10
286,294,10
286,294,10
286,294,10
286,294,10
286,294,10
286,294,10
286,294,10
286,294,10
286,294,10
286,294,10
286,294,10
286,294,10
286,294,10
286,284,10
286,284,10
286,284,10
286,284,10
286,284,10
286,284,10
286,284,10
286,284,10
286,284,10
286,284,10
286,284,10
286,284,10
286,284,10
286,284,10
286,284,10
286,284,10
286,284,10
286,284,10
286,284,10
286,300,10
286,300,10
286,300,10
286,300,10
286,300,10
286,300,10
286,300,10
286,267,10
286,267,10
286,267,10
286,267,10
286,267,10
286,267,10
286,267,10
286,267,10
286,267,10
286,267,10
286,267,10
286,267,10
286,267,10
286,267,10
286,267,10
286,267,10
286,267,10
286,267,10
286,267,10
286,267,10
286,267,10
286,267,10
286,267,10
286,267,10
286,267,10
286,267,10
286,267,10
286,267,10
286,267,10
286,267,10
286,267,10
286,267,10
286,292,10
286,292,10
286,292,10
286,292,10
286,292,10
286,292,10
286,292,10
286,292,10
286,299,10
286,299,10
286,299,10
286,299,10
286,299,10
286,299,10
286,299,10
286,299,10
286,299,10
286,280,10
286,280,10
286,280,10
286,280,10
286,280,10
286,280,10
286,280,10
286,280,10
286,280,10
286,280,10
286,280,10
286,280,10
286,280,10
286,280,10
286,280,10
286,280,10
286,280,10
286,280,10
286,280,10
286,284,10
286,284,10
286,284,10
286,284,10
286,284,10
286,284,10
286,284,10
286,284,10
286,284,10
286,284,10
286,284,10
286,284,10
286,284,10
286,284,10
286,284,10
286,284,10
286,284,10
286,284,10
286,284,10
286,285,10
286,285,10
286,285,10
286,285,10
286,285,10
286,285,10
286,285,10
286,285,10
286,285,10
286,285,10
286,285,10
286,285,10
286,285,10
286,285,10
286,285,10
286,285,10
286,285,10
286,264,10
286,264,10
286,264,10
286,264,10
286,264,10
286,264,10
286,264,10
286,264,10
286,264,10
286,264,10
286,264,10
286,264,10
286,298,10
286,298,10
286,298,10
286,298,10
286,298,10
286,298,10
286,286,10
286,286,10
286,286,10
286,286,10
286,286,10
286,286,10
286,286,10
286,286,10
286,286,10
286,286,10
286,286,10
286,286,10
286,286,10
286,286,10
286,286,10
286,286,10
286,286,10
286,286,10
286,286,10
286,286,10
286,286,10
286,286,10
286,286,10
286,286,10
286,286,10
286,286,10
286,286,10
286,286,10
286,286,10
286,286,10
286,286,10
286,286,10
286,286,10
286,286,10
286,286,10
286,286,10
286,290,10
286,290,10
286,290,10
286,290,10
286,290,10
286,290,10
286,290,10
286,290,10
286,290,10
286,290,10
286,290,10
286,290,10
246,263,10
246,263,10
246,263,10
246,263,10
246,263,10
246,263,10
246,263,10
246,263,10
246,263,10
246,263,10
246,263,10
246,263,10
246,263,10
246,263,10
246,263,10
246,263,10
246,263,10
246,263,10
246,263,10
246,263,10
246,263,10
246,263,10
246,263,10
246,263,10
246,263,10
246,263,10
246,263,10
246,263,10
246,263,10
246,263,10
246,263,10
246,263,10
246,263,10
246,263,10
246,263,10
246,224,10
246,224,10
246,224,10
246,224,10
246,224,10
246,224,10
246,224,10
246,224,10
246,224,10
246,224,10
246,224,10
246,224,10
246,224,10
246,224,10
246,224,10
246,224,10
246,224,10
246,224,10
246,224,10
246,242,10
246,242,10
246,242,10
246,242,10
246,242,10
246,242,10
246,242,10
246,242,10
246,242,10
246,242,10
246,242,10
246,242,10
246,242,10
246,242,10
246,242,10
246,242,10
246,242,10
246,242,10
246,242,10
246,242,10
246,242,10
246,242,10
246,242,10
246,242,10
246,242,10
246,242,10
246,242,10
246,242,10
246,242,10
246,242,10
246,242,10
246,242,10
246,242,10
246,242,10
246,235,10
246,235,10
246,235,10
246,235,10
246,235,10
246,235,10
246,235,10
246,252,10
246,252,10
246,252,10
246,252,10
246,252,10
246,252,10
246,252,10
246,252,10
246,252,10
246,252,10
246,252,10
246,252,10
246,252,10
246,259,10
246,259,10
246,259,10
246,259,10
246,259,10
246,259,10
246,259,10
246,258,10
246,258,10
246,258,10
246,258,10
246,258,10
246,258,10
246,246,10
246,246,10
246,246,10
246,246,10
246,246,10
246,246,10
246,246,10
246,246,10
246,246,10
246,246,10
246,246,10
246,246,10
246,250,10
246,250,10
246,250,10
246,250,10
246,250,10
246,250,10
246,250,10
246,250,10
246,250,10
246,250,10
246,250,10
246,250,10
246,250,10
246,250,10
246,250,10
246,250,10
246,250,10
246,250,10
246,250,10
246,250,10
246,250,10
246,250,10
246,250,10
246,250,10
246,250,10
246,250,10
246,250,10
246,250,10
246,250,10
246,250,10
246,250,10
246,250,10
246,250,10
246,244,10
246,244,10
246,244,10
246,244,10
246,244,10
246,244,10
246,244,10
246,244,10
246,244,10
246,244,10
246,244,10
246,244,10
246,244,10
246,244,10
246,244,10
246,244,10
246,244,10
246,244,10
246,244,10
246,244,10
246,244,10
246,244,10
246,244,10
246,244,10
246,244,10
246,244,10
246,244,10
246,244,10
246,244,10
246,246,10
246,246,10
246,246,10
246,246,10
246,246,10
246,246,10
246,246,10
246,246,10
246,246,10
246,246,10
246,246,10
246,246,10
246,246,10
246,246,10
286,303,10
286,303,10
286,303,10
286,303,10
286,303,10
286,303,10
286,303,10
286,303,10
286,303,10
286,303,10
286,303,10
286,303,10
286,303,10
286,303,10
286,303,10
286,303,10
286,303,10
286,303,10
286,303,10
286,303,10
286,301,10
286,301,10
286,301,10
286,301,10
286,301,10
286,301,10
286,294,10
286,294,10
286,294,10
286,294,10
286,294,10
286,294,10
286,294,10
286,294,10
286,294,10
286,294,10
286,294,10
286,294,10
286,294,10
286,297,10
286,297,10
286,297,10
286,297,10
286,297,10
286,297,10
286,297,10
286,297,10
286,301,10
286,301,10
286,301,10
286,301,10
286,301,10
286,301,10
286,301,10
286,301,10
286,301,10
286,301,10
286,301,10
286,301,10
286,301,10
286,301,10
286,301,10
286,301,10
286,301,10
286,301,10
286,301,10
286,301,10
286,301,10
286,301,10
286,301,10
286,301,10
286,301,10
286,301,10
286,301,10
286,301,10
286,301,10
286,301,10
286,301,10
286,301,10
286,301,10
286,301,10
286,301,10
286,301,10
286,301,10
286,301,10
286,301,10
286,270,10
286,270,10
286,270,10
286,270,10
286,270,10
286,270,10
286,270,10
286,270,10
286,270,10
286,270,10
286,270,10
286,270,10
286,270,10
286,270,10
286,270,10
286,270,10
286,270,10
286,270,10
286,270,10
286,287,10
286,287,10
286,287,10
286,287,10
286,287,10
286,287,10
286,287,10
286,287,10
286,287,10
286,287,10
286,287,10
286,287,10
286,287,10
286,287,10
286,260,10
286,260,10
286,260,10
286,260,10
286,260,10
286,260,10
286,260,10
286,260,10
286,260,10
286,260,10
286,260,10
286,260,10
286,260,10
286,260,10
286,260,10
286,260,10
286,260,10
286,260,10
286,260,10
286,260,10
286,260,10
286,260,10
286,260,10
286,260,10
286,288,10
286,288,10
286,288,10
286,288,10
286,288,10
286,288,10
286,288,10
316,304,10
316,304,10
316,304,10
316,304,10
316,304,10
316,304,10
316,304,10
316,304,10
316,304,10
316,304,10
316,304,10
316,304,10
316,304,10
316,317,10
316,317,10
316,317,10
316,317,10
316,317,10
316,317,10
316,317,10
316,317,10
316,317,10
316,317,10
316,317,10
316,317,10
316,317,10
316,317,10
316,317,10
316,317,10
316,317,10
316,317,10
316,317,10
316,317,10
316,317,10
316,317,10
316,317,10
316,317,10
316,317,10
316,317,10
316,317,10
316,317,10
316,317,10
316,317,10
316,315,10
316,315,10
316,315,10
316,315,10
316,315,10
316,315,10
316,315,10
316,315,10
316,315,10
316,315,10
316,315,10
316,315,10
316,315,10
316,315,10
316,315,10
316,315,10
316,315,10
316,315,10
316,315,10
316,315,10
316,315,10
316,315,10
316,323,10
316,323,10
316,323,10
316,323,10
316,323,10
316,323,10
316,323,10
316,323,10
316,323,10
316,323,10
316,323,10
316,323,10
316,323,10
316,323,10
316,323,10
316,323,10
316,323,10
316,323,10
316,331,10
316,331,10
316,331,10
316,331,10
316,331,10
316,331,10
316,331,10
316,306,10
316,306,10
316,306,10
316,306,10
316,306,10
316,306,10
316,306,10
316,306,10
316,306,10
316,306,10
316,306,10
316,306,10
316,306,10
316,306,10
316,306,10
316,327,10
316,327,10
316,327,10
316,327,10
316,327,10
316,327,10
316,327,10
316,327,10
316,327,10
316,327,10
316,327,10
316,327,10
316,327,10
316,327,10
316,327,10
316,327,10
316,308,10
316,308,10
316,308,10
316,308,10
316,308,10
316,308,10
316,308,10
316,308,10
316,308,10
316,308,10
316,308,10
316,308,10
316,308,10
316,308,10
316,308,10
316,308,10
316,308,10
316,308,10
316,308,10
316,308,10
316,308,10
316,308,10
316,308,10
316,308,10
316,308,10
316,308,10
316,308,10
316,308,10
316,317,10
316,317,10
316,317,10
316,317,10
316,317,10
316,317,10
316,317,10
316,317,10
316,317,10
316,317,10
316,317,10
316,317,10
316,303,10
316,303,10
316,303,10
316,303,10
316,303,10
316,303,10
316,333,10
316,333,10
316,333,10
316,333,10
316,333,10
316,333,10
316,333,10
316,333,10
316,333,10
316,333,10
316,333,10
316,333,10
316,333,10
316,333,10
316,333,10
316,333,10
316,333,10
316,333,10
316,333,10
316,333,10
316,333,10
316,333,10
316,333,10
316,333,10
316,333,10
316,333,10
316,333,10
316,333,10
316,333,10
316,304,10
316,304,10
316,304,10
316,304,10
316,304,10
316,304,10
316,304,10
316,304,10
316,304,10
316,304,10
316,304,10
316,304,10
316,304,10
316,304,10
316,304,10
316,304,10
316,304,10
316,304,10
316,304,10
316,304,10
316,304,10
316,311,10
316,311,10
316,311,10
316,311,10
316,311,10
316,311,10
316,311,10
316,311,10
316,311,10
316,311,10
316,311,10
316,311,10
316,311,10
316,311,10
316,311,10
316,311,10
316,311,10
316,311,10
316,311,10
316,311,10
316,311,10
316,311,10
316,311,10
316,311,10
316,311,10
316,311,10
316,311,10
316,311,10
316,311,10
316,311,10
316,311,10
316,311,10
316,311,10
316,311,10
316,311,10
316,311,10
316,311,10
316,311,10
316,311,10
316,311,10
316,311,10
316,311,10
316,311,10
316,311,10
316,311,10
316,311,10
316,311,10
316,311,10
316,311,10
316,311,10
316,311,10
316,311,10
316,311,10
316,311,10
316,311,10
316,311,10
316,311,10
316,311,10
316,311,10
316,305,10
316,305,10
316,305,10
316,305,10
316,305,10
316,305,10
316,305,10
316,305,10
316,305,10
316,305,10
316,305,10
316,305,10
316,305,10
316,305,10
316,305,10
316,305,10
316,305,10
316,305,10
316,305,10
316,305,10
316,305,10
316,305,10
316,305,10
316,305,10
316,305,10
316,305,10
316,305,10
316,305,10
316,305,10
316,305,10
316,305,10
316,305,10
316,305,10
316,305,10
316,305,10
316,305,10
316,305,10
316,305,10
316,305,10
316,305,10
316,305,10
316,305,10
316,305,10
316,305,10
316,305,10
316,305,10
316,305,10
316,305,10
316,305,10
316,305,10
316,327,10
316,327,10
316,327,10
316,327,10
316,327,10
316,327,10
316,327,10
316,327,10
316,327,10
316,327,10
316,327,10
316,327,10
316,327,10
316,327,10
316,327,10
316,327,10
316,327,10
316,327,10
316,327,10
316,327,10
316,327,10
316,327,10
316,327,10
316,327,10
316,327,10
316,327,10
296,290,10
296,290,10
296,290,10
296,290,10
296,290,10
296,290,10
296,290,10
296,290,10
296,290,10
296,290,10
296,290,10
296,290,10
296,290,10
296,290,10
296,290,10
296,290,10
296,290,10
296,302,10
296,302,10
296,302,10
296,302,10
296,302,10
296,302,10
296,302,10
296,311,10
296,311,10
296,311,10
296,311,10
296,311,10
296,311,10
296,311,10
296,311,10
296,311,10
296,311,10
296,311,10
296,311,10
296,311,10
296,311,10
296,311,10
296,311,10
296,311,10
296,311,10
296,311,10
296,311,10
296,311,10
296,311,10
296,311,10
296,311,10
296,311,10
296,311,10
296,311,10
296,311,10
296,311,10
296,306,10
296,306,10
296,306,10
296,306,10
296,306,10
296,306,10
296,294,10
296,294,10
296,294,10
296,294,10
296,294,10
296,294,10
296,294,10
296,294,10
296,294,10
296,294,10
296,294,10
296,294,10
296,306,10
296,306,10
296,306,10
296,306,10
296,306,10
296,306,10
296,306,10
296,306,10
296,306,10
296,306,10
296,306,10
296,306,10
296,306,10
296,306,10
296,306,10
296,306,10
296,306,10
296,306,10
296,306,10
296,306,10
296,306,10
296,280,10
296,280,10
296,280,10
296,280,10
296,280,10
296,280,10
296,280,10
296,280,10
296,280,10
296,300,10
296,300,10
296,300,10
296,300,10
296,300,10
296,300,10
296,300,10
296,300,10
296,300,10
296,300,10
296,300,10
296,300,10
296,300,10
296,300,10
296,300,10
296,300,10
296,300,10
296,304,10
296,304,10
296,304,10
296,304,10
296,304,10
296,304,10
296,321,10
296,321,10
296,321,10
296,321,10
296,321,10
296,321,10
296,321,10
296,321,10
296,321,10
296,321,10
296,321,10
296,315,10
296,315,10
296,315,10
296,315,10
296,315,10
296,315,10
296,315,10
296,315,10
296,315,10
296,315,10
296,315,10
296,315,10
296,315,10
296,315,10
296,315,10
296,315,10
296,315,10
296,315,10
296,286,10
296,286,10
296,286,10
296,286,10
296,286,10
296,286,10
296,286,10
296,286,10
296,286,10
296,286,10
296,286,10
296,286,10
296,286,10
296,286,10
296,286,10
296,286,10
296,286,10
296,286,10
296,286,10
296,286,10
296,289,10
296,289,10
296,289,10
296,289,10
296,289,10
296,289,10
296,289,10
296,289,10
296,289,10
296,289,10
296,289,10
296,289,10
296,289,10
296,289,10
296,289,10
296,289,10
296,289,10
296,289,10
296,289,10
296,296,10
296,296,10
296,296,10
296,296,10
296,296,10
296,296,10
296,296,10
296,296,10
296,296,10
296,296,10
296,296,10
296,296,10
296,296,10
296,296,10
296,296,10
296,296,10
296,283,10
296,283,10
296,283,10
296,283,10
296,283,10
296,283,10
296,283,10
296,283,10
296,283,10
296,283,10
296,283,10
296,283,10
296,283,10
296,283,10
296,283,10
296,283,10
296,283,10
296,283,10
296,283,10
296,286,10
296,286,10
296,286,10
296,286,10
296,286,10
296,286,10
296,286,10
296,286,10
296,286,10
296,286,10
296,298,10
296,298,10
296,298,10
296,298,10
296,298,10
296,298,10
296,298,10
296,297,10
296,297,10
296,297,10
296,297,10
296,297,10
296,297,10
296,292,10
296,292,10
296,292,10
296,292,10
296,292,10
296,292,10
296,292,10
296,292,10
296,292,10
296,292,10
296,292,10
296,292,10
296,292,10
296,292,10
296,292,10
296,292,10
296,292,10
296,292,10
296,292,10
296,292,10
296,292,10
296,292,10
296,292,10
296,292,10
296,292,10
296,292,10
296,292,10
296,292,10
296,292,10
296,292,10
296,292,10
296,292,10
296,292,10
296,292,10
296,292,10
296,299,10
296,299,10
296,299,10
296,299,10
296,299,10
296,299,10
296,299,10
296,299,10
296,299,10
296,299,10
296,299,10
296,299,10
296,299,10
296,284,10
296,284,10
296,284,10
296,284,10
296,284,10
296,284,10
296,284,10
296,284,10
296,284,10
296,284,10
296,284,10
296,284,10
296,284,10
296,284,10
296,284,10
296,284,10
296,284,10
296,284,10
296,284,10
316,315,10
316,315,10
316,315,10
316,315,10
316,315,10
316,315,10
316,315,10
316,315,10
316,315,10
316,315,10
316,315,10
316,315,10
316,315,10
316,315,10
316,315,10
316,341,10
316,341,10
316,341,10
316,341,10
316,341,10
316,341,10
316,341,10
316,341,10
316,341,10
316,341,10
316,341,10
316,341,10
316,341,10
316,341,10
316,341,10
316,341,10
316,341,10
316,341,10
316,341,10
316,341,10
316,341,10
316,341,10
316,341,10
316,341,10
316,318,10
316,318,10
316,318,10
316,318,10
316,318,10
316,318,10
316,318,10
316,318,10
316,318,10
316,318,10
316,318,10
316,318,10
316,318,10
316,318,10
316,318,10
316,318,10
316,318,10
316,318,10
316,318,10
316,318,10
316,318,10
316,318,10
316,318,10
316,318,10
316,318,10
316,318,10
316,318,10
316,319,10
316,319,10
316,319,10
316,319,10
316,319,10
316,319,10
316,319,10
316,319,10
316,319,10
316,319,10
316,319,10
316,319,10
316,319,10
316,319,10
316,319,10
316,319,10
316,319,10
316,319,10
316,319,10
316,319,10
316,319,10
316,319,10
316,319,10
316,319,10
316,319,10
316,331,10
316,331,10
316,331,10
316,331,10
316,331,10
316,331,10
316,331,10
316,331,10
316,331,10
316,331,10
316,331,10
316,331,10
316,331,10
316,331,10
316,331,10
316,331,10
316,331,10
316,331,10
316,331,10
316,331,10
316,331,10
316,331,10
316,331,10
316,331,10
316,331,10
316,331,10
316,331,10
316,331,10
316,331,10
316,331,10
316,331,10
316,331,10
316,312,10
316,312,10
316,312,10
316,312,10
316,312,10
316,312,10
316,312,10
316,312,10
316,312,10
316,312,10
316,312,10
316,312,10
316,312,10
316,312,10
316,312,10
316,312,10
316,312,10
316,312,10
316,312,10
316,312,10
316,312,10
316,312,10
316,312,10
316,312,10
316,312,10
316,312,10
316,312,10
316,312,10
316,312,10
316,312,10
316,312,10
316,312,10
316,312,10
316,312,10
316,312,10
316,312,10
316,312,10
316,312,10
316,312,10
316,312,10
316,312,10
316,312,10
316,312,10
316,312,10
316,312,10
316,312,10
316,312,10
316,312,10
316,312,10
316,312,10
316,312,10
316,312,10
316,312,10
316,312,10
316,312,10
316,316,10
316,316,10
316,316,10
316,316,10
316,316,10
316,316,10
316,316,10
316,316,10
316,316,10
316,320,10
316,320,10
316,320,10
316,320,10
316,320,10
316,320,10
316,320,10
316,320,10
316,320,10
316,320,10
316,320,10
316,320,10
316,320,10
316,320,10
316,320,10
316,320,10
316,320,10
316,320,10
316,320,10
316,320,10
316,320,10
316,320,10
316,320,10
316,320,10
316,320,10
316,320,10
316,320,10
316,320,10
316,320,10
316,320,10
316,320,10
316,320,10
316,320,10
316,320,10
316,320,10
316,320,10
316,320,10
316,320,10
316,317,10
316,317,10
316,317,10
316,317,10
316,317,10
316,317,10
316,317,10
316,317,10
316,317,10
316,317,10
316,317,10
316,317,10
316,317,10
316,317,10
316,317,10
316,317,10
316,317,10
316,317,10
316,317,10
316,317,10
316,317,10
316,317,10
316,317,10
316,317,10
316,317,10
316,317,10
316,317,10
316,317,10
316,317,10
316,317,10
316,317,10
316,317,10
316,317,10
316,317,10
316,317,10
316,317,10
316,317,10
316,317,10
316,317,10
316,317,10
316,317,10
316,317,10
316,317,10
316,317,10
316,317,10
316,317,10
316,317,10
316,317,10
316,317,10
316,317,10
316,317,10
316,317,10
316,317,10
316,317,10
316,317,10
316,317,10
316,317,10
316,317,10
316,317,10
316,310,10
316,310,10
316,310,10
316,310,10
316,310,10
316,310,10
316,310,10
316,310,10
316,310,10
316,310,10
316,310,10
316,310,10
316,310,10
316,310,10
316,310,10
316,323,10
316,323,10
316,323,10
316,323,10
316,323,10
316,323,10
316,323,10
316,323,10
316,323,10
316,323,10
316,323,10
296,296,10
296,296,10
296,296,10
296,296,10
296,296,10
296,296,10
296,296,10
296,296,10
296,296,10
296,296,10
296,299,10
296,299,10
296,299,10
296,299,10
296,299,10
296,299,10
296,299,10
296,299,10
296,299,10
296,299,10
296,299,10
296,299,10
296,299,10
296,299,10
296,299,10
296,299,10
296,299,10
296,299,10
296,299,10
296,309,10
296,309,10
296,309,10
296,309,10
296,309,10
296,309,10
296,309,10
296,309,10
296,309,10
296,309,10
296,309,10
296,303,10
296,303,10
296,303,10
296,303,10
296,303,10
296,303,10
296,303,10
296,303,10
296,303,10
296,303,10
296,303,10
296,303,10
296,303,10
296,303,10
296,303,10
296,303,10
296,303,10
296,303,10
296,303,10
296,303,10
296,303,10
296,303,10
296,269,10
296,269,10
296,269,10
296,269,10
296,269,10
296,269,10
296,269,10
296,269,10
296,269,10
296,269,10
296,269,10
296,269,10
296,269,10
296,269,10
296,269,10
296,269,10
296,269,10
296,269,10
296,269,10
296,269,10
296,269,10
296,269,10
296,269,10
296,269,10
296,269,10
296,269,10
296,269,10
296,302,10
296,302,10
296,302,10
296,302,10
296,302,10
296,302,10
296,302,10
296,302,10
296,302,10
296,302,10
296,302,10
296,302,10
296,302,10
296,302,10
296,302,10
296,302,10
296,302,10
296,302,10
296,323,10
296,323,10
296,323,10
296,323,10
296,323,10
296,323,10
296,323,10
296,323,10
296,323,10
296,323,10
296,323,10
296,323,10
296,323,10
296,323,10
296,323,10
296,323,10
296,323,10
296,323,10
296,323,10
296,323,10
296,323,10
296,323,10
296,323,10
296,323,10
296,323,10
296,323,10
296,323,10
296,323,10
296,323,10
296,323,10
296,323,10
296,323,10
296,323,10
296,323,10
296,323,10
296,323,10
296,323,10
296,323,10
296,323,10
296,299,10
296,299,10
296,299,10
296,299,10
296,299,10
296,299,10
296,299,10
296,299,10
296,299,10
296,299,10
316,325,10
316,325,10
316,325,10
316,325,10
316,325,10
316,325,10
316,325,10
316,295,10
316,295,10
316,295,10
316,295,10
316,295,10
316,295,10
316,295,10
316,295,10
316,295,10
316,295,10
316,295,10
316,295,10
316,295,10
316,295,10
316,295,10
316,295,10
316,295,10
316,310,10
316,310,10
316,310,10
316,310,10
316,310,10
316,310,10
316,310,10
316,313,10
316,313,10
316,313,10
316,313,10
316,313,10
316,313,10
316,313,10
316,312,10
316,312,10
316,312,10
316,312,10
316,312,10
316,312,10
316,312,10
316,312,10
316,322,10
316,322,10
316,322,10
316,322,10
316,322,10
316,322,10
316,322,10
316,322,10
316,322,10
316,322,10
316,322,10
316,322,10
316,322,10
316,322,10
316,322,10
316,322,10
316,322,10
316,322,10
316,322,10
316,322,10
316,322,10
316,322,10
316,327,10
316,327,10
316,327,10
316,327,10
316,327,10
316,327,10
316,327,10
316,327,10
316,327,10
316,327,10
316,327,10
316,327,10
316,307,10
316,307,10
316,307,10
316,307,10
316,307,10
316,307,10
316,307,10
316,307,10
316,307,10
316,307,10
316,307,10
316,314,10
316,314,10
316,314,10
316,314,10
316,314,10
316,314,10
316,314,10
316,314,10
316,314,10
316,314,10
316,314,10
316,317,10
316,317,10
316,317,10
316,317,10
316,317,10
316,317,10
316,317,10
316,317,10
316,317,10
316,318,10
316,318,10
316,318,10
316,318,10
316,318,10
316,318,10
316,318,10
316,318,10
316,318,10
316,318,10
316,318,10
316,318,10
316,318,10
316,318,10
316,318,10
316,318,10
316,318,10
316,318,10
316,318,10
316,318,10
316,318,10
316,318,10
316,318,10
316,318,10
316,318,10
316,318,10
316,318,10
316,318,10
316,318,10
316,318,10
316,318,10
316,312,10
316,312,10
316,312,10
316,312,10
316,312,10
316,312,10
316,312,10
316,312,10
316,312,10
316,312,10
316,312,10
316,312,10
316,312,10
316,312,10
316,312,10
316,312,10
316,312,10
316,312,10
316,301,10
316,301,10
316,301,10
316,301,10
316,301,10
316,301,10
316,301,10
316,301,10
316,301,10
316,301,10
316,301,10
316,301,10
316,301,10
316,301,10
316,301,10
316,326,10
316,326,10
316,326,10
316,326,10
316,326,10
316,326,10
316,326,10
316,326,10
316,326,10
316,326,10
316,326,10
316,326,10
316,326,10
316,326,10
316,326,10
316,326,10
316,326,10
316,326,10
316,322,10
316,322,10
316,322,10
316,322,10
316,322,10
316,322,10
316,322,10
316,322,10
316,322,10
316,322,10
316,322,10
316,322,10
316,322,10
316,322,10
316,322,10
316,322,10
316,322,10
316,322,10
316,322,10
316,322,10
316,322,10
316,322,10
316,322,10
316,322,10
316,322,10
316,322,10
316,322,10
316,322,10
316,322,10
316,322,10
316,322,10
316,322,10
316,322,10
316,322,10
316,322,10
316,322,10
316,322,10
316,322,10
316,322,10
316,322,10
316,322,10
316,317,10
316,317,10
316,317,10
316,317,10
316,317,10
316,317,10
316,317,10
316,317,10
316,317,10
316,317,10
316,317,10
316,317,10
316,317,10
316,317,10
316,317,10
316,317,10
316,317,10
316,318,10
316,318,10
316,318,10
316,318,10
316,318,10
316,318,10
316,318,10
316,318,10
316,318,10
316,318,10
316,318,10
316,318,10
316,318,10
316,318,10
316,318,10
316,318,10
316,318,10
316,318,10
316,318,10
316,318,10
316,318,10
316,318,10
316,318,10
316,318,10
316,318,10
316,318,10
316,318,10
316,318,10
316,318,10
316,318,10
316,318,10
316,318,10
316,318,10
316,318,10
316,318,10
316,318,10
316,318,10
316,318,10
316,318,10
316,312,10
316,312,10
316,312,10
316,312,10
316,312,10
316,312,10
316,312,10
316,312,10
316,312,10
316,312,10
316,312,10
316,312,10
316,312,10
316,312,10
316,312,10
316,312,10
336,343,10
336,343,10
336,343,10
336,343,10
336,343,10
336,343,10
336,343,10
336,343,10
336,343,10
336,343,10
336,343,10
336,343,10
336,343,10
336,343,10
336,343,10
336,343,10
336,343,10
336,343,10
336,343,10
336,343,10
336,343,10
336,343,10
336,343,10
336,343,10
336,343,10
336,343,10
336,343,10
336,343,10
336,354,10
336,354,10
336,354,10
336,354,10
336,354,10
336,354,10
336,354,10
336,354,10
336,354,10
336,354,10
336,354,10
336,354,10
336,354,10
336,354,10
336,354,10
336,354,10
336,354,10
336,354,10
336,354,10
336,354,10
336,354,10
336,354,10
336,354,10
336,354,10
336,354,10
336,354,10
336,354,10
336,354,10
336,354,10
336,354,10
336,354,10
336,354,10
336,354,10
336,354,10
336,354,10
336,354,10
336,354,10
336,354,10
336,354,10
336,354,10
336,354,10
336,354,10
336,354,10
336,331,10
336,331,10
336,331,10
336,331,10
336,331,10
336,331,10
336,331,10
336,331,10
336,331,10
336,331,10
336,331,10
336,331,10
336,331,10
336,331,10
336,331,10
336,331,10
336,331,10
336,331,10
336,331,10
336,331,10
336,331,10
336,331,10
336,331,10
336,331,10
336,341,10
336,341,10
336,341,10
336,341,10
336,341,10
336,341,10
336,341,10
336,341,10
336,341,10
336,341,10
336,341,10
336,341,10
336,341,10
336,341,10
336,341,10
336,341,10
336,341,10
336,341,10
336,341,10
336,341,10
336,341,10
336,341,10
336,341,10
336,341,10
336,341,10
336,341,10
336,341,10
336,341,10
336,341,10
336,341,10
336,341,10
336,341,10
336,341,10
336,341,10
336,341,10
336,341,10
336,341,10
336,341,10
336,342,10
336,342,10
336,342,10
336,342,10
336,342,10
336,342,10
336,342,10
336,342,10
336,327,10
336,327,10
336,327,10
336,327,10
336,327,10
336,327,10
336,327,10
336,327,10
336,327,10
336,327,10
336,327,10
336,327,10
336,327,10
336,0,10
336,0,10
336,0,10
336,0,10
336,0,10
336,0,10
336,0,10
336,0,10
336,0,10
336,0,10
336,0,10
336,0,10
336,0,10
336,352,10
336,352,10
336,352,10
336,352,10
336,352,10
336,352,10
336,352,10
336,352,10
336,352,10
336,352,10
336,352,10
336,338,10
336,338,10
336,338,10
336,338,10
336,338,10
336,338,10
336,319,10
336,319,10
336,319,10
336,319,10
336,319,10
336,319,10
336,319,10
336,319,10
336,336,10
336,336,10
336,336,10
336,336,10
336,336,10
336,336,10
336,336,10
336,332,10
336,332,10
336,332,10
336,332,10
336,332,10
336,332,10
336,332,10
336,332,10
336,315,10
336,315,10
336,315,10
336,315,10
336,315,10
336,315,10
336,315,10
336,315,10
336,315,10
336,315,10
336,315,10
336,315,10
336,315,10
336,315,10
336,315,10
336,315,10
336,315,10
336,315,10
336,315,10
336,315,10
336,315,10
336,315,10
336,315,10
336,315,10
336,315,10
336,315,10
336,315,10
336,315,10
336,315,10
336,315,10
16,3,10
16,3,10
16,3,10
16,3,10
16,3,10
16,3,10
16,3,10
16,3,10
16,3,10
16,3,10
16,3,10
16,3,10
16,3,10
16,3,10
16,3,10
16,10,10
16,10,10
16,10,10
16,10,10
16,10,10
16,10,10
16,10,10
16,10,10
16,10,10
16,10,10
16,10,10
16,10,10
16,10,10
16,10,10
16,10,10
16,10,10
16,10,10
16,10,10
16,5,10
16,5,10
16,5,10
16,5,10
16,5,10
16,5,10
16,5,10
16,5,10
16,5,10
16,5,10
16,12,10
16,12,10
16,12,10
16,12,10
16,12,10
16,12,10
16,12,10
16,12,10
16,12,10
16,358,10
16,358,10
16,358,10
16,358,10
16,358,10
16,358,10
16,358,10
16,358,10
16,358,10
16,358,10
16,358,10
16,358,10
16,358,10
16,358,10
16,358,10
16,358,10
16,358,10
16,358,10
16,358,10
16,358,10
16,358,10
16,25,10
16,25,10
16,25,10
16,25,10
16,25,10
16,25,10
16,25,10
16,25,10
16,25,10
16,25,10
16,25,10
16,25,10
16,25,10
16,25,10
16,25,10
16,25,10
16,25,10
16,25,10
16,25,10
16,25,10
16,25,10
16,25,10
16,25,10
16,25,10
16,25,10
16,25,10
16,25,10
16,25,10
16,25,10
16,25,10
16,25,10
16,25,10
16,19,10
16,19,10
16,19,10
16,19,10
16,19,10
16,19,10
16,19,10
16,19,10
16,19,10
16,19,10
16,19,10
16,33,10
16,33,10
16,33,10
16,33,10
16,33,10
16,33,10
16,33,10
16,33,10
16,33,10
16,33,10
16,33,10
16,33,10
16,33,10
16,33,10
16,22,10
16,22,10
16,22,10
16,22,10
16,22,10
16,22,10
16,22,10
16,22,10
16,22,10
16,22,10
16,22,10
16,22,10
16,22,10
16,22,10
16,22,10
16,22,10
16,22,10
16,22,10
16,22,10
16,22,10
16,22,10
16,22,10
16,22,10
16,22,10
16,22,10
16,22,10
16,22,10
16,22,10
16,22,10
16,22,10
16,22,10
16,22,10
16,22,10
16,22,10
16,22,10
16,22,10
16,22,10
16,22,10
16,22,10
16,22,10
16,22,10
16,22,10
16,22,10
16,22,10
16,22,10
16,22,10
16,22,10
16,22,10
16,22,10
16,22,10
16,22,10
16,22,10
16,22,10
16,8,10
16,8,10
16,8,10
16,8,10
16,8,10
16,8,10
16,8,10
16,8,10
16,8,10
16,8,10
16,8,10
16,8,10
16,8,10
16,8,10
16,8,10
16,8,10
16,8,10
16,8,10
16,8,10
16,8,10
16,8,10
16,8,10
16,8,10
16,8,10
16,8,10
16,8,10
16,8,10
16,8,10
16,8,10
16,8,10
16,8,10
16,8,10
16,8,10
16,8,10
16,8,10
16,8,10
16,8,10
16,8,10
16,8,10
16,8,10
16,8,10
16,8,10
16,8,10
16,8,10
16,8,10
16,8,10
16,8,10
16,8,10
16,8,10
16,8,10
16,8,10
16,8,10
16,8,10
16,8,10
16,8,10
16,8,10
16,22,10
16,22,10
16,22,10
16,22,10
16,22,10
16,22,10
16,22,10
16,22,10
16,22,10
16,22,10
16,22,10
16,22,10
16,22,10
16,22,10
16,22,10
16,22,10
16,22,10
16,22,10
16,22,10
16,3,10
16,3,10
16,3,10
16,3,10
16,3,10
16,3,10
16,3,10
16,31,10
16,31,10
16,31,10
16,31,10
16,31,10
16,31,10
16,31,10
16,31,10
16,31,10
16,31,10
16,31,10
16,31,10
336,336,10
336,336,10
336,336,10
336,336,10
336,336,10
336,336,10
336,336,10
336,336,10
336,336,10
336,336,10
336,336,10
336,336,10
336,336,10
336,315,10
336,315,10
336,315,10
336,315,10
336,315,10
336,315,10
336,315,10
336,315,10
336,315,10
336,315,10
336,315,10
336,315,10
336,315,10
336,315,10
336,315,10
336,315,10
336,315,10
336,315,10
336,315,10
336,315,10
336,315,10
336,315,10
336,315,10
336,315,10
336,315,10
336,315,10
336,315,10
336,315,10
336,315,10
336,315,10
336,315,10
336,315,10
336,315,10
336,315,10
336,315,10
336,334,10
336,334,10
336,334,10
336,334,10
336,334,10
336,334,10
336,334,10
336,334,10
336,334,10
336,334,10
336,334,10
336,334,10
336,334,10
336,334,10
336,334,10
336,334,10
336,334,10
336,334,10
336,342,10
336,342,10
336,342,10
336,342,10
336,342,10
336,342,10
336,342,10
336,342,10
336,338,10
336,338,10
336,338,10
336,338,10
336,338,10
336,338,10
336,338,10
336,338,10
336,338,10
336,338,10
336,338,10
336,338,10
336,338,10
336,338,10
336,338,10
336,338,10
336,338,10
336,338,10
336,338,10
336,338,10
336,338,10
336,338,10
336,338,10
336,338,10
336,338,10
336,338,10
336,338,10
336,338,10
336,318,10
336,318,10
336,318,10
336,318,10
336,318,10
336,318,10
336,318,10
336,318,10
336,318,10
336,318,10
336,318,10
336,318,10
336,318,10
336,318,10
336,318,10
336,318,10
336,318,10
336,318,10
336,350,10
336,350,10
336,350,10
336,350,10
336,350,10
336,350,10
336,350,10
336,350,10
336,350,10
336,350,10
336,350,10
336,350,10
336,350,10
336,350,10
336,350,10
336,350,10
336,350,10
336,350,10
336,350,10
336,350,10
336,350,10
336,350,10
336,350,10
336,350,10
336,350,10
336,350,10
336,350,10
336,350,10
336,350,10
336,350,10
336,350,10
336,350,10
336,323,10
336,323,10
336,323,10
336,323,10
336,323,10
336,323,10
336,323,10
336,323,10
336,323,10
336,323,10
336,323,10
336,323,10
336,323,10
336,323,10
336,323,10
336,323,10
336,323,10
336,323,10
336,323,10
336,323,10
336,323,10
336,323,10
336,323,10
336,323,10
336,323,10
336,323,10
306,310,10
306,310,10
306,310,10
306,310,10
306,310,10
306,310,10
306,310,10
306,310,10
306,310,10
306,310,10
306,310,10
306,310,10
306,310,10
306,301,10
306,301,10
306,301,10
306,301,10
306,301,10
306,301,10
306,301,10
306,301,10
306,301,10
306,313,10
306,313,10
306,313,10
306,313,10
306,313,10
306,313,10
306,313,10
306,313,10
306,313,10
306,313,10
306,307,10
306,307,10
306,307,10
306,307,10
306,307,10
306,307,10
306,307,10
306,307,10
306,307,10
306,307,10
306,307,10
306,307,10
306,307,10
306,307,10
306,307,10
306,307,10
306,307,10
306,307,10
306,307,10
306,307,10
306,307,10
306,307,10
306,307,10
306,307,10
306,307,10
306,307,10
306,307,10
306,307,10
306,288,10
306,288,10
306,288,10
306,288,10
306,288,10
306,288,10
306,288,10
306,288,10
306,288,10
306,288,10
306,288,10
306,288,10
306,288,10
306,288,10
306,288,10
306,288,10
306,288,10
306,288,10
306,288,10
306,288,10
306,288,10
306,288,10
306,288,10
306,288,10
306,288,10
306,288,10
306,288,10
306,288,10
306,316,10
306,316,10
306,316,10
306,316,10
306,316,10
306,316,10
306,316,10
306,316,10
306,316,10
306,303,10
306,303,10
306,303,10
306,303,10
306,303,10
306,303,10
306,303,10
306,303,10
306,303,10
306,303,10
306,303,10
306,303,10
306,303,10
306,303,10
306,303,10
306,303,10
306,303,10
306,303,10
306,303,10
306,303,10
306,303,10
306,303,10
306,303,10
306,303,10
306,303,10
306,303,10
306,306,10
306,306,10
306,306,10
306,306,10
306,306,10
306,306,10
306,306,10
306,306,10
306,306,10
306,306,10
306,306,10
306,306,10
306,306,10
306,306,10
306,306,10
306,306,10
306,306,10
306,306,10
306,306,10
306,306,10
306,306,10
306,306,10
306,306,10
306,306,10
306,306,10
306,306,10
306,306,10
306,306,10
306,306,10
306,306,10
306,306,10
306,306,10
306,306,10
306,306,10
306,306,10
306,306,10
306,306,10
306,306,10
306,306,10
306,301,10
306,301,10
306,301,10
306,301,10
306,301,10
306,301,10
306,301,10
306,301,10
306,301,10
306,301,10
306,301,10
306,301,10
306,301,10
306,301,10
306,301,10
306,301,10
306,301,10
306,301,10
306,301,10
306,301,10
306,301,10
306,301,10
306,301,10
306,301,10
306,301,10
306,301,10
306,301,10
306,301,10
306,301,10
306,301,10
306,301,10
306,301,10
306,301,10
306,301,10
306,301,10
306,301,10
306,301,10
306,301,10
306,301,10
306,301,10
306,301,10
306,301,10
306,301,10
306,301,10
306,301,10
306,301,10
306,301,10
306,301,10
306,301,10
306,301,10
306,301,10
306,298,10
306,298,10
306,298,10
306,298,10
306,298,10
306,298,10
306,298,10
306,298,10
306,298,10
306,298,10
306,296,10
306,296,10
306,296,10
306,296,10
306,296,10
306,296,10
306,296,10
306,296,10
306,296,10
306,296,10
306,296,10
306,296,10
306,296,10
306,301,10
306,301,10
306,301,10
306,301,10
306,301,10
306,301,10
306,301,10
306,301,10
306,301,10
306,301,10
306,301,10
306,301,10
306,301,10
306,301,10
306,301,10
306,301,10
306,301,10
306,301,10
306,301,10
306,301,10
266,290,10
266,290,10
266,290,10
266,290,10
266,290,10
266,290,10
266,290,10
266,290,10
266,290,10
266,290,10
266,290,10
266,290,10
266,290,10
266,290,10
266,290,10
266,290,10
266,290,10
266,290,10
266,290,10
266,290,10
266,290,10
266,290,10
266,290,10
266,290,10
266,290,10
266,290,10
266,290,10
266,290,10
266,290,10
266,290,10
266,290,10
266,290,10
266,290,10
266,290,10
266,290,10
266,290,10
266,290,10
266,290,10
266,290,10
266,290,10
266,290,10
266,290,10
266,290,10
266,290,10
266,290,10
266,290,10
266,290,10
266,290,10
266,290,10
266,290,10
266,290,10
266,290,10
266,290,10
266,290,10
266,290,10
266,290,10
266,290,10
266,255,10
266,255,10
266,255,10
266,255,10
266,255,10
266,255,10
266,255,10
266,255,10
266,255,10
266,255,10
266,255,10
266,255,10
266,255,10
266,255,10
266,255,10
266,255,10
266,255,10
266,255,10
266,255,10
266,255,10
266,255,10
266,255,10
266,255,10
266,255,10
266,255,10
266,255,10
266,255,10
266,255,10
266,255,10
266,286,10
266,286,10
266,286,10
266,286,10
266,286,10
266,286,10
266,286,10
266,286,10
266,286,10
266,286,10
266,286,10
266,286,10
266,286,10
266,286,10
266,286,10
266,286,10
266,286,10
266,261,10
266,261,10
266,261,10
266,261,10
266,261,10
266,261,10
266,261,10
266,261,10
266,261,10
266,261,10
266,261,10
266,261,10
266,261,10
266,261,10
266,275,10
266,275,10
266,275,10
266,275,10
266,275,10
266,275,10
266,275,10
266,275,10
266,275,10
266,282,10
266,282,10
266,282,10
266,282,10
266,282,10
266,282,10
266,282,10
266,282,10
266,282,10
266,282,10
266,282,10
266,282,10
266,282,10
266,282,10
266,282,10
266,282,10
266,282,10
266,282,10
266,272,10
266,272,10
266,272,10
266,272,10
266,272,10
266,272,10
266,272,10
266,272,10
266,272,10
266,272,10
266,272,10
266,272,10
266,272,10
266,272,10
266,272,10
286,277,10
286,277,10
286,277,10
286,277,10
286,277,10
286,277,10
286,277,10
286,277,10
286,277,10
286,277,10
286,277,10
286,277,10
286,277,10
286,277,10
286,277,10
286,277,10
286,277,10
286,277,10
286,277,10
286,277,10
286,277,10
286,277,10
286,277,10
286,277,10
286,277,10
286,277,10
286,277,10
286,277,10
286,277,10
286,277,10
286,277,10
286,277,10
286,297,10
286,297,10
286,297,10
286,297,10
286,297,10
286,297,10
286,296,10
286,296,10
286,296,10
286,296,10
286,296,10
286,296,10
286,296,10
286,296,10
286,296,10
286,296,10
286,296,10
286,296,10
286,296,10
286,296,10
286,296,10
286,296,10
286,296,10
286,296,10
286,296,10
286,296,10
286,296,10
286,296,10
286,296,10
286,296,10
286,296,10
286,296,10
286,296,10
286,296,10
286,296,10
286,296,10
286,296,10
286,296,10
286,296,10
286,296,10
286,296,10
286,296,10
286,296,10
286,286,10
286,286,10
286,286,10
286,286,10
286,286,10
286,286,10
286,286,10
286,286,10
286,286,10
286,286,10
286,286,10
286,286,10
286,286,10
286,286,10
286,286,10
286,286,10
286,298,10
286,298,10
286,298,10
286,298,10
286,298,10
286,298,10
286,298,10
286,298,10
286,298,10
286,298,10
286,298,10
286,298,10
286,298,10
286,298,10
286,298,10
286,298,10
286,291,10
286,291,10
286,291,10
286,291,10
286,291,10
286,291,10
286,291,10
286,291,10
286,291,10
286,291,10
286,291,10
286,291,10
286,291,10
286,291,10
286,291,10
286,291,10
286,291,10
286,291,10
286,291,10
286,291,10
286,291,10
286,291,10
286,291,10
286,291,10
286,291,10
286,291,10
286,291,10
286,291,10
286,291,10
286,291,10
286,291,10
286,291,10
286,291,10
286,291,10
286,291,10
286,284,10
286,284,10
286,284,10
286,284,10
286,284,10
286,284,10
286,284,10
286,284,10
286,284,10
286,285,10
286,285,10
286,285,10
286,285,10
286,285,10
286,285,10
286,285,10
286,285,10
286,285,10
286,285,10
286,285,10
286,285,10
286,285,10
286,285,10
286,285,10
286,285,10
286,285,10
286,285,10
286,285,10
286,285,10
286,285,10
286,285,10
286,285,10
286,285,10
286,285,10
286,281,10
286,281,10
286,281,10
286,281,10
286,281,10
286,281,10
286,281,10
286,281,10
286,281,10
286,281,10
286,287,10
286,287,10
286,287,10
286,287,10
286,287,10
286,287,10
286,287,10
286,287,10
286,287,10
286,287,10
286,287,10
286,287,10
286,287,10
286,287,10
286,287,10
286,287,10
286,287,10
286,287,10
286,277,10
286,277,10
286,277,10
286,277,10
286,277,10
286,277,10
286,277,10
286,277,10
286,277,10
286,277,10
286,277,10
286,277,10
286,277,10
286,277,10
286,277,10
286,280,10
286,280,10
286,280,10
286,280,10
286,280,10
286,280,10
286,280,10
286,280,10
286,280,10
286,280,10
286,280,10
286,280,10
286,280,10
286,280,10
286,280,10
286,280,10
286,280,10
286,280,10
286,280,10
306,298,10
306,298,10
306,298,10
306,298,10
306,298,10
306,298,10
306,298,10
306,298,10
306,298,10
306,298,10
306,298,10
306,298,10
306,298,10
306,298,10
306,298,10
306,298,10
306,298,10
306,298,10
306,298,10
306,298,10
306,298,10
306,298,10
306,298,10
306,298,10
306,305,10
306,305,10
306,305,10
306,305,10
306,305,10
306,305,10
306,305,10
306,305,10
306,305,10
306,305,10
306,305,10
306,305,10
306,305,10
306,305,10
306,305,10
306,305,10
306,305,10
306,305,10
306,305,10
306,305,10
306,305,10
306,305,10
306,305,10
306,324,10
306,324,10
306,324,10
306,324,10
306,324,10
306,324,10
306,324,10
306,324,10
306,324,10
306,324,10
306,324,10
306,324,10
306,324,10
306,324,10
306,324,10
306,324,10
306,324,10
306,324,10
306,324,10
306,324,10
306,324,10
306,324,10
306,324,10
306,324,10
306,324,10
306,324,10
306,324,10
306,324,10
306,324,10
306,324,10
306,327,10
306,327,10
306,327,10
306,327,10
306,327,10
306,327,10
306,327,10
306,327,10
306,327,10
306,327,10
306,327,10
306,327,10
306,327,10
306,327,10
306,327,10
306,327,10
306,327,10
306,302,10
306,302,10
306,302,10
306,302,10
306,302,10
306,302,10
306,302,10
306,302,10
306,302,10
306,302,10
306,302,10
306,302,10
306,302,10
306,302,10
306,302,10
306,302,10
306,302,10
306,302,10
306,302,10
306,302,10
306,302,10
306,302,10
306,302,10
306,302,10
306,302,10
306,302,10
306,302,10
306,302,10
306,302,10
306,302,10
306,302,10
306,302,10
306,302,10
306,302,10
306,302,10
306,302,10
306,302,10
306,302,10
306,302,10
306,302,10
306,301,10
306,301,10
306,301,10
306,301,10
306,301,10
306,301,10
306,301,10
306,301,10
306,301,10
306,301,10
306,301,10
306,301,10
306,301,10
306,301,10
306,301,10
306,301,10
306,301,10
306,301,10
306,301,10
306,301,10
306,301,10
306,301,10
306,301,10
306,303,10
306,303,10
306,303,10
306,303,10
306,303,10
306,303,10
306,303,10
306,303,10
306,303,10
306,303,10
306,303,10
306,303,10
306,303,10
306,303,10
306,312,10
306,312,10
306,312,10
306,312,10
306,312,10
306,312,10
306,312,10
306,312,10
326,329,10
326,329,10
326,329,10
326,329,10
326,329,10
326,329,10
326,329,10
326,329,10
326,329,10
326,329,10
326,329,10
326,329,10
326,329,10
326,329,10
326,329,10
326,329,10
326,330,10
326,330,10
326,330,10
326,330,10
326,330,10
326,330,10
326,330,10
326,330,10
326,330,10
326,330,10
326,330,10
326,330,10
326,330,10
326,330,10
326,330,10
326,330,10
326,330,10
326,330,10
326,330,10
326,330,10
326,330,10
326,317,10
326,317,10
326,317,10
326,317,10
326,317,10
326,317,10
326,317,10
326,317,10
326,317,10
326,334,10
326,334,10
326,334,10
326,334,10
326,334,10
326,334,10
326,334,10
326,334,10
326,334,10
326,334,10
326,325,10
326,325,10
326,325,10
326,325,10
326,325,10
326,325,10
326,325,10
326,325,10
326,325,10
326,325,10
326,324,10
326,324,10
326,324,10
326,324,10
326,324,10
326,324,10
326,324,10
326,324,10
326,324,10
326,324,10
326,324,10
326,324,10
326,324,10
326,324,10
326,324,10
326,324,10
326,324,10
326,324,10
326,324,10
326,345,10
326,345,10
326,345,10
326,345,10
326,345,10
326,345,10
326,345,10
326,345,10
326,345,10
326,345,10
326,345,10
326,345,10
326,345,10
326,326,10
326,326,10
326,326,10
326,326,10
326,326,10
326,326,10
326,326,10
326,326,10
326,326,10
326,326,10
326,326,10
326,326,10
326,326,10
326,326,10
326,326,10
326,326,10
326,326,10
326,326,10
326,326,10
326,326,10
326,326,10
326,326,10
326,326,10
326,326,10
326,320,10
326,320,10
326,320,10
326,320,10
326,320,10
326,320,10
326,320,10
326,320,10
326,320,10
326,320,10
326,320,10
326,320,10
326,320,10
326,320,10
326,320,10
326,320,10
326,320,10
326,320,10
326,320,10
326,320,10
326,320,10
326,320,10
326,320,10
326,320,10
326,320,10
326,320,10
326,320,10
326,320,10
326,320,10
326,320,10
326,320,10
326,320,10
326,320,10
326,320,10
326,320,10
326,320,10
326,320,10
326,320,10
326,320,10
326,320,10
326,320,10
326,320,10
326,320,10
326,320,10
326,320,10
326,320,10
326,320,10
326,320,10
326,320,10
326,320,10
326,320,10
326,320,10
326,320,10
326,320,10
326,320,10
326,320,10
326,327,10
326,327,10
326,327,10
326,327,10
326,327,10
326,327,10
326,327,10
326,327,10
326,327,10
326,327,10
326,327,10
326,327,10
326,327,10
326,323,10
326,323,10
326,323,10
326,323,10
326,323,10
326,323,10
296,284,10
296,284,10
296,284,10
296,284,10
296,284,10
296,284,10
296,298,10
296,298,10
296,298,10
296,298,10
296,298,10
296,298,10
296,298,10
296,298,10
296,298,10
296,298,10
296,298,10
296,298,10
296,298,10
296,298,10
296,298,10
296,298,10
296,298,10
296,298,10
296,298,10
296,298,10
296,309,10
296,309,10
296,309,10
296,309,10
296,309,10
296,309,10
296,309,10
296,309,10
296,309,10
296,309,10
296,309,10
296,309,10
296,309,10
296,309,10
296,309,10
296,309,10
296,309,10
296,309,10
296,309,10
296,309,10
296,309,10
296,309,10
296,309,10
296,309,10
296,309,10
296,309,10
296,309,10
296,309,10
296,309,10
296,309,10
296,309,10
296,309,10
296,309,10
296,309,10
296,309,10
296,309,10
296,309,10
296,309,10
296,309,10
296,295,10
296,295,10
296,295,10
296,295,10
296,295,10
296,295,10
296,295,10
296,295,10
296,295,10
296,295,10
296,295,10
296,295,10
296,295,10
296,295,10
296,295,10
296,295,10
296,295,10
296,295,10
296,295,10
296,295,10
296,295,10
296,295,10
296,295,10
296,295,10
296,295,10
296,295,10
296,295,10
296,295,10
296,295,10
296,295,10
296,295,10
296,295,10
296,294,10
296,294,10
296,294,10
296,294,10
296,294,10
296,294,10
296,294,10
296,294,10
296,294,10
296,294,10
296,294,10
296,294,10
296,294,10
296,294,10
296,294,10
296,294,10
296,294,10
296,294,10
296,294,10
296,294,10
296,294,10
296,294,10
296,294,10
296,294,10
296,294,10
296,294,10
296,294,10
296,294,10
296,289,10
296,289,10
296,289,10
296,289,10
296,289,10
296,289,10
296,289,10
296,289,10
296,289,10
296,289,10
296,289,10
296,289,10
296,289,10
296,289,10
296,289,10
296,289,10
296,289,10
296,289,10
296,289,10
326,326,10
326,326,10
326,326,10
326,326,10
326,326,10
326,326,10
326,326,10
326,326,10
326,326,10
326,326,10
326,326,10
326,326,10
326,326,10
326,326,10
326,326,10
326,326,10
326,326,10
326,326,10
326,326,10
326,326,10
326,326,10
326,326,10
326,324,10
326,324,10
326,324,10
326,324,10
326,324,10
326,324,10
326,324,10
326,324,10
326,324,10
326,324,10
326,324,10
326,324,10
326,324,10
326,324,10
326,324,10
326,324,10
326,324,10
326,324,10
326,324,10
326,324,10
326,324,10
326,324,10
326,324,10
326,330,10
326,330,10
326,330,10
326,330,10
326,330,10
326,330,10
326,330,10
326,330,10
326,330,10
326,330,10
326,330,10
326,330,10
326,330,10
326,330,10
326,330,10
326,330,10
326,330,10
326,330,10
326,330,10
326,330,10
326,330,10
326,330,10
326,330,10
326,319,10
326,319,10
326,319,10
326,319,10
326,319,10
326,319,10
326,319,10
326,319,10
326,319,10
326,319,10
326,319,10
326,319,10
326,319,10
326,319,10
326,319,10
326,319,10
326,319,10
326,319,10
326,319,10
326,319,10
326,319,10
326,319,10
326,319,10
326,319,10
326,319,10
326,319,10
326,319,10
326,319,10
326,319,10
326,319,10
326,319,10
326,319,10
326,319,10
326,319,10
326,319,10
326,319,10
326,319,10
326,319,10
326,319,10
326,319,10
326,319,10
326,319,10
326,319,10
326,319,10
326,319,10
326,319,10
326,319,10
326,319,10
326,319,10
326,319,10
326,339,10
326,339,10
326,339,10
326,339,10
326,339,10
326,339,10
326,339,10
326,339,10
326,339,10
326,339,10
326,339,10
326,339,10
326,339,10
326,339,10
326,339,10
326,339,10
326,339,10
326,339,10
326,339,10
326,339,10
326,339,10
326,339,10
326,339,10
326,339,10
326,339,10
326,339,10
326,339,10
326,339,10
326,339,10
326,339,10
326,339,10
326,339,10
326,339,10
326,339,10
326,339,10
326,339,10
326,339,10
326,316,10
326,316,10
326,316,10
326,316,10
326,316,10
326,316,10
326,316,10
326,316,10
326,316,10
326,316,10
326,316,10
326,333,10
326,333,10
326,333,10
326,333,10
326,333,10
326,333,10
326,333,10
326,334,10
326,334,10
326,334,10
326,334,10
326,334,10
326,334,10
326,334,10
326,334,10
326,334,10
326,334,10
326,348,10
326,348,10
326,348,10
326,348,10
326,348,10
326,348,10
296,286,10
296,286,10
296,286,10
296,286,10
296,286,10
296,286,10
296,286,10
296,286,10
296,286,10
296,286,10
296,286,10
296,286,10
296,286,10
296,286,10
296,286,10
296,286,10
296,286,10
296,286,10
296,286,10
296,313,10
296,313,10
296,313,10
296,313,10
296,313,10
296,313,10
296,313,10
296,313,10
296,313,10
296,313,10
296,287,10
296,287,10
296,287,10
296,287,10
296,287,10
296,287,10
296,287,10
296,287,10
296,287,10
296,287,10
296,287,10
296,287,10
296,287,10
296,287,10
296,287,10
296,287,10
296,287,10
296,287,10
296,287,10
296,287,10
296,287,10
296,287,10
296,287,10
296,287,10
296,287,10
296,287,10
296,287,10
296,287,10
296,287,10
296,287,10
296,287,10
296,287,10
296,286,10
296,286,10
296,286,10
296,286,10
296,286,10
296,286,10
296,286,10
296,286,10
296,286,10
296,286,10
296,286,10
296,263,10
296,263,10
296,263,10
296,263,10
296,263,10
296,263,10
296,263,10
296,263,10
296,263,10
296,263,10
296,263,10
296,263,10
296,263,10
296,263,10
296,263,10
296,263,10
296,263,10
296,263,10
296,263,10
296,310,10
296,310,10
296,310,10
296,310,10
296,310,10
296,310,10
296,310,10
296,310,10
296,310,10
296,310,10
296,310,10
296,310,10
296,310,10
296,310,10
296,310,10
296,294,10
296,294,10
296,294,10
296,294,10
296,294,10
296,294,10
296,294,10
296,294,10
296,294,10
296,294,10
296,294,10
296,287,10
296,287,10
296,287,10
296,287,10
296,287,10
296,287,10
296,287,10
296,287,10
296,287,10
296,287,10
296,287,10
296,287,10
296,287,10
296,287,10
296,287,10
296,287,10
296,287,10
296,287,10
296,287,10
296,287,10
296,287,10
296,287,10
296,287,10
296,287,10
296,287,10
296,287,10
296,287,10
296,287,10
296,287,10
296,287,10
296,287,10
296,287,10
296,287,10
296,287,10
296,287,10
296,287,10
296,287,10
296,287,10
296,287,10
296,287,10
296,287,10
296,287,10
296,287,10
296,287,10
296,287,10
296,287,10
296,287,10
296,287,10
296,293,10
296,293,10
296,293,10
296,293,10
296,293,10
296,293,10
296,293,10
296,293,10
296,293,10
296,293,10
296,293,10
296,293,10
296,293,10
296,293,10
296,293,10
296,293,10
296,293,10
296,293,10
296,293,10
296,293,10
296,293,10
296,293,10
296,293,10
296,293,10
296,293,10
296,293,10
296,293,10
296,293,10
296,293,10
296,293,10
296,293,10
296,293,10
296,293,10
296,293,10
296,293,10
296,293,10
296,293,10
296,294,10
296,294,10
296,294,10
296,294,10
296,294,10
296,294,10
296,305,10
296,305,10
296,305,10
296,305,10
296,305,10
296,305,10
266,290,10
266,290,10
266,290,10
266,290,10
266,290,10
266,290,10
266,290,10
266,290,10
266,290,10
266,290,10
266,290,10
266,290,10
266,290,10
266,290,10
266,290,10
266,266,10
266,266,10
266,266,10
266,266,10
266,266,10
266,266,10
266,266,10
266,266,10
266,259,10
266,259,10
266,259,10
266,259,10
266,259,10
266,259,10
266,259,10
266,259,10
266,259,10
266,259,10
266,259,10
266,259,10
266,259,10
266,259,10
266,259,10
266,290,10
266,290,10
266,290,10
266,290,10
266,290,10
266,290,10
266,290,10
266,290,10
266,255,10
266,255,10
266,255,10
266,255,10
266,255,10
266,255,10
266,255,10
266,255,10
266,255,10
266,255,10
266,254,10
266,254,10
266,254,10
266,254,10
266,254,10
266,254,10
266,254,10
266,254,10
266,254,10
266,269,10
266,269,10
266,269,10
266,269,10
266,269,10
266,269,10
266,269,10
266,269,10
266,269,10
266,269,10
266,269,10
266,269,10
266,269,10
266,269,10
266,269,10
266,269,10
266,269,10
266,269,10
266,269,10
266,269,10
266,269,10
266,269,10
266,269,10
266,257,10
266,257,10
266,257,10
266,257,10
266,257,10
266,257,10
266,257,10
266,257,10
266,257,10
266,257,10
266,257,10
266,257,10
266,257,10
266,257,10
266,257,10
266,257,10
266,257,10
266,257,10
266,257,10
266,257,10
266,257,10
266,257,10
266,257,10
266,257,10
266,262,10
266,262,10
266,262,10
266,262,10
266,262,10
266,262,10
266,262,10
266,262,10
266,262,10
266,262,10
266,262,10
266,262,10
266,262,10
266,262,10
266,262,10
266,262,10
266,262,10
266,262,10
266,262,10
266,262,10
266,262,10
266,262,10
266,262,10
266,262,10
266,262,10
266,262,10
266,275,10
266,275,10
266,275,10
266,275,10
266,275,10
266,275,10
266,275,10
266,275,10
266,275,10
266,275,10
266,275,10
266,275,10
266,275,10
266,275,10
266,275,10
266,275,10
266,275,10
266,275,10
266,275,10
266,275,10
266,275,10
266,275,10
266,275,10
266,275,10
266,275,10
266,275,10
266,275,10
266,275,10
266,275,10
266,275,10
266,275,10
266,275,10
266,275,10
266,275,10
266,275,10
266,275,10
266,275,10
266,275,10
266,275,10
306,297,10
306,297,10
306,297,10
306,297,10
306,297,10
306,297,10
306,297,10
306,290,10
306,290,10
306,290,10
306,290,10
306,290,10
306,290,10
306,290,10
306,290,10
306,290,10
306,303,10
306,303,10
306,303,10
306,303,10
306,303,10
306,303,10
306,303,10
306,303,10
306,303,10
306,303,10
306,303,10
306,303,10
306,303,10
306,303,10
306,303,10
306,303,10
306,303,10
306,303,10
306,303,10
306,303,10
306,303,10
306,303,10
306,303,10
306,303,10
306,303,10
306,303,10
306,303,10
306,303,10
306,311,10
306,311,10
306,311,10
306,311,10
306,311,10
306,311,10
306,311,10
306,311,10
306,311,10
306,311,10
306,311,10
306,311,10
306,311,10
306,311,10
306,311,10
306,311,10
306,311,10
306,311,10
306,311,10
306,311,10
306,316,10
306,316,10
306,316,10
306,316,10
306,316,10
306,316,10
306,316,10
306,316,10
306,316,10
306,316,10
306,316,10
306,316,10
306,316,10
306,316,10
306,316,10
306,316,10
306,316,10
306,316,10
306,316,10
306,316,10
306,316,10
306,316,10
306,316,10
306,316,10
306,316,10
306,316,10
306,316,10
306,316,10
306,316,10
306,316,10
306,316,10
306,316,10
306,316,10
306,316,10
306,316,10
306,316,10
306,316,10
306,316,10
306,316,10
306,316,10
306,316,10
306,316,10
306,316,10
306,316,10
306,316,10
306,316,10
306,316,10
306,316,10
306,316,10
306,316,10
306,316,10
306,316,10
306,316,10
306,316,10
306,316,10
306,316,10
306,316,10
306,316,10
306,305,10
306,305,10
306,305,10
306,305,10
306,305,10
306,305,10
306,305,10
306,305,10
306,305,10
306,305,10
306,305,10
306,305,10
306,305,10
306,305,10
306,305,10
306,305,10
306,305,10
306,301,10
306,301,10
306,301,10
306,301,10
306,301,10
306,301,10
306,301,10
306,301,10
306,301,10
306,301,10
306,301,10
306,286,10
306,286,10
306,286,10
306,286,10
306,286,10
306,286,10
306,286,10
306,286,10
306,286,10
306,286,10
306,286,10
306,286,10
306,286,10
306,286,10
306,286,10
306,286,10
306,286,10
306,286,10
306,286,10
306,286,10
306,286,10
306,286,10
306,286,10
306,286,10
306,286,10
306,286,10
306,286,10
336,344,10
336,344,10
336,344,10
336,344,10
336,344,10
336,344,10
336,344,10
336,344,10
336,344,10
336,344,10
336,344,10
336,354,10
336,354,10
336,354,10
336,354,10
336,354,10
336,354,10
336,354,10
336,354,10
336,354,10
336,354,10
336,348,10
336,348,10
336,348,10
336,348,10
336,348,10
336,348,10
336,348,10
336,348,10
336,348,10
336,348,10
336,348,10
336,348,10
336,348,10
336,348,10
336,348,10
336,348,10
336,348,10
336,348,10
336,348,10
336,348,10
336,348,10
336,339,10
336,339,10
336,339,10
336,339,10
336,339,10
336,339,10
336,339,10
336,339,10
336,333,10
336,333,10
336,333,10
336,333,10
336,333,10
336,333,10
336,333,10
336,333,10
336,333,10
336,333,10
336,333,10
336,333,10
336,333,10
336,333,10
336,333,10
336,333,10
336,333,10
336,333,10
336,333,10
336,333,10
336,333,10
336,333,10
336,333,10
336,333,10
336,333,10
336,333,10
336,333,10
336,333,10
336,333,10
336,333,10
336,333,10
336,333,10
336,335,10
336,335,10
336,335,10
336,335,10
336,335,10
336,335,10
336,335,10
336,335,10
336,335,10
336,335,10
336,335,10
336,335,10
336,335,10
336,335,10
336,335,10
336,335,10
336,335,10
336,335,10
336,335,10
336,335,10
336,335,10
336,335,10
336,335,10
336,335,10
336,335,10
336,335,10
336,335,10
336,335,10
336,335,10
336,335,10
336,335,10
336,335,10
336,335,10
336,335,10
336,335,10
336,335,10
336,335,10
336,335,10
336,335,10
336,335,10
336,335,10
336,335,10
336,335,10
336,335,10
336,335,10
336,335,10
336,335,10
336,335,10
336,335,10
336,335,10
336,335,10
336,335,10
336,335,10
336,335,10
336,336,10
336,336,10
336,336,10
336,336,10
336,336,10
336,336,10
336,336,10
336,336,10
336,336,10
336,336,10
336,336,10
336,336,10
336,336,10
336,336,10
336,336,10
336,336,10
336,336,10
336,336,10
336,336,10
336,336,10
336,336,10
336,336,10
336,336,10
336,336,10
336,336,10
336,336,10
336,332,10
336,332,10
336,332,10
336,332,10
336,332,10
336,332,10
336,332,10
336,332,10
336,332,10
336,325,10
336,325,10
336,325,10
336,325,10
336,325,10
336,325,10
336,325,10
336,325,10
336,325,10
336,349,10
336,349,10
336,349,10
336,349,10
336,349,10
336,349,10
336,349,10
336,349,10
336,349,10
336,349,10
336,349,10
336,332,10
336,332,10
336,332,10
336,332,10
336,332,10
336,332,10
336,332,10
336,332,10
336,332,10
336,332,10
336,332,10
336,332,10
336,332,10
336,332,10
336,332,10
336,332,10
336,323,10
336,323,10
336,323,10
336,323,10
336,323,10
336,323,10
336,323,10
336,323,10
336,323,10
336,323,10
336,323,10
336,323,10
336,323,10
336,323,10
336,323,10
336,323,10
336,323,10
336,323,10
336,323,10
336,323,10
336,323,10
336,323,10
336,323,10
336,323,10
336,323,10
336,323,10
336,323,10
336,323,10
336,323,10
336,323,10
336,323,10
336,323,10
336,344,10
336,344,10
336,344,10
336,344,10
336,344,10
336,344,10
336,344,10
336,344,10
336,344,10
336,344,10
336,344,10
336,344,10
336,344,10
336,344,10
336,344,10
336,344,10
336,344,10
336,344,10
336,344,10
336,344,10
336,344,10
336,344,10
336,344,10
336,344,10
336,344,10
336,344,10
336,344,10
336,344,10
336,344,10
336,344,10
336,344,10
336,345,10
336,345,10
336,345,10
336,345,10
336,345,10
336,345,10
336,345,10
336,345,10
336,345,10
336,345,10
336,336,10
336,336,10
336,336,10
336,336,10
336,336,10
336,336,10
336,336,10
336,336,10
336,336,10
336,336,10
336,336,10
336,336,10
336,336,10
336,336,10
336,336,10
336,336,10
336,336,10
336,336,10
336,336,10
336,336,10
336,336,10
336,336,10
336,337,10
336,337,10
336,337,10
336,337,10
336,337,10
336,337,10
336,337,10
336,337,10
336,337,10
336,337,10
336,337,10
336,337,10
336,337,10
336,337,10
336,337,10
336,337,10
336,337,10
336,337,10
336,337,10
316,326,10
316,326,10
316,326,10
316,326,10
316,326,10
316,326,10
316,321,10
316,321,10
316,321,10
316,321,10
316,321,10
316,321,10
316,321,10
316,321,10
316,321,10
316,321,10
316,330,10
316,330,10
316,330,10
316,330,10
316,330,10
316,330,10
316,330,10
316,330,10
316,330,10
316,330,10
316,330,10
316,330,10
316,330,10
316,330,10
316,330,10
316,330,10
316,330,10
316,330,10
316,330,10
316,330,10
316,330,10
316,330,10
316,330,10
316,330,10
316,330,10
316,330,10
316,330,10
316,330,10
316,330,10
316,330,10
316,330,10
316,330,10
316,330,10
316,330,10
316,330,10
316,330,10
316,330,10
316,330,10
316,330,10
316,330,10
316,330,10
316,330,10
316,330,10
316,330,10
316,330,10
316,330,10
316,330,10
316,330,10
316,309,10
316,309,10
316,309,10
316,309,10
316,309,10
316,309,10
316,309,10
316,309,10
316,309,10
316,309,10
316,309,10
316,309,10
316,309,10
316,309,10
316,309,10
316,309,10
316,309,10
316,309,10
316,309,10
316,309,10
316,309,10
316,309,10
316,309,10
316,309,10
316,309,10
316,309,10
316,307,10
316,307,10
316,307,10
316,307,10
316,307,10
316,307,10
316,307,10
316,307,10
316,307,10
316,307,10
316,307,10
316,307,10
316,307,10
316,307,10
316,307,10
316,307,10
316,307,10
316,307,10
316,307,10
316,314,10
316,314,10
316,314,10
316,314,10
316,314,10
316,314,10
316,314,10
316,314,10
316,314,10
316,314,10
316,314,10
316,314,10
316,314,10
316,314,10
316,330,10
316,330,10
316,330,10
316,330,10
316,330,10
316,330,10
316,330,10
316,330,10
316,330,10
316,330,10
316,330,10
316,330,10
316,330,10
316,330,10
316,346,10
316,346,10
316,346,10
316,346,10
316,346,10
316,346,10
316,346,10
316,346,10
316,346,10
316,346,10
316,346,10
316,346,10
316,346,10
316,346,10
316,346,10
316,346,10
316,346,10
316,346,10
316,346,10
316,346,10
316,346,10
316,346,10
316,346,10
316,346,10
316,346,10
316,346,10
316,314,10
316,314,10
316,314,10
316,314,10
316,314,10
316,314,10
316,314,10
316,314,10
316,314,10
316,314,10
316,314,10
316,314,10
316,314,10
316,314,10
316,314,10
316,314,10
316,314,10
316,314,10
316,314,10
316,314,10
316,314,10
316,314,10
316,314,10
316,314,10
316,314,10
316,314,10
316,314,10
316,314,10
316,314,10
316,314,10
316,314,10
316,314,10
316,314,10
316,314,10
316,314,10
316,314,10
316,314,10
316,314,10
316,314,10
316,314,10
316,314,10
316,314,10
316,314,10
316,314,10
316,314,10
316,307,10
316,307,10
316,307,10
316,307,10
316,307,10
316,307,10
316,307,10
316,307,10
316,319,10
316,319,10
316,319,10
316,319,10
316,319,10
316,319,10
316,319,10
316,319,10
316,319,10
316,319,10
316,319,10
316,319,10
316,319,10
316,319,10
316,326,10
316,326,10
316,326,10
316,326,10
316,326,10
316,326,10
316,326,10
316,326,10
316,326,10
316,326,10
316,315,10
316,315,10
316,315,10
316,315,10
316,315,10
316,315,10
316,315,10
316,315,10
316,315,10
316,315,10
316,315,10
316,315,10
316,315,10
316,330,10
316,330,10
316,330,10
316,330,10
316,330,10
316,330,10
316,330,10
316,330,10
316,330,10
316,330,10
316,330,10
316,330,10
316,330,10
316,330,10
316,330,10
316,330,10
316,330,10
316,327,10
316,327,10
316,327,10
316,327,10
316,327,10
316,327,10
316,327,10
316,327,10
316,327,10
316,327,10
316,332,10
316,332,10
316,332,10
316,332,10
316,332,10
316,332,10
296,289,10
296,289,10
296,289,10
296,289,10
296,289,10
296,289,10
296,289,10
296,289,10
296,289,10
296,289,10
296,289,10
296,289,10
296,289,10
296,289,10
296,283,10
296,283,10
296,283,10
296,283,10
296,283,10
296,283,10
296,283,10
296,283,10
296,283,10
296,283,10
296,283,10
296,283,10
296,283,10
296,283,10
296,283,10
296,283,10
296,283,10
296,283,10
296,283,10
296,283,10
296,283,10
296,283,10
296,283,10
296,308,10
296,308,10
296,308,10
296,308,10
296,308,10
296,308,10
296,308,10
296,290,10
296,290,10
296,290,10
296,290,10
296,290,10
296,290,10
296,290,10
296,290,10
296,290,10
296,290,10
296,290,10
296,290,10
296,290,10
296,290,10
296,290,10
296,290,10
296,298,10
296,298,10
296,298,10
296,298,10
296,298,10
296,298,10
296,298,10
296,298,10
296,298,10
296,298,10
296,298,10
296,298,10
296,298,10
296,298,10
296,298,10
296,298,10
296,298,10
296,298,10
296,298,10
296,298,10
296,298,10
296,298,10
296,298,10
296,298,10
296,298,10
296,298,10
296,298,10
296,298,10
296,298,10
296,298,10
296,298,10
296,298,10
296,298,10
296,298,10
296,298,10
296,298,10
296,298,10
296,298,10
296,298,10
296,298,10
296,298,10
296,298,10
296,298,10
296,291,10
296,291,10
296,291,10
296,291,10
296,291,10
296,291,10
296,291,10
296,291,10
296,291,10
296,291,10
296,291,10
296,291,10
296,291,10
296,291,10
296,291,10
296,291,10
296,291,10
296,291,10
296,291,10
296,291,10
296,291,10
296,291,10
296,291,10
296,291,10
296,291,10
296,291,10
296,291,10
296,291,10
296,291,10
296,291,10
296,291,10
296,291,10
296,291,10
296,291,10
296,291,10
296,291,10
296,291,10
296,291,10
296,291,10
296,291,10
296,291,10
296,291,10
296,291,10
296,291,10
296,291,10
296,291,10
296,291,10
296,298,10
296,298,10
296,298,10
296,298,10
296,298,10
296,298,10
296,298,10
296,298,10
296,298,10
296,298,10
296,298,10
296,298,10
326,330,10
326,330,10
326,330,10
326,330,10
326,330,10
326,330,10
326,330,10
326,330,10
326,330,10
326,330,10
326,330,10
326,330,10
326,330,10
326,330,10
326,330,10
326,330,10
326,330,10
326,330,10
326,330,10
326,330,10
326,330,10
326,330,10
326,330,10
326,330,10
326,330,10
326,330,10
326,330,10
326,330,10
326,330,10
326,330,10
326,330,10
326,330,10
326,330,10
326,330,10
326,330,10
326,330,10
326,330,10
326,330,10
326,330,10
326,319,10
326,319,10
326,319,10
326,319,10
326,319,10
326,319,10
326,319,10
326,321,10
326,321,10
326,321,10
326,321,10
326,321,10
326,321,10
326,321,10
326,321,10
326,321,10
326,321,10
326,321,10
326,321,10
326,321,10
326,321,10
326,321,10
326,321,10
326,321,10
326,321,10
326,321,10
326,321,10
326,321,10
326,321,10
326,321,10
326,321,10
326,321,10
326,321,10
326,321,10
326,321,10
326,321,10
326,321,10
326,321,10
326,321,10
326,321,10
326,321,10
326,321,10
326,321,10
326,322,10
326,322,10
326,322,10
326,322,10
326,322,10
326,322,10
326,322,10
326,322,10
326,322,10
326,322,10
326,322,10
326,322,10
326,322,10
326,322,10
326,322,10
326,322,10
326,322,10
326,322,10
326,322,10
326,322,10
326,322,10
326,322,10
326,322,10
326,322,10
326,322,10
326,322,10
326,322,10
326,322,10
326,322,10
326,322,10
326,322,10
326,322,10
326,322,10
326,325,10
326,325,10
326,325,10
326,325,10
326,325,10
326,325,10
326,325,10
326,325,10
326,325,10
326,325,10
326,325,10
326,325,10
326,325,10
326,325,10
326,325,10
326,325,10
326,325,10
326,325,10
326,325,10
326,325,10
326,325,10
326,325,10
326,325,10
326,325,10
326,325,10
326,325,10
326,325,10
326,325,10
326,325,10
326,325,10
326,325,10
326,325,10
326,325,10
326,325,10
326,325,10
326,325,10
326,325,10
326,325,10
326,325,10
326,325,10
326,325,10
326,325,10
326,325,10
326,325,10
326,325,10
326,313,10
326,313,10
326,313,10
326,313,10
326,313,10
326,313,10
326,313,10
326,313,10
326,313,10
326,313,10
326,313,10
326,313,10
326,313,10
326,313,10
326,313,10
326,313,10
326,313,10
326,313,10
326,313,10
326,313,10
326,313,10
326,313,10
326,313,10
326,313,10
326,313,10
326,314,10
326,314,10
326,314,10
326,314,10
326,314,10
326,314,10
326,314,10
326,314,10
326,326,10
326,326,10
326,326,10
326,326,10
326,326,10
326,326,10
326,326,10
326,326,10
326,326,10
326,326,10
326,326,10
326,326,10
326,326,10
326,326,10
326,326,10
326,335,10
326,335,10
326,335,10
326,335,10
326,335,10
326,335,10
326,335,10
326,335,10
326,330,10
326,330,10
326,330,10
326,330,10
326,330,10
326,330,10
326,330,10
326,330,10
326,330,10
326,330,10
326,330,10
326,330,10
326,330,10
326,330,10
326,330,10
326,330,10
326,330,10
326,330,10
326,330,10
326,330,10
326,330,10
326,330,10
326,324,10
326,324,10
326,324,10
326,324,10
326,324,10
326,324,10
326,324,10
326,324,10
326,324,10
326,324,10
326,324,10
326,324,10
326,324,10
326,324,10
326,324,10
326,324,10
326,324,10
326,324,10
346,334,10
346,334,10
346,334,10
346,334,10
346,334,10
346,334,10
346,334,10
346,334,10
346,334,10
346,334,10
346,334,10
346,334,10
346,334,10
346,334,10
346,334,10
346,358,10
346,358,10
346,358,10
346,358,10
346,358,10
346,358,10
346,358,10
346,358,10
346,358,10
346,358,10
346,358,10
346,358,10
346,358,10
346,358,10
346,358,10
346,358,10
346,358,10
346,358,10
346,358,10
346,358,10
346,358,10
346,358,10
346,358,10
346,358,10
346,358,10
346,358,10
346,358,10
346,348,10
346,348,10
346,348,10
346,348,10
346,348,10
346,348,10
346,348,10
346,348,10
346,348,10
346,348,10
346,348,10
346,348,10
346,348,10
346,348,10
346,348,10
346,348,10
346,353,10
346,353,10
346,353,10
346,353,10
346,353,10
346,353,10
346,353,10
346,353,10
346,353,10
346,353,10
346,353,10
346,341,10
346,341,10
346,341,10
346,341,10
346,341,10
346,341,10
346,341,10
346,341,10
346,341,10
346,319,10
346,319,10
346,319,10
346,319,10
346,319,10
346,319,10
346,319,10
346,319,10
346,319,10
346,319,10
346,319,10
346,319,10
346,319,10
346,319,10
346,319,10
346,319,10
346,319,10
346,319,10
346,319,10
346,319,10
346,319,10
346,319,10
346,319,10
346,319,10
346,319,10
346,353,10
346,353,10
346,353,10
346,353,10
346,353,10
346,353,10
346,355,10
346,355,10
346,355,10
346,355,10
346,355,10
346,355,10
346,355,10
346,355,10
346,355,10
346,355,10
346,355,10
346,355,10
346,355,10
346,355,10
346,355,10
346,355,10
346,355,10
346,355,10
346,355,10
346,355,10
346,355,10
346,355,10
346,355,10
346,344,10
346,344,10
346,344,10
346,344,10
346,344,10
346,344,10
346,344,10
346,344,10
346,344,10
346,344,10
346,328,10
346,328,10
346,328,10
346,328,10
346,328,10
346,328,10
346,328,10
326,327,10
326,327,10
326,327,10
326,327,10
326,327,10
326,327,10
326,327,10
326,327,10
326,327,10
326,327,10
326,327,10
326,327,10
326,334,10
326,334,10
326,334,10
326,334,10
326,334,10
326,334,10
326,334,10
326,334,10
326,334,10
326,334,10
326,334,10
326,334,10
326,334,10
326,334,10
326,334,10
326,334,10
326,334,10
326,334,10
326,334,10
326,334,10
326,334,10
326,334,10
326,334,10
326,334,10
326,334,10
326,333,10
326,333,10
326,333,10
326,333,10
326,333,10
326,333,10
326,333,10
326,333,10
326,333,10
326,333,10
326,333,10
326,333,10
326,333,10
326,333,10
326,333,10
326,326,10
326,326,10
326,326,10
326,326,10
326,326,10
326,326,10
326,326,10
326,326,10
326,326,10
326,333,10
326,333,10
326,333,10
326,333,10
326,333,10
326,333,10
326,333,10
326,333,10
326,333,10
326,333,10
326,333,10
326,333,10
326,333,10
326,333,10
326,333,10
326,333,10
326,333,10
326,333,10
326,333,10
326,333,10
326,333,10
326,333,10
326,333,10
326,333,10
326,333,10
326,333,10
326,333,10
326,315,10
326,315,10
326,315,10
326,315,10
326,315,10
326,315,10
326,315,10
326,315,10
326,315,10
326,315,10
326,315,10
326,315,10
326,315,10
326,315,10
326,315,10
326,315,10
326,315,10
326,315,10
326,315,10
326,315,10
326,315,10
326,315,10
326,315,10
326,315,10
326,315,10
326,315,10
326,315,10
326,315,10
326,315,10
326,315,10
326,315,10
326,315,10
326,315,10
326,315,10
326,315,10
326,315,10
326,315,10
326,315,10
326,315,10
326,327,10
326,327,10
326,327,10
326,327,10
326,327,10
326,327,10
326,327,10
326,327,10
326,327,10
326,327,10
326,327,10
326,327,10
326,327,10
326,327,10
326,327,10
326,327,10
326,327,10
326,327,10
326,327,10
326,327,10
326,327,10
326,327,10
326,327,10
326,327,10
326,338,10
326,338,10
326,338,10
326,338,10
326,338,10
326,338,10
326,338,10
326,338,10
326,338,10
326,338,10
326,338,10
326,338,10
326,338,10
326,338,10
326,338,10
326,338,10
326,338,10
326,333,10
326,333,10
326,333,10
326,333,10
326,333,10
326,333,10
326,308,10
326,308,10
326,308,10
326,308,10
326,308,10
326,308,10
326,308,10
326,308,10
326,308,10
326,308,10
326,308,10
326,308,10
326,318,10
326,318,10
326,318,10
326,318,10
326,318,10
326,318,10
326,318,10
326,318,10
326,318,10
326,338,10
326,338,10
326,338,10
326,338,10
326,338,10
326,338,10
326,338,10
326,338,10
326,338,10
326,338,10
326,338,10
326,338,10
326,338,10
326,338,10
326,338,10
326,338,10
326,338,10
326,338,10
326,318,10
326,318,10
326,318,10
326,318,10
326,318,10
326,318,10
326,318,10
326,318,10
326,318,10
326,318,10
326,318,10
326,318,10
326,318,10
326,318,10
326,324,10
326,324,10
326,324,10
326,324,10
326,324,10
326,324,10
326,324,10
326,324,10
326,324,10
326,324,10
326,324,10
326,324,10
326,324,10
326,324,10
326,324,10
326,324,10
326,324,10
296,291,10
296,291,10
296,291,10
296,291,10
296,291,10
296,291,10
296,291,10
296,291,10
296,291,10
296,291,10
296,291,10
296,291,10
296,291,10
296,294,10
296,294,10
296,294,10
296,294,10
296,294,10
296,294,10
296,294,10
296,294,10
296,294,10
296,294,10
296,292,10
296,292,10
296,292,10
296,292,10
296,292,10
296,292,10
296,292,10
296,292,10
296,292,10
296,292,10
296,292,10
296,292,10
296,292,10
296,279,10
296,279,10
296,279,10
296,279,10
296,279,10
296,279,10
296,279,10
296,279,10
296,279,10
296,279,10
296,279,10
296,279,10
296,279,10
296,279,10
296,279,10
296,279,10
296,279,10
296,279,10
296,279,10
296,279,10
296,279,10
296,279,10
296,279,10
296,279,10
296,294,10
296,294,10
296,294,10
296,294,10
296,294,10
296,294,10
296,294,10
296,294,10
296,294,10
296,294,10
296,294,10
296,294,10
296,294,10
296,294,10
296,275,10
296,275,10
296,275,10
296,275,10
296,275,10
296,275,10
296,275,10
296,275,10
296,275,10
296,275,10
296,275,10
296,275,10
296,275,10
296,275,10
296,275,10
296,275,10
296,275,10
296,296,10
296,296,10
296,296,10
296,296,10
296,296,10
296,296,10
296,296,10
296,296,10
296,296,10
296,296,10
296,296,10
296,296,10
296,296,10
296,296,10
296,296,10
296,296,10
296,296,10
296,296,10
296,296,10
296,296,10
296,296,10
296,296,10
296,296,10
296,296,10
296,296,10
296,296,10
296,283,10
296,283,10
296,283,10
296,283,10
296,283,10
296,283,10
296,283,10
296,283,10
296,283,10
296,283,10
296,283,10
296,283,10
296,283,10
296,283,10
296,283,10
296,283,10
296,283,10
316,320,10
316,320,10
316,320,10
316,320,10
316,320,10
316,320,10
316,320,10
316,320,10
316,320,10
316,320,10
316,320,10
316,320,10
316,320,10
316,320,10
316,320,10
316,320,10
316,320,10
316,320,10
316,320,10
316,320,10
316,320,10
316,320,10
316,320,10
316,320,10
316,320,10
316,320,10
316,320,10
316,320,10
316,320,10
316,320,10
316,320,10
316,320,10
316,316,10
316,316,10
316,316,10
316,316,10
316,316,10
316,316,10
316,311,10
316,311,10
316,311,10
316,311,10
316,311,10
316,311,10
316,311,10
316,311,10
316,311,10
316,311,10
316,311,10
316,311,10
316,311,10
316,311,10
316,311,10
316,311,10
316,315,10
316,315,10
316,315,10
316,315,10
316,315,10
316,315,10
316,315,10
316,315,10
316,315,10
316,315,10
316,315,10
316,315,10
316,315,10
316,316,10
316,316,10
316,316,10
316,316,10
316,316,10
316,316,10
316,312,10
316,312,10
316,312,10
316,312,10
316,312,10
316,312,10
316,312,10
316,312,10
316,312,10
316,312,10
316,312,10
316,312,10
316,322,10
316,322,10
316,322,10
316,322,10
316,322,10
316,322,10
316,322,10
316,322,10
316,318,10
316,318,10
316,318,10
316,318,10
316,318,10
316,318,10
316,318,10
316,318,10
316,318,10
316,318,10
316,318,10
316,318,10
316,318,10
316,318,10
316,318,10
316,318,10
316,318,10
316,318,10
316,318,10
316,318,10
316,318,10
316,318,10
316,318,10
316,318,10
316,318,10
316,318,10
316,318,10
316,302,10
316,302,10
316,302,10
316,302,10
316,302,10
316,302,10
316,302,10
316,302,10
316,302,10
316,302,10
316,302,10
316,302,10
316,302,10
316,302,10
316,302,10
316,302,10
316,302,10
316,302,10
316,302,10
316,302,10
316,302,10
316,302,10
316,302,10
316,302,10
316,302,10
316,302,10
316,302,10
316,302,10
316,307,10
316,307,10
316,307,10
316,307,10
316,307,10
316,307,10
316,320,10
316,320,10
316,320,10
316,320,10
316,320,10
316,320,10
316,320,10
316,320,10
316,320,10
316,320,10
316,320,10
316,320,10
316,320,10
316,320,10
316,320,10
316,320,10
316,320,10
316,338,10
316,338,10
316,338,10
316,338,10
316,338,10
316,338,10
316,338,10
316,338,10
316,338,10
316,338,10
316,338,10
316,338,10
316,338,10
316,338,10
316,338,10
316,306,10
316,306,10
316,306,10
316,306,10
316,306,10
316,306,10
316,306,10
316,306,10
316,306,10
316,306,10
316,306,10
316,306,10
316,306,10
316,306,10
316,306,10
316,306,10
316,306,10
316,306,10
316,306,10
316,306,10
316,329,10
316,329,10
316,329,10
316,329,10
316,329,10
316,329,10
316,329,10
316,329,10
316,329,10
316,329,10
316,329,10
316,329,10
316,329,10
316,329,10
316,329,10
316,329,10
316,329,10
316,329,10
316,329,10
316,329,10
316,329,10
316,329,10
316,329,10
316,329,10
316,329,10
316,329,10
316,329,10
316,329,10
316,329,10
316,329,10
316,329,10
316,329,10
316,329,10
316,329,10
316,329,10
316,329,10
296,300,10
296,300,10
296,300,10
296,300,10
296,300,10
296,300,10
296,300,10
296,300,10
296,300,10
296,300,10
296,300,10
296,300,10
296,300,10
296,300,10
296,300,10
296,300,10
296,300,10
296,300,10
296,300,10
296,300,10
296,300,10
296,300,10
296,300,10
296,300,10
296,300,10
296,300,10
296,300,10
296,300,10
296,300,10
296,300,10
296,300,10
296,300,10
296,300,10
296,300,10
296,275,10
296,275,10
296,275,10
296,275,10
296,275,10
296,275,10
296,275,10
296,275,10
296,275,10
296,275,10
296,275,10
296,271,10
296,271,10
296,271,10
296,271,10
296,271,10
296,271,10
296,271,10
296,271,10
296,271,10
296,271,10
296,271,10
296,271,10
296,271,10
296,271,10
296,271,10
296,271,10
296,271,10
296,295,10
296,295,10
296,295,10
296,295,10
296,295,10
296,295,10
296,295,10
296,295,10
296,295,10
296,295,10
296,274,10
296,274,10
296,274,10
296,274,10
296,274,10
296,274,10
296,274,10
296,274,10
296,274,10
296,274,10
296,274,10
296,274,10
296,274,10
296,279,10
296,279,10
296,279,10
296,279,10
296,279,10
296,279,10
296,279,10
296,279,10
296,279,10
296,279,10
296,279,10
296,279,10
296,279,10
296,279,10
296,279,10
296,279,10
296,279,10
296,279,10
296,279,10
296,279,10
296,293,10
296,293,10
296,293,10
296,293,10
296,293,10
296,293,10
296,293,10
296,293,10
296,293,10
296,293,10
296,293,10
296,293,10
296,293,10
296,293,10
296,293,10
296,293,10
296,293,10
296,293,10
296,293,10
296,293,10
296,308,10
296,308,10
296,308,10
296,308,10
296,308,10
296,308,10
296,308,10
296,308,10
296,308,10
296,308,10
296,308,10
296,308,10
296,308,10
296,308,10
296,308,10
296,308,10
296,308,10
296,308,10
296,308,10
296,308,10
296,308,10
296,308,10
296,308,10
296,308,10
296,308,10
296,308,10
296,308,10
296,308,10
296,308,10
296,308,10
296,308,10
296,297,10
296,297,10
296,297,10
296,297,10
296,297,10
296,297,10
296,297,10
296,297,10
296,297,10
296,297,10
296,297,10
296,297,10
296,297,10
296,297,10
296,297,10
296,297,10
256,259,10
256,259,10
256,259,10
256,259,10
256,259,10
256,259,10
256,259,10
256,259,10
256,259,10
256,259,10
256,259,10
256,259,10
256,259,10
256,259,10
256,259,10
256,259,10
256,259,10
256,259,10
256,259,10
256,259,10
256,259,10
256,259,10
256,254,10
256,254,10
256,254,10
256,254,10
256,254,10
256,254,10
256,254,10
256,254,10
256,239,10
256,239,10
256,239,10
256,239,10
256,239,10
256,239,10
256,239,10
256,239,10
256,239,10
256,239,10
256,239,10
256,239,10
256,239,10
256,239,10
256,239,10
256,239,10
256,239,10
256,239,10
256,239,10
256,239,10
256,239,10
256,239,10
256,239,10
256,239,10
256,239,10
256,239,10
256,239,10
256,239,10
256,239,10
256,239,10
256,239,10
256,239,10
256,239,10
256,267,10
256,267,10
256,267,10
256,267,10
256,267,10
256,267,10
256,267,10
256,267,10
256,267,10
256,267,10
256,267,10
256,267,10
256,267,10
256,243,10
256,243,10
256,243,10
256,243,10
256,243,10
256,243,10
256,243,10
256,267,10
256,267,10
256,267,10
256,267,10
256,267,10
256,267,10
256,267,10
256,267,10
256,267,10
256,267,10
256,267,10
256,267,10
256,267,10
256,267,10
256,267,10
256,267,10
256,267,10
256,267,10
256,267,10
256,267,10
256,267,10
256,267,10
256,267,10
256,267,10
256,267,10
256,267,10
256,267,10
256,267,10
256,267,10
256,251,10
256,251,10
256,251,10
256,251,10
256,251,10
256,251,10
256,251,10
256,251,10
256,251,10
256,251,10
256,251,10
256,251,10
256,251,10
256,263,10
256,263,10
256,263,10
256,263,10
256,263,10
256,263,10
256,263,10
256,263,10
256,248,10
256,248,10
256,248,10
256,248,10
256,248,10
256,248,10
256,248,10
256,248,10
256,248,10
256,240,10
256,240,10
256,240,10
256,240,10
256,240,10
256,240,10
256,240,10
256,240,10
256,240,10
256,240,10
256,240,10
256,240,10
256,240,10
256,240,10
256,240,10
256,240,10
256,240,10
256,240,10
256,240,10
256,240,10
256,240,10
256,240,10
256,240,10
256,240,10
256,240,10
256,240,10
256,240,10
256,240,10
256,240,10
256,240,10
256,240,10
256,240,10
256,261,10
256,261,10
256,261,10
256,261,10
256,261,10
256,261,10
256,261,10
256,261,10
256,261,10
256,261,10
256,261,10
256,261,10
256,261,10
256,261,10
256,261,10
256,261,10
256,261,10
256,261,10
256,261,10
256,261,10
256,261,10
256,261,10
256,261,10
256,261,10
256,261,10
256,261,10
256,261,10
256,261,10
256,261,10
256,261,10
256,261,10
256,261,10
256,261,10
256,261,10
256,261,10
256,261,10
256,261,10
256,261,10
276,263,10
276,263,10
276,263,10
276,263,10
276,263,10
276,263,10
276,289,10
276,289,10
276,289,10
276,289,10
276,289,10
276,289,10
276,289,10
276,290,10
276,290,10
276,290,10
276,290,10
276,290,10
276,290,10
276,290,10
276,290,10
276,290,10
276,290,10
276,290,10
276,290,10
276,290,10
276,290,10
276,290,10
276,290,10
276,290,10
276,290,10
276,290,10
276,290,10
276,290,10
276,290,10
276,290,10
276,290,10
276,290,10
276,290,10
276,290,10
276,290,10
276,290,10
276,290,10
276,290,10
276,290,10
276,269,10
276,269,10
276,269,10
276,269,10
276,269,10
276,269,10
276,269,10
276,269,10
276,271,10
276,271,10
276,271,10
276,271,10
276,271,10
276,271,10
276,271,10
276,271,10
276,271,10
276,271,10
276,271,10
276,271,10
276,271,10
276,271,10
276,271,10
276,268,10
276,268,10
276,268,10
276,268,10
276,268,10
276,268,10
276,268,10
276,268,10
276,268,10
276,268,10
276,268,10
276,268,10
276,268,10
276,268,10
276,268,10
276,268,10
276,268,10
276,268,10
276,268,10
276,268,10
276,268,10
276,268,10
276,268,10
276,268,10
276,268,10
276,268,10
276,268,10
276,268,10
276,268,10
276,279,10
276,279,10
276,279,10
276,279,10
276,279,10
276,279,10
276,279,10
276,279,10
276,279,10
276,284,10
276,284,10
276,284,10
276,284,10
276,284,10
276,284,10
276,284,10
276,284,10
276,284,10
276,284,10
276,284,10
276,284,10
276,284,10
276,284,10
276,284,10
276,284,10
276,284,10
276,284,10
276,284,10
276,284,10
276,284,10
276,284,10
276,284,10
276,284,10
276,284,10
276,284,10
276,284,10
276,284,10
276,284,10
276,284,10
276,284,10
276,284,10
276,284,10
276,284,10
276,284,10
276,284,10
276,284,10
276,284,10
276,284,10
276,284,10
276,284,10
276,284,10
276,284,10
276,284,10
276,284,10
276,284,10
276,284,10
276,284,10
276,277,10
276,277,10
276,277,10
276,277,10
276,277,10
276,277,10
276,277,10
276,277,10
276,277,10
276,277,10
276,277,10
276,277,10
276,285,10
276,285,10
276,285,10
276,285,10
276,285,10
276,285,10
276,285,10
276,285,10
276,285,10
276,285,10
276,285,10
276,285,10
276,285,10
276,285,10
276,285,10
276,285,10
276,285,10
276,282,10
276,282,10
276,282,10
276,282,10
276,282,10
276,282,10
276,275,10
276,275,10
276,275,10
276,275,10
276,275,10
276,275,10
276,275,10
276,275,10
276,275,10
276,275,10
276,275,10
276,275,10
276,275,10
276,275,10
276,275,10
276,269,10
276,269,10
276,269,10
276,269,10
276,269,10
276,269,10
276,269,10
276,269,10
276,269,10
276,269,10
276,269,10
276,269,10
276,269,10
276,269,10
276,269,10
276,272,10
276,272,10
276,272,10
276,272,10
276,272,10
276,272,10
246,263,10
246,263,10
246,263,10
246,263,10
246,263,10
246,263,10
246,263,10
246,263,10
246,263,10
246,263,10
246,263,10
246,263,10
246,263,10
246,263,10
246,263,10
246,263,10
246,263,10
246,263,10
246,263,10
246,263,10
246,263,10
246,263,10
246,263,10
246,263,10
246,263,10
246,243,10
246,243,10
246,243,10
246,243,10
246,243,10
246,243,10
246,243,10
246,243,10
246,243,10
246,243,10
246,254,10
246,254,10
246,254,10
246,254,10
246,254,10
246,254,10
246,254,10
246,254,10
246,254,10
246,254,10
246,254,10
246,254,10
246,254,10
246,254,10
246,254,10
246,254,10
246,254,10
246,254,10
246,254,10
246,254,10
246,254,10
246,254,10
246,254,10
246,254,10
246,254,10
246,254,10
246,254,10
246,254,10
246,254,10
246,254,10
246,254,10
246,254,10
246,254,10
246,242,10
246,242,10
246,242,10
246,242,10
246,242,10
246,242,10
246,242,10
246,242,10
246,242,10
246,242,10
246,242,10
246,242,10
246,242,10
246,242,10
246,242,10
246,242,10
246,251,10
246,251,10
246,251,10
246,251,10
246,251,10
246,251,10
246,251,10
246,251,10
246,251,10
246,251,10
246,251,10
246,251,10
246,248,10
246,248,10
246,248,10
246,248,10
246,248,10
246,248,10
246,248,10
246,248,10
246,248,10
246,248,10
246,248,10
246,248,10
246,248,10
246,248,10
246,248,10
246,248,10
246,248,10
246,248,10
246,248,10
246,248,10
246,248,10
246,248,10
246,248,10
246,248,10
246,248,10
246,248,10
246,244,10
246,244,10
246,244,10
246,244,10
246,244,10
246,244,10
246,261,10
246,261,10
246,261,10
246,261,10
246,261,10
246,261,10
246,261,10
246,261,10
246,261,10
246,261,10
246,261,10
246,261,10
246,261,10
246,261,10
246,261,10
246,261,10
246,261,10
246,261,10
246,261,10
246,261,10
246,261,10
246,261,10
246,237,10
246,237,10
246,237,10
246,237,10
246,237,10
246,237,10
246,237,10
246,237,10
246,238,10
246,238,10
246,238,10
246,238,10
246,238,10
246,238,10
246,238,10
246,238,10
246,238,10
246,238,10
246,238,10
246,238,10
246,238,10
246,238,10
246,238,10
246,238,10
246,238,10
246,238,10
246,238,10
246,238,10
246,238,10
246,238,10
246,238,10
246,238,10
246,238,10
246,238,10
246,238,10
246,238,10
246,238,10
246,252,10
246,252,10
246,252,10
246,252,10
246,252,10
246,252,10
246,252,10
246,230,10
246,230,10
246,230,10
246,230,10
246,230,10
246,230,10
246,273,10
246,273,10
246,273,10
246,273,10
246,273,10
246,273,10
246,273,10
246,273,10
246,273,10
246,236,10
246,236,10
246,236,10
246,236,10
246,236,10
246,236,10
246,236,10
246,236,10
246,236,10
246,236,10
246,236,10
246,236,10
246,236,10
246,236,10
246,236,10
246,236,10
246,236,10
246,236,10
246,236,10
246,236,10
246,236,10
246,236,10
246,236,10
246,236,10
246,236,10
246,236,10
246,236,10
246,236,10
246,236,10
246,236,10
246,236,10
246,236,10
246,236,10
246,236,10
246,236,10
246,236,10
246,236,10
246,236,10
246,236,10
246,236,10
246,236,10
246,236,10
246,236,10
246,241,10
246,241,10
246,241,10
246,241,10
246,241,10
246,241,10
246,241,10
246,241,10
246,241,10
246,241,10
246,241,10
246,241,10
266,250,10
266,250,10
266,250,10
266,250,10
266,250,10
266,250,10
266,250,10
266,250,10
266,250,10
266,250,10
266,250,10
266,250,10
266,250,10
266,250,10
266,250,10
266,250,10
266,250,10
266,250,10
266,250,10
266,250,10
266,250,10
266,250,10
266,250,10
266,250,10
266,250,10
266,250,10
266,250,10
266,256,10
266,256,10
266,256,10
266,256,10
266,256,10
266,256,10
266,256,10
266,256,10
266,256,10
266,256,10
266,256,10
266,256,10
266,256,10
266,256,10
266,256,10
266,256,10
266,256,10
266,256,10
266,256,10
266,256,10
266,256,10
266,256,10
266,256,10
266,256,10
266,256,10
266,256,10
266,256,10
266,256,10
266,256,10
266,256,10
266,265,10
266,265,10
266,265,10
266,265,10
266,265,10
266,265,10
266,265,10
266,265,10
266,265,10
266,265,10
266,273,10
266,273,10
266,273,10
266,273,10
266,273,10
266,273,10
266,273,10
266,273,10
266,273,10
266,273,10
266,273,10
266,273,10
266,270,10
266,270,10
266,270,10
266,270,10
266,270,10
266,270,10
266,270,10
266,270,10
266,270,10
266,270,10
266,270,10
266,270,10
266,270,10
266,270,10
266,270,10
266,270,10
266,270,10
266,270,10
266,270,10
266,270,10
266,270,10
266,270,10
266,270,10
266,270,10
266,270,10
266,270,10
266,270,10
266,270,10
266,270,10
266,270,10
266,270,10
266,270,10
266,270,10
266,275,10
266,275,10
266,275,10
266,275,10
266,275,10
266,275,10
266,275,10
266,275,10
266,275,10
266,277,10
266,277,10
266,277,10
266,277,10
266,277,10
266,277,10
266,277,10
266,277,10
266,277,10
266,277,10
266,277,10
266,277,10
266,277,10
266,277,10
266,277,10
266,277,10
266,277,10
266,277,10
266,277,10
266,277,10
266,277,10
266,277,10
266,277,10
266,261,10
266,261,10
266,261,10
266,261,10
266,261,10
266,261,10
266,261,10
266,261,10
266,261,10
266,261,10
266,261,10
266,261,10
266,261,10
266,261,10
266,261,10
266,273,10
266,273,10
266,273,10
266,273,10
266,273,10
266,273,10
266,273,10
266,273,10
266,273,10
266,273,10
266,273,10
266,273,10
266,273,10
266,273,10
266,273,10
266,273,10
236,234,10
236,234,10
236,234,10
236,234,10
236,234,10
236,234,10
236,234,10
236,234,10
236,234,10
236,234,10
236,234,10
236,234,10
236,234,10
236,234,10
236,234,10
236,234,10
236,234,10
236,234,10
236,234,10
236,234,10
236,234,10
236,234,10
236,234,10
236,234,10
236,234,10
236,234,10
236,234,10
236,233,10
236,233,10
236,233,10
236,233,10
236,233,10
236,233,10
236,233,10
236,233,10
236,243,10
236,243,10
236,243,10
236,243,10
236,243,10
236,243,10
236,243,10
236,243,10
236,243,10
236,243,10
236,243,10
236,243,10
236,243,10
236,243,10
236,243,10
236,243,10
236,215,10
236,215,10
236,215,10
236,215,10
236,215,10
236,215,10
236,227,10
236,227,10
236,227,10
236,227,10
236,227,10
236,227,10
236,227,10
236,227,10
236,227,10
236,227,10
236,227,10
236,227,10
236,227,10
236,227,10
236,227,10
236,227,10
236,227,10
236,227,10
236,227,10
236,227,10
236,227,10
236,227,10
236,227,10
236,227,10
236,227,10
236,227,10
236,227,10
236,227,10
236,227,10
236,225,10
236,225,10
236,225,10
236,225,10
236,225,10
236,225,10
236,225,10
236,225,10
236,225,10
236,225,10
236,225,10
236,225,10
236,225,10
236,225,10
236,225,10
236,225,10
236,225,10
236,225,10
236,225,10
236,225,10
236,225,10
236,225,10
236,225,10
236,225,10
236,225,10
236,259,10
236,259,10
236,259,10
236,259,10
236,259,10
236,259,10
236,259,10
236,259,10
236,259,10
236,259,10
236,259,10
236,259,10
236,259,10
236,259,10
236,259,10
236,259,10
236,259,10
236,259,10
236,259,10
236,259,10
236,259,10
236,259,10
236,259,10
236,239,10
236,239,10
236,239,10
236,239,10
236,239,10
236,239,10
236,239,10
236,239,10
236,239,10
236,239,10
236,239,10
236,239,10
236,239,10
236,239,10
256,256,10
256,256,10
256,256,10
256,256,10
256,256,10
256,256,10
256,256,10
256,256,10
256,256,10
256,256,10
256,256,10
256,256,10
256,256,10
256,256,10
256,256,10
256,256,10
256,256,10
256,256,10
256,256,10
256,256,10
256,256,10
256,256,10
256,256,10
256,256,10
256,256,10
256,256,10
256,256,10
256,256,10
256,256,10
256,256,10
256,256,10
256,256,10
256,256,10
256,256,10
256,256,10
256,256,10
256,256,10
256,246,10
256,246,10
256,246,10
256,246,10
256,246,10
256,246,10
256,246,10
256,246,10
256,246,10
256,246,10
256,246,10
256,246,10
256,246,10
256,246,10
256,246,10
256,246,10
256,246,10
256,246,10
256,246,10
256,246,10
256,246,10
256,246,10
256,246,10
256,247,10
256,247,10
256,247,10
256,247,10
256,247,10
256,247,10
256,247,10
256,247,10
256,247,10
256,247,10
256,247,10
256,247,10
256,247,10
256,247,10
256,247,10
256,247,10
256,247,10
256,247,10
256,247,10
256,247,10
256,247,10
256,247,10
256,247,10
256,247,10
256,247,10
256,254,10
256,254,10
256,254,10
256,254,10
256,254,10
256,254,10
256,250,10
256,250,10
256,250,10
256,250,10
256,250,10
256,250,10
256,250,10
256,250,10
256,250,10
256,250,10
256,250,10
256,250,10
256,250,10
256,250,10
256,250,10
256,250,10
256,250,10
256,250,10
256,250,10
256,250,10
256,250,10
256,250,10
256,250,10
256,250,10
256,250,10
256,250,10
256,250,10
256,265,10
256,265,10
256,265,10
256,265,10
256,265,10
256,265,10
256,262,10
256,262,10
256,262,10
256,262,10
256,262,10
256,262,10
256,262,10
256,262,10
256,262,10
256,262,10
256,262,10
256,262,10
256,262,10
256,262,10
256,262,10
256,262,10
256,262,10
256,262,10
256,262,10
256,262,10
256,262,10
256,262,10
256,262,10
256,262,10
256,262,10
256,259,10
256,259,10
256,259,10
256,259,10
256,259,10
256,259,10
256,259,10
256,263,10
256,263,10
256,263,10
256,263,10
256,263,10
256,263,10
256,263,10
256,263,10
256,263,10
256,263,10
256,263,10
256,263,10
256,263,10
256,263,10
256,263,10
256,254,10
256,254,10
256,254,10
256,254,10
256,254,10
256,254,10
256,254,10
256,254,10
256,254,10
256,254,10
256,254,10
256,254,10
256,260,10
256,260,10
256,260,10
256,260,10
256,260,10
256,260,10
256,260,10
256,257,10
256,257,10
256,257,10
256,257,10
256,257,10
256,257,10
256,257,10
256,257,10
256,257,10
256,257,10
256,257,10
256,257,10
256,257,10
256,257,10
256,257,10
256,257,10
256,267,10
256,267,10
256,267,10
256,267,10
256,267,10
256,267,10
256,267,10
256,267,10
256,267,10
256,267,10
256,267,10
256,267,10
256,267,10
256,267,10
256,267,10
256,267,10
256,267,10
256,267,10
256,267,10
256,267,10
256,267,10
256,267,10
256,267,10
256,267,10
256,267,10
256,267,10
256,267,10
256,267,10
256,267,10
216,212,10
216,212,10
216,212,10
216,212,10
216,212,10
216,212,10
216,212,10
216,212,10
216,212,10
216,212,10
216,212,10
216,212,10
216,212,10
216,212,10
216,212,10
216,212,10
216,212,10
216,212,10
216,212,10
216,212,10
216,212,10
216,212,10
216,212,10
216,212,10
216,212,10
216,212,10
216,212,10
216,212,10
216,212,10
216,212,10
216,212,10
216,212,10
216,212,10
216,212,10
216,212,10
216,212,10
216,212,10
216,212,10
216,212,10
216,212,10
216,212,10
216,212,10
216,212,10
216,219,10
216,219,10
216,219,10
216,219,10
216,219,10
216,219,10
216,219,10
216,219,10
216,219,10
216,219,10
216,219,10
216,219,10
216,219,10
216,219,10
216,219,10
216,219,10
216,219,10
216,219,10
216,219,10
216,219,10
216,219,10
216,219,10
216,214,10
216,214,10
216,214,10
216,214,10
216,214,10
216,214,10
216,214,10
216,214,10
216,214,10
216,214,10
216,214,10
216,214,10
216,214,10
216,214,10
216,214,10
216,214,10
216,214,10
216,214,10
216,214,10
216,214,10
216,214,10
216,214,10
216,214,10
216,214,10
216,214,10
216,214,10
216,214,10
216,214,10
216,214,10
216,214,10
216,214,10
216,214,10
216,214,10
216,214,10
216,214,10
216,214,10
216,214,10
216,214,10
216,214,10
216,214,10
216,214,10
216,214,10
216,214,10
216,214,10
216,214,10
216,214,10
216,214,10
216,214,10
216,214,10
216,214,10
216,232,10
216,232,10
216,232,10
216,232,10
216,232,10
216,232,10
216,216,10
216,216,10
216,216,10
216,216,10
216,216,10
216,216,10
216,216,10
216,216,10
216,216,10
216,216,10
216,216,10
216,230,10
216,230,10
216,230,10
216,230,10
216,230,10
216,230,10
216,230,10
216,230,10
216,221,10
216,221,10
216,221,10
216,221,10
216,221,10
216,221,10
216,221,10
216,221,10
216,221,10
216,221,10
216,221,10
216,221,10
216,221,10
216,221,10
216,221,10
216,221,10
216,221,10
216,221,10
216,221,10
216,221,10
216,221,10
216,221,10
216,221,10
216,221,10
216,221,10
216,221,10
216,221,10
216,221,10
216,234,10
216,234,10
216,234,10
216,234,10
216,234,10
216,234,10
216,234,10
216,234,10
216,234,10
216,234,10
216,234,10
216,234,10
216,234,10
216,218,10
216,218,10
216,218,10
216,218,10
216,218,10
216,218,10
216,218,10
216,218,10
216,218,10
216,218,10
216,218,10
216,218,10
216,218,10
216,218,10
216,218,10
216,218,10
216,218,10
216,218,10
216,222,10
216,222,10
216,222,10
216,222,10
216,222,10
216,222,10
216,222,10
216,222,10
216,222,10
216,222,10
216,222,10
216,222,10
216,222,10
216,225,10
216,225,10
216,225,10
216,225,10
216,225,10
216,225,10
216,225,10
216,225,10
216,225,10
216,225,10
216,225,10
216,225,10
216,225,10
216,225,10
216,225,10
216,225,10
216,225,10
216,225,10
216,225,10
216,225,10
216,225,10
216,225,10
216,225,10
216,225,10
216,225,10
216,225,10
216,225,10
216,225,10
216,225,10
216,225,10
216,225,10
216,225,10
216,225,10
216,225,10
216,225,10
216,225,10
216,225,10
216,225,10
176,158,10
176,158,10
176,158,10
176,158,10
176,158,10
176,158,10
176,158,10
176,158,10
176,173,10
176,173,10
176,173,10
176,173,10
176,173,10
176,173,10
176,173,10
176,173,10
176,173,10
176,173,10
176,173,10
176,173,10
176,173,10
176,173,10
176,173,10
176,173,10
176,173,10
176,173,10
176,173,10
176,173,10
176,177,10
176,177,10
176,177,10
176,177,10
176,177,10
176,177,10
176,177,10
176,177,10
176,177,10
176,174,10
176,174,10
176,174,10
176,174,10
176,174,10
176,174,10
176,186,10
176,186,10
176,186,10
176,186,10
176,186,10
176,186,10
176,186,10
176,186,10
176,186,10
176,186,10
176,186,10
176,186,10
176,186,10
176,186,10
176,186,10
176,186,10
176,186,10
176,186,10
176,186,10
176,186,10
176,186,10
176,186,10
176,179,10
176,179,10
176,179,10
176,179,10
176,179,10
176,179,10
176,179,10
176,179,10
176,179,10
176,179,10
176,179,10
176,179,10
176,179,10
176,179,10
176,179,10
176,179,10
176,179,10
176,179,10
176,179,10
176,182,10
176,182,10
176,182,10
176,182,10
176,182,10
176,182,10
176,182,10
176,182,10
176,182,10
176,182,10
176,182,10
176,182,10
176,182,10
176,182,10
176,182,10
176,182,10
176,182,10
176,182,10
176,182,10
176,182,10
176,182,10
176,182,10
176,182,10
176,182,10
176,182,10
176,182,10
176,182,10
176,182,10
176,182,10
176,182,10
176,182,10
176,182,10
176,182,10
176,182,10
176,162,10
176,162,10
176,162,10
176,162,10
176,162,10
176,162,10
176,162,10
176,162,10
176,162,10
176,162,10
176,162,10
176,162,10
176,162,10
176,162,10
176,162,10
176,162,10
176,162,10
176,162,10
176,162,10
176,162,10
176,162,10
176,162,10
176,162,10
176,162,10
176,162,10
176,162,10
176,162,10
176,162,10
176,162,10
176,162,10
176,181,10
176,181,10
176,181,10
176,181,10
176,181,10
176,181,10
176,181,10
176,181,10
176,181,10
176,181,10
176,181,10
176,181,10
176,181,10
176,181,10
176,181,10
176,181,10
176,181,10
176,181,10
176,181,10
176,181,10
176,181,10
176,181,10
176,181,10
176,181,10
176,181,10
176,181,10
176,181,10
176,181,10
176,181,10
176,181,10
176,181,10
176,181,10
176,181,10
176,181,10
176,181,10
176,181,10
176,181,10
176,181,10
176,181,10
176,181,10
176,181,10
176,181,10
176,181,10
176,181,10
176,181,10
176,181,10
176,181,10
176,186,10
176,186,10
176,186,10
176,186,10
176,186,10
176,186,10
176,186,10
176,186,10
176,186,10
176,186,10
176,186,10
176,186,10
176,186,10
176,186,10
176,186,10
176,186,10
176,186,10
176,186,10
176,186,10
176,186,10
176,186,10
176,186,10
176,186,10
176,186,10
176,186,10
176,186,10
176,186,10
176,186,10
176,186,10
176,186,10
176,186,10
176,186,10
176,186,10
176,186,10
176,186,10
176,186,10
176,167,10
176,167,10
176,167,10
176,167,10
176,167,10
176,167,10
176,174,10
176,174,10
176,174,10
176,174,10
176,174,10
176,174,10
176,174,10
176,174,10
176,174,10
176,174,10
176,174,10
176,174,10
176,174,10
176,174,10
176,174,10
176,174,10
176,174,10
176,174,10
176,174,10
176,174,10
176,174,10
176,174,10
176,174,10
176,174,10
176,174,10
176,174,10
176,174,10
176,174,10
176,174,10
176,174,10
176,174,10
176,174,10
176,174,10
176,174,10
176,174,10
176,174,10
176,174,10
176,174,10
176,174,10
176,174,10
176,174,10
176,174,10
176,170,10
176,170,10
176,170,10
176,170,10
176,170,10
176,170,10
176,170,10
176,170,10
176,170,10
176,170,10
176,170,10
176,170,10
176,170,10
176,170,10
176,170,10
176,170,10
176,170,10
176,170,10
176,170,10
176,170,10
176,170,10
176,170,10
176,170,10
176,170,10
176,170,10
176,170,10
176,170,10
176,170,10
176,170,10
176,170,10
176,170,10
196,173,10
196,173,10
196,173,10
196,173,10
196,173,10
196,173,10
196,173,10
196,173,10
196,173,10
196,173,10
196,173,10
196,173,10
196,173,10
196,173,10
196,173,10
196,173,10
196,173,10
196,173,10
196,173,10
196,173,10
196,173,10
196,173,10
196,173,10
196,173,10
196,173,10
196,173,10
196,173,10
196,173,10
196,173,10
196,211,10
196,211,10
196,211,10
196,211,10
196,211,10
196,211,10
196,211,10
196,211,10
196,211,10
196,211,10
196,211,10
196,192,10
196,192,10
196,192,10
196,192,10
196,192,10
196,192,10
196,192,10
196,192,10
196,192,10
196,192,10
196,192,10
196,192,10
196,192,10
196,192,10
196,192,10
196,192,10
196,192,10
196,192,10
196,192,10
196,192,10
196,192,10
196,192,10
196,192,10
196,192,10
196,192,10
196,192,10
196,192,10
196,192,10
196,192,10
196,192,10
196,192,10
196,192,10
196,192,10
196,192,10
196,192,10
196,192,10
196,192,10
196,192,10
196,192,10
196,192,10
196,192,10
196,192,10
196,192,10
196,192,10
196,192,10
196,192,10
196,192,10
196,192,10
196,192,10
196,192,10
196,192,10
196,192,10
196,192,10
196,192,10
196,192,10
196,192,10
196,192,10
196,192,10
196,191,10
196,191,10
196,191,10
196,191,10
196,191,10
196,191,10
196,185,10
196,185,10
196,185,10
196,185,10
196,185,10
196,185,10
196,185,10
196,185,10
196,185,10
196,185,10
196,185,10
196,185,10
196,185,10
196,185,10
196,185,10
196,185,10
196,185,10
196,185,10
196,185,10
196,185,10
196,185,10
196,185,10
196,185,10
196,185,10
196,185,10
196,185,10
196,185,10
196,185,10
196,185,10
196,185,10
196,185,10
196,185,10
196,185,10
196,185,10
196,185,10
196,185,10
196,185,10
196,185,10
196,185,10
196,185,10
196,185,10
196,185,10
196,185,10
196,185,10
196,195,10
196,195,10
196,195,10
196,195,10
196,195,10
196,195,10
196,195,10
196,195,10
196,195,10
196,195,10
196,195,10
196,195,10
196,195,10
196,195,10
196,195,10
196,195,10
196,201,10
196,201,10
196,201,10
196,201,10
196,201,10
196,201,10
196,201,10
196,201,10
196,201,10
196,201,10
196,201,10
196,201,10
196,201,10
196,201,10
196,201,10
196,201,10
196,201,10
196,201,10
196,201,10
196,201,10
196,201,10
196,201,10
196,201,10
196,201,10
196,201,10
196,201,10
196,201,10
196,201,10
196,201,10
196,201,10
196,201,10
196,201,10
196,201,10
196,201,10
196,201,10
196,201,10
196,201,10
196,201,10
196,201,10
196,192,10
196,192,10
196,192,10
196,192,10
196,192,10
196,192,10
196,192,10
196,192,10
196,192,10
196,192,10
196,187,10
196,187,10
196,187,10
196,187,10
196,187,10
196,187,10
196,187,10
196,187,10
196,187,10
196,187,10
196,187,10
196,187,10
196,187,10
196,187,10
196,187,10
196,187,10
196,187,10
196,187,10
196,187,10
196,187,10
196,187,10
196,187,10
196,187,10
196,187,10
196,187,10
196,187,10
196,187,10
196,187,10
196,187,10
196,199,10
196,199,10
196,199,10
196,199,10
196,199,10
196,199,10
196,199,10
196,199,10
196,199,10
196,199,10
196,199,10
196,199,10
196,199,10
196,194,10
196,194,10
196,194,10
196,194,10
196,194,10
196,194,10
196,194,10
196,194,10
176,172,10
176,172,10
176,172,10
176,172,10
176,172,10
176,172,10
176,172,10
176,172,10
176,172,10
176,172,10
176,172,10
176,176,10
176,176,10
176,176,10
176,176,10
176,176,10
176,176,10
176,176,10
176,176,10
176,176,10
176,176,10
176,176,10
176,176,10
176,176,10
176,176,10
176,176,10
176,176,10
176,176,10
176,176,10
176,176,10
176,176,10
176,176,10
176,176,10
176,176,10
176,176,10
176,176,10
176,176,10
176,176,10
176,176,10
176,176,10
176,176,10
176,176,10
176,176,10
176,176,10
176,176,10
176,176,10
176,176,10
176,176,10
176,176,10
176,176,10
176,176,10
176,176,10
176,176,10
176,176,10
176,176,10
176,176,10
176,176,10
176,176,10
176,176,10
176,176,10
176,176,10
176,176,10
176,176,10
176,176,10
176,176,10
176,176,10
176,176,10
176,176,10
176,176,10
176,176,10
176,177,10
176,177,10
176,177,10
176,177,10
176,177,10
176,177,10
176,177,10
176,177,10
176,177,10
176,177,10
176,177,10
176,177,10
176,177,10
176,177,10
176,177,10
176,177,10
176,177,10
176,177,10
176,177,10
176,177,10
176,177,10
176,177,10
176,177,10
176,177,10
176,177,10
176,177,10
176,177,10
176,177,10
176,177,10
176,177,10
176,177,10
176,177,10
176,177,10
176,177,10
176,177,10
176,177,10
176,177,10
176,177,10
176,177,10
176,177,10
176,177,10
176,177,10
176,177,10
176,177,10
176,177,10
176,177,10
176,177,10
176,177,10
176,177,10
176,177,10
176,177,10
176,177,10
176,177,10
176,175,10
176,175,10
176,175,10
176,175,10
176,175,10
176,175,10
176,175,10
176,175,10
176,175,10
176,175,10
176,175,10
176,175,10
176,175,10
176,175,10
176,175,10
176,175,10
176,175,10
176,175,10
176,175,10
176,175,10
176,175,10
176,175,10
176,175,10
176,175,10
176,175,10
176,175,10
176,175,10
176,157,10
176,157,10
176,157,10
176,157,10
176,157,10
176,157,10
176,157,10
176,157,10
176,157,10
176,157,10
136,144,10
136,144,10
136,144,10
136,144,10
136,144,10
136,144,10
136,144,10
136,144,10
136,144,10
136,144,10
136,144,10
136,144,10
136,144,10
136,144,10
136,144,10
136,144,10
136,144,10
136,122,10
136,122,10
136,122,10
136,122,10
136,122,10
136,122,10
136,138,10
136,138,10
136,138,10
136,138,10
136,138,10
136,138,10
136,138,10
136,138,10
136,138,10
136,138,10
136,138,10
136,138,10
136,138,10
136,138,10
136,138,10
136,138,10
136,138,10
136,138,10
136,138,10
136,138,10
136,132,10
136,132,10
136,132,10
136,132,10
136,132,10
136,132,10
136,132,10
136,132,10
136,132,10
136,132,10
136,132,10
136,132,10
136,132,10
136,132,10
136,132,10
136,132,10
136,132,10
136,132,10
136,132,10
136,132,10
136,132,10
136,132,10
136,140,10
136,140,10
136,140,10
136,140,10
136,140,10
136,140,10
136,140,10
136,140,10
136,140,10
136,154,10
136,154,10
136,154,10
136,154,10
136,154,10
136,154,10
136,154,10
136,154,10
136,142,10
136,142,10
136,142,10
136,142,10
136,142,10
136,142,10
136,142,10
136,142,10
136,142,10
136,142,10
136,142,10
136,142,10
136,142,10
136,142,10
136,142,10
136,142,10
136,142,10
136,142,10
136,142,10
136,142,10
136,142,10
136,142,10
136,142,10
136,142,10
136,142,10
136,142,10
136,142,10
136,142,10
136,142,10
136,142,10
136,142,10
136,142,10
136,142,10
136,142,10
136,142,10
136,142,10
136,142,10
136,142,10
136,142,10
136,142,10
136,142,10
136,142,10
136,142,10
136,142,10
136,142,10
136,142,10
136,142,10
136,151,10
136,151,10
136,151,10
136,151,10
136,151,10
136,151,10
136,151,10
136,151,10
136,151,10
136,151,10
136,151,10
136,151,10
136,151,10
136,151,10
136,151,10
136,151,10
136,145,10
136,145,10
136,145,10
136,145,10
136,145,10
136,145,10
136,145,10
136,145,10
136,145,10
136,145,10
136,145,10
136,145,10
136,145,10
136,145,10
136,145,10
136,145,10
136,145,10
136,145,10
136,145,10
136,145,10
136,145,10
136,145,10
136,145,10
136,145,10
136,145,10
136,145,10
136,145,10
136,145,10
136,145,10
136,145,10
136,145,10
136,145,10
136,145,10
136,145,10
136,145,10
136,145,10
136,145,10
136,145,10
136,145,10
136,145,10
136,145,10
136,145,10
136,145,10
136,145,10
136,145,10
136,145,10
136,145,10
136,132,10
136,132,10
136,132,10
136,132,10
136,132,10
136,132,10
136,132,10
136,132,10
136,132,10
136,132,10
136,132,10
136,132,10
136,132,10
136,132,10
136,132,10
136,132,10
136,132,10
136,132,10
136,132,10
136,132,10
136,132,10
136,132,10
136,132,10
136,132,10
136,132,10
136,132,10
136,132,10
136,132,10
136,132,10
136,132,10
136,132,10
136,132,10
136,132,10
136,132,10
136,132,10
136,132,10
136,132,10
136,132,10
136,132,10
136,132,10
136,132,10
136,132,10
136,132,10
136,132,10
136,132,10
136,132,10
136,132,10
136,132,10
136,132,10
136,132,10
136,132,10
136,132,10
136,132,10
136,132,10
136,132,10
136,132,10
136,132,10
136,132,10
136,132,10
136,132,10
136,129,10
136,129,10
136,129,10
136,129,10
136,129,10
136,129,10
136,129,10
136,129,10
136,129,10
136,129,10
136,129,10
136,129,10
136,120,10
136,120,10
136,120,10
136,120,10
136,120,10
136,120,10
136,120,10
136,145,10
136,145,10
136,145,10
136,145,10
136,145,10
136,145,10
136,145,10
136,145,10
136,145,10
136,145,10
136,114,10
136,114,10
136,114,10
136,114,10
136,114,10
136,114,10
136,136,10
136,136,10
136,136,10
136,136,10
136,136,10
136,136,10
136,136,10
136,136,10
136,136,10
136,136,10
136,136,10
136,136,10
136,136,10
136,136,10
136,136,10
136,136,10
136,136,10
136,136,10
136,136,10
136,136,10
136,136,10
136,136,10
136,136,10
136,136,10
136,136,10
136,136,10
136,136,10
136,136,10
136,136,10
136,136,10
136,136,10
136,136,10
136,136,10
136,136,10
136,136,10
136,136,10
136,136,10
136,136,10
136,136,10
136,136,10
136,136,10
136,136,10
136,136,10
136,136,10
136,136,10
136,136,10
136,136,10
136,136,10
136,136,10
136,136,10
136,136,10
136,136,10
136,136,10
136,136,10
136,137,10
136,137,10
136,137,10
136,137,10
136,137,10
136,137,10
136,137,10
136,137,10
136,137,10
136,137,10
136,137,10
166,164,10
166,164,10
166,164,10
166,164,10
166,164,10
166,164,10
166,164,10
166,164,10
166,164,10
166,164,10
166,164,10
166,164,10
166,164,10
166,164,10
166,164,10
166,164,10
166,164,10
166,164,10
166,164,10
166,164,10
166,183,10
166,183,10
166,183,10
166,183,10
166,183,10
166,183,10
166,183,10
166,183,10
166,183,10
166,183,10
166,183,10
166,183,10
166,183,10
166,183,10
166,183,10
166,183,10
166,183,10
166,183,10
166,183,10
166,183,10
166,183,10
166,156,10
166,156,10
166,156,10
166,156,10
166,156,10
166,156,10
166,156,10
166,156,10
166,156,10
166,156,10
166,156,10
166,156,10
166,156,10
166,156,10
166,156,10
166,156,10
166,156,10
166,156,10
166,156,10
166,156,10
166,156,10
166,156,10
166,156,10
166,156,10
166,156,10
166,156,10
166,156,10
166,156,10
166,156,10
166,156,10
166,156,10
166,156,10
166,156,10
166,166,10
166,166,10
166,166,10
166,166,10
166,166,10
166,166,10
166,166,10
166,166,10
166,166,10
166,166,10
166,166,10
166,166,10
166,166,10
166,166,10
166,166,10
166,166,10
166,166,10
166,165,10
166,165,10
166,165,10
166,165,10
166,165,10
166,165,10
166,165,10
166,165,10
166,165,10
166,165,10
166,165,10
166,165,10
166,165,10
166,165,10
166,165,10
166,165,10
166,165,10
166,169,10
166,169,10
166,169,10
166,169,10
166,169,10
166,169,10
166,173,10
166,173,10
166,173,10
166,173,10
166,173,10
166,173,10
166,173,10
166,173,10
166,173,10
166,173,10
166,173,10
166,173,10
166,173,10
166,173,10
166,173,10
166,173,10
166,173,10
166,173,10
166,173,10
166,173,10
166,173,10
166,173,10
166,173,10
166,173,10
166,173,10
126,129,10
126,129,10
126,129,10
126,129,10
126,129,10
126,129,10
126,129,10
126,129,10
126,129,10
126,129,10
126,129,10
126,129,10
126,129,10
126,129,10
126,129,10
126,129,10
126,129,10
126,129,10
126,129,10
126,129,10
126,129,10
126,129,10
126,129,10
126,129,10
126,129,10
126,129,10
126,129,10
126,129,10
126,129,10
126,129,10
126,125,10
126,125,10
126,125,10
126,125,10
126,125,10
126,125,10
126,125,10
126,125,10
126,125,10
126,125,10
126,125,10
126,125,10
126,125,10
126,125,10
126,125,10
126,125,10
126,125,10
126,125,10
126,125,10
126,125,10
126,125,10
126,125,10
126,125,10
126,125,10
126,125,10
126,125,10
126,125,10
126,125,10
126,125,10
126,125,10
126,125,10
126,125,10
126,125,10
126,125,10
126,125,10
126,125,10
126,125,10
126,125,10
126,125,10
126,125,10
126,125,10
126,125,10
126,125,10
126,112,10
126,112,10
126,112,10
126,112,10
126,112,10
126,112,10
126,112,10
126,112,10
126,116,10
126,116,10
126,116,10
126,116,10
126,116,10
126,116,10
126,116,10
126,116,10
126,100,10
126,100,10
126,100,10
126,100,10
126,100,10
126,100,10
126,100,10
126,100,10
126,100,10
126,100,10
126,100,10
126,100,10
126,100,10
126,100,10
126,100,10
126,100,10
126,100,10
126,100,10
126,100,10
126,100,10
126,100,10
126,100,10
126,100,10
126,100,10
126,100,10
126,100,10
126,100,10
126,100,10
126,100,10
126,100,10
126,100,10
126,100,10
126,128,10
126,128,10
126,128,10
126,128,10
126,128,10
126,128,10
126,128,10
126,128,10
126,128,10
126,128,10
126,128,10
126,128,10
126,128,10
126,128,10
126,128,10
126,128,10
126,128,10
126,128,10
126,128,10
126,128,10
126,128,10
126,128,10
126,128,10
126,128,10
126,128,10
126,128,10
126,128,10
126,128,10
126,128,10
126,128,10
126,128,10
126,128,10
126,128,10
126,128,10
126,128,10
126,128,10
126,128,10
126,128,10
126,128,10
126,128,10
126,128,10
126,128,10
