true_pos,obs_pos,true_var
354,337,20
354,337,20
354,337,20
354,337,20
354,337,20
354,337,20
354,337,20
354,337,20
354,337,20
354,337,20
354,337,20
354,337,20
354,337,20
354,337,20
354,337,20
354,337,20
354,337,20
354,337,20
354,337,20
354,337,20
354,337,20
354,337,20
354,337,20
354,337,20
354,337,20
354,337,20
354,337,20
354,331,20
354,331,20
354,331,20
354,331,20
354,331,20
354,331,20
354,331,20
354,331,20
354,331,20
354,331,20
354,331,20
354,331,20
354,331,20
354,331,20
354,331,20
354,350,20
354,350,20
354,350,20
354,350,20
354,350,20
354,350,20
354,350,20
354,350,20
354,350,20
354,350,20
354,350,20
354,350,20
354,350,20
354,350,20
354,350,20
354,350,20
354,350,20
354,350,20
354,350,20
354,350,20
354,350,20
354,350,20
354,350,20
354,350,20
354,350,20
354,350,20
354,350,20
354,350,20
354,350,20
354,350,20
354,350,20
354,350,20
354,350,20
354,350,20
354,14,20
354,14,20
354,14,20
354,14,20
354,14,20
354,14,20
354,14,20
354,14,20
354,14,20
354,14,20
354,14,20
354,14,20
354,14,20
354,36,20
354,36,20
354,36,20
354,36,20
354,36,20
354,36,20
354,1,20
354,1,20
354,1,20
354,1,20
354,1,20
354,1,20
354,1,20
354,1,20
354,1,20
354,1,20
354,1,20
354,1,20
354,1,20
354,1,20
354,1,20
354,1,20
354,1,20
354,1,20
354,1,20
354,1,20
354,1,20
354,1,20
354,1,20
354,1,20
354,1,20
354,1,20
354,1,20
354,1,20
354,1,20
354,1,20
354,1,20
354,1,20
354,1,20
354,357,20
354,357,20
354,357,20
354,357,20
354,357,20
354,357,20
354,357,20
354,357,20
354,357,20
354,357,20
354,28,20
354,28,20
354,28,20
354,28,20
354,28,20
354,28,20
354,28,20
354,28,20
354,28,20
354,21,20
354,21,20
354,21,20
354,21,20
354,21,20
354,21,20
354,21,20
354,21,20
354,21,20
354,21,20
354,21,20
354,21,20
354,21,20
354,346,20
354,346,20
354,346,20
354,346,20
354,346,20
354,346,20
354,346,20
354,346,20
354,346,20
354,346,20
354,346,20
354,346,20
354,346,20
354,346,20
354,346,20
354,346,20
354,346,20
354,346,20
354,346,20
354,346,20
354,346,20
354,346,20
354,346,20
354,346,20
354,346,20
354,346,20
354,346,20
354,346,20
354,346,20
354,346,20
354,346,20
354,346,20
354,346,20
354,346,20
354,346,20
354,346,20
354,346,20
354,346,20
354,7,20
354,7,20
354,7,20
354,7,20
354,7,20
354,7,20
354,7,20
354,7,20
354,7,20
354,7,20
354,7,20
354,7,20
354,7,20
354,7,20
354,7,20
354,340,20
354,340,20
354,340,20
354,340,20
354,340,20
354,340,20
354,340,20
354,340,20
354,340,20
354,340,20
354,340,20
354,340,20
354,340,20
354,340,20
354,340,20
354,335,20
354,335,20
354,335,20
354,335,20
354,335,20
354,335,20
354,335,20
354,335,20
354,335,20
354,335,20
354,335,20
354,335,20
354,335,20
354,335,20
354,335,20
354,335,20
354,335,20
354,335,20
354,335,20
354,335,20
354,335,20
354,335,20
354,335,20
354,335,20
354,335,20
354,335,20
354,335,20
354,335,20
354,335,20
354,335,20
354,335,20
354,335,20
354,335,20
354,335,20
354,335,20
354,335,20
354,335,20
354,335,20
354,335,20
354,329,20
354,329,20
354,329,20
354,329,20
354,329,20
354,329,20
354,329,20
354,329,20
354,329,20
354,329,20
354,329,20
354,329,20
354,329,20
354,329,20
354,329,20
354,329,20
354,329,20
354,329,20
354,329,20
354,329,20
354,329,20
354,329,20
354,329,20
354,329,20
354,329,20
354,329,20
354,329,20
354,329,20
354,329,20
354,329,20
354,329,20
354,329,20
354,329,20
354,329,20
354,329,20
354,329,20
354,329,20
354,329,20
354,329,20
354,329,20
354,329,20
354,329,20
354,329,20
354,329,20
354,329,20
354,329,20
354,329,20
354,329,20
354,352,20
354,352,20
354,352,20
354,352,20
354,352,20
354,352,20
354,16,20
354,16,20
354,16,20
354,16,20
354,16,20
354,16,20
354,16,20
354,16,20
354,16,20
354,16,20
354,16,20
354,16,20
354,16,20
354,16,20
354,16,20
354,16,20
354,16,20
354,16,20
354,16,20
354,16,20
354,16,20
354,16,20
354,16,20
354,16,20
354,16,20
354,16,20
354,16,20
354,16,20
354,16,20
354,16,20
354,16,20
354,16,20
354,16,20
354,16,20
354,16,20
354,16,20
354,16,20
354,16,20
354,16,20
354,16,20
354,16,20
354,16,20
354,16,20
354,16,20
354,16,20
354,16,20
354,16,20
354,15,20
354,15,20
354,15,20
354,15,20
354,15,20
354,15,20
354,347,20
354,347,20
354,347,20
354,347,20
354,347,20
354,347,20
354,347,20
354,347,20
354,347,20
354,347,20
354,347,20
354,347,20
354,347,20
354,347,20
354,347,20
354,347,20
354,347,20
354,347,20
354,347,20
354,347,20
354,347,20
354,347,20
354,347,20
354,347,20
354,347,20
354,347,20
354,347,20
354,347,20
354,338,20
354,338,20
354,338,20
354,338,20
354,338,20
354,338,20
354,11,20
354,11,20
354,11,20
354,11,20
354,11,20
354,11,20
354,11,20
354,11,20
354,8,20
354,8,20
354,8,20
354,8,20
354,8,20
354,8,20
354,8,20
354,8,20
354,8,20
354,8,20
354,8,20
354,8,20
354,8,20
354,8,20
354,8,20
354,8,20
354,8,20
354,8,20
354,8,20
354,8,20
354,8,20
354,8,20
354,8,20
354,8,20
354,8,20
354,8,20
354,8,20
354,8,20
354,8,20
354,8,20
354,8,20
354,8,20
354,8,20
354,8,20
354,8,20
354,8,20
354,8,20
354,8,20
354,8,20
354,8,20
354,8,20
354,8,20
354,8,20
354,8,20
354,8,20
354,8,20
354,8,20
354,316,20
354,316,20
354,316,20
354,316,20
354,316,20
354,316,20
354,316,20
354,316,20
354,316,20
354,345,20
354,345,20
354,345,20
354,345,20
354,345,20
354,345,20
354,345,20
354,345,20
354,345,20
354,345,20
354,345,20
354,345,20
354,340,20
354,340,20
354,340,20
354,340,20
354,340,20
354,340,20
354,340,20
354,340,20
354,340,20
354,340,20
354,340,20
354,340,20
354,340,20
354,340,20
354,340,20
354,340,20
354,340,20
354,340,20
354,340,20
354,340,20
354,340,20
354,340,20
354,340,20
354,340,20
354,340,20
354,340,20
354,340,20
354,13,20
354,13,20
354,13,20
354,13,20
354,13,20
354,13,20
354,13,20
354,13,20
354,345,20
354,345,20
354,345,20
354,345,20
354,345,20
354,345,20
354,345,20
354,345,20
354,345,20
354,345,20
354,345,20
354,345,20
354,345,20
354,345,20
354,345,20
354,345,20
354,345,20
354,345,20
354,345,20
354,345,20
354,345,20
354,345,20
354,345,20
354,345,20
354,345,20
354,345,20
354,345,20
354,345,20
354,345,20
354,345,20
354,345,20
354,345,20
354,345,20
354,345,20
354,345,20
354,345,20
354,345,20
354,345,20
354,345,20
354,345,20
354,345,20
354,345,20
354,345,20
354,345,20
354,27,20
354,27,20
354,27,20
354,27,20
354,27,20
354,27,20
354,27,20
354,27,20
354,27,20
354,27,20
354,27,20
354,27,20
354,27,20
354,27,20
354,27,20
354,27,20
324,299,20
324,299,20
324,299,20
324,299,20
324,299,20
324,299,20
324,299,20
324,299,20
324,300,20
324,300,20
324,300,20
324,300,20
324,300,20
324,300,20
324,300,20
324,300,20
324,300,20
324,300,20
324,300,20
324,300,20
324,307,20
324,307,20
324,307,20
324,307,20
324,307,20
324,307,20
324,307,20
324,307,20
324,307,20
324,307,20
324,307,20
324,307,20
324,307,20
324,307,20
324,319,20
324,319,20
324,319,20
324,319,20
324,319,20
324,319,20
324,319,20
324,319,20
324,319,20
324,319,20
324,319,20
324,319,20
324,319,20
324,319,20
324,319,20
324,319,20
324,319,20
324,319,20
324,319,20
324,319,20
324,319,20
324,319,20
324,319,20
324,319,20
324,319,20
324,319,20
324,319,20
324,319,20
324,319,20
324,319,20
324,319,20
324,319,20
324,319,20
324,319,20
324,319,20
324,319,20
324,319,20
324,319,20
324,302,20
324,302,20
324,302,20
324,302,20
324,302,20
324,302,20
324,302,20
324,302,20
324,302,20
324,302,20
324,302,20
324,302,20
324,316,20
324,316,20
324,316,20
324,316,20
324,316,20
324,316,20
324,316,20
324,316,20
324,316,20
324,316,20
324,316,20
324,316,20
324,316,20
324,316,20
324,316,20
324,316,20
324,316,20
324,316,20
324,30,20
324,30,20
324,30,20
324,30,20
324,30,20
324,30,20
324,30,20
324,30,20
324,30,20
324,30,20
324,30,20
324,30,20
324,30,20
324,30,20
324,30,20
324,30,20
324,30,20
324,30,20
324,30,20
324,30,20
324,30,20
324,30,20
324,30,20
324,30,20
324,30,20
324,30,20
324,30,20
324,30,20
324,30,20
324,30,20
324,30,20
324,329,20
324,329,20
324,329,20
324,329,20
324,329,20
324,329,20
324,329,20
324,329,20
324,329,20
324,329,20
324,329,20
324,329,20
324,329,20
324,329,20
324,329,20
324,329,20
324,329,20
324,329,20
324,329,20
324,329,20
324,329,20
324,329,20
324,329,20
324,329,20
324,329,20
324,329,20
324,284,20
324,284,20
324,284,20
324,284,20
324,284,20
324,284,20
324,284,20
324,284,20
324,284,20
324,284,20
324,284,20
324,284,20
324,284,20
324,284,20
324,284,20
324,284,20
324,284,20
324,284,20
324,284,20
324,284,20
324,284,20
324,284,20
324,284,20
324,284,20
324,284,20
324,284,20
324,284,20
324,284,20
324,284,20
324,284,20
324,284,20
324,284,20
324,284,20
324,284,20
324,284,20
324,284,20
324,284,20
324,284,20
324,345,20
324,345,20
324,345,20
324,345,20
324,345,20
324,345,20
324,345,20
324,345,20
324,345,20
324,345,20
324,345,20
324,345,20
324,345,20
324,345,20
324,345,20
324,345,20
324,345,20
324,345,20
324,345,20
324,345,20
324,345,20
324,345,20
324,337,20
324,337,20
324,337,20
324,337,20
324,337,20
324,337,20
324,337,20
324,337,20
324,337,20
324,337,20
324,337,20
324,337,20
324,337,20
324,337,20
324,337,20
324,337,20
324,337,20
324,337,20
324,337,20
324,337,20
324,337,20
324,337,20
324,337,20
324,337,20
324,337,20
324,337,20
324,337,20
324,337,20
324,337,20
324,337,20
324,337,20
324,337,20
324,337,20
324,337,20
324,337,20
324,337,20
324,337,20
324,337,20
324,337,20
324,337,20
324,337,20
324,337,20
324,337,20
324,337,20
324,337,20
324,337,20
324,337,20
324,305,20
324,305,20
324,305,20
324,305,20
324,305,20
324,305,20
324,305,20
324,305,20
324,305,20
324,305,20
324,305,20
324,305,20
324,332,20
324,332,20
324,332,20
324,332,20
324,332,20
324,332,20
324,332,20
324,332,20
324,332,20
324,332,20
324,332,20
324,332,20
324,332,20
324,332,20
324,332,20
324,332,20
324,332,20
324,332,20
324,332,20
324,332,20
324,332,20
324,332,20
324,325,20
324,325,20
324,325,20
324,325,20
324,325,20
324,325,20
324,325,20
324,325,20
324,325,20
324,325,20
324,325,20
324,344,20
324,344,20
324,344,20
324,344,20
324,344,20
324,344,20
324,344,20
324,344,20
324,344,20
324,344,20
324,344,20
324,344,20
324,344,20
324,344,20
324,344,20
324,344,20
324,344,20
324,328,20
324,328,20
324,328,20
324,328,20
324,328,20
324,328,20
324,328,20
324,317,20
324,317,20
324,317,20
324,317,20
324,317,20
324,317,20
324,343,20
324,343,20
324,343,20
324,343,20
324,343,20
324,343,20
324,343,20
324,343,20
324,343,20
324,343,20
324,343,20
324,343,20
324,343,20
324,343,20
324,343,20
324,343,20
324,343,20
324,343,20
324,343,20
324,343,20
324,343,20
324,343,20
324,343,20
324,343,20
324,343,20
324,343,20
324,343,20
324,343,20
324,343,20
324,343,20
324,343,20
324,343,20
324,343,20
324,343,20
324,343,20
324,343,20
324,318,20
324,318,20
324,318,20
324,318,20
324,318,20
324,318,20
324,318,20
324,318,20
324,318,20
324,318,20
324,318,20
324,318,20
324,318,20
324,318,20
324,318,20
324,318,20
324,318,20
324,318,20
324,318,20
324,318,20
324,318,20
324,318,20
324,318,20
324,318,20
324,318,20
324,3,20
324,3,20
324,3,20
324,3,20
324,3,20
324,3,20
324,3,20
324,3,20
324,3,20
324,3,20
324,315,20
324,315,20
324,315,20
324,315,20
324,315,20
324,315,20
324,315,20
324,315,20
324,315,20
324,315,20
324,315,20
324,351,20
324,351,20
324,351,20
324,351,20
324,351,20
324,351,20
324,351,20
324,351,20
324,301,20
324,301,20
324,301,20
324,301,20
324,301,20
324,301,20
324,301,20
324,301,20
324,301,20
324,301,20
324,301,20
324,301,20
324,301,20
324,330,20
324,330,20
324,330,20
324,330,20
324,330,20
324,330,20
324,330,20
324,330,20
324,330,20
324,330,20
324,330,20
324,330,20
324,330,20
324,330,20
324,330,20
324,330,20
324,330,20
324,330,20
324,333,20
324,333,20
324,333,20
324,333,20
324,333,20
324,333,20
324,333,20
324,333,20
324,10,20
324,10,20
324,10,20
324,10,20
324,10,20
324,10,20
324,10,20
324,10,20
324,10,20
324,10,20
324,10,20
324,10,20
324,10,20
324,10,20
324,10,20
324,10,20
324,10,20
324,10,20
324,10,20
324,10,20
324,10,20
324,10,20
324,10,20
324,10,20
324,10,20
324,10,20
324,10,20
324,10,20
324,293,20
324,293,20
324,293,20
324,293,20
324,293,20
324,293,20
324,293,20
324,293,20
324,344,20
324,344,20
324,344,20
324,344,20
324,344,20
324,344,20
324,344,20
324,344,20
324,344,20
324,344,20
324,344,20
324,344,20
324,344,20
324,344,20
324,344,20
324,344,20
324,344,20
324,344,20
324,344,20
324,336,20
324,336,20
324,336,20
324,336,20
324,336,20
324,336,20
324,336,20
324,336,20
324,336,20
324,336,20
324,336,20
324,336,20
324,336,20
324,336,20
324,336,20
324,336,20
324,336,20
324,336,20
324,336,20
324,336,20
324,336,20
324,336,20
324,336,20
324,336,20
324,336,20
324,336,20
324,336,20
324,336,20
324,315,20
324,315,20
324,315,20
324,315,20
324,315,20
324,315,20
324,315,20
324,315,20
324,315,20
324,315,20
324,315,20
324,315,20
4,354,20
4,354,20
4,354,20
4,354,20
4,354,20
4,354,20
4,354,20
4,354,20
4,354,20
4,354,20
4,354,20
4,354,20
4,354,20
4,354,20
4,354,20
4,354,20
4,354,20
4,354,20
4,354,20
4,354,20
4,354,20
4,354,20
4,354,20
4,354,20
4,354,20
4,354,20
4,354,20
4,354,20
4,354,20
4,354,20
4,354,20
4,28,20
4,28,20
4,28,20
4,28,20
4,28,20
4,28,20
4,28,20
4,28,20
4,28,20
4,28,20
4,28,20
4,343,20
4,343,20
4,343,20
4,343,20
4,343,20
4,343,20
4,343,20
4,343,20
4,343,20
4,343,20
4,343,20
4,343,20
4,343,20
4,343,20
4,343,20
4,343,20
4,343,20
4,343,20
4,343,20
4,343,20
4,343,20
4,343,20
4,343,20
4,343,20
4,343,20
4,343,20
4,343,20
4,15,20
4,15,20
4,15,20
4,15,20
4,15,20
4,15,20
4,15,20
4,15,20
4,15,20
4,15,20
4,15,20
4,15,20
4,31,20
4,31,20
4,31,20
4,31,20
4,31,20
4,31,20
4,31,20
4,31,20
4,31,20
4,23,20
4,23,20
4,23,20
4,23,20
4,23,20
4,23,20
4,344,20
4,344,20
4,344,20
4,344,20
4,344,20
4,344,20
4,344,20
4,344,20
4,344,20
4,344,20
4,344,20
4,344,20
4,344,20
4,344,20
4,344,20
4,344,20
4,344,20
4,344,20
4,344,20
4,344,20
4,344,20
4,344,20
4,344,20
4,344,20
4,344,20
4,344,20
4,344,20
4,24,20
4,24,20
4,24,20
4,24,20
4,24,20
4,24,20
4,24,20
4,24,20
4,24,20
4,24,20
4,24,20
4,24,20
4,24,20
4,24,20
4,24,20
4,24,20
4,24,20
4,24,20
4,15,20
4,15,20
4,15,20
4,15,20
4,15,20
4,15,20
4,15,20
4,15,20
4,15,20
4,15,20
4,15,20
4,15,20
4,15,20
4,15,20
4,15,20
4,15,20
4,15,20
4,15,20
4,15,20
4,15,20
4,337,20
4,337,20
4,337,20
4,337,20
4,337,20
4,337,20
4,357,20
4,357,20
4,357,20
4,357,20
4,357,20
4,357,20
4,357,20
4,358,20
4,358,20
4,358,20
4,358,20
4,358,20
4,358,20
4,358,20
4,358,20
4,358,20
4,358,20
4,358,20
4,358,20
4,358,20
4,1,20
4,1,20
4,1,20
4,1,20
4,1,20
4,1,20
4,1,20
4,1,20
4,1,20
4,1,20
4,1,20
4,1,20
4,1,20
4,1,20
4,1,20
4,1,20
4,1,20
4,1,20
4,1,20
4,1,20
4,1,20
4,1,20
4,1,20
4,1,20
4,1,20
4,1,20
4,39,20
4,39,20
4,39,20
4,39,20
4,39,20
4,39,20
4,39,20
4,39,20
4,39,20
4,39,20
4,39,20
4,39,20
4,39,20
4,348,20
4,348,20
4,348,20
4,348,20
4,348,20
4,348,20
4,348,20
4,348,20
4,348,20
4,348,20
4,348,20
4,348,20
4,348,20
4,348,20
4,348,20
4,348,20
4,348,20
4,350,20
4,350,20
4,350,20
4,350,20
4,350,20
4,350,20
4,350,20
4,350,20
4,350,20
4,350,20
4,350,20
4,350,20
4,350,20
4,350,20
4,350,20
4,350,20
4,350,20
4,350,20
4,350,20
4,350,20
4,350,20
4,350,20
4,350,20
4,350,20
4,350,20
4,350,20
4,350,20
4,350,20
4,350,20
4,350,20
4,350,20
4,350,20
4,343,20
4,343,20
4,343,20
4,343,20
4,343,20
4,343,20
4,343,20
4,343,20
4,343,20
4,343,20
4,343,20
4,343,20
4,343,20
4,343,20
4,343,20
4,343,20
4,343,20
4,342,20
4,342,20
4,342,20
4,342,20
4,342,20
4,342,20
4,342,20
4,342,20
4,342,20
4,342,20
4,342,20
4,342,20
4,3,20
4,3,20
4,3,20
4,3,20
4,3,20
4,3,20
4,3,20
4,3,20
4,3,20
4,3,20
4,3,20
4,3,20
4,3,20
4,3,20
4,3,20
4,3,20
4,3,20
4,339,20
4,339,20
4,339,20
4,339,20
4,339,20
4,339,20
4,339,20
4,339,20
4,339,20
4,339,20
4,339,20
4,339,20
4,29,20
4,29,20
4,29,20
4,29,20
4,29,20
4,29,20
4,29,20
4,29,20
4,29,20
4,29,20
4,29,20
4,29,20
4,29,20
4,29,20
4,14,20
4,14,20
4,14,20
4,14,20
4,14,20
4,14,20
4,14,20
4,14,20
4,14,20
4,14,20
4,14,20
4,14,20
4,14,20
4,14,20
4,14,20
4,356,20
4,356,20
4,356,20
4,356,20
4,356,20
4,356,20
4,356,20
4,356,20
4,356,20
4,356,20
4,356,20
4,356,20
4,356,20
4,356,20
4,356,20
4,356,20
4,356,20
4,356,20
4,354,20
4,354,20
4,354,20
4,354,20
4,354,20
4,354,20
4,354,20
4,354,20
4,354,20
4,354,20
4,354,20
4,354,20
4,354,20
4,354,20
4,354,20
4,354,20
4,354,20
4,354,20
4,354,20
4,354,20
4,19,20
4,19,20
4,19,20
4,19,20
4,19,20
4,19,20
4,19,20
4,19,20
4,19,20
4,19,20
4,19,20
4,343,20
4,343,20
4,343,20
4,343,20
4,343,20
4,343,20
4,343,20
4,343,20
4,343,20
4,343,20
4,343,20
4,343,20
4,3,20
4,3,20
4,3,20
4,3,20
4,3,20
4,3,20
4,3,20
4,3,20
4,3,20
4,3,20
4,357,20
4,357,20
4,357,20
4,357,20
4,357,20
4,357,20
4,29,20
4,29,20
4,29,20
4,29,20
4,29,20
4,29,20
4,29,20
4,29,20
4,29,20
4,29,20
4,29,20
4,29,20
4,29,20
4,29,20
4,29,20
4,29,20
4,29,20
4,29,20
4,29,20
4,29,20
4,29,20
4,29,20
4,29,20
4,29,20
4,29,20
4,29,20
4,29,20
4,14,20
4,14,20
4,14,20
4,14,20
4,14,20
4,14,20
4,14,20
4,14,20
4,14,20
4,14,20
4,14,20
4,14,20
4,14,20
4,14,20
4,14,20
4,14,20
4,14,20
4,14,20
4,14,20
4,14,20
4,14,20
4,14,20
4,14,20
4,14,20
4,14,20
4,14,20
4,14,20
4,14,20
4,14,20
4,14,20
4,14,20
4,14,20
4,14,20
4,14,20
4,14,20
4,14,20
4,14,20
4,14,20
4,14,20
4,14,20
4,14,20
4,14,20
4,14,20
4,14,20
4,14,20
4,14,20
4,14,20
4,14,20
4,341,20
4,341,20
4,341,20
4,341,20
4,341,20
4,341,20
44,52,20
44,52,20
44,52,20
44,52,20
44,52,20
44,52,20
44,52,20
44,52,20
44,52,20
44,52,20
44,52,20
44,52,20
44,52,20
44,52,20
44,52,20
44,52,20
44,55,20
44,55,20
44,55,20
44,55,20
44,55,20
44,55,20
44,55,20
44,41,20
44,41,20
44,41,20
44,41,20
44,41,20
44,41,20
44,41,20
44,41,20
44,41,20
44,41,20
44,41,20
44,41,20
44,41,20
44,41,20
44,41,20
44,41,20
44,41,20
44,41,20
44,41,20
44,41,20
44,41,20
44,41,20
44,41,20
44,41,20
44,41,20
44,41,20
44,41,20
44,41,20
44,41,20
44,41,20
44,41,20
44,36,20
44,36,20
44,36,20
44,36,20
44,36,20
44,36,20
44,36,20
44,36,20
44,36,20
44,36,20
44,36,20
44,36,20
44,36,20
44,36,20
44,36,20
44,36,20
44,36,20
44,36,20
44,36,20
44,36,20
44,36,20
44,36,20
44,36,20
44,36,20
44,36,20
44,36,20
44,36,20
44,36,20
44,36,20
44,36,20
44,36,20
44,36,20
44,36,20
44,36,20
44,36,20
44,36,20
44,36,20
44,36,20
44,36,20
44,36,20
44,36,20
44,36,20
44,36,20
44,36,20
44,36,20
44,36,20
44,36,20
44,36,20
44,36,20
44,46,20
44,46,20
44,46,20
44,46,20
44,46,20
44,46,20
44,46,20
44,46,20
44,46,20
44,46,20
44,46,20
44,52,20
44,52,20
44,52,20
44,52,20
44,52,20
44,52,20
44,52,20
44,52,20
44,52,20
44,52,20
44,52,20
44,52,20
44,52,20
44,52,20
44,22,20
44,22,20
44,22,20
44,22,20
44,22,20
44,22,20
44,22,20
44,22,20
44,22,20
44,22,20
44,22,20
44,22,20
44,22,20
44,22,20
44,22,20
44,22,20
44,22,20
44,22,20
44,22,20
44,22,20
44,22,20
44,22,20
44,22,20
44,22,20
44,22,20
44,22,20
44,22,20
44,22,20
44,22,20
44,22,20
44,22,20
44,22,20
44,22,20
44,22,20
44,22,20
44,22,20
44,22,20
44,22,20
44,22,20
44,22,20
44,22,20
44,22,20
44,22,20
44,22,20
44,22,20
44,22,20
44,22,20
44,22,20
44,50,20
44,50,20
44,50,20
44,50,20
44,50,20
44,50,20
44,50,20
44,56,20
44,56,20
44,56,20
44,56,20
44,56,20
44,56,20
44,56,20
44,56,20
44,56,20
44,56,20
44,56,20
44,56,20
44,56,20
44,56,20
44,56,20
44,56,20
44,56,20
44,56,20
44,56,20
44,56,20
44,56,20
44,56,20
44,56,20
44,56,20
44,56,20
44,56,20
44,56,20
44,56,20
44,56,20
44,56,20
44,56,20
44,56,20
44,56,20
44,56,20
44,56,20
44,56,20
44,56,20
44,56,20
44,56,20
44,56,20
44,56,20
44,56,20
44,56,20
44,56,20
44,60,20
44,60,20
44,60,20
44,60,20
44,60,20
44,60,20
44,60,20
44,60,20
44,60,20
44,60,20
44,60,20
44,60,20
44,60,20
44,60,20
44,60,20
44,60,20
44,60,20
44,60,20
44,60,20
44,60,20
44,60,20
44,60,20
44,60,20
44,60,20
44,60,20
44,60,20
44,60,20
44,60,20
44,60,20
44,60,20
44,60,20
44,60,20
44,60,20
44,60,20
44,60,20
44,60,20
44,60,20
44,60,20
44,60,20
44,60,20
44,60,20
44,60,20
44,60,20
44,60,20
44,60,20
44,60,20
44,60,20
44,60,20
44,60,20
44,60,20
44,60,20
44,60,20
44,60,20
44,60,20
44,60,20
44,60,20
44,63,20
44,63,20
44,63,20
44,63,20
44,63,20
44,63,20
44,63,20
44,63,20
44,63,20
44,63,20
44,63,20
44,63,20
44,63,20
44,63,20
44,38,20
44,38,20
44,38,20
44,38,20
44,38,20
44,38,20
44,38,20
44,38,20
44,38,20
44,38,20
44,38,20
44,38,20
44,38,20
44,38,20
44,38,20
44,38,20
44,38,20
44,38,20
44,38,20
44,38,20
44,38,20
44,38,20
44,41,20
44,41,20
44,41,20
44,41,20
44,41,20
44,41,20
44,59,20
44,59,20
44,59,20
44,59,20
44,59,20
44,59,20
44,59,20
44,59,20
44,59,20
44,59,20
44,59,20
44,59,20
44,59,20
44,59,20
44,59,20
44,59,20
44,59,20
44,59,20
44,59,20
44,59,20
44,59,20
44,59,20
44,59,20
44,59,20
44,59,20
44,59,20
44,59,20
44,53,20
44,53,20
44,53,20
44,53,20
44,53,20
44,53,20
44,53,20
44,53,20
44,53,20
44,53,20
44,53,20
44,53,20
44,53,20
44,53,20
44,53,20
44,53,20
44,53,20
44,53,20
44,53,20
44,53,20
44,53,20
44,53,20
44,53,20
44,53,20
44,53,20
44,38,20
44,38,20
44,38,20
44,38,20
44,38,20
44,38,20
44,38,20
44,38,20
44,38,20
44,38,20
44,38,20
44,38,20
44,38,20
44,38,20
44,38,20
44,38,20
44,38,20
44,38,20
44,38,20
44,38,20
44,38,20
44,38,20
44,38,20
44,38,20
44,38,20
44,38,20
44,38,20
44,38,20
44,38,20
44,38,20
44,38,20
44,38,20
44,38,20
44,38,20
44,38,20
44,38,20
44,38,20
44,38,20
44,38,20
44,38,20
44,38,20
44,38,20
44,38,20
44,38,20
44,38,20
44,30,20
44,30,20
44,30,20
44,30,20
44,30,20
44,30,20
44,30,20
44,30,20
44,30,20
44,30,20
44,30,20
44,30,20
44,30,20
44,30,20
44,30,20
44,30,20
44,30,20
44,30,20
44,30,20
44,30,20
44,30,20
44,30,20
44,30,20
44,30,20
44,30,20
44,30,20
44,30,20
44,30,20
44,30,20
44,30,20
44,53,20
44,53,20
44,53,20
44,53,20
44,53,20
44,53,20
44,53,20
44,53,20
44,53,20
44,53,20
44,53,20
44,53,20
44,53,20
44,53,20
44,53,20
44,53,20
44,53,20
44,53,20
44,53,20
44,53,20
44,53,20
44,53,20
44,53,20
44,53,20
44,76,20
44,76,20
44,76,20
44,76,20
44,76,20
44,76,20
44,76,20
44,76,20
44,40,20
44,40,20
44,40,20
44,40,20
44,40,20
44,40,20
44,40,20
44,40,20
44,40,20
44,40,20
44,40,20
44,40,20
44,56,20
44,56,20
44,56,20
44,56,20
44,56,20
44,56,20
44,56,20
44,56,20
44,56,20
44,56,20
44,56,20
44,56,20
44,56,20
44,56,20
44,56,20
44,56,20
44,56,20
44,56,20
44,56,20
44,56,20
44,56,20
44,56,20
44,56,20
44,56,20
44,43,20
44,43,20
44,43,20
44,43,20
44,43,20
44,43,20
44,43,20
44,43,20
44,43,20
44,43,20
44,43,20
44,43,20
44,43,20
44,43,20
44,43,20
44,43,20
44,43,20
44,43,20
44,43,20
44,43,20
44,43,20
44,43,20
44,43,20
44,43,20
44,43,20
44,43,20
44,43,20
44,43,20
44,43,20
44,89,20
44,89,20
44,89,20
44,89,20
44,89,20
44,89,20
44,89,20
44,89,20
44,89,20
44,89,20
44,89,20
44,89,20
44,89,20
44,113,20
44,113,20
44,113,20
44,113,20
44,113,20
44,113,20
44,113,20
44,113,20
44,113,20
44,113,20
44,113,20
44,113,20
44,113,20
44,113,20
44,113,20
84,81,20
84,81,20
84,81,20
84,81,20
84,81,20
84,81,20
84,81,20
84,81,20
84,104,20
84,104,20
84,104,20
84,104,20
84,104,20
84,104,20
84,104,20
84,104,20
84,104,20
84,104,20
84,104,20
84,104,20
84,104,20
84,104,20
84,104,20
84,104,20
84,104,20
84,104,20
84,104,20
84,104,20
84,104,20
84,104,20
84,104,20
84,87,20
84,87,20
84,87,20
84,87,20
84,87,20
84,87,20
84,87,20
84,87,20
84,90,20
84,90,20
84,90,20
84,90,20
84,90,20
84,90,20
84,90,20
84,90,20
84,90,20
84,90,20
84,90,20
84,90,20
84,90,20
84,90,20
84,90,20
84,90,20
84,90,20
84,90,20
84,90,20
84,90,20
84,90,20
84,90,20
84,90,20
84,90,20
84,84,20
84,84,20
84,84,20
84,84,20
84,84,20
84,84,20
84,84,20
84,84,20
84,84,20
84,84,20
84,84,20
84,84,20
84,72,20
84,72,20
84,72,20
84,72,20
84,72,20
84,72,20
84,72,20
84,72,20
84,72,20
84,72,20
84,72,20
84,72,20
84,72,20
84,72,20
84,72,20
84,72,20
84,72,20
84,72,20
84,72,20
84,76,20
84,76,20
84,76,20
84,76,20
84,76,20
84,76,20
84,76,20
84,76,20
84,76,20
84,76,20
84,76,20
84,83,20
84,83,20
84,83,20
84,83,20
84,83,20
84,83,20
84,83,20
84,83,20
84,83,20
84,83,20
84,83,20
84,83,20
84,83,20
84,83,20
84,83,20
84,83,20
84,83,20
84,83,20
84,83,20
84,83,20
84,83,20
84,83,20
84,83,20
84,83,20
84,83,20
84,83,20
84,83,20
84,83,20
84,83,20
84,83,20
84,83,20
84,83,20
84,83,20
84,83,20
84,83,20
84,83,20
84,83,20
84,115,20
84,115,20
84,115,20
84,115,20
84,115,20
84,115,20
84,115,20
84,115,20
84,115,20
84,115,20
84,115,20
84,50,20
84,50,20
84,50,20
84,50,20
84,50,20
84,50,20
84,97,20
84,97,20
84,97,20
84,97,20
84,97,20
84,97,20
84,97,20
84,97,20
84,97,20
84,97,20
84,97,20
84,97,20
84,97,20
84,97,20
84,97,20
84,97,20
84,97,20
84,97,20
84,97,20
84,97,20
84,97,20
84,97,20
84,97,20
84,97,20
84,97,20
84,97,20
84,97,20
84,97,20
84,97,20
84,97,20
84,97,20
84,97,20
84,97,20
84,97,20
84,97,20
84,97,20
84,97,20
84,97,20
84,97,20
84,97,20
84,97,20
84,97,20
84,97,20
84,91,20
84,91,20
84,91,20
84,91,20
84,91,20
84,91,20
84,91,20
84,91,20
84,91,20
84,91,20
84,91,20
84,91,20
84,91,20
84,91,20
84,91,20
84,91,20
84,91,20
84,91,20
84,91,20
84,91,20
84,91,20
84,91,20
84,91,20
84,91,20
84,91,20
84,91,20
84,91,20
84,91,20
84,91,20
84,102,20
84,102,20
84,102,20
84,102,20
84,102,20
84,102,20
84,102,20
84,102,20
84,102,20
84,102,20
84,102,20
84,102,20
84,102,20
84,102,20
84,102,20
84,102,20
84,102,20
84,102,20
84,102,20
84,102,20
84,102,20
84,102,20
84,83,20
84,83,20
84,83,20
84,83,20
84,83,20
84,83,20
84,83,20
84,83,20
84,83,20
84,83,20
84,83,20
84,83,20
84,81,20
84,81,20
84,81,20
84,81,20
84,81,20
84,81,20
84,81,20
84,81,20
84,81,20
84,81,20
84,81,20
84,81,20
84,81,20
84,81,20
84,81,20
84,81,20
84,81,20
84,81,20
84,81,20
84,81,20
84,81,20
84,81,20
84,81,20
84,81,20
84,81,20
84,81,20
84,81,20
84,81,20
84,81,20
84,81,20
84,81,20
84,81,20
84,81,20
84,81,20
84,81,20
84,81,20
84,92,20
84,92,20
84,92,20
84,92,20
84,92,20
84,92,20
84,92,20
84,92,20
84,92,20
84,92,20
84,92,20
84,92,20
84,92,20
84,92,20
84,92,20
84,92,20
84,92,20
84,92,20
84,92,20
84,92,20
84,92,20
84,92,20
84,92,20
84,92,20
84,92,20
84,92,20
84,98,20
84,98,20
84,98,20
84,98,20
84,98,20
84,98,20
84,98,20
84,98,20
84,98,20
84,98,20
84,98,20
84,98,20
84,98,20
84,98,20
84,98,20
84,98,20
84,98,20
84,98,20
84,98,20
84,98,20
84,98,20
84,98,20
84,98,20
84,98,20
84,98,20
84,98,20
84,98,20
84,98,20
84,98,20
84,98,20
84,98,20
84,98,20
84,77,20
84,77,20
84,77,20
84,77,20
84,77,20
84,77,20
84,77,20
84,77,20
84,77,20
84,77,20
84,77,20
84,77,20
84,77,20
84,77,20
84,77,20
84,77,20
84,77,20
84,77,20
84,77,20
84,77,20
84,77,20
84,77,20
84,77,20
84,77,20
84,77,20
84,100,20
84,100,20
84,100,20
84,100,20
84,100,20
84,100,20
84,100,20
84,67,20
84,67,20
84,67,20
84,67,20
84,67,20
84,67,20
84,70,20
84,70,20
84,70,20
84,70,20
84,70,20
84,70,20
84,70,20
84,70,20
84,70,20
84,61,20
84,61,20
84,61,20
84,61,20
84,61,20
84,61,20
84,61,20
84,59,20
84,59,20
84,59,20
84,59,20
84,59,20
84,59,20
84,59,20
84,59,20
84,59,20
84,90,20
84,90,20
84,90,20
84,90,20
84,90,20
84,90,20
84,90,20
84,90,20
84,90,20
84,90,20
84,90,20
84,90,20
84,90,20
84,90,20
84,90,20
84,90,20
84,90,20
84,90,20
84,90,20
84,94,20
84,94,20
84,94,20
84,94,20
84,94,20
84,94,20
84,94,20
84,82,20
84,82,20
84,82,20
84,82,20
84,82,20
84,82,20
84,82,20
84,82,20
84,73,20
84,73,20
84,73,20
84,73,20
84,73,20
84,73,20
84,73,20
84,73,20
84,73,20
84,73,20
84,73,20
84,73,20
84,73,20
84,73,20
84,73,20
84,73,20
84,73,20
84,67,20
84,67,20
84,67,20
84,67,20
84,67,20
84,67,20
84,67,20
84,67,20
84,67,20
84,67,20
84,67,20
84,67,20
84,67,20
54,16,20
54,16,20
54,16,20
54,16,20
54,16,20
54,16,20
54,16,20
54,16,20
54,16,20
54,16,20
54,16,20
54,16,20
54,16,20
54,16,20
54,16,20
54,16,20
54,16,20
54,16,20
54,36,20
54,36,20
54,36,20
54,36,20
54,36,20
54,36,20
54,36,20
54,36,20
54,36,20
54,36,20
54,36,20
54,36,20
54,57,20
54,57,20
54,57,20
54,57,20
54,57,20
54,57,20
54,57,20
54,57,20
54,57,20
54,57,20
54,57,20
54,35,20
54,35,20
54,35,20
54,35,20
54,35,20
54,35,20
54,35,20
54,35,20
54,35,20
54,35,20
54,35,20
54,35,20
54,35,20
54,35,20
54,35,20
54,35,20
54,35,20
54,35,20
54,35,20
54,35,20
54,35,20
54,35,20
54,35,20
54,35,20
54,35,20
54,35,20
54,35,20
54,35,20
54,35,20
54,35,20
54,35,20
54,35,20
54,35,20
54,35,20
54,35,20
54,35,20
54,35,20
54,35,20
54,35,20
54,35,20
54,35,20
54,35,20
54,35,20
54,60,20
54,60,20
54,60,20
54,60,20
54,60,20
54,60,20
54,60,20
54,60,20
54,60,20
54,60,20
54,60,20
54,60,20
54,60,20
54,60,20
54,60,20
54,60,20
54,60,20
54,60,20
54,60,20
54,60,20
54,60,20
54,60,20
54,60,20
54,60,20
54,32,20
54,32,20
54,32,20
54,32,20
54,32,20
54,32,20
54,32,20
54,32,20
54,32,20
54,32,20
54,32,20
54,32,20
54,32,20
54,32,20
54,104,20
54,104,20
54,104,20
54,104,20
54,104,20
54,104,20
54,104,20
54,104,20
54,104,20
54,104,20
54,104,20
54,104,20
54,104,20
54,28,20
54,28,20
54,28,20
54,28,20
54,28,20
54,28,20
54,28,20
54,28,20
54,28,20
54,28,20
54,28,20
54,28,20
54,28,20
54,28,20
54,28,20
54,21,20
54,21,20
54,21,20
54,21,20
54,21,20
54,21,20
54,21,20
54,21,20
54,21,20
54,21,20
54,21,20
54,21,20
54,21,20
54,21,20
54,69,20
54,69,20
54,69,20
54,69,20
54,69,20
54,69,20
54,69,20
54,69,20
54,68,20
54,68,20
54,68,20
54,68,20
54,68,20
54,68,20
54,68,20
54,68,20
54,68,20
54,63,20
54,63,20
54,63,20
54,63,20
54,63,20
54,63,20
54,63,20
54,63,20
54,63,20
54,63,20
54,63,20
54,63,20
54,63,20
54,63,20
54,63,20
54,63,20
54,63,20
54,63,20
54,63,20
54,63,20
54,63,20
54,63,20
54,63,20
54,63,20
54,29,20
54,29,20
54,29,20
54,29,20
54,29,20
54,29,20
54,29,20
54,29,20
54,29,20
54,29,20
54,29,20
54,29,20
54,29,20
54,29,20
54,29,20
54,29,20
54,29,20
54,29,20
54,29,20
54,29,20
54,29,20
54,29,20
54,29,20
54,29,20
54,29,20
54,29,20
54,29,20
54,29,20
54,29,20
54,29,20
54,29,20
54,29,20
54,29,20
54,29,20
54,29,20
54,29,20
54,68,20
54,68,20
54,68,20
54,68,20
54,68,20
54,68,20
54,68,20
54,68,20
54,68,20
54,68,20
54,68,20
54,68,20
54,68,20
54,68,20
54,68,20
54,68,20
54,68,20
54,68,20
54,68,20
54,68,20
54,68,20
54,68,20
54,58,20
54,58,20
54,58,20
54,58,20
54,58,20
54,58,20
54,58,20
54,58,20
54,58,20
54,58,20
54,58,20
54,58,20
54,58,20
54,22,20
54,22,20
54,22,20
54,22,20
54,22,20
54,22,20
54,22,20
54,22,20
54,22,20
54,22,20
54,22,20
54,22,20
54,22,20
54,22,20
54,22,20
54,22,20
54,22,20
54,22,20
54,22,20
54,22,20
54,22,20
54,22,20
54,22,20
54,22,20
54,22,20
54,22,20
54,22,20
54,22,20
54,22,20
54,22,20
54,22,20
54,22,20
54,22,20
54,22,20
54,22,20
54,22,20
54,22,20
54,22,20
54,22,20
54,22,20
54,22,20
54,22,20
54,22,20
54,22,20
54,22,20
54,80,20
54,80,20
54,80,20
54,80,20
54,80,20
54,80,20
54,80,20
54,80,20
54,80,20
54,80,20
54,80,20
54,80,20
54,80,20
54,80,20
54,80,20
54,80,20
54,80,20
54,80,20
54,80,20
54,80,20
54,80,20
54,80,20
54,80,20
54,80,20
54,80,20
54,80,20
54,80,20
54,80,20
54,80,20
54,80,20
54,80,20
54,80,20
54,80,20
54,80,20
54,80,20
54,80,20
54,80,20
54,80,20
54,80,20
54,80,20
54,80,20
54,46,20
54,46,20
54,46,20
54,46,20
54,46,20
54,46,20
54,46,20
54,46,20
54,46,20
54,46,20
54,46,20
54,46,20
54,46,20
54,46,20
54,46,20
54,46,20
54,46,20
54,23,20
54,23,20
54,23,20
54,23,20
54,23,20
54,23,20
54,23,20
54,23,20
54,23,20
54,23,20
54,23,20
54,61,20
54,61,20
54,61,20
54,61,20
54,61,20
54,61,20
54,61,20
54,66,20
54,66,20
54,66,20
54,66,20
54,66,20
54,66,20
54,58,20
54,58,20
54,58,20
54,58,20
54,58,20
54,58,20
54,25,20
54,25,20
54,25,20
54,25,20
54,25,20
54,25,20
54,25,20
54,25,20
54,25,20
54,25,20
54,25,20
54,25,20
54,25,20
54,25,20
54,25,20
54,25,20
54,25,20
54,25,20
54,25,20
54,25,20
54,25,20
54,25,20
54,25,20
54,25,20
54,25,20
54,53,20
54,53,20
54,53,20
54,53,20
54,53,20
54,53,20
54,53,20
54,53,20
54,53,20
54,79,20
54,79,20
54,79,20
54,79,20
54,79,20
54,79,20
54,79,20
54,79,20
54,82,20
54,82,20
54,82,20
54,82,20
54,82,20
54,82,20
54,82,20
54,82,20
54,82,20
54,82,20
54,82,20
54,61,20
54,61,20
54,61,20
54,61,20
54,61,20
54,61,20
54,61,20
54,61,20
54,61,20
54,61,20
54,61,20
54,61,20
54,61,20
54,61,20
54,61,20
54,61,20
54,61,20
54,61,20
54,61,20
54,61,20
54,61,20
54,61,20
54,61,20
54,61,20
54,61,20
54,61,20
54,61,20
54,61,20
54,47,20
54,47,20
54,47,20
54,47,20
54,47,20
54,47,20
54,47,20
54,47,20
54,47,20
54,47,20
54,47,20
54,47,20
54,47,20
54,47,20
54,47,20
54,47,20
54,103,20
54,103,20
54,103,20
54,103,20
54,103,20
54,103,20
54,103,20
54,103,20
54,103,20
54,103,20
54,103,20
54,103,20
54,103,20
54,103,20
54,103,20
54,103,20
54,103,20
54,103,20
54,103,20
54,103,20
54,103,20
54,103,20
54,103,20
54,73,20
54,73,20
54,73,20
54,73,20
54,73,20
54,73,20
54,73,20
54,73,20
54,58,20
54,58,20
54,58,20
54,58,20
54,58,20
54,58,20
54,58,20
54,58,20
54,58,20
54,58,20
54,58,20
54,58,20
54,30,20
54,30,20
54,30,20
54,30,20
54,30,20
54,30,20
54,30,20
54,30,20
54,30,20
54,30,20
54,30,20
54,30,20
54,30,20
54,30,20
54,30,20
54,30,20
54,30,20
54,30,20
54,30,20
54,30,20
54,30,20
54,30,20
54,30,20
54,30,20
54,30,20
54,30,20
54,30,20
54,30,20
54,30,20
54,30,20
54,30,20
54,30,20
54,30,20
54,30,20
54,30,20
54,30,20
54,30,20
54,30,20
54,30,20
54,30,20
54,30,20
54,79,20
54,79,20
54,79,20
54,79,20
54,79,20
54,79,20
54,79,20
54,79,20
54,79,20
54,79,20
54,79,20
54,79,20
54,70,20
54,70,20
54,70,20
54,70,20
54,70,20
54,70,20
54,70,20
54,70,20
54,79,20
54,79,20
54,79,20
54,79,20
54,79,20
54,79,20
54,79,20
54,79,20
54,79,20
54,79,20
54,79,20
54,79,20
54,79,20
54,79,20
54,79,20
54,79,20
54,79,20
54,79,20
54,79,20
54,79,20
54,79,20
54,79,20
54,79,20
54,79,20
54,79,20
54,79,20
54,79,20
54,79,20
54,79,20
54,79,20
54,79,20
54,79,20
54,79,20
54,79,20
54,79,20
54,79,20
54,79,20
54,79,20
54,79,20
54,79,20
54,79,20
54,79,20
54,56,20
54,56,20
54,56,20
54,56,20
54,56,20
54,56,20
54,56,20
54,56,20
54,56,20
54,56,20
54,56,20
54,56,20
54,56,20
54,56,20
54,56,20
54,56,20
54,56,20
54,56,20
54,56,20
54,56,20
54,56,20
54,56,20
54,56,20
54,56,20
54,56,20
54,56,20
54,56,20
54,56,20
54,56,20
54,56,20
54,56,20
54,56,20
54,56,20
54,46,20
54,46,20
54,46,20
54,46,20
54,46,20
54,46,20
54,46,20
54,46,20
14,6,20
14,6,20
14,6,20
14,6,20
14,6,20
14,6,20
14,6,20
14,6,20
14,6,20
14,6,20
14,6,20
14,6,20
14,6,20
14,6,20
14,6,20
14,6,20
14,6,20
14,6,20
14,6,20
14,6,20
14,6,20
14,6,20
14,6,20
14,6,20
14,6,20
14,6,20
14,5,20
14,5,20
14,5,20
14,5,20
14,5,20
14,5,20
14,357,20
14,357,20
14,357,20
14,357,20
14,357,20
14,357,20
14,357,20
14,24,20
14,24,20
14,24,20
14,24,20
14,24,20
14,24,20
14,24,20
14,24,20
14,24,20
14,24,20
14,24,20
14,24,20
14,24,20
14,24,20
14,5,20
14,5,20
14,5,20
14,5,20
14,5,20
14,5,20
14,5,20
14,5,20
14,31,20
14,31,20
14,31,20
14,31,20
14,31,20
14,31,20
14,31,20
14,31,20
14,31,20
14,31,20
14,31,20
14,31,20
14,31,20
14,31,20
14,49,20
14,49,20
14,49,20
14,49,20
14,49,20
14,49,20
14,49,20
14,49,20
14,49,20
14,49,20
14,49,20
14,49,20
14,49,20
14,49,20
14,49,20
14,49,20
14,49,20
14,49,20
14,9,20
14,9,20
14,9,20
14,9,20
14,9,20
14,9,20
14,9,20
14,343,20
14,343,20
14,343,20
14,343,20
14,343,20
14,343,20
14,343,20
14,343,20
14,343,20
14,343,20
14,343,20
14,343,20
14,343,20
14,343,20
14,343,20
14,343,20
14,343,20
14,343,20
14,343,20
14,343,20
14,343,20
14,343,20
14,343,20
14,343,20
14,343,20
14,343,20
14,3,20
14,3,20
14,3,20
14,3,20
14,3,20
14,3,20
14,3,20
14,3,20
14,3,20
14,3,20
14,3,20
14,3,20
14,3,20
14,3,20
14,3,20
14,3,20
14,3,20
14,3,20
14,3,20
14,3,20
14,3,20
14,3,20
14,3,20
14,3,20
14,3,20
14,3,20
14,3,20
14,3,20
14,3,20
14,28,20
14,28,20
14,28,20
14,28,20
14,28,20
14,28,20
14,28,20
14,34,20
14,34,20
14,34,20
14,34,20
14,34,20
14,34,20
14,34,20
14,34,20
14,34,20
14,34,20
14,34,20
14,34,20
14,34,20
14,34,20
14,34,20
14,34,20
14,34,20
14,34,20
14,34,20
14,26,20
14,26,20
14,26,20
14,26,20
14,26,20
14,26,20
14,26,20
14,26,20
14,26,20
14,26,20
14,26,20
14,26,20
14,26,20
14,26,20
14,26,20
14,26,20
14,26,20
14,26,20
14,26,20
14,26,20
14,26,20
14,26,20
14,26,20
14,26,20
14,26,20
14,26,20
14,26,20
14,26,20
14,26,20
14,26,20
14,23,20
14,23,20
14,23,20
14,23,20
14,23,20
14,23,20
14,23,20
14,23,20
14,23,20
14,23,20
14,23,20
14,23,20
14,23,20
14,23,20
14,23,20
14,23,20
14,23,20
14,23,20
14,13,20
14,13,20
14,13,20
14,13,20
14,13,20
14,13,20
14,359,20
14,359,20
14,359,20
14,359,20
14,359,20
14,359,20
14,359,20
14,359,20
14,359,20
14,359,20
14,359,20
14,359,20
14,359,20
14,359,20
14,359,20
14,359,20
14,359,20
14,359,20
14,359,20
14,359,20
14,359,20
14,359,20
14,359,20
14,359,20
14,359,20
14,359,20
14,359,20
14,359,20
14,359,20
14,359,20
14,359,20
14,50,20
14,50,20
14,50,20
14,50,20
14,50,20
14,50,20
14,50,20
14,50,20
14,50,20
14,50,20
14,50,20
14,50,20
14,50,20
14,50,20
14,50,20
14,50,20
14,50,20
14,50,20
14,50,20
14,50,20
14,50,20
14,50,20
14,50,20
14,50,20
14,50,20
14,50,20
14,50,20
14,50,20
14,50,20
14,50,20
14,50,20
14,50,20
14,50,20
14,10,20
14,10,20
14,10,20
14,10,20
14,10,20
14,10,20
14,10,20
14,10,20
14,10,20
14,10,20
14,10,20
14,10,20
14,10,20
14,20,20
14,20,20
14,20,20
14,20,20
14,20,20
14,20,20
14,20,20
14,20,20
14,20,20
14,20,20
14,20,20
14,20,20
14,20,20
14,20,20
14,20,20
14,20,20
14,20,20
14,20,20
14,20,20
14,20,20
14,20,20
14,20,20
14,20,20
14,20,20
14,20,20
14,20,20
14,20,20
14,20,20
14,24,20
14,24,20
14,24,20
14,24,20
14,24,20
14,24,20
14,24,20
14,24,20
14,24,20
14,24,20
14,24,20
14,24,20
14,24,20
14,24,20
14,24,20
14,12,20
14,12,20
14,12,20
14,12,20
14,12,20
14,12,20
14,12,20
14,12,20
14,12,20
14,12,20
14,12,20
14,12,20
14,12,20
14,12,20
14,12,20
14,12,20
14,12,20
14,12,20
14,12,20
14,12,20
14,12,20
14,12,20
14,31,20
14,31,20
14,31,20
14,31,20
14,31,20
14,31,20
14,31,20
14,31,20
14,31,20
14,31,20
14,349,20
14,349,20
14,349,20
14,349,20
14,349,20
14,349,20
14,15,20
14,15,20
14,15,20
14,15,20
14,15,20
14,15,20
14,15,20
14,15,20
14,26,20
14,26,20
14,26,20
14,26,20
14,26,20
14,26,20
14,26,20
14,26,20
14,26,20
14,26,20
14,26,20
14,26,20
14,26,20
14,26,20
14,26,20
14,26,20
14,26,20
14,0,20
14,0,20
14,0,20
14,0,20
14,0,20
14,0,20
14,0,20
14,0,20
14,0,20
14,0,20
14,0,20
14,0,20
14,0,20
14,0,20
14,0,20
14,0,20
14,0,20
14,0,20
14,27,20
14,27,20
14,27,20
14,27,20
14,27,20
14,27,20
14,27,20
14,27,20
14,27,20
14,27,20
14,10,20
14,10,20
14,10,20
14,10,20
14,10,20
14,10,20
14,10,20
14,10,20
14,10,20
14,10,20
14,10,20
14,10,20
14,10,20
14,10,20
14,10,20
14,18,20
14,18,20
14,18,20
14,18,20
14,18,20
14,18,20
14,18,20
14,358,20
14,358,20
14,358,20
14,358,20
14,358,20
14,358,20
14,358,20
14,358,20
14,358,20
14,358,20
14,358,20
14,358,20
14,358,20
14,358,20
14,358,20
14,358,20
14,358,20
14,358,20
14,358,20
14,358,20
14,358,20
14,358,20
14,358,20
14,358,20
14,358,20
14,358,20
14,358,20
14,358,20
14,358,20
14,358,20
14,358,20
14,358,20
14,358,20
14,358,20
14,358,20
14,358,20
14,358,20
14,358,20
14,358,20
14,358,20
14,358,20
14,358,20
14,358,20
14,358,20
14,358,20
14,358,20
14,358,20
14,358,20
14,358,20
14,358,20
14,358,20
14,358,20
14,358,20
14,13,20
14,13,20
14,13,20
14,13,20
14,13,20
14,13,20
14,13,20
14,13,20
14,13,20
14,13,20
14,13,20
14,13,20
14,13,20
14,13,20
14,13,20
14,13,20
14,13,20
14,13,20
14,13,20
14,13,20
14,13,20
14,13,20
14,13,20
14,13,20
14,13,20
14,13,20
14,13,20
14,13,20
14,13,20
14,13,20
14,13,20
14,13,20
14,13,20
14,13,20
14,13,20
14,13,20
14,13,20
14,13,20
14,13,20
14,13,20
14,13,20
14,13,20
14,13,20
14,13,20
14,13,20
14,13,20
14,13,20
14,13,20
354,340,20
354,340,20
354,340,20
354,340,20
354,340,20
354,340,20
354,340,20
354,340,20
354,340,20
354,340,20
354,340,20
354,340,20
354,340,20
354,340,20
354,340,20
354,340,20
354,340,20
354,6,20
354,6,20
354,6,20
354,6,20
354,6,20
354,6,20
354,6,20
354,6,20
354,6,20
354,6,20
354,6,20
354,6,20
354,6,20
354,349,20
354,349,20
354,349,20
354,349,20
354,349,20
354,349,20
354,349,20
354,349,20
354,349,20
354,349,20
354,349,20
354,349,20
354,349,20
354,349,20
354,349,20
354,349,20
354,349,20
354,349,20
354,349,20
354,349,20
354,349,20
354,349,20
354,349,20
354,349,20
354,349,20
354,349,20
354,349,20
354,349,20
354,349,20
354,349,20
354,349,20
354,349,20
354,349,20
354,349,20
354,349,20
354,349,20
354,349,20
354,349,20
354,349,20
354,349,20
354,349,20
354,349,20
354,349,20
354,349,20
354,349,20
354,352,20
354,352,20
354,352,20
354,352,20
354,352,20
354,352,20
354,352,20
354,352,20
354,352,20
354,352,20
354,352,20
354,352,20
354,352,20
354,352,20
354,352,20
354,352,20
354,352,20
354,352,20
354,348,20
354,348,20
354,348,20
354,348,20
354,348,20
354,348,20
354,348,20
354,348,20
354,348,20
354,348,20
354,348,20
354,348,20
354,348,20
354,348,20
354,17,20
354,17,20
354,17,20
354,17,20
354,17,20
354,17,20
354,17,20
354,17,20
354,17,20
354,17,20
354,17,20
354,17,20
354,17,20
354,17,20
354,17,20
354,17,20
354,17,20
354,17,20
354,17,20
354,17,20
354,17,20
354,17,20
354,17,20
354,17,20
354,2,20
354,2,20
354,2,20
354,2,20
354,2,20
354,2,20
354,2,20
354,2,20
354,2,20
354,2,20
354,2,20
354,2,20
354,2,20
354,2,20
354,2,20
354,2,20
354,2,20
354,2,20
354,2,20
354,2,20
354,2,20
354,2,20
354,2,20
354,2,20
354,2,20
354,340,20
354,340,20
354,340,20
354,340,20
354,340,20
354,340,20
354,340,20
354,340,20
354,340,20
354,340,20
354,340,20
354,340,20
354,340,20
354,340,20
354,340,20
354,340,20
354,340,20
354,340,20
354,340,20
354,340,20
354,340,20
354,340,20
354,340,20
354,340,20
354,340,20
354,340,20
354,340,20
354,340,20
354,340,20
354,340,20
354,340,20
354,340,20
354,340,20
354,340,20
354,340,20
354,340,20
354,340,20
354,340,20
354,340,20
354,340,20
354,340,20
354,340,20
354,340,20
354,340,20
354,340,20
354,340,20
354,340,20
354,340,20
354,340,20
354,340,20
354,340,20
354,340,20
354,340,20
354,340,20
354,340,20
354,337,20
354,337,20
354,337,20
354,337,20
354,337,20
354,337,20
354,337,20
354,337,20
354,337,20
354,27,20
354,27,20
354,27,20
354,27,20
354,27,20
354,27,20
354,27,20
354,27,20
354,27,20
354,27,20
354,27,20
354,27,20
354,27,20
354,27,20
354,27,20
354,27,20
354,27,20
354,27,20
354,27,20
354,27,20
354,27,20
354,27,20
354,27,20
354,13,20
354,13,20
354,13,20
354,13,20
354,13,20
354,13,20
354,13,20
354,13,20
354,13,20
354,13,20
354,13,20
354,13,20
354,13,20
354,13,20
354,13,20
354,13,20
354,13,20
354,13,20
354,13,20
354,13,20
354,13,20
354,13,20
354,13,20
354,13,20
354,13,20
354,13,20
354,13,20
354,13,20
354,13,20
354,13,20
354,13,20
354,13,20
354,338,20
354,338,20
354,338,20
354,338,20
354,338,20
354,338,20
354,338,20
354,338,20
354,338,20
354,336,20
354,336,20
354,336,20
354,336,20
354,336,20
354,336,20
354,336,20
354,336,20
354,336,20
354,336,20
354,336,20
354,336,20
354,336,20
354,0,20
354,0,20
354,0,20
354,0,20
354,0,20
354,0,20
354,0,20
354,0,20
354,0,20
354,0,20
354,0,20
354,0,20
354,0,20
354,0,20
354,0,20
354,0,20
354,0,20
354,0,20
354,0,20
354,0,20
354,0,20
354,0,20
354,0,20
354,0,20
354,0,20
354,0,20
354,0,20
354,0,20
354,0,20
354,0,20
354,0,20
354,0,20
354,0,20
354,0,20
354,0,20
354,0,20
354,0,20
354,0,20
354,0,20
354,0,20
354,0,20
354,0,20
354,0,20
354,0,20
354,0,20
354,0,20
354,0,20
354,0,20
354,0,20
354,0,20
354,0,20
354,0,20
354,335,20
354,335,20
354,335,20
354,335,20
354,335,20
354,335,20
354,335,20
354,335,20
354,335,20
354,335,20
354,335,20
354,335,20
354,335,20
354,335,20
354,335,20
354,335,20
354,335,20
354,335,20
354,335,20
354,335,20
354,335,20
354,335,20
354,335,20
354,335,20
354,335,20
354,335,20
354,335,20
354,335,20
354,335,20
354,335,20
354,335,20
354,335,20
354,348,20
354,348,20
354,348,20
354,348,20
354,348,20
354,348,20
354,348,20
354,348,20
354,348,20
354,348,20
354,342,20
354,342,20
354,342,20
354,342,20
354,342,20
354,342,20
354,342,20
354,33,20
354,33,20
354,33,20
354,33,20
354,33,20
354,33,20
354,33,20
354,33,20
354,33,20
354,33,20
354,33,20
354,33,20
354,350,20
354,350,20
354,350,20
354,350,20
354,350,20
354,350,20
354,350,20
354,350,20
354,350,20
354,350,20
354,350,20
354,350,20
354,350,20
354,350,20
354,350,20
354,350,20
354,350,20
354,350,20
354,350,20
354,350,20
354,350,20
354,350,20
354,350,20
354,350,20
354,350,20
354,350,20
354,350,20
354,350,20
354,350,20
354,350,20
354,350,20
354,350,20
354,350,20
354,350,20
354,350,20
354,350,20
354,350,20
354,350,20
354,350,20
354,350,20
354,330,20
354,330,20
354,330,20
354,330,20
354,330,20
354,330,20
354,330,20
354,330,20
354,330,20
354,330,20
354,330,20
354,330,20
354,330,20
354,330,20
354,330,20
354,330,20
354,330,20
354,330,20
354,330,20
354,330,20
354,330,20
354,330,20
354,330,20
354,330,20
354,330,20
354,330,20
354,330,20
354,330,20
354,330,20
354,330,20
354,330,20
354,330,20
354,330,20
354,330,20
354,330,20
354,330,20
354,330,20
354,330,20
354,345,20
354,345,20
354,345,20
354,345,20
354,345,20
354,345,20
354,336,20
354,336,20
354,336,20
354,336,20
354,336,20
354,336,20
354,336,20
354,336,20
354,336,20
354,336,20
354,336,20
354,336,20
354,336,20
354,336,20
354,319,20
354,319,20
354,319,20
354,319,20
354,319,20
354,319,20
354,319,20
354,319,20
354,319,20
354,319,20
354,319,20
354,319,20
354,319,20
354,319,20
354,319,20
354,319,20
354,319,20
354,319,20
354,319,20
354,319,20
354,319,20
354,319,20
354,319,20
354,319,20
354,319,20
354,319,20
354,319,20
354,319,20
354,319,20
354,319,20
354,319,20
354,319,20
354,319,20
354,319,20
354,319,20
354,319,20
354,319,20
354,319,20
354,319,20
354,319,20
354,319,20
354,319,20
354,6,20
354,6,20
354,6,20
354,6,20
354,6,20
354,6,20
354,6,20
354,6,20
354,6,20
354,6,20
354,6,20
354,6,20
354,6,20
354,6,20
354,6,20
354,6,20
354,6,20
354,24,20
354,24,20
354,24,20
354,24,20
354,24,20
354,24,20
354,24,20
354,24,20
354,24,20
354,24,20
354,24,20
354,24,20
354,24,20
354,24,20
354,24,20
354,24,20
354,24,20
354,24,20
354,24,20
354,24,20
354,24,20
354,24,20
354,24,20
354,24,20
354,24,20
354,24,20
354,24,20
354,24,20
354,24,20
354,24,20
354,24,20
354,24,20
354,24,20
354,24,20
354,24,20
354,24,20
354,24,20
354,24,20
354,24,20
354,24,20
354,24,20
354,24,20
354,24,20
354,24,20
354,24,20
354,24,20
354,24,20
354,24,20
354,24,20
354,24,20
354,24,20
354,24,20
354,24,20
354,24,20
354,24,20
354,12,20
354,12,20
354,12,20
354,12,20
354,12,20
354,12,20
354,12,20
354,12,20
354,12,20
354,12,20
354,12,20
354,12,20
354,12,20
354,12,20
354,12,20
354,12,20
354,12,20
354,12,20
354,12,20
354,12,20
354,12,20
354,12,20
354,12,20
354,12,20
354,12,20
354,12,20
354,12,20
354,12,20
354,12,20
354,12,20
354,12,20
354,12,20
354,12,20
354,12,20
354,12,20
354,12,20
354,12,20
354,12,20
354,12,20
354,12,20
354,12,20
354,12,20
354,12,20
354,355,20
354,355,20
354,355,20
354,355,20
354,355,20
354,355,20
354,355,20
354,355,20
354,355,20
354,355,20
354,355,20
354,355,20
354,355,20
354,355,20
354,355,20
354,355,20
354,355,20
354,355,20
354,355,20
354,355,20
354,355,20
354,355,20
354,355,20
354,355,20
354,355,20
354,355,20
354,355,20
354,355,20
354,355,20
354,355,20
354,355,20
354,355,20
354,355,20
354,355,20
354,355,20
354,355,20
354,355,20
354,355,20
354,355,20
354,355,20
354,355,20
354,355,20
354,355,20
354,5,20
354,5,20
354,5,20
354,5,20
354,5,20
354,5,20
354,5,20
354,5,20
354,5,20
354,5,20
354,5,20
354,5,20
314,320,20
314,320,20
314,320,20
314,320,20
314,320,20
314,320,20
314,320,20
314,320,20
314,320,20
314,320,20
314,320,20
314,320,20
314,320,20
314,320,20
314,320,20
314,320,20
314,320,20
314,273,20
314,273,20
314,273,20
314,273,20
314,273,20
314,273,20
314,273,20
314,273,20
314,273,20
314,273,20
314,273,20
314,273,20
314,273,20
314,273,20
314,273,20
314,273,20
314,273,20
314,273,20
314,273,20
314,273,20
314,273,20
314,273,20
314,273,20
314,273,20
314,273,20
314,273,20
314,273,20
314,273,20
314,294,20
314,294,20
314,294,20
314,294,20
314,294,20
314,294,20
314,294,20
314,294,20
314,294,20
314,294,20
314,294,20
314,294,20
314,294,20
314,294,20
314,294,20
314,294,20
314,294,20
314,294,20
314,294,20
314,294,20
314,294,20
314,294,20
314,294,20
314,294,20
314,294,20
314,294,20
314,294,20
314,294,20
314,294,20
314,294,20
314,294,20
314,294,20
314,294,20
314,294,20
314,299,20
314,299,20
314,299,20
314,299,20
314,299,20
314,299,20
314,299,20
314,299,20
314,299,20
314,299,20
314,299,20
314,299,20
314,283,20
314,283,20
314,283,20
314,283,20
314,283,20
314,283,20
314,283,20
314,283,20
314,306,20
314,306,20
314,306,20
314,306,20
314,306,20
314,306,20
314,306,20
314,306,20
314,306,20
314,306,20
314,306,20
314,306,20
314,306,20
314,306,20
314,306,20
314,306,20
314,306,20
314,306,20
314,306,20
314,306,20
314,306,20
314,306,20
314,306,20
314,306,20
314,306,20
314,306,20
314,306,20
314,306,20
314,306,20
314,306,20
314,286,20
314,286,20
314,286,20
314,286,20
314,286,20
314,286,20
314,286,20
314,286,20
314,286,20
314,286,20
314,286,20
314,286,20
314,286,20
314,286,20
314,286,20
314,286,20
314,286,20
314,286,20
314,286,20
314,286,20
314,286,20
314,286,20
314,286,20
314,286,20
314,286,20
314,286,20
314,286,20
314,286,20
314,286,20
314,286,20
314,286,20
314,286,20
314,286,20
314,286,20
314,286,20
314,286,20
314,286,20
314,286,20
314,286,20
314,286,20
314,286,20
314,286,20
314,286,20
314,286,20
314,286,20
314,286,20
314,286,20
314,286,20
314,286,20
314,314,20
314,314,20
314,314,20
314,314,20
314,314,20
314,314,20
314,314,20
314,314,20
314,314,20
314,314,20
314,314,20
314,314,20
314,314,20
314,314,20
314,1,20
314,1,20
314,1,20
314,1,20
314,1,20
314,1,20
314,1,20
314,1,20
314,1,20
314,1,20
314,1,20
314,1,20
314,1,20
314,1,20
314,1,20
314,1,20
314,1,20
314,1,20
314,1,20
314,1,20
314,1,20
314,1,20
314,1,20
314,1,20
314,1,20
314,1,20
314,1,20
314,1,20
314,319,20
314,319,20
314,319,20
314,319,20
314,319,20
314,319,20
314,319,20
314,299,20
314,299,20
314,299,20
314,299,20
314,299,20
314,299,20
314,299,20
314,299,20
314,299,20
314,299,20
314,299,20
314,299,20
314,299,20
314,299,20
314,299,20
314,299,20
314,284,20
314,284,20
314,284,20
314,284,20
314,284,20
314,284,20
314,284,20
314,284,20
314,284,20
314,284,20
314,284,20
314,284,20
314,284,20
314,284,20
314,284,20
314,284,20
314,284,20
314,284,20
314,284,20
314,284,20
314,284,20
314,284,20
314,284,20
314,284,20
314,284,20
314,284,20
314,284,20
314,284,20
314,284,20
314,284,20
314,284,20
314,284,20
314,284,20
314,284,20
314,284,20
314,284,20
314,284,20
314,284,20
314,284,20
314,284,20
314,284,20
314,284,20
314,284,20
314,284,20
314,284,20
314,284,20
314,284,20
314,284,20
314,284,20
314,284,20
314,284,20
314,284,20
314,284,20
314,349,20
314,349,20
314,349,20
314,349,20
314,349,20
314,349,20
314,349,20
314,349,20
314,349,20
314,349,20
314,349,20
314,349,20
314,349,20
314,349,20
314,349,20
314,349,20
314,349,20
314,349,20
314,349,20
314,349,20
314,349,20
314,349,20
314,349,20
314,349,20
314,349,20
314,349,20
314,349,20
314,349,20
314,349,20
314,349,20
314,349,20
314,349,20
314,349,20
314,349,20
314,349,20
314,349,20
314,349,20
314,335,20
314,335,20
314,335,20
314,335,20
314,335,20
314,335,20
314,335,20
314,335,20
314,335,20
314,335,20
314,335,20
314,335,20
314,335,20
314,335,20
314,335,20
314,335,20
314,335,20
314,335,20
314,335,20
314,335,20
314,335,20
314,335,20
314,335,20
314,335,20
314,335,20
314,335,20
314,335,20
314,335,20
314,335,20
314,335,20
314,335,20
314,335,20
314,335,20
314,335,20
314,335,20
314,335,20
314,335,20
314,335,20
314,335,20
314,335,20
314,335,20
314,335,20
314,335,20
314,335,20
314,335,20
314,335,20
314,335,20
314,335,20
314,335,20
314,335,20
314,335,20
314,335,20
314,335,20
314,335,20
314,335,20
314,317,20
314,317,20
314,317,20
314,317,20
314,317,20
314,317,20
314,317,20
314,317,20
314,317,20
314,317,20
314,317,20
314,317,20
314,317,20
314,317,20
314,317,20
314,317,20
314,317,20
314,317,20
314,317,20
314,319,20
314,319,20
314,319,20
314,319,20
314,319,20
314,319,20
314,319,20
314,319,20
314,319,20
314,319,20
314,319,20
314,319,20
314,319,20
314,319,20
314,319,20
314,319,20
314,319,20
314,319,20
314,319,20
314,319,20
314,319,20
314,319,20
314,319,20
314,319,20
314,319,20
314,319,20
314,319,20
314,319,20
314,319,20
314,319,20
314,319,20
314,319,20
314,319,20
314,319,20
314,319,20
314,319,20
314,319,20
314,319,20
314,319,20
314,319,20
314,319,20
314,313,20
314,313,20
314,313,20
314,313,20
314,313,20
314,313,20
314,313,20
314,313,20
314,313,20
314,306,20
314,306,20
314,306,20
314,306,20
314,306,20
314,306,20
314,284,20
314,284,20
314,284,20
314,284,20
314,284,20
314,284,20
314,284,20
314,284,20
314,284,20
314,284,20
314,284,20
314,284,20
314,284,20
314,284,20
314,284,20
314,284,20
314,284,20
314,284,20
314,284,20
314,284,20
314,284,20
314,284,20
314,284,20
314,284,20
314,351,20
314,351,20
314,351,20
314,351,20
314,351,20
314,351,20
314,351,20
314,351,20
314,351,20
314,351,20
314,351,20
314,351,20
314,351,20
314,351,20
314,351,20
314,351,20
314,351,20
314,351,20
314,351,20
314,351,20
314,351,20
314,351,20
314,312,20
314,312,20
314,312,20
314,312,20
314,312,20
314,312,20
314,312,20
314,312,20
314,312,20
314,312,20
314,312,20
314,312,20
314,312,20
314,312,20
314,312,20
314,312,20
314,312,20
314,312,20
314,312,20
314,312,20
314,312,20
314,302,20
314,302,20
314,302,20
314,302,20
314,302,20
314,302,20
314,302,20
314,302,20
314,302,20
314,302,20
314,302,20
314,302,20
314,302,20
314,302,20
314,302,20
314,302,20
314,302,20
314,302,20
314,302,20
314,302,20
314,302,20
314,302,20
314,302,20
314,302,20
314,302,20
314,302,20
314,302,20
314,302,20
314,302,20
314,302,20
314,302,20
314,302,20
314,302,20
314,302,20
314,314,20
314,314,20
314,314,20
314,314,20
314,314,20
314,314,20
294,303,20
294,303,20
294,303,20
294,303,20
294,303,20
294,303,20
294,303,20
294,303,20
294,303,20
294,303,20
294,303,20
294,303,20
294,303,20
294,303,20
294,303,20
294,303,20
294,303,20
294,303,20
294,303,20
294,303,20
294,303,20
294,303,20
294,303,20
294,303,20
294,303,20
294,303,20
294,303,20
294,303,20
294,314,20
294,314,20
294,314,20
294,314,20
294,314,20
294,314,20
294,314,20
294,314,20
294,314,20
294,314,20
294,314,20
294,314,20
294,314,20
294,314,20
294,314,20
294,314,20
294,314,20
294,314,20
294,314,20
294,314,20
294,314,20
294,314,20
294,314,20
294,314,20
294,314,20
294,314,20
294,289,20
294,289,20
294,289,20
294,289,20
294,289,20
294,289,20
294,289,20
294,289,20
294,289,20
294,289,20
294,289,20
294,289,20
294,289,20
294,289,20
294,289,20
294,289,20
294,289,20
294,289,20
294,289,20
294,289,20
294,289,20
294,289,20
294,289,20
294,289,20
294,290,20
294,290,20
294,290,20
294,290,20
294,290,20
294,290,20
294,290,20
294,290,20
294,290,20
294,290,20
294,289,20
294,289,20
294,289,20
294,289,20
294,289,20
294,289,20
294,289,20
294,289,20
294,289,20
294,289,20
294,289,20
294,289,20
294,289,20
294,306,20
294,306,20
294,306,20
294,306,20
294,306,20
294,306,20
294,306,20
294,306,20
294,306,20
294,306,20
294,306,20
294,306,20
294,306,20
294,306,20
294,306,20
294,306,20
294,306,20
294,311,20
294,311,20
294,311,20
294,311,20
294,311,20
294,311,20
294,311,20
294,311,20
294,311,20
294,311,20
294,311,20
294,311,20
294,311,20
294,311,20
294,311,20
294,311,20
294,311,20
294,311,20
294,306,20
294,306,20
294,306,20
294,306,20
294,306,20
294,306,20
294,306,20
294,306,20
294,306,20
294,306,20
294,306,20
294,306,20
294,306,20
294,306,20
294,306,20
294,306,20
294,306,20
294,306,20
294,306,20
294,306,20
294,306,20
294,306,20
294,306,20
294,306,20
294,306,20
294,306,20
294,306,20
294,306,20
294,306,20
294,306,20
294,306,20
294,306,20
294,306,20
294,306,20
294,306,20
294,306,20
294,306,20
294,306,20
294,306,20
294,306,20
294,306,20
294,306,20
294,306,20
294,306,20
294,306,20
294,306,20
294,306,20
294,306,20
294,306,20
294,306,20
294,306,20
294,306,20
294,306,20
294,306,20
294,287,20
294,287,20
294,287,20
294,287,20
294,287,20
294,287,20
294,287,20
294,287,20
294,287,20
294,287,20
294,287,20
294,287,20
294,287,20
294,287,20
294,287,20
294,287,20
294,287,20
294,287,20
294,287,20
294,287,20
294,287,20
294,287,20
294,287,20
294,287,20
294,287,20
294,287,20
294,287,20
294,287,20
294,287,20
294,287,20
294,287,20
294,287,20
294,287,20
294,287,20
294,287,20
294,287,20
294,287,20
294,287,20
294,287,20
294,287,20
294,287,20
294,287,20
294,287,20
294,287,20
294,287,20
294,287,20
294,287,20
294,287,20
294,286,20
294,286,20
294,286,20
294,286,20
294,286,20
294,286,20
294,286,20
294,286,20
294,280,20
294,280,20
294,280,20
294,280,20
294,280,20
294,280,20
294,280,20
294,280,20
294,280,20
294,280,20
294,280,20
294,280,20
294,272,20
294,272,20
294,272,20
294,272,20
294,272,20
294,272,20
294,272,20
294,272,20
294,272,20
294,272,20
294,272,20
294,272,20
294,272,20
294,272,20
294,272,20
294,272,20
294,272,20
294,272,20
294,272,20
294,288,20
294,288,20
294,288,20
294,288,20
294,288,20
294,288,20
294,288,20
294,288,20
294,288,20
294,288,20
294,288,20
294,288,20
294,288,20
294,288,20
294,288,20
294,288,20
294,288,20
294,288,20
294,288,20
294,288,20
294,288,20
294,288,20
294,288,20
294,288,20
294,288,20
294,288,20
294,288,20
294,288,20
294,288,20
294,288,20
294,288,20
294,288,20
294,311,20
294,311,20
294,311,20
294,311,20
294,311,20
294,311,20
294,311,20
294,301,20
294,301,20
294,301,20
294,301,20
294,301,20
294,301,20
294,288,20
294,288,20
294,288,20
294,288,20
294,288,20
294,288,20
294,288,20
294,288,20
294,288,20
294,288,20
294,288,20
294,288,20
294,288,20
294,288,20
294,288,20
294,288,20
294,288,20
294,288,20
294,288,20
294,288,20
294,288,20
294,288,20
294,288,20
294,288,20
294,288,20
294,288,20
294,288,20
294,288,20
294,288,20
294,288,20
294,288,20
294,285,20
294,285,20
294,285,20
294,285,20
294,285,20
294,285,20
294,285,20
294,285,20
294,285,20
294,285,20
294,285,20
294,285,20
294,285,20
294,285,20
294,285,20
294,285,20
294,285,20
294,285,20
294,285,20
294,285,20
294,285,20
294,285,20
294,285,20
294,285,20
294,285,20
294,285,20
294,285,20
294,285,20
294,285,20
294,285,20
294,285,20
294,285,20
294,285,20
294,285,20
294,292,20
294,292,20
294,292,20
294,292,20
294,292,20
294,292,20
294,292,20
294,292,20
294,292,20
294,292,20
294,292,20
294,292,20
294,292,20
294,292,20
294,292,20
294,292,20
294,292,20
294,292,20
294,292,20
294,292,20
294,292,20
294,292,20
294,292,20
294,289,20
294,289,20
294,289,20
294,289,20
294,289,20
294,289,20
294,295,20
294,295,20
294,295,20
294,295,20
294,295,20
294,295,20
294,295,20
294,295,20
294,295,20
294,295,20
294,295,20
294,295,20
294,295,20
294,295,20
294,295,20
294,295,20
294,295,20
294,295,20
294,295,20
294,295,20
294,295,20
294,295,20
294,295,20
294,295,20
294,295,20
294,295,20
294,295,20
294,295,20
294,295,20
294,295,20
294,295,20
294,295,20
294,295,20
294,295,20
294,295,20
294,295,20
294,295,20
294,295,20
294,295,20
294,295,20
294,295,20
294,295,20
294,295,20
294,293,20
294,293,20
294,293,20
294,293,20
294,293,20
294,293,20
294,293,20
294,293,20
294,293,20
294,293,20
294,293,20
294,293,20
294,293,20
294,293,20
294,293,20
294,293,20
294,293,20
294,293,20
294,293,20
294,293,20
294,293,20
294,285,20
294,285,20
294,285,20
294,285,20
294,285,20
294,285,20
294,285,20
294,285,20
294,285,20
294,285,20
294,285,20
294,285,20
294,285,20
294,285,20
294,285,20
294,285,20
294,285,20
294,285,20
294,285,20
294,285,20
294,285,20
294,285,20
294,285,20
294,285,20
294,285,20
294,285,20
294,285,20
294,285,20
294,285,20
294,285,20
294,285,20
294,285,20
294,285,20
294,285,20
294,285,20
294,285,20
294,308,20
294,308,20
294,308,20
294,308,20
294,308,20
294,308,20
294,308,20
294,308,20
294,308,20
294,308,20
294,308,20
294,308,20
294,308,20
294,308,20
294,308,20
294,308,20
294,308,20
294,308,20
294,308,20
294,308,20
294,308,20
294,308,20
294,308,20
294,308,20
294,308,20
294,308,20
294,308,20
294,308,20
294,303,20
294,303,20
294,303,20
294,303,20
294,303,20
294,303,20
294,303,20
294,303,20
294,303,20
294,303,20
294,303,20
294,303,20
294,303,20
294,303,20
294,303,20
294,303,20
294,303,20
294,303,20
294,303,20
294,303,20
294,303,20
294,303,20
294,303,20
294,303,20
294,303,20
294,303,20
294,303,20
294,303,20
294,303,20
294,303,20
294,303,20
294,303,20
294,303,20
294,303,20
294,303,20
294,303,20
294,303,20
294,269,20
294,269,20
294,269,20
294,269,20
294,269,20
294,269,20
294,269,20
294,269,20
294,269,20
294,269,20
294,269,20
294,317,20
294,317,20
294,317,20
294,317,20
294,317,20
294,317,20
294,317,20
294,317,20
294,317,20
294,317,20
294,317,20
294,317,20
294,317,20
294,317,20
294,317,20
294,285,20
294,285,20
294,285,20
294,285,20
294,285,20
294,285,20
294,253,20
294,253,20
294,253,20
294,253,20
294,253,20
294,253,20
294,253,20
294,253,20
294,253,20
294,253,20
294,253,20
294,253,20
294,253,20
294,253,20
294,253,20
294,253,20
294,253,20
294,253,20
294,253,20
294,253,20
294,253,20
294,253,20
294,253,20
294,253,20
294,328,20
294,328,20
294,328,20
294,328,20
294,328,20
294,328,20
294,328,20
294,328,20
294,328,20
294,328,20
294,328,20
294,328,20
294,328,20
294,328,20
294,328,20
294,328,20
294,328,20
294,328,20
294,328,20
294,328,20
294,328,20
294,328,20
294,328,20
294,328,20
294,328,20
294,328,20
324,314,20
324,314,20
324,314,20
324,314,20
324,314,20
324,314,20
324,314,20
324,314,20
324,314,20
324,314,20
324,314,20
324,314,20
324,314,20
324,314,20
324,314,20
324,314,20
324,314,20
324,314,20
324,314,20
324,7,20
324,7,20
324,7,20
324,7,20
324,7,20
324,7,20
324,7,20
324,282,20
324,282,20
324,282,20
324,282,20
324,282,20
324,282,20
324,282,20
324,282,20
324,282,20
324,282,20
324,282,20
324,282,20
324,282,20
324,282,20
324,282,20
324,324,20
324,324,20
324,324,20
324,324,20
324,324,20
324,324,20
324,281,20
324,281,20
324,281,20
324,281,20
324,281,20
324,281,20
324,281,20
324,281,20
324,281,20
324,281,20
324,281,20
324,281,20
324,281,20
324,281,20
324,281,20
324,281,20
324,281,20
324,281,20
324,281,20
324,281,20
324,281,20
324,281,20
324,281,20
324,281,20
324,281,20
324,281,20
324,334,20
324,334,20
324,334,20
324,334,20
324,334,20
324,334,20
324,334,20
324,334,20
324,334,20
324,334,20
324,334,20
324,334,20
324,334,20
324,334,20
324,334,20
324,312,20
324,312,20
324,312,20
324,312,20
324,312,20
324,312,20
324,312,20
324,312,20
324,312,20
324,312,20
324,312,20
324,312,20
324,312,20
324,312,20
324,312,20
324,312,20
324,312,20
324,312,20
324,312,20
324,312,20
324,312,20
324,312,20
324,312,20
324,294,20
324,294,20
324,294,20
324,294,20
324,294,20
324,294,20
324,294,20
324,294,20
324,294,20
324,294,20
324,294,20
324,294,20
324,294,20
324,294,20
324,294,20
324,294,20
324,294,20
324,294,20
324,294,20
324,264,20
324,264,20
324,264,20
324,264,20
324,264,20
324,264,20
324,264,20
324,264,20
324,264,20
324,264,20
324,264,20
324,264,20
324,264,20
324,334,20
324,334,20
324,334,20
324,334,20
324,334,20
324,334,20
324,334,20
324,334,20
324,334,20
324,334,20
324,334,20
324,334,20
324,334,20
324,334,20
324,334,20
324,334,20
324,334,20
324,334,20
324,334,20
324,334,20
324,334,20
324,345,20
324,345,20
324,345,20
324,345,20
324,345,20
324,345,20
324,345,20
324,316,20
324,316,20
324,316,20
324,316,20
324,316,20
324,316,20
324,321,20
324,321,20
324,321,20
324,321,20
324,321,20
324,321,20
324,321,20
324,321,20
324,321,20
324,321,20
324,321,20
324,321,20
324,321,20
324,321,20
324,321,20
324,321,20
324,321,20
324,321,20
324,321,20
324,321,20
324,321,20
324,321,20
324,321,20
324,321,20
324,321,20
324,321,20
324,321,20
324,321,20
324,321,20
324,321,20
324,321,20
324,321,20
324,321,20
324,321,20
324,321,20
324,337,20
324,337,20
324,337,20
324,337,20
324,337,20
324,337,20
324,337,20
324,337,20
324,337,20
324,337,20
324,337,20
324,337,20
324,337,20
324,337,20
324,337,20
324,337,20
324,337,20
324,337,20
324,337,20
324,337,20
324,337,20
324,337,20
324,337,20
324,337,20
324,337,20
324,337,20
324,337,20
324,337,20
324,337,20
324,337,20
324,337,20
324,337,20
324,337,20
324,337,20
324,337,20
324,337,20
324,337,20
324,337,20
324,337,20
324,337,20
324,337,20
324,337,20
324,337,20
324,315,20
324,315,20
324,315,20
324,315,20
324,315,20
324,315,20
324,315,20
324,315,20
324,315,20
324,315,20
324,315,20
324,318,20
324,318,20
324,318,20
324,318,20
324,318,20
324,318,20
324,318,20
324,318,20
324,318,20
324,318,20
324,318,20
324,318,20
324,318,20
324,318,20
324,318,20
324,318,20
324,318,20
324,318,20
324,318,20
324,318,20
324,318,20
324,318,20
324,283,20
324,283,20
324,283,20
324,283,20
324,283,20
324,283,20
324,283,20
324,283,20
324,283,20
324,283,20
324,283,20
324,283,20
324,283,20
324,283,20
324,283,20
324,283,20
324,283,20
324,283,20
324,283,20
324,283,20
324,283,20
324,283,20
324,283,20
324,283,20
324,283,20
324,283,20
324,283,20
324,283,20
324,283,20
324,283,20
324,283,20
324,283,20
324,283,20
324,283,20
324,283,20
324,283,20
324,283,20
324,283,20
324,283,20
324,283,20
324,283,20
324,283,20
324,283,20
324,283,20
324,283,20
324,283,20
324,283,20
324,341,20
324,341,20
324,341,20
324,341,20
324,341,20
324,341,20
324,341,20
324,341,20
324,341,20
324,302,20
324,302,20
324,302,20
324,302,20
324,302,20
324,302,20
324,302,20
324,302,20
324,302,20
324,303,20
324,303,20
324,303,20
324,303,20
324,303,20
324,303,20
324,303,20
324,322,20
324,322,20
324,322,20
324,322,20
324,322,20
324,322,20
324,328,20
324,328,20
324,328,20
324,328,20
324,328,20
324,328,20
324,328,20
324,328,20
324,328,20
324,328,20
324,328,20
324,328,20
324,328,20
324,328,20
324,328,20
324,328,20
324,328,20
324,328,20
324,328,20
324,328,20
324,328,20
324,328,20
324,328,20
324,328,20
324,328,20
324,328,20
324,328,20
324,328,20
324,328,20
324,328,20
324,328,20
324,328,20
324,328,20
324,328,20
324,328,20
324,328,20
324,328,20
324,328,20
324,328,20
324,328,20
324,328,20
324,328,20
324,328,20
324,328,20
324,328,20
324,328,20
324,328,20
324,328,20
324,339,20
324,339,20
324,339,20
324,339,20
324,339,20
324,339,20
324,326,20
324,326,20
324,326,20
324,326,20
324,326,20
324,326,20
324,326,20
324,326,20
324,326,20
324,326,20
324,326,20
324,326,20
324,326,20
324,326,20
324,326,20
324,326,20
324,326,20
324,326,20
324,326,20
324,326,20
324,326,20
324,326,20
324,326,20
324,326,20
324,326,20
324,326,20
324,326,20
324,326,20
324,326,20
324,326,20
324,326,20
324,326,20
324,326,20
324,326,20
324,326,20
324,326,20
324,326,20
324,326,20
324,326,20
324,326,20
324,326,20
324,7,20
324,7,20
324,7,20
324,7,20
324,7,20
324,7,20
324,7,20
324,7,20
324,7,20
324,359,20
324,359,20
324,359,20
324,359,20
324,359,20
324,359,20
324,359,20
324,303,20
324,303,20
324,303,20
324,303,20
324,303,20
324,303,20
324,303,20
324,303,20
324,303,20
324,303,20
324,325,20
324,325,20
324,325,20
324,325,20
324,325,20
324,325,20
324,325,20
324,325,20
324,325,20
324,325,20
324,325,20
324,325,20
324,325,20
324,325,20
324,325,20
324,325,20
324,325,20
324,325,20
324,325,20
324,325,20
324,325,20
324,325,20
324,325,20
324,325,20
324,325,20
324,325,20
324,303,20
324,303,20
324,303,20
324,303,20
324,303,20
324,303,20
324,303,20
324,303,20
324,303,20
324,303,20
324,303,20
324,303,20
324,303,20
324,303,20
324,303,20
324,303,20
324,338,20
324,338,20
324,338,20
324,338,20
324,338,20
324,338,20
324,338,20
324,338,20
324,338,20
324,338,20
324,338,20
324,338,20
324,338,20
324,326,20
324,326,20
324,326,20
324,326,20
324,326,20
324,326,20
324,326,20
324,326,20
324,326,20
324,326,20
324,326,20
324,326,20
324,326,20
324,326,20
324,352,20
324,352,20
324,352,20
324,352,20
324,352,20
324,352,20
324,352,20
344,7,20
344,7,20
344,7,20
344,7,20
344,7,20
344,7,20
344,7,20
344,7,20
344,7,20
344,7,20
344,7,20
344,12,20
344,12,20
344,12,20
344,12,20
344,12,20
344,12,20
344,12,20
344,12,20
344,12,20
344,12,20
344,12,20
344,12,20
344,12,20
344,334,20
344,334,20
344,334,20
344,334,20
344,334,20
344,334,20
344,334,20
344,334,20
344,334,20
344,334,20
344,334,20
344,334,20
344,334,20
344,334,20
344,334,20
344,329,20
344,329,20
344,329,20
344,329,20
344,329,20
344,329,20
344,329,20
344,329,20
344,329,20
344,329,20
344,329,20
344,329,20
344,329,20
344,329,20
344,329,20
344,329,20
344,329,20
344,334,20
344,334,20
344,334,20
344,334,20
344,334,20
344,334,20
344,334,20
344,334,20
344,334,20
344,346,20
344,346,20
344,346,20
344,346,20
344,346,20
344,346,20
344,346,20
344,346,20
344,346,20
344,346,20
344,346,20
344,346,20
344,352,20
344,352,20
344,352,20
344,352,20
344,352,20
344,352,20
344,352,20
344,352,20
344,352,20
344,352,20
344,352,20
344,352,20
344,352,20
344,352,20
344,352,20
344,352,20
344,352,20
344,352,20
344,352,20
344,352,20
344,352,20
344,358,20
344,358,20
344,358,20
344,358,20
344,358,20
344,358,20
344,358,20
344,358,20
344,358,20
344,358,20
344,358,20
344,358,20
344,358,20
344,358,20
344,358,20
344,358,20
344,358,20
344,358,20
344,358,20
344,358,20
344,358,20
344,358,20
344,358,20
344,358,20
344,358,20
344,358,20
344,358,20
344,358,20
344,358,20
344,358,20
344,358,20
344,10,20
344,10,20
344,10,20
344,10,20
344,10,20
344,10,20
344,10,20
344,353,20
344,353,20
344,353,20
344,353,20
344,353,20
344,353,20
344,353,20
344,353,20
344,353,20
344,353,20
344,353,20
344,353,20
344,353,20
344,353,20
344,353,20
344,336,20
344,336,20
344,336,20
344,336,20
344,336,20
344,336,20
344,336,20
344,326,20
344,326,20
344,326,20
344,326,20
344,326,20
344,326,20
344,326,20
344,326,20
344,326,20
344,326,20
344,326,20
344,326,20
344,326,20
344,326,20
344,326,20
344,326,20
344,326,20
344,326,20
344,326,20
344,326,20
344,326,20
344,326,20
344,326,20
344,326,20
344,326,20
344,326,20
344,326,20
344,326,20
344,333,20
344,333,20
344,333,20
344,333,20
344,333,20
344,333,20
344,354,20
344,354,20
344,354,20
344,354,20
344,354,20
344,354,20
344,354,20
344,354,20
344,354,20
344,354,20
344,354,20
344,354,20
344,354,20
344,354,20
344,354,20
344,354,20
344,354,20
344,354,20
344,354,20
344,354,20
344,354,20
344,354,20
344,354,20
344,354,20
344,354,20
344,354,20
344,354,20
344,354,20
344,354,20
344,354,20
344,354,20
344,354,20
344,354,20
344,354,20
344,354,20
344,354,20
344,354,20
344,354,20
344,354,20
344,354,20
344,354,20
344,354,20
344,354,20
344,354,20
344,354,20
344,354,20
344,325,20
344,325,20
344,325,20
344,325,20
344,325,20
344,325,20
344,325,20
344,325,20
344,325,20
344,325,20
344,325,20
344,325,20
344,325,20
344,325,20
344,325,20
344,325,20
344,325,20
344,325,20
344,325,20
344,325,20
344,325,20
344,325,20
344,325,20
344,325,20
344,325,20
344,325,20
344,325,20
344,325,20
344,325,20
344,309,20
344,309,20
344,309,20
344,309,20
344,309,20
344,309,20
344,309,20
344,309,20
344,309,20
344,309,20
344,309,20
344,309,20
344,309,20
344,309,20
344,309,20
344,309,20
344,309,20
344,309,20
344,309,20
344,309,20
344,309,20
344,309,20
344,309,20
344,309,20
344,309,20
344,309,20
344,309,20
344,309,20
344,309,20
344,341,20
344,341,20
344,341,20
344,341,20
344,341,20
344,341,20
344,341,20
344,341,20
344,341,20
344,341,20
344,341,20
344,341,20
344,341,20
344,341,20
344,341,20
344,341,20
344,341,20
344,341,20
344,341,20
344,341,20
344,341,20
344,331,20
344,331,20
344,331,20
344,331,20
344,331,20
344,331,20
344,331,20
344,331,20
344,331,20
344,345,20
344,345,20
344,345,20
344,345,20
344,345,20
344,345,20
344,345,20
344,345,20
344,345,20
344,345,20
344,345,20
344,345,20
344,345,20
344,345,20
344,345,20
344,345,20
344,345,20
344,347,20
344,347,20
344,347,20
344,347,20
344,347,20
344,347,20
344,347,20
344,347,20
344,337,20
344,337,20
344,337,20
344,337,20
344,337,20
344,337,20
344,337,20
344,337,20
344,337,20
344,337,20
344,337,20
344,337,20
344,337,20
344,24,20
344,24,20
344,24,20
344,24,20
344,24,20
344,24,20
344,24,20
344,24,20
344,24,20
344,24,20
344,24,20
344,336,20
344,336,20
344,336,20
344,336,20
344,336,20
344,336,20
344,336,20
344,336,20
344,336,20
344,336,20
344,355,20
344,355,20
344,355,20
344,355,20
344,355,20
344,355,20
344,355,20
344,355,20
344,355,20
344,355,20
344,355,20
344,355,20
344,355,20
344,355,20
344,355,20
344,355,20
344,355,20
344,355,20
344,355,20
344,355,20
344,355,20
344,355,20
344,355,20
344,355,20
344,355,20
344,355,20
344,355,20
344,355,20
344,355,20
344,355,20
344,355,20
344,355,20
344,355,20
344,355,20
344,355,20
344,355,20
344,355,20
344,355,20
344,355,20
344,355,20
344,355,20
344,355,20
344,355,20
344,355,20
344,355,20
344,355,20
344,355,20
344,321,20
344,321,20
344,321,20
344,321,20
344,321,20
344,321,20
344,321,20
344,321,20
344,321,20
344,321,20
344,321,20
344,321,20
344,321,20
344,321,20
344,321,20
344,321,20
344,321,20
344,344,20
344,344,20
344,344,20
344,344,20
344,344,20
344,344,20
344,344,20
344,36,20
344,36,20
344,36,20
344,36,20
344,36,20
344,36,20
344,36,20
344,36,20
344,36,20
344,36,20
344,36,20
344,36,20
344,36,20
344,36,20
344,36,20
344,36,20
344,36,20
344,36,20
344,36,20
344,36,20
344,36,20
344,36,20
344,36,20
344,36,20
344,36,20
344,36,20
344,36,20
344,36,20
344,36,20
344,36,20
344,36,20
344,13,20
344,13,20
344,13,20
344,13,20
344,13,20
344,13,20
344,346,20
344,346,20
344,346,20
344,346,20
344,346,20
344,346,20
344,346,20
344,346,20
344,346,20
344,346,20
344,346,20
344,346,20
344,346,20
344,346,20
344,346,20
344,346,20
344,346,20
344,346,20
344,346,20
344,346,20
344,346,20
344,346,20
344,346,20
344,346,20
344,346,20
344,356,20
344,356,20
344,356,20
344,356,20
344,356,20
344,356,20
344,356,20
344,356,20
344,356,20
344,356,20
344,356,20
344,356,20
344,356,20
344,356,20
344,356,20
344,356,20
344,356,20
344,356,20
344,356,20
344,356,20
344,356,20
344,356,20
344,356,20
344,356,20
344,356,20
344,356,20
4,38,20
4,38,20
4,38,20
4,38,20
4,38,20
4,38,20
4,38,20
4,38,20
4,38,20
4,38,20
4,38,20
4,38,20
4,38,20
4,38,20
4,38,20
4,38,20
4,38,20
4,38,20
4,38,20
4,38,20
4,38,20
4,38,20
4,38,20
4,38,20
4,342,20
4,342,20
4,342,20
4,342,20
4,342,20
4,342,20
4,342,20
4,342,20
4,342,20
4,342,20
4,33,20
4,33,20
4,33,20
4,33,20
4,33,20
4,33,20
4,33,20
4,33,20
4,33,20
4,33,20
4,33,20
4,33,20
4,33,20
4,33,20
4,33,20
4,33,20
4,33,20
4,33,20
4,4,20
4,4,20
4,4,20
4,4,20
4,4,20
4,4,20
4,4,20
4,4,20
4,4,20
4,4,20
4,4,20
4,4,20
4,4,20
4,4,20
4,4,20
4,4,20
4,4,20
4,4,20
4,4,20
4,4,20
4,4,20
4,4,20
4,4,20
4,4,20
4,4,20
4,4,20
4,4,20
4,4,20
4,4,20
4,4,20
4,4,20
4,4,20
4,4,20
4,4,20
4,4,20
4,4,20
4,4,20
4,4,20
4,4,20
4,4,20
4,4,20
4,4,20
4,42,20
4,42,20
4,42,20
4,42,20
4,42,20
4,42,20
4,42,20
4,42,20
4,42,20
4,23,20
4,23,20
4,23,20
4,23,20
4,23,20
4,23,20
4,23,20
4,23,20
4,23,20
4,23,20
4,23,20
4,23,20
4,23,20
4,23,20
4,23,20
4,23,20
4,23,20
4,23,20
4,23,20
4,23,20
4,23,20
4,23,20
4,23,20
4,23,20
4,23,20
4,23,20
4,23,20
4,23,20
4,23,20
4,23,20
4,23,20
4,23,20
4,23,20
4,23,20
4,23,20
4,23,20
4,23,20
4,23,20
4,23,20
4,23,20
4,23,20
4,25,20
4,25,20
4,25,20
4,25,20
4,25,20
4,25,20
4,25,20
4,25,20
4,25,20
4,25,20
4,25,20
4,25,20
4,25,20
4,25,20
4,25,20
4,25,20
4,25,20
4,25,20
4,25,20
4,25,20
4,25,20
4,25,20
4,25,20
4,25,20
4,25,20
4,25,20
4,25,20
4,25,20
4,25,20
4,25,20
4,25,20
4,25,20
4,25,20
4,25,20
4,25,20
4,25,20
4,25,20
4,323,20
4,323,20
4,323,20
4,323,20
4,323,20
4,323,20
4,323,20
4,323,20
4,323,20
4,323,20
4,323,20
4,323,20
4,323,20
4,323,20
4,323,20
4,323,20
4,323,20
4,323,20
4,323,20
4,323,20
4,323,20
4,323,20
4,323,20
4,323,20
4,323,20
4,323,20
4,323,20
4,323,20
4,323,20
4,323,20
4,351,20
4,351,20
4,351,20
4,351,20
4,351,20
4,351,20
4,351,20
4,351,20
4,351,20
4,339,20
4,339,20
4,339,20
4,339,20
4,339,20
4,339,20
4,339,20
4,339,20
4,339,20
4,339,20
4,339,20
4,339,20
4,339,20
4,5,20
4,5,20
4,5,20
4,5,20
4,5,20
4,5,20
4,5,20
4,5,20
4,12,20
4,12,20
4,12,20
4,12,20
4,12,20
4,12,20
4,12,20
4,12,20
4,12,20
4,12,20
4,12,20
4,12,20
4,12,20
4,12,20
4,12,20
4,12,20
4,12,20
4,12,20
4,12,20
4,12,20
4,19,20
4,19,20
4,19,20
4,19,20
4,19,20
4,19,20
4,19,20
4,19,20
4,19,20
4,19,20
4,19,20
4,19,20
4,19,20
4,19,20
4,19,20
4,19,20
4,19,20
4,19,20
4,19,20
4,19,20
4,19,20
4,19,20
4,19,20
4,19,20
4,19,20
4,19,20
4,19,20
4,19,20
4,19,20
4,19,20
4,19,20
4,19,20
4,19,20
4,19,20
4,19,20
4,19,20
4,19,20
4,19,20
4,19,20
4,19,20
4,19,20
4,19,20
4,19,20
4,19,20
4,19,20
4,19,20
4,19,20
4,19,20
4,19,20
4,19,20
4,16,20
4,16,20
4,16,20
4,16,20
4,16,20
4,16,20
4,16,20
4,16,20
4,16,20
4,16,20
4,16,20
4,16,20
4,16,20
4,16,20
4,16,20
4,16,20
4,16,20
4,350,20
4,350,20
4,350,20
4,350,20
4,350,20
4,350,20
4,350,20
4,350,20
4,350,20
4,350,20
4,350,20
4,350,20
4,350,20
4,350,20
4,350,20
4,5,20
4,5,20
4,5,20
4,5,20
4,5,20
4,5,20
4,5,20
4,5,20
4,5,20
4,5,20
4,5,20
4,5,20
4,5,20
4,5,20
4,5,20
4,5,20
4,5,20
4,5,20
4,5,20
4,5,20
4,5,20
4,5,20
4,5,20
4,5,20
4,5,20
4,5,20
4,5,20
4,5,20
4,353,20
4,353,20
4,353,20
4,353,20
4,353,20
4,353,20
4,353,20
4,353,20
4,353,20
4,353,20
4,353,20
4,353,20
4,353,20
4,353,20
4,353,20
4,353,20
4,353,20
4,353,20
4,353,20
4,353,20
4,353,20
4,353,20
4,353,20
4,353,20
4,353,20
4,353,20
4,353,20
4,353,20
4,353,20
4,353,20
4,353,20
4,353,20
4,353,20
4,353,20
4,353,20
4,353,20
4,353,20
4,353,20
4,353,20
4,353,20
4,353,20
4,330,20
4,330,20
4,330,20
4,330,20
4,330,20
4,330,20
4,330,20
4,330,20
4,330,20
4,330,20
4,330,20
4,330,20
4,330,20
4,330,20
4,330,20
4,330,20
4,330,20
4,330,20
4,330,20
4,330,20
4,7,20
4,7,20
4,7,20
4,7,20
4,7,20
4,7,20
4,7,20
4,7,20
4,7,20
4,7,20
4,7,20
4,7,20
4,7,20
4,7,20
4,7,20
4,7,20
4,7,20
4,7,20
4,7,20
4,7,20
4,7,20
4,7,20
4,7,20
4,7,20
4,7,20
4,7,20
4,7,20
4,43,20
4,43,20
4,43,20
4,43,20
4,43,20
4,43,20
4,43,20
4,43,20
4,43,20
4,43,20
4,43,20
4,43,20
4,43,20
4,43,20
4,43,20
4,43,20
4,43,20
4,43,20
4,43,20
4,43,20
4,43,20
4,343,20
4,343,20
4,343,20
4,343,20
4,343,20
4,343,20
4,343,20
4,343,20
4,343,20
4,343,20
4,343,20
4,343,20
4,343,20
4,343,20
4,343,20
4,343,20
4,343,20
4,343,20
4,343,20
4,343,20
4,343,20
4,343,20
4,343,20
4,343,20
4,343,20
4,343,20
4,343,20
4,343,20
4,343,20
4,343,20
4,343,20
4,343,20
4,343,20
4,343,20
4,343,20
4,343,20
4,343,20
4,343,20
4,343,20
4,343,20
4,343,20
4,343,20
4,343,20
4,343,20
4,343,20
4,343,20
4,343,20
4,343,20
4,343,20
4,13,20
4,13,20
4,13,20
4,13,20
4,13,20
4,13,20
4,13,20
4,13,20
4,13,20
4,13,20
4,13,20
4,13,20
4,13,20
4,13,20
4,13,20
4,13,20
4,13,20
4,13,20
4,13,20
4,13,20
4,13,20
4,13,20
4,13,20
4,13,20
4,13,20
4,13,20
4,13,20
4,13,20
4,13,20
4,13,20
4,13,20
4,13,20
4,13,20
4,13,20
4,350,20
4,350,20
4,350,20
4,350,20
4,350,20
4,350,20
4,350,20
4,350,20
4,350,20
4,350,20
4,350,20
4,350,20
4,350,20
4,350,20
4,350,20
4,350,20
4,336,20
4,336,20
4,336,20
4,336,20
4,336,20
4,336,20
4,336,20
4,336,20
4,336,20
4,336,20
4,336,20
4,336,20
4,336,20
4,336,20
4,336,20
4,336,20
4,336,20
4,336,20
4,336,20
4,336,20
4,336,20
4,336,20
4,336,20
4,336,20
4,336,20
4,336,20
4,336,20
4,336,20
4,336,20
4,336,20
4,336,20
4,336,20
4,336,20
4,336,20
4,336,20
4,336,20
4,336,20
4,336,20
4,336,20
4,336,20
4,336,20
4,336,20
4,336,20
4,336,20
4,336,20
4,336,20
4,336,20
4,336,20
4,336,20
4,336,20
4,336,20
4,336,20
4,336,20
4,336,20
4,357,20
4,357,20
4,357,20
4,357,20
4,357,20
4,357,20
4,357,20
4,357,20
4,357,20
4,357,20
4,357,20
4,357,20
4,357,20
4,357,20
4,4,20
4,4,20
4,4,20
4,4,20
4,4,20
4,4,20
4,4,20
4,4,20
4,4,20
4,4,20
4,4,20
4,4,20
4,4,20
4,4,20
4,4,20
4,4,20
4,4,20
4,4,20
4,4,20
4,4,20
4,4,20
4,4,20
4,4,20
4,4,20
4,4,20
4,4,20
4,4,20
4,4,20
4,4,20
4,4,20
4,347,20
4,347,20
4,347,20
4,347,20
4,347,20
4,347,20
4,347,20
4,347,20
4,347,20
4,347,20
4,347,20
4,347,20
4,347,20
4,347,20
4,347,20
4,347,20
4,347,20
4,347,20
4,347,20
4,347,20
4,347,20
4,10,20
4,10,20
4,10,20
4,10,20
4,10,20
4,10,20
4,10,20
24,38,20
24,38,20
24,38,20
24,38,20
24,38,20
24,38,20
24,38,20
24,38,20
24,38,20
24,38,20
24,38,20
24,38,20
24,38,20
24,38,20
24,38,20
24,38,20
24,38,20
24,38,20
24,38,20
24,38,20
24,38,20
24,38,20
24,38,20
24,38,20
24,38,20
24,38,20
24,38,20
24,38,20
24,38,20
24,3,20
24,3,20
24,3,20
24,3,20
24,3,20
24,3,20
24,3,20
24,11,20
24,11,20
24,11,20
24,11,20
24,11,20
24,11,20
24,11,20
24,8,20
24,8,20
24,8,20
24,8,20
24,8,20
24,8,20
24,8,20
24,8,20
24,8,20
24,8,20
24,8,20
24,8,20
24,8,20
24,8,20
24,8,20
24,8,20
24,8,20
24,8,20
24,8,20
24,8,20
24,8,20
24,8,20
24,8,20
24,8,20
24,8,20
24,8,20
24,8,20
24,8,20
24,8,20
24,8,20
24,8,20
24,8,20
24,8,20
24,8,20
24,8,20
24,8,20
24,8,20
24,8,20
24,8,20
24,32,20
24,32,20
24,32,20
24,32,20
24,32,20
24,32,20
24,32,20
24,32,20
24,32,20
24,32,20
24,32,20
24,32,20
24,32,20
24,32,20
24,32,20
24,32,20
24,32,20
24,32,20
24,32,20
24,32,20
24,32,20
24,32,20
24,32,20
24,32,20
24,32,20
24,32,20
24,32,20
24,32,20
24,32,20
24,32,20
24,32,20
24,32,20
24,32,20
24,32,20
24,32,20
24,32,20
24,32,20
24,32,20
24,32,20
24,32,20
24,32,20
24,32,20
24,32,20
24,32,20
24,32,20
24,32,20
24,32,20
24,32,20
24,32,20
24,32,20
24,32,20
24,32,20
24,356,20
24,356,20
24,356,20
24,356,20
24,356,20
24,356,20
24,356,20
24,356,20
24,356,20
24,356,20
24,356,20
24,356,20
24,356,20
24,356,20
24,356,20
24,356,20
24,356,20
24,356,20
24,356,20
24,356,20
24,356,20
24,356,20
24,356,20
24,356,20
24,356,20
24,356,20
24,356,20
24,356,20
24,356,20
24,356,20
24,356,20
24,356,20
24,356,20
24,356,20
24,356,20
24,356,20
24,356,20
24,356,20
24,356,20
24,356,20
24,356,20
24,356,20
24,356,20
24,356,20
24,356,20
24,356,20
24,356,20
24,356,20
24,356,20
24,356,20
24,356,20
24,16,20
24,16,20
24,16,20
24,16,20
24,16,20
24,16,20
24,16,20
24,16,20
24,16,20
24,16,20
24,356,20
24,356,20
24,356,20
24,356,20
24,356,20
24,356,20
24,356,20
24,356,20
24,356,20
24,29,20
24,29,20
24,29,20
24,29,20
24,29,20
24,29,20
24,29,20
24,29,20
24,29,20
24,29,20
24,29,20
24,29,20
24,24,20
24,24,20
24,24,20
24,24,20
24,24,20
24,24,20
24,24,20
24,24,20
24,24,20
24,24,20
24,24,20
24,24,20
24,24,20
24,24,20
24,24,20
24,24,20
24,24,20
24,24,20
24,24,20
24,24,20
24,15,20
24,15,20
24,15,20
24,15,20
24,15,20
24,15,20
24,15,20
24,15,20
24,15,20
24,15,20
24,15,20
24,15,20
24,15,20
24,15,20
24,15,20
24,15,20
24,47,20
24,47,20
24,47,20
24,47,20
24,47,20
24,47,20
24,47,20
24,47,20
24,47,20
24,47,20
24,47,20
24,47,20
24,47,20
24,47,20
24,47,20
24,47,20
24,47,20
24,47,20
24,47,20
24,47,20
24,47,20
24,47,20
24,47,20
24,47,20
24,46,20
24,46,20
24,46,20
24,46,20
24,46,20
24,46,20
24,46,20
24,46,20
24,46,20
24,46,20
24,46,20
24,46,20
24,46,20
24,46,20
24,46,20
24,46,20
24,46,20
24,46,20
24,46,20
24,46,20
24,46,20
24,46,20
24,46,20
24,46,20
24,46,20
24,46,20
24,46,20
24,46,20
24,46,20
24,23,20
24,23,20
24,23,20
24,23,20
24,23,20
24,23,20
24,23,20
24,23,20
24,23,20
24,23,20
24,23,20
24,23,20
24,23,20
24,23,20
24,23,20
24,38,20
24,38,20
24,38,20
24,38,20
24,38,20
24,38,20
24,38,20
24,38,20
24,38,20
24,38,20
24,38,20
24,38,20
24,19,20
24,19,20
24,19,20
24,19,20
24,19,20
24,19,20
24,0,20
24,0,20
24,0,20
24,0,20
24,0,20
24,0,20
24,0,20
24,0,20
24,0,20
24,0,20
24,0,20
24,0,20
24,20,20
24,20,20
24,20,20
24,20,20
24,20,20
24,20,20
24,20,20
24,20,20
24,20,20
24,20,20
24,20,20
24,20,20
24,20,20
24,20,20
24,20,20
24,20,20
24,20,20
24,20,20
24,20,20
24,20,20
24,20,20
24,20,20
24,20,20
24,20,20
24,20,20
24,20,20
24,20,20
24,20,20
24,20,20
24,20,20
24,20,20
24,20,20
24,20,20
24,20,20
24,20,20
24,20,20
24,20,20
24,20,20
24,20,20
24,20,20
24,20,20
24,20,20
24,20,20
24,20,20
24,20,20
24,20,20
24,20,20
24,20,20
24,20,20
24,20,20
24,20,20
24,20,20
24,356,20
24,356,20
24,356,20
24,356,20
24,356,20
24,356,20
24,356,20
24,356,20
24,356,20
24,356,20
24,356,20
24,356,20
24,356,20
24,356,20
24,356,20
24,356,20
24,356,20
24,356,20
24,356,20
24,356,20
24,356,20
24,21,20
24,21,20
24,21,20
24,21,20
24,21,20
24,21,20
24,21,20
24,21,20
24,21,20
24,21,20
24,21,20
24,21,20
24,21,20
24,21,20
24,21,20
24,21,20
24,21,20
24,21,20
24,21,20
24,21,20
24,21,20
24,21,20
24,21,20
24,21,20
24,21,20
24,21,20
24,21,20
24,21,20
24,21,20
24,21,20
24,21,20
24,21,20
24,21,20
24,21,20
24,21,20
24,21,20
24,21,20
24,21,20
24,42,20
24,42,20
24,42,20
24,42,20
24,42,20
24,42,20
24,42,20
24,42,20
24,42,20
24,42,20
24,42,20
24,42,20
24,42,20
24,42,20
24,42,20
24,42,20
24,42,20
24,42,20
24,42,20
24,42,20
24,42,20
24,42,20
24,42,20
24,42,20
24,42,20
24,42,20
24,351,20
24,351,20
24,351,20
24,351,20
24,351,20
24,351,20
24,351,20
24,351,20
24,351,20
24,351,20
24,351,20
24,351,20
24,351,20
24,351,20
24,351,20
24,351,20
24,351,20
24,351,20
24,351,20
24,351,20
24,351,20
24,351,20
24,351,20
24,351,20
24,58,20
24,58,20
24,58,20
24,58,20
24,58,20
24,58,20
24,58,20
24,58,20
24,58,20
24,58,20
24,58,20
24,58,20
24,35,20
24,35,20
24,35,20
24,35,20
24,35,20
24,35,20
24,35,20
24,35,20
24,35,20
24,35,20
24,35,20
24,35,20
24,69,20
24,69,20
24,69,20
24,69,20
24,69,20
24,69,20
24,69,20
24,69,20
54,73,20
54,73,20
54,73,20
54,73,20
54,73,20
54,73,20
54,73,20
54,73,20
54,73,20
54,73,20
54,73,20
54,73,20
54,73,20
54,73,20
54,73,20
54,73,20
54,73,20
54,73,20
54,88,20
54,88,20
54,88,20
54,88,20
54,88,20
54,88,20
54,88,20
54,88,20
54,88,20
54,88,20
54,88,20
54,88,20
54,88,20
54,88,20
54,88,20
54,88,20
54,88,20
54,88,20
54,88,20
54,88,20
54,88,20
54,88,20
54,88,20
54,88,20
54,88,20
54,88,20
54,88,20
54,88,20
54,88,20
54,88,20
54,88,20
54,88,20
54,88,20
54,88,20
54,88,20
54,88,20
54,88,20
54,88,20
54,88,20
54,88,20
54,69,20
54,69,20
54,69,20
54,69,20
54,69,20
54,69,20
54,69,20
54,69,20
54,69,20
54,69,20
54,69,20
54,69,20
54,75,20
54,75,20
54,75,20
54,75,20
54,75,20
54,75,20
54,75,20
54,75,20
54,75,20
54,75,20
54,40,20
54,40,20
54,40,20
54,40,20
54,40,20
54,40,20
54,40,20
54,40,20
54,40,20
54,40,20
54,40,20
54,40,20
54,40,20
54,40,20
54,40,20
54,40,20
54,40,20
54,40,20
54,40,20
54,40,20
54,40,20
54,40,20
54,40,20
54,40,20
54,40,20
54,40,20
54,40,20
54,40,20
54,40,20
54,43,20
54,43,20
54,43,20
54,43,20
54,43,20
54,43,20
54,43,20
54,43,20
54,43,20
54,43,20
54,43,20
54,43,20
54,43,20
54,52,20
54,52,20
54,52,20
54,52,20
54,52,20
54,52,20
54,52,20
54,52,20
54,52,20
54,52,20
54,52,20
54,52,20
54,52,20
54,52,20
54,52,20
54,52,20
54,52,20
54,52,20
54,52,20
54,52,20
54,52,20
54,52,20
54,52,20
54,52,20
54,52,20
54,52,20
54,52,20
54,52,20
54,52,20
54,52,20
54,52,20
54,52,20
54,52,20
54,52,20
54,52,20
54,52,20
54,52,20
54,52,20
54,52,20
54,52,20
54,52,20
54,30,20
54,30,20
54,30,20
54,30,20
54,30,20
54,30,20
54,30,20
54,30,20
54,30,20
54,30,20
54,30,20
54,46,20
54,46,20
54,46,20
54,46,20
54,46,20
54,46,20
54,46,20
54,46,20
54,46,20
54,46,20
54,46,20
54,46,20
54,46,20
54,46,20
54,46,20
54,46,20
54,46,20
54,46,20
54,79,20
54,79,20
54,79,20
54,79,20
54,79,20
54,79,20
54,79,20
54,79,20
54,79,20
54,79,20
54,79,20
54,68,20
54,68,20
54,68,20
54,68,20
54,68,20
54,68,20
54,23,20
54,23,20
54,23,20
54,23,20
54,23,20
54,23,20
54,23,20
54,23,20
54,23,20
54,23,20
54,23,20
54,23,20
54,23,20
54,23,20
54,23,20
54,23,20
54,23,20
54,23,20
54,23,20
54,23,20
54,23,20
54,23,20
54,23,20
54,23,20
54,23,20
54,23,20
54,23,20
54,23,20
54,23,20
54,23,20
54,23,20
54,23,20
54,23,20
54,50,20
54,50,20
54,50,20
54,50,20
54,50,20
54,50,20
54,50,20
54,50,20
54,50,20
54,50,20
54,50,20
54,93,20
54,93,20
54,93,20
54,93,20
54,93,20
54,93,20
54,93,20
54,93,20
54,93,20
54,71,20
54,71,20
54,71,20
54,71,20
54,71,20
54,71,20
54,71,20
54,71,20
54,71,20
54,71,20
54,71,20
54,71,20
54,71,20
54,71,20
54,71,20
54,71,20
54,71,20
54,71,20
54,71,20
54,71,20
54,71,20
54,71,20
54,71,20
54,71,20
54,71,20
54,71,20
54,71,20
54,71,20
54,71,20
54,71,20
54,71,20
54,71,20
54,71,20
54,71,20
54,71,20
54,71,20
54,71,20
54,71,20
54,71,20
54,71,20
54,71,20
54,71,20
54,71,20
54,71,20
54,71,20
54,71,20
54,71,20
54,71,20
54,71,20
54,71,20
54,71,20
54,71,20
54,71,20
54,71,20
54,71,20
54,71,20
54,71,20
54,71,20
54,71,20
54,55,20
54,55,20
54,55,20
54,55,20
54,55,20
54,55,20
54,55,20
54,55,20
54,55,20
54,55,20
54,55,20
54,55,20
54,55,20
54,55,20
54,55,20
54,55,20
54,55,20
54,55,20
54,53,20
54,53,20
54,53,20
54,53,20
54,53,20
54,53,20
54,53,20
54,53,20
54,53,20
54,53,20
54,53,20
54,53,20
54,53,20
54,53,20
54,53,20
54,53,20
54,53,20
54,53,20
54,65,20
54,65,20
54,65,20
54,65,20
54,65,20
54,65,20
54,65,20
54,65,20
54,65,20
54,65,20
54,65,20
54,65,20
54,65,20
54,65,20
54,65,20
54,65,20
54,65,20
54,65,20
54,65,20
54,65,20
54,65,20
54,65,20
54,65,20
54,65,20
54,65,20
54,65,20
54,65,20
54,65,20
54,65,20
54,65,20
54,65,20
54,65,20
54,65,20
54,65,20
54,65,20
54,65,20
54,65,20
54,65,20
54,65,20
54,65,20
54,65,20
54,65,20
54,65,20
54,65,20
54,65,20
54,65,20
54,65,20
54,65,20
54,31,20
54,31,20
54,31,20
54,31,20
54,31,20
54,31,20
54,31,20
54,31,20
54,31,20
54,31,20
54,31,20
54,31,20
54,31,20
54,31,20
54,31,20
54,31,20
54,31,20
54,31,20
54,31,20
54,31,20
54,31,20
54,31,20
54,31,20
54,31,20
54,31,20
54,31,20
54,31,20
54,31,20
54,31,20
54,31,20
54,31,20
54,31,20
54,31,20
54,31,20
54,31,20
54,31,20
54,31,20
54,31,20
54,31,20
54,31,20
54,31,20
54,31,20
54,31,20
54,31,20
54,31,20
54,31,20
54,31,20
54,31,20
54,31,20
54,31,20
54,31,20
54,31,20
54,31,20
54,31,20
54,31,20
54,87,20
54,87,20
54,87,20
54,87,20
54,87,20
54,87,20
54,87,20
54,87,20
54,87,20
54,87,20
54,87,20
54,87,20
54,87,20
54,78,20
54,78,20
54,78,20
54,78,20
54,78,20
54,78,20
54,78,20
54,78,20
54,78,20
54,78,20
54,78,20
54,78,20
54,78,20
54,78,20
54,78,20
54,78,20
54,78,20
54,78,20
54,78,20
54,78,20
54,58,20
54,58,20
54,58,20
54,58,20
54,58,20
54,58,20
54,58,20
54,58,20
54,58,20
54,58,20
54,58,20
54,58,20
54,58,20
54,37,20
54,37,20
54,37,20
54,37,20
54,37,20
54,37,20
54,37,20
54,37,20
54,37,20
54,37,20
54,37,20
54,37,20
54,37,20
54,67,20
54,67,20
54,67,20
54,67,20
54,67,20
54,67,20
54,67,20
54,67,20
54,67,20
54,67,20
54,67,20
54,51,20
54,51,20
54,51,20
54,51,20
54,51,20
54,51,20
54,51,20
54,51,20
54,51,20
54,51,20
54,51,20
54,51,20
54,51,20
54,51,20
54,51,20
54,51,20
54,51,20
54,51,20
54,51,20
54,51,20
54,51,20
54,51,20
54,51,20
54,51,20
54,36,20
54,36,20
54,36,20
54,36,20
54,36,20
54,36,20
54,36,20
94,97,20
94,97,20
94,97,20
94,97,20
94,97,20
94,97,20
94,97,20
94,97,20
94,97,20
94,92,20
94,92,20
94,92,20
94,92,20
94,92,20
94,92,20
94,92,20
94,92,20
94,92,20
94,92,20
94,92,20
94,92,20
94,92,20
94,92,20
94,92,20
94,92,20
94,92,20
94,92,20
94,92,20
94,92,20
94,92,20
94,92,20
94,92,20
94,92,20
94,92,20
94,92,20
94,92,20
94,92,20
94,92,20
94,92,20
94,92,20
94,92,20
94,92,20
94,92,20
94,92,20
94,92,20
94,92,20
94,92,20
94,92,20
94,92,20
94,92,20
94,92,20
94,92,20
94,92,20
94,92,20
94,92,20
94,114,20
94,114,20
94,114,20
94,114,20
94,114,20
94,114,20
94,114,20
94,114,20
94,114,20
94,114,20
94,114,20
94,114,20
94,114,20
94,114,20
94,114,20
94,114,20
94,114,20
94,114,20
94,114,20
94,114,20
94,114,20
94,114,20
94,114,20
94,114,20
94,114,20
94,114,20
94,114,20
94,114,20
94,114,20
94,114,20
94,114,20
94,114,20
94,114,20
94,114,20
94,114,20
94,114,20
94,114,20
94,114,20
94,114,20
94,114,20
94,114,20
94,114,20
94,114,20
94,114,20
94,114,20
94,114,20
94,114,20
94,114,20
94,114,20
94,101,20
94,101,20
94,101,20
94,101,20
94,101,20
94,101,20
94,101,20
94,101,20
94,160,20
94,160,20
94,160,20
94,160,20
94,160,20
94,160,20
94,160,20
94,160,20
94,160,20
94,160,20
94,160,20
94,160,20
94,160,20
94,160,20
94,160,20
94,160,20
94,160,20
94,160,20
94,160,20
94,160,20
94,160,20
94,160,20
94,160,20
94,160,20
94,160,20
94,160,20
94,160,20
94,160,20
94,160,20
94,160,20
94,160,20
94,160,20
94,160,20
94,160,20
94,160,20
94,160,20
94,160,20
94,160,20
94,160,20
94,160,20
94,160,20
94,160,20
94,160,20
94,160,20
94,160,20
94,160,20
94,104,20
94,104,20
94,104,20
94,104,20
94,104,20
94,104,20
94,104,20
94,104,20
94,104,20
94,104,20
94,104,20
94,104,20
94,91,20
94,91,20
94,91,20
94,91,20
94,91,20
94,91,20
94,91,20
94,91,20
94,91,20
94,100,20
94,100,20
94,100,20
94,100,20
94,100,20
94,100,20
94,100,20
94,100,20
94,100,20
94,100,20
94,100,20
94,100,20
94,100,20
94,97,20
94,97,20
94,97,20
94,97,20
94,97,20
94,97,20
94,99,20
94,99,20
94,99,20
94,99,20
94,99,20
94,99,20
94,99,20
94,99,20
94,99,20
94,99,20
94,99,20
94,99,20
94,99,20
94,99,20
94,99,20
94,99,20
94,99,20
94,99,20
94,99,20
94,99,20
94,99,20
94,99,20
94,99,20
94,99,20
94,99,20
94,99,20
94,99,20
94,99,20
94,99,20
94,99,20
94,99,20
94,99,20
94,99,20
94,99,20
94,99,20
94,99,20
94,99,20
94,99,20
94,104,20
94,104,20
94,104,20
94,104,20
94,104,20
94,104,20
94,104,20
94,104,20
94,104,20
94,104,20
94,104,20
94,104,20
94,104,20
94,104,20
94,104,20
94,104,20
94,104,20
94,104,20
94,104,20
94,104,20
94,104,20
94,104,20
94,104,20
94,104,20
94,104,20
94,104,20
94,104,20
94,104,20
94,104,20
94,104,20
94,104,20
94,104,20
94,104,20
94,104,20
94,104,20
94,104,20
94,104,20
94,104,20
94,104,20
94,104,20
94,104,20
94,104,20
94,104,20
94,104,20
94,61,20
94,61,20
94,61,20
94,61,20
94,61,20
94,61,20
94,61,20
94,61,20
94,61,20
94,61,20
94,61,20
94,61,20
94,61,20
94,61,20
94,45,20
94,45,20
94,45,20
94,45,20
94,45,20
94,45,20
94,45,20
94,45,20
94,45,20
94,118,20
94,118,20
94,118,20
94,118,20
94,118,20
94,118,20
94,118,20
94,118,20
94,118,20
94,118,20
94,118,20
94,118,20
94,118,20
94,118,20
94,118,20
94,118,20
94,118,20
94,118,20
94,118,20
94,118,20
94,118,20
94,118,20
94,118,20
94,118,20
94,118,20
94,122,20
94,122,20
94,122,20
94,122,20
94,122,20
94,122,20
94,122,20
94,122,20
94,122,20
94,122,20
94,122,20
94,122,20
94,122,20
94,122,20
94,122,20
94,122,20
94,122,20
94,122,20
94,122,20
94,122,20
94,122,20
94,122,20
94,122,20
94,86,20
94,86,20
94,86,20
94,86,20
94,86,20
94,86,20
94,86,20
94,86,20
94,86,20
94,86,20
94,106,20
94,106,20
94,106,20
94,106,20
94,106,20
94,106,20
94,107,20
94,107,20
94,107,20
94,107,20
94,107,20
94,107,20
94,107,20
94,107,20
94,107,20
94,107,20
94,107,20
94,92,20
94,92,20
94,92,20
94,92,20
94,92,20
94,92,20
94,92,20
94,92,20
94,92,20
94,92,20
94,92,20
94,92,20
94,92,20
94,92,20
94,92,20
94,92,20
94,92,20
94,92,20
94,92,20
94,92,20
94,92,20
94,92,20
94,92,20
94,92,20
94,92,20
94,92,20
94,92,20
94,97,20
94,97,20
94,97,20
94,97,20
94,97,20
94,97,20
94,97,20
94,97,20
94,97,20
94,97,20
94,97,20
94,97,20
94,97,20
94,97,20
94,97,20
94,97,20
94,97,20
94,97,20
94,97,20
94,97,20
94,97,20
94,97,20
94,92,20
94,92,20
94,92,20
94,92,20
94,92,20
94,92,20
94,92,20
94,92,20
94,92,20
94,92,20
94,70,20
94,70,20
94,70,20
94,70,20
94,70,20
94,70,20
94,70,20
94,70,20
94,70,20
94,70,20
94,126,20
94,126,20
94,126,20
94,126,20
94,126,20
94,126,20
94,126,20
94,126,20
94,126,20
94,91,20
94,91,20
94,91,20
94,91,20
94,91,20
94,91,20
94,91,20
94,91,20
94,91,20
94,91,20
94,91,20
94,91,20
94,91,20
94,91,20
94,91,20
94,91,20
94,91,20
94,91,20
94,91,20
94,91,20
94,91,20
94,91,20
94,91,20
94,91,20
94,91,20
94,119,20
94,119,20
94,119,20
94,119,20
94,119,20
94,119,20
94,119,20
94,119,20
94,88,20
94,88,20
94,88,20
94,88,20
94,88,20
94,88,20
94,88,20
94,88,20
94,140,20
94,140,20
94,140,20
94,140,20
94,140,20
94,140,20
94,140,20
94,140,20
94,140,20
94,140,20
94,140,20
94,140,20
94,140,20
94,140,20
94,129,20
94,129,20
94,129,20
94,129,20
94,129,20
94,129,20
94,129,20
94,129,20
94,122,20
94,122,20
94,122,20
94,122,20
94,122,20
94,122,20
94,122,20
94,122,20
94,122,20
94,122,20
94,122,20
94,122,20
94,122,20
94,122,20
94,122,20
94,122,20
94,122,20
94,122,20
94,122,20
94,122,20
94,122,20
94,122,20
94,122,20
94,122,20
94,61,20
94,61,20
94,61,20
94,61,20
94,61,20
94,61,20
94,61,20
94,61,20
94,61,20
94,61,20
94,61,20
94,61,20
94,61,20
94,61,20
94,61,20
94,61,20
94,61,20
94,61,20
94,61,20
94,61,20
94,61,20
94,61,20
94,61,20
94,61,20
94,61,20
94,61,20
94,61,20
94,61,20
94,61,20
94,61,20
94,61,20
94,61,20
94,61,20
94,61,20
94,61,20
94,61,20
94,61,20
94,98,20
94,98,20
94,98,20
94,98,20
94,98,20
94,98,20
94,98,20
94,98,20
94,98,20
94,98,20
94,98,20
94,98,20
94,98,20
94,102,20
94,102,20
94,102,20
94,102,20
94,102,20
94,102,20
94,104,20
94,104,20
94,104,20
94,104,20
94,104,20
94,104,20
94,104,20
94,104,20
64,73,20
64,73,20
64,73,20
64,73,20
64,73,20
64,73,20
64,73,20
64,73,20
64,73,20
64,84,20
64,84,20
64,84,20
64,84,20
64,84,20
64,84,20
64,84,20
64,84,20
64,84,20
64,84,20
64,84,20
64,84,20
64,84,20
64,84,20
64,84,20
64,84,20
64,51,20
64,51,20
64,51,20
64,51,20
64,51,20
64,51,20
64,51,20
64,51,20
64,51,20
64,51,20
64,51,20
64,51,20
64,51,20
64,74,20
64,74,20
64,74,20
64,74,20
64,74,20
64,74,20
64,74,20
64,74,20
64,74,20
64,60,20
64,60,20
64,60,20
64,60,20
64,60,20
64,60,20
64,60,20
64,60,20
64,60,20
64,60,20
64,60,20
64,60,20
64,60,20
64,60,20
64,60,20
64,60,20
64,60,20
64,60,20
64,60,20
64,60,20
64,60,20
64,82,20
64,82,20
64,82,20
64,82,20
64,82,20
64,82,20
64,82,20
64,82,20
64,82,20
64,82,20
64,82,20
64,82,20
64,82,20
64,82,20
64,82,20
64,82,20
64,82,20
64,82,20
64,82,20
64,82,20
64,72,20
64,72,20
64,72,20
64,72,20
64,72,20
64,72,20
64,62,20
64,62,20
64,62,20
64,62,20
64,62,20
64,62,20
64,62,20
64,62,20
64,62,20
64,62,20
64,62,20
64,62,20
64,62,20
64,62,20
64,62,20
64,62,20
64,62,20
64,62,20
64,62,20
64,62,20
64,62,20
64,62,20
64,62,20
64,62,20
64,62,20
64,62,20
64,62,20
64,62,20
64,62,20
64,62,20
64,62,20
64,62,20
64,62,20
64,62,20
64,62,20
64,62,20
64,62,20
64,62,20
64,62,20
64,62,20
64,62,20
64,62,20
64,62,20
64,86,20
64,86,20
64,86,20
64,86,20
64,86,20
64,86,20
64,86,20
64,86,20
64,86,20
64,86,20
64,86,20
64,86,20
64,86,20
64,86,20
64,86,20
64,86,20
64,86,20
64,86,20
64,86,20
64,86,20
64,86,20
64,86,20
64,86,20
64,86,20
64,82,20
64,82,20
64,82,20
64,82,20
64,82,20
64,82,20
64,82,20
64,82,20
64,82,20
64,82,20
64,82,20
64,82,20
64,82,20
64,74,20
64,74,20
64,74,20
64,74,20
64,74,20
64,74,20
64,74,20
64,74,20
64,74,20
64,74,20
64,74,20
64,74,20
64,74,20
64,106,20
64,106,20
64,106,20
64,106,20
64,106,20
64,106,20
64,106,20
64,106,20
64,106,20
64,106,20
64,106,20
64,106,20
64,106,20
64,106,20
64,106,20
64,106,20
64,106,20
64,106,20
64,106,20
64,84,20
64,84,20
64,84,20
64,84,20
64,84,20
64,84,20
64,84,20
64,84,20
64,84,20
64,84,20
64,84,20
64,84,20
64,84,20
64,84,20
64,84,20
64,84,20
64,57,20
64,57,20
64,57,20
64,57,20
64,57,20
64,57,20
64,57,20
64,57,20
64,57,20
64,57,20
64,57,20
64,57,20
64,57,20
64,57,20
64,57,20
64,57,20
64,57,20
64,57,20
64,57,20
64,57,20
64,57,20
64,57,20
64,57,20
64,57,20
64,57,20
64,57,20
64,57,20
64,57,20
64,57,20
64,57,20
64,57,20
64,57,20
64,57,20
64,57,20
64,57,20
64,57,20
64,57,20
64,57,20
64,57,20
64,57,20
64,57,20
64,57,20
64,57,20
64,57,20
64,57,20
64,57,20
64,57,20
64,57,20
64,57,20
64,57,20
64,57,20
64,57,20
64,57,20
64,57,20
64,57,20
64,56,20
64,56,20
64,56,20
64,56,20
64,56,20
64,56,20
64,56,20
64,80,20
64,80,20
64,80,20
64,80,20
64,80,20
64,80,20
64,80,20
64,80,20
64,80,20
64,62,20
64,62,20
64,62,20
64,62,20
64,62,20
64,62,20
64,62,20
64,62,20
64,62,20
64,62,20
64,62,20
64,62,20
64,62,20
64,62,20
64,62,20
64,61,20
64,61,20
64,61,20
64,61,20
64,61,20
64,61,20
64,61,20
64,61,20
64,61,20
64,61,20
64,61,20
64,61,20
64,61,20
64,61,20
64,61,20
64,61,20
64,61,20
64,61,20
64,61,20
64,61,20
64,61,20
64,61,20
64,61,20
64,61,20
64,61,20
64,61,20
64,61,20
64,61,20
64,61,20
64,61,20
64,61,20
64,61,20
64,61,20
64,61,20
64,61,20
64,61,20
64,61,20
64,61,20
64,61,20
64,61,20
64,61,20
64,61,20
64,61,20
64,61,20
64,61,20
64,61,20
64,61,20
64,81,20
64,81,20
64,81,20
64,81,20
64,81,20
64,81,20
64,81,20
64,81,20
64,81,20
64,81,20
64,81,20
64,81,20
64,81,20
64,85,20
64,85,20
64,85,20
64,85,20
64,85,20
64,85,20
64,85,20
64,85,20
64,85,20
64,85,20
64,85,20
64,85,20
64,85,20
64,85,20
64,68,20
64,68,20
64,68,20
64,68,20
64,68,20
64,68,20
64,68,20
64,68,20
64,68,20
64,68,20
64,68,20
64,68,20
64,68,20
64,68,20
64,68,20
64,68,20
64,68,20
64,68,20
64,68,20
64,68,20
64,68,20
64,24,20
64,24,20
64,24,20
64,24,20
64,24,20
64,24,20
64,24,20
64,24,20
64,24,20
64,24,20
64,24,20
64,24,20
64,24,20
64,24,20
64,24,20
64,24,20
64,55,20
64,55,20
64,55,20
64,55,20
64,55,20
64,55,20
64,55,20
64,55,20
64,55,20
64,55,20
64,55,20
64,55,20
64,55,20
64,55,20
64,55,20
64,55,20
64,55,20
64,55,20
64,55,20
64,55,20
64,55,20
64,55,20
64,55,20
64,55,20
64,55,20
64,55,20
64,55,20
64,55,20
64,55,20
64,55,20
64,55,20
64,55,20
64,55,20
64,55,20
64,55,20
64,55,20
64,55,20
64,55,20
64,55,20
64,55,20
64,77,20
64,77,20
64,77,20
64,77,20
64,77,20
64,77,20
64,77,20
64,77,20
64,77,20
64,77,20
64,77,20
64,77,20
64,77,20
64,77,20
64,77,20
64,77,20
64,77,20
64,77,20
64,77,20
64,77,20
64,77,20
64,77,20
64,77,20
64,77,20
64,77,20
64,77,20
64,77,20
64,77,20
64,77,20
64,77,20
64,77,20
64,57,20
64,57,20
64,57,20
64,57,20
64,57,20
64,57,20
64,57,20
64,57,20
64,57,20
64,57,20
64,57,20
64,57,20
64,57,20
64,57,20
64,57,20
64,57,20
64,57,20
64,57,20
64,57,20
64,56,20
64,56,20
64,56,20
64,56,20
64,56,20
64,56,20
64,56,20
64,56,20
64,56,20
64,56,20
64,56,20
64,56,20
64,56,20
64,56,20
64,56,20
64,56,20
64,56,20
64,56,20
64,56,20
64,56,20
64,56,20
64,56,20
64,56,20
64,56,20
64,56,20
64,56,20
64,56,20
64,60,20
64,60,20
64,60,20
64,60,20
64,60,20
64,60,20
64,60,20
64,60,20
64,42,20
64,42,20
64,42,20
64,42,20
64,42,20
64,42,20
64,42,20
64,42,20
64,42,20
64,42,20
64,42,20
64,42,20
64,42,20
64,42,20
64,42,20
64,42,20
64,42,20
64,42,20
64,42,20
64,42,20
64,42,20
64,42,20
64,42,20
64,42,20
64,42,20
64,42,20
64,42,20
64,42,20
64,42,20
64,42,20
64,42,20
64,42,20
104,98,20
104,98,20
104,98,20
104,98,20
104,98,20
104,98,20
104,80,20
104,80,20
104,80,20
104,80,20
104,80,20
104,80,20
104,80,20
104,80,20
104,80,20
104,80,20
104,80,20
104,80,20
104,80,20
104,80,20
104,80,20
104,80,20
104,80,20
104,80,20
104,80,20
104,80,20
104,80,20
104,80,20
104,80,20
104,80,20
104,80,20
104,80,20
104,80,20
104,80,20
104,80,20
104,80,20
104,80,20
104,80,20
104,80,20
104,80,20
104,80,20
104,80,20
104,80,20
104,80,20
104,80,20
104,80,20
104,80,20
104,80,20
104,80,20
104,80,20
104,80,20
104,80,20
104,127,20
104,127,20
104,127,20
104,127,20
104,127,20
104,127,20
104,127,20
104,127,20
104,127,20
104,127,20
104,127,20
104,127,20
104,127,20
104,127,20
104,127,20
104,127,20
104,127,20
104,127,20
104,127,20
104,127,20
104,127,20
104,127,20
104,127,20
104,127,20
104,127,20
104,127,20
104,127,20
104,127,20
104,127,20
104,127,20
104,127,20
104,127,20
104,127,20
104,127,20
104,127,20
104,127,20
104,127,20
104,127,20
104,127,20
104,127,20
104,127,20
104,127,20
104,127,20
104,127,20
104,127,20
104,127,20
104,127,20
104,149,20
104,149,20
104,149,20
104,149,20
104,149,20
104,149,20
104,149,20
104,149,20
104,118,20
104,118,20
104,118,20
104,118,20
104,118,20
104,118,20
104,118,20
104,113,20
104,113,20
104,113,20
104,113,20
104,113,20
104,113,20
104,113,20
104,113,20
104,113,20
104,113,20
104,113,20
104,113,20
104,113,20
104,113,20
104,113,20
104,113,20
104,113,20
104,113,20
104,113,20
104,113,20
104,100,20
104,100,20
104,100,20
104,100,20
104,100,20
104,100,20
104,100,20
104,100,20
104,128,20
104,128,20
104,128,20
104,128,20
104,128,20
104,128,20
104,128,20
104,128,20
104,128,20
104,128,20
104,128,20
104,128,20
104,128,20
104,106,20
104,106,20
104,106,20
104,106,20
104,106,20
104,106,20
104,106,20
104,106,20
104,106,20
104,106,20
104,106,20
104,106,20
104,106,20
104,106,20
104,106,20
104,106,20
104,106,20
104,106,20
104,106,20
104,106,20
104,106,20
104,106,20
104,106,20
104,106,20
104,106,20
104,106,20
104,106,20
104,106,20
104,106,20
104,106,20
104,106,20
104,106,20
104,120,20
104,120,20
104,120,20
104,120,20
104,120,20
104,120,20
104,120,20
104,120,20
104,120,20
104,137,20
104,137,20
104,137,20
104,137,20
104,137,20
104,137,20
104,137,20
104,137,20
104,137,20
104,137,20
104,137,20
104,137,20
104,137,20
104,137,20
104,137,20
104,137,20
104,137,20
104,137,20
104,137,20
104,137,20
104,137,20
104,137,20
104,137,20
104,137,20
104,137,20
104,137,20
104,137,20
104,137,20
104,137,20
104,137,20
104,107,20
104,107,20
104,107,20
104,107,20
104,107,20
104,107,20
104,107,20
104,107,20
104,107,20
104,107,20
104,107,20
104,107,20
104,107,20
104,107,20
104,107,20
104,107,20
104,107,20
104,107,20
104,107,20
104,107,20
104,107,20
104,107,20
104,107,20
104,107,20
104,107,20
104,91,20
104,91,20
104,91,20
104,91,20
104,91,20
104,91,20
104,91,20
104,91,20
104,91,20
104,91,20
104,91,20
104,91,20
104,91,20
104,91,20
104,91,20
104,91,20
104,91,20
104,91,20
104,91,20
104,91,20
104,91,20
104,91,20
104,91,20
104,91,20
104,91,20
104,91,20
104,91,20
104,91,20
104,91,20
104,91,20
104,91,20
104,91,20
104,91,20
104,91,20
104,91,20
104,91,20
104,91,20
104,91,20
104,91,20
104,91,20
104,91,20
104,91,20
104,91,20
104,91,20
104,105,20
104,105,20
104,105,20
104,105,20
104,105,20
104,105,20
104,105,20
104,105,20
104,112,20
104,112,20
104,112,20
104,112,20
104,112,20
104,112,20
104,112,20
104,112,20
104,112,20
104,112,20
104,112,20
104,112,20
104,112,20
104,112,20
104,112,20
104,112,20
104,112,20
104,112,20
104,112,20
104,112,20
104,112,20
104,112,20
104,112,20
104,112,20
104,112,20
104,112,20
104,112,20
104,112,20
104,112,20
104,112,20
104,112,20
104,112,20
104,112,20
104,112,20
104,112,20
104,112,20
104,112,20
104,112,20
104,112,20
104,112,20
104,112,20
104,112,20
104,112,20
104,112,20
104,112,20
104,112,20
104,112,20
104,112,20
104,143,20
104,143,20
104,143,20
104,143,20
104,143,20
104,143,20
104,143,20
104,143,20
104,143,20
104,143,20
104,143,20
104,143,20
104,143,20
104,143,20
104,143,20
104,94,20
104,94,20
104,94,20
104,94,20
104,94,20
104,94,20
104,94,20
104,94,20
104,94,20
104,94,20
104,94,20
104,94,20
104,94,20
104,94,20
104,94,20
104,94,20
104,94,20
104,94,20
104,94,20
104,94,20
104,94,20
104,94,20
104,94,20
104,94,20
104,94,20
104,94,20
104,94,20
104,94,20
104,94,20
104,94,20
104,94,20
104,94,20
104,94,20
104,94,20
104,94,20
104,94,20
104,94,20
104,94,20
104,94,20
104,94,20
104,94,20
104,94,20
104,94,20
104,94,20
104,94,20
104,94,20
104,94,20
104,94,20
104,94,20
104,94,20
104,94,20
104,91,20
104,91,20
104,91,20
104,91,20
104,91,20
104,91,20
104,91,20
104,91,20
104,91,20
104,91,20
104,91,20
104,91,20
104,91,20
104,91,20
104,91,20
104,91,20
104,91,20
104,72,20
104,72,20
104,72,20
104,72,20
104,72,20
104,72,20
104,72,20
104,72,20
104,72,20
104,72,20
104,72,20
104,72,20
104,72,20
104,72,20
104,72,20
104,72,20
104,72,20
104,72,20
104,72,20
104,72,20
104,72,20
104,72,20
104,72,20
104,72,20
104,72,20
104,72,20
104,123,20
104,123,20
104,123,20
104,123,20
104,123,20
104,123,20
104,123,20
104,123,20
104,123,20
104,123,20
104,123,20
104,123,20
104,123,20
104,123,20
104,123,20
104,123,20
104,123,20
104,123,20
104,123,20
104,123,20
104,123,20
104,123,20
104,123,20
104,123,20
104,123,20
104,123,20
104,89,20
104,89,20
104,89,20
104,89,20
104,89,20
104,89,20
104,89,20
104,89,20
104,89,20
104,109,20
104,109,20
104,109,20
104,109,20
104,109,20
104,109,20
104,109,20
104,109,20
104,103,20
104,103,20
104,103,20
104,103,20
104,103,20
104,103,20
104,103,20
104,103,20
104,103,20
104,103,20
104,103,20
104,103,20
104,103,20
104,103,20
104,103,20
104,103,20
104,103,20
104,103,20
104,103,20
104,103,20
104,103,20
104,103,20
104,103,20
104,103,20
104,88,20
104,88,20
104,88,20
104,88,20
104,88,20
104,88,20
104,88,20
104,88,20
104,88,20
104,88,20
104,88,20
104,99,20
104,99,20
104,99,20
104,99,20
104,99,20
104,99,20
104,99,20
104,99,20
104,99,20
104,99,20
104,99,20
104,99,20
104,99,20
104,99,20
104,99,20
104,99,20
104,99,20
104,99,20
104,99,20
104,99,20
104,99,20
104,99,20
104,99,20
104,99,20
104,99,20
104,99,20
104,99,20
104,99,20
104,99,20
104,99,20
104,99,20
104,99,20
104,99,20
104,99,20
104,99,20
104,99,20
104,99,20
104,99,20
104,99,20
104,99,20
104,99,20
104,99,20
104,99,20
104,99,20
104,76,20
104,76,20
104,76,20
104,76,20
104,76,20
104,76,20
104,76,20
104,76,20
104,76,20
104,76,20
104,76,20
104,76,20
104,76,20
104,76,20
104,76,20
104,76,20
104,76,20
104,100,20
104,100,20
104,100,20
104,100,20
104,100,20
104,100,20
104,100,20
104,100,20
104,100,20
104,100,20
104,100,20
104,100,20
144,166,20
144,166,20
144,166,20
144,166,20
144,166,20
144,166,20
144,166,20
144,166,20
144,166,20
144,166,20
144,166,20
144,166,20
144,166,20
144,166,20
144,166,20
144,166,20
144,166,20
144,166,20
144,166,20
144,166,20
144,166,20
144,166,20
144,166,20
144,121,20
144,121,20
144,121,20
144,121,20
144,121,20
144,121,20
144,121,20
144,121,20
144,121,20
144,121,20
144,121,20
144,121,20
144,121,20
144,121,20
144,121,20
144,121,20
144,121,20
144,121,20
144,121,20
144,121,20
144,121,20
144,134,20
144,134,20
144,134,20
144,134,20
144,134,20
144,134,20
144,134,20
144,134,20
144,134,20
144,134,20
144,134,20
144,134,20
144,134,20
144,134,20
144,134,20
144,134,20
144,134,20
144,134,20
144,134,20
144,134,20
144,134,20
144,134,20
144,134,20
144,134,20
144,134,20
144,134,20
144,134,20
144,134,20
144,134,20
144,128,20
144,128,20
144,128,20
144,128,20
144,128,20
144,128,20
144,128,20
144,128,20
144,128,20
144,128,20
144,128,20
144,128,20
144,128,20
144,128,20
144,128,20
144,128,20
144,128,20
144,128,20
144,128,20
144,128,20
144,128,20
144,128,20
144,128,20
144,128,20
144,128,20
144,128,20
144,128,20
144,128,20
144,128,20
144,128,20
144,179,20
144,179,20
144,179,20
144,179,20
144,179,20
144,179,20
144,179,20
144,148,20
144,148,20
144,148,20
144,148,20
144,148,20
144,148,20
144,148,20
144,148,20
144,148,20
144,148,20
144,156,20
144,156,20
144,156,20
144,156,20
144,156,20
144,156,20
144,156,20
144,156,20
144,156,20
144,156,20
144,131,20
144,131,20
144,131,20
144,131,20
144,131,20
144,131,20
144,131,20
144,131,20
144,130,20
144,130,20
144,130,20
144,130,20
144,130,20
144,130,20
144,130,20
144,130,20
144,130,20
144,130,20
