true_pos,obs_pos,true_var
57,58,20
57,58,20
57,58,20
57,58,20
57,58,20
57,58,20
57,58,20
57,58,20
57,58,20
57,58,20
57,58,20
57,58,20
57,58,20
57,58,20
57,58,20
57,58,20
57,58,20
57,58,20
57,58,20
57,58,20
57,58,20
57,58,20
57,58,20
57,58,20
57,58,20
57,58,20
57,58,20
57,58,20
57,58,20
57,58,20
57,58,20
57,58,20
57,58,20
57,58,20
57,58,20
57,58,20
57,58,20
57,58,20
57,58,20
57,58,20
57,75,20
57,75,20
57,75,20
57,75,20
57,75,20
57,75,20
57,46,20
57,46,20
57,46,20
57,46,20
57,46,20
57,46,20
57,46,20
57,46,20
57,46,20
57,62,20
57,62,20
57,62,20
57,62,20
57,62,20
57,62,20
57,62,20
57,54,20
57,54,20
57,54,20
57,54,20
57,54,20
57,54,20
57,54,20
57,54,20
57,54,20
57,54,20
57,54,20
57,54,20
57,54,20
57,54,20
57,54,20
57,54,20
57,54,20
57,54,20
57,54,20
57,54,20
57,54,20
57,54,20
57,54,20
57,54,20
57,54,20
57,54,20
57,46,20
57,46,20
57,46,20
57,46,20
57,46,20
57,46,20
57,46,20
57,46,20
57,46,20
57,46,20
57,46,20
57,46,20
57,46,20
57,46,20
57,46,20
57,46,20
57,46,20
57,46,20
57,46,20
57,46,20
57,46,20
57,46,20
57,46,20
57,46,20
57,46,20
57,46,20
57,46,20
57,46,20
57,46,20
57,46,20
57,46,20
57,46,20
57,50,20
57,50,20
57,50,20
57,50,20
57,50,20
57,50,20
57,50,20
57,50,20
57,50,20
57,50,20
57,50,20
57,50,20
57,50,20
57,50,20
57,56,20
57,56,20
57,56,20
57,56,20
57,56,20
57,56,20
57,32,20
57,32,20
57,32,20
57,32,20
57,32,20
57,32,20
57,32,20
57,71,20
57,71,20
57,71,20
57,71,20
57,71,20
57,71,20
57,71,20
57,71,20
57,71,20
57,71,20
57,71,20
57,71,20
57,71,20
57,71,20
57,71,20
57,71,20
57,71,20
57,71,20
57,71,20
57,71,20
57,71,20
57,71,20
57,71,20
57,71,20
57,71,20
57,71,20
57,71,20
57,71,20
57,71,20
57,71,20
57,71,20
57,71,20
57,71,20
57,71,20
57,71,20
57,71,20
57,35,20
57,35,20
57,35,20
57,35,20
57,35,20
57,35,20
57,35,20
57,35,20
57,35,20
57,82,20
57,82,20
57,82,20
57,82,20
57,82,20
57,82,20
57,82,20
57,82,20
57,82,20
57,82,20
57,82,20
57,82,20
57,82,20
57,82,20
57,82,20
57,82,20
57,82,20
57,82,20
57,82,20
57,82,20
57,82,20
57,82,20
57,82,20
57,82,20
57,82,20
57,82,20
57,82,20
57,82,20
57,82,20
57,82,20
57,82,20
57,56,20
57,56,20
57,56,20
57,56,20
57,56,20
57,56,20
57,56,20
57,56,20
57,56,20
57,56,20
57,56,20
57,56,20
57,56,20
57,56,20
57,56,20
57,56,20
57,56,20
57,56,20
57,56,20
57,56,20
57,56,20
57,56,20
57,56,20
57,56,20
57,56,20
57,56,20
57,56,20
57,56,20
57,56,20
57,56,20
57,56,20
57,56,20
57,56,20
57,56,20
57,56,20
57,56,20
57,56,20
57,56,20
57,56,20
57,56,20
57,56,20
57,56,20
57,56,20
57,56,20
57,56,20
57,56,20
57,56,20
57,56,20
57,56,20
57,56,20
57,56,20
57,91,20
57,91,20
57,91,20
57,91,20
57,91,20
57,91,20
57,91,20
57,91,20
57,91,20
57,38,20
57,38,20
57,38,20
57,38,20
57,38,20
57,38,20
57,38,20
57,38,20
57,38,20
57,38,20
57,38,20
57,38,20
57,38,20
57,38,20
57,38,20
57,38,20
57,38,20
57,38,20
57,38,20
57,38,20
57,38,20
57,38,20
57,38,20
57,38,20
57,38,20
57,38,20
57,38,20
57,38,20
57,38,20
57,38,20
57,38,20
57,38,20
57,38,20
57,38,20
57,63,20
57,63,20
57,63,20
57,63,20
57,63,20
57,63,20
57,63,20
57,63,20
57,63,20
57,63,20
57,355,20
57,355,20
57,355,20
57,355,20
57,355,20
57,355,20
27,50,20
27,50,20
27,50,20
27,50,20
27,50,20
27,50,20
27,50,20
27,50,20
27,50,20
27,50,20
27,16,20
27,16,20
27,16,20
27,16,20
27,16,20
27,16,20
27,16,20
27,16,20
27,16,20
27,16,20
27,16,20
27,16,20
27,16,20
27,16,20
27,16,20
27,16,20
27,16,20
27,16,20
27,16,20
27,16,20
27,16,20
27,16,20
27,16,20
27,16,20
27,16,20
27,16,20
27,16,20
27,16,20
27,16,20
27,16,20
27,16,20
27,23,20
27,23,20
27,23,20
27,23,20
27,23,20
27,23,20
27,23,20
27,23,20
27,23,20
27,23,20
27,23,20
27,23,20
27,23,20
27,23,20
27,23,20
27,23,20
27,23,20
27,23,20
27,23,20
27,23,20
27,23,20
27,23,20
27,23,20
27,11,20
27,11,20
27,11,20
27,11,20
27,11,20
27,11,20
27,11,20
27,11,20
27,11,20
27,11,20
27,11,20
27,11,20
27,11,20
27,11,20
27,8,20
27,8,20
27,8,20
27,8,20
27,8,20
27,8,20
27,8,20
27,8,20
27,8,20
27,8,20
27,8,20
27,8,20
27,8,20
27,8,20
27,8,20
27,8,20
27,8,20
27,8,20
27,8,20
27,8,20
27,8,20
27,8,20
27,8,20
27,8,20
27,63,20
27,63,20
27,63,20
27,63,20
27,63,20
27,63,20
27,63,20
27,63,20
27,63,20
27,63,20
27,63,20
27,63,20
27,63,20
27,63,20
27,63,20
27,63,20
27,63,20
27,63,20
27,63,20
27,63,20
27,63,20
27,63,20
27,63,20
27,63,20
27,63,20
27,63,20
27,63,20
27,63,20
27,63,20
27,63,20
27,63,20
27,63,20
27,63,20
27,11,20
27,11,20
27,11,20
27,11,20
27,11,20
27,11,20
27,11,20
27,11,20
27,11,20
27,11,20
27,11,20
27,11,20
27,11,20
27,11,20
27,11,20
27,11,20
27,11,20
27,11,20
27,11,20
27,11,20
27,11,20
27,11,20
27,11,20
27,11,20
27,11,20
27,11,20
27,11,20
27,11,20
27,11,20
27,11,20
27,11,20
27,11,20
27,11,20
27,11,20
27,36,20
27,36,20
27,36,20
27,36,20
27,36,20
27,36,20
27,36,20
27,36,20
27,36,20
27,36,20
27,36,20
27,36,20
27,36,20
27,36,20
47,62,20
47,62,20
47,62,20
47,62,20
47,62,20
47,62,20
47,62,20
47,62,20
47,62,20
47,62,20
47,62,20
47,62,20
47,62,20
47,62,20
47,62,20
47,62,20
47,62,20
47,62,20
47,62,20
47,62,20
47,62,20
47,62,20
47,66,20
47,66,20
47,66,20
47,66,20
47,66,20
47,66,20
47,66,20
47,66,20
47,66,20
47,66,20
47,66,20
47,66,20
47,66,20
47,66,20
47,60,20
47,60,20
47,60,20
47,60,20
47,60,20
47,60,20
47,60,20
47,60,20
47,60,20
47,60,20
47,60,20
47,60,20
47,60,20
47,60,20
47,60,20
47,60,20
47,60,20
47,73,20
47,73,20
47,73,20
47,73,20
47,73,20
47,73,20
47,73,20
47,73,20
47,73,20
47,73,20
47,73,20
47,73,20
47,73,20
47,73,20
47,73,20
47,73,20
47,73,20
47,73,20
47,73,20
47,73,20
47,73,20
47,73,20
47,73,20
47,73,20
47,73,20
47,73,20
47,73,20
47,73,20
47,73,20
47,73,20
47,73,20
47,73,20
47,73,20
47,73,20
47,73,20
47,73,20
47,73,20
47,73,20
47,73,20
47,48,20
47,48,20
47,48,20
47,48,20
47,48,20
47,48,20
47,48,20
47,48,20
47,48,20
47,48,20
47,48,20
47,48,20
47,48,20
47,48,20
47,48,20
47,48,20
47,48,20
47,48,20
47,48,20
47,48,20
47,48,20
47,48,20
47,48,20
47,48,20
47,48,20
47,48,20
47,48,20
47,48,20
47,66,20
47,66,20
47,66,20
47,66,20
47,66,20
47,66,20
47,66,20
47,66,20
47,66,20
47,66,20
47,66,20
47,66,20
47,66,20
47,66,20
47,66,20
47,66,20
47,66,20
47,66,20
47,66,20
47,66,20
47,66,20
47,66,20
47,66,20
47,66,20
47,66,20
47,66,20
47,66,20
47,66,20
47,66,20
47,66,20
47,66,20
47,66,20
47,66,20
47,66,20
47,66,20
47,66,20
47,66,20
47,66,20
47,66,20
47,66,20
47,66,20
47,66,20
47,66,20
47,66,20
47,77,20
47,77,20
47,77,20
47,77,20
47,77,20
47,77,20
47,77,20
47,77,20
47,77,20
47,77,20
47,77,20
47,77,20
47,23,20
47,23,20
47,23,20
47,23,20
47,23,20
47,23,20
47,23,20
47,23,20
47,23,20
47,42,20
47,42,20
47,42,20
47,42,20
47,42,20
47,42,20
47,35,20
47,35,20
47,35,20
47,35,20
47,35,20
47,35,20
47,35,20
47,35,20
47,35,20
47,35,20
47,35,20
47,35,20
47,35,20
47,35,20
47,35,20
47,35,20
47,35,20
47,35,20
47,35,20
47,35,20
47,35,20
47,35,20
47,35,20
47,35,20
47,35,20
47,35,20
47,35,20
47,35,20
47,35,20
47,35,20
47,35,20
47,35,20
47,52,20
47,52,20
47,52,20
47,52,20
47,52,20
47,52,20
47,52,20
47,52,20
47,52,20
47,7,20
47,7,20
47,7,20
47,7,20
47,7,20
47,7,20
47,7,20
47,7,20
47,7,20
47,7,20
87,95,20
87,95,20
87,95,20
87,95,20
87,95,20
87,95,20
87,95,20
87,92,20
87,92,20
87,92,20
87,92,20
87,92,20
87,92,20
87,92,20
87,92,20
87,92,20
87,92,20
87,92,20
87,92,20
87,92,20
87,92,20
87,92,20
87,92,20
87,92,20
87,92,20
87,92,20
87,92,20
87,92,20
87,57,20
87,57,20
87,57,20
87,57,20
87,57,20
87,57,20
87,57,20
87,57,20
87,57,20
87,57,20
87,57,20
87,57,20
87,57,20
87,102,20
87,102,20
87,102,20
87,102,20
87,102,20
87,102,20
87,102,20
87,102,20
87,102,20
87,102,20
87,102,20
87,102,20
87,102,20
87,81,20
87,81,20
87,81,20
87,81,20
87,81,20
87,81,20
87,81,20
87,81,20
87,81,20
87,81,20
87,87,20
87,87,20
87,87,20
87,87,20
87,87,20
87,87,20
87,87,20
87,87,20
87,87,20
87,87,20
87,79,20
87,79,20
87,79,20
87,79,20
87,79,20
87,79,20
87,79,20
87,79,20
87,79,20
87,79,20
87,79,20
87,79,20
87,79,20
87,79,20
87,79,20
87,79,20
87,79,20
87,79,20
87,107,20
87,107,20
87,107,20
87,107,20
87,107,20
87,107,20
87,107,20
87,107,20
87,107,20
87,107,20
87,107,20
87,107,20
87,99,20
87,99,20
87,99,20
87,99,20
87,99,20
87,99,20
87,99,20
87,99,20
87,99,20
87,99,20
87,99,20
87,99,20
87,99,20
87,99,20
87,99,20
87,99,20
87,99,20
87,99,20
87,99,20
87,99,20
87,99,20
87,99,20
87,99,20
87,99,20
87,99,20
87,99,20
87,99,20
67,62,20
67,62,20
67,62,20
67,62,20
67,62,20
67,62,20
67,62,20
67,62,20
67,62,20
67,62,20
67,62,20
67,62,20
67,62,20
67,62,20
67,62,20
67,77,20
67,77,20
67,77,20
67,77,20
67,77,20
67,77,20
67,39,20
67,39,20
67,39,20
67,39,20
67,39,20
67,39,20
67,39,20
67,39,20
67,39,20
67,39,20
67,39,20
67,39,20
67,39,20
67,39,20
67,39,20
67,39,20
67,39,20
67,39,20
67,39,20
67,39,20
67,39,20
67,39,20
67,39,20
67,39,20
67,39,20
67,39,20
67,39,20
67,39,20
67,39,20
67,39,20
67,39,20
67,39,20
67,39,20
67,39,20
67,39,20
67,39,20
67,39,20
67,39,20
67,39,20
67,39,20
67,39,20
67,39,20
67,39,20
67,78,20
67,78,20
67,78,20
67,78,20
67,78,20
67,78,20
67,78,20
67,78,20
67,78,20
67,53,20
67,53,20
67,53,20
67,53,20
67,53,20
67,53,20
67,53,20
67,53,20
67,53,20
67,53,20
67,53,20
67,53,20
67,53,20
67,53,20
67,53,20
67,53,20
67,53,20
67,53,20
67,53,20
67,53,20
67,53,20
67,53,20
67,53,20
67,53,20
67,53,20
67,53,20
67,53,20
67,53,20
67,53,20
67,53,20
67,53,20
67,53,20
67,53,20
67,53,20
67,53,20
67,53,20
67,53,20
67,53,20
67,53,20
67,53,20
67,53,20
67,53,20
67,53,20
67,53,20
67,63,20
67,63,20
67,63,20
67,63,20
67,63,20
67,63,20
67,63,20
67,63,20
67,63,20
67,63,20
67,63,20
67,63,20
67,63,20
67,63,20
67,63,20
67,63,20
67,63,20
67,63,20
67,63,20
67,63,20
67,63,20
67,63,20
67,63,20
67,63,20
67,63,20
67,63,20
67,63,20
67,63,20
67,63,20
67,63,20
67,63,20
67,63,20
67,63,20
67,63,20
67,63,20
67,63,20
67,63,20
67,63,20
67,63,20
67,63,20
67,63,20
67,63,20
67,122,20
67,122,20
67,122,20
67,122,20
67,122,20
67,122,20
67,122,20
67,122,20
67,122,20
67,122,20
67,122,20
67,122,20
67,122,20
67,122,20
107,101,20
107,101,20
107,101,20
107,101,20
107,101,20
107,101,20
107,101,20
107,101,20
107,101,20
107,101,20
107,101,20
107,101,20
107,101,20
107,101,20
107,101,20
107,101,20
107,101,20
107,101,20
107,101,20
107,101,20
107,101,20
107,101,20
107,101,20
107,76,20
107,76,20
107,76,20
107,76,20
107,76,20
107,76,20
107,76,20
107,76,20
107,76,20
107,76,20
107,76,20
107,76,20
107,76,20
107,76,20
107,76,20
107,76,20
107,76,20
107,76,20
107,76,20
107,76,20
107,76,20
107,76,20
107,120,20
107,120,20
107,120,20
107,120,20
107,120,20
107,120,20
107,120,20
107,119,20
107,119,20
107,119,20
107,119,20
107,119,20
107,119,20
107,119,20
107,119,20
107,119,20
107,119,20
107,119,20
107,119,20
107,119,20
107,119,20
107,119,20
107,82,20
107,82,20
107,82,20
107,82,20
107,82,20
107,82,20
107,82,20
107,82,20
107,82,20
107,82,20
107,82,20
107,82,20
107,82,20
107,82,20
107,82,20
107,82,20
107,82,20
107,65,20
107,65,20
107,65,20
107,65,20
107,65,20
107,65,20
107,65,20
107,65,20
107,65,20
107,65,20
107,65,20
107,65,20
107,65,20
107,65,20
107,65,20
107,65,20
107,106,20
107,106,20
107,106,20
107,106,20
107,106,20
107,106,20
107,106,20
107,95,20
107,95,20
107,95,20
107,95,20
107,95,20
107,95,20
107,95,20
107,95,20
107,95,20
107,95,20
107,95,20
107,95,20
107,95,20
107,95,20
107,95,20
107,95,20
107,95,20
107,95,20
107,95,20
107,95,20
107,95,20
107,95,20
107,95,20
107,95,20
107,95,20
107,95,20
107,95,20
107,95,20
107,95,20
107,95,20
107,95,20
107,95,20
107,95,20
107,112,20
107,112,20
107,112,20
107,112,20
107,112,20
107,112,20
107,112,20
107,112,20
107,112,20
107,112,20
107,112,20
107,112,20
107,112,20
107,112,20
107,120,20
107,120,20
107,120,20
107,120,20
107,120,20
107,120,20
107,120,20
107,120,20
107,120,20
107,120,20
107,120,20
107,120,20
107,120,20
107,120,20
107,120,20
107,120,20
107,120,20
107,120,20
107,120,20
107,120,20
107,120,20
107,120,20
107,120,20
107,120,20
107,120,20
107,120,20
107,120,20
107,120,20
107,120,20
107,120,20
107,120,20
107,120,20
107,120,20
107,120,20
107,120,20
107,120,20
107,122,20
107,122,20
107,122,20
107,122,20
107,122,20
107,122,20
107,122,20
107,122,20
107,122,20
107,122,20
107,122,20
107,122,20
107,122,20
107,122,20
107,122,20
107,122,20
107,122,20
107,122,20
107,122,20
137,140,20
137,140,20
137,140,20
137,140,20
137,140,20
137,140,20
137,140,20
137,140,20
137,140,20
137,140,20
137,140,20
137,140,20
137,140,20
137,159,20
137,159,20
137,159,20
137,159,20
137,159,20
137,159,20
137,159,20
137,159,20
137,159,20
137,159,20
137,159,20
137,159,20
137,159,20
137,159,20
137,159,20
137,158,20
137,158,20
137,158,20
137,158,20
137,158,20
137,158,20
137,158,20
137,158,20
137,158,20
137,158,20
137,158,20
137,158,20
137,158,20
137,158,20
137,158,20
137,158,20
137,158,20
137,158,20
137,158,20
137,158,20
137,158,20
137,158,20
137,158,20
137,158,20
137,158,20
137,158,20
137,158,20
137,158,20
137,158,20
137,158,20
137,158,20
137,158,20
137,158,20
137,158,20
137,158,20
137,158,20
137,158,20
137,158,20
137,158,20
137,158,20
137,158,20
137,126,20
137,126,20
137,126,20
137,126,20
137,126,20
137,126,20
137,126,20
137,126,20
137,126,20
137,126,20
137,126,20
137,126,20
137,126,20
137,126,20
137,126,20
137,126,20
137,126,20
137,126,20
137,126,20
137,126,20
137,126,20
137,126,20
137,126,20
137,126,20
137,126,20
137,126,20
137,126,20
137,126,20
137,126,20
137,126,20
137,126,20
137,126,20
137,126,20
137,126,20
137,126,20
137,126,20
137,126,20
137,126,20
137,126,20
137,126,20
137,126,20
137,126,20
137,97,20
137,97,20
137,97,20
137,97,20
137,97,20
137,97,20
137,97,20
137,97,20
137,97,20
137,97,20
137,97,20
137,97,20
137,97,20
137,97,20
137,97,20
137,97,20
137,97,20
137,126,20
137,126,20
137,126,20
137,126,20
137,126,20
137,126,20
137,126,20
137,126,20
137,126,20
137,123,20
137,123,20
137,123,20
137,123,20
137,123,20
137,123,20
137,123,20
137,123,20
137,123,20
137,123,20
137,123,20
137,123,20
137,123,20
137,123,20
137,140,20
137,140,20
137,140,20
137,140,20
137,140,20
137,140,20
137,140,20
137,140,20
137,140,20
137,140,20
137,140,20
137,164,20
137,164,20
137,164,20
137,164,20
137,164,20
137,164,20
137,164,20
137,164,20
137,164,20
137,164,20
137,164,20
137,164,20
137,164,20
137,164,20
137,164,20
137,164,20
137,164,20
137,164,20
137,164,20
137,164,20
137,164,20
137,164,20
137,130,20
137,130,20
137,130,20
137,130,20
137,130,20
137,130,20
137,130,20
137,130,20
137,130,20
137,130,20
137,130,20
137,130,20
137,130,20
137,130,20
137,130,20
137,130,20
137,130,20
137,130,20
137,130,20
137,130,20
137,130,20
137,130,20
137,130,20
137,130,20
137,130,20
137,130,20
137,130,20
137,130,20
137,130,20
137,130,20
137,130,20
137,130,20
137,130,20
137,130,20
137,130,20
137,130,20
137,130,20
137,130,20
137,148,20
137,148,20
137,148,20
137,148,20
137,148,20
137,148,20
137,148,20
137,148,20
137,148,20
137,148,20
137,148,20
137,148,20
137,148,20
137,148,20
137,148,20
137,148,20
137,148,20
137,148,20
137,148,20
137,148,20
137,148,20
137,148,20
137,148,20
137,148,20
137,148,20
137,148,20
137,148,20
137,148,20
137,148,20
137,148,20
137,148,20
137,148,20
137,168,20
137,168,20
137,168,20
137,168,20
137,168,20
137,168,20
137,168,20
137,168,20
137,168,20
137,168,20
137,168,20
137,168,20
137,168,20
137,168,20
137,168,20
137,168,20
137,168,20
137,168,20
137,168,20
137,168,20
137,168,20
137,168,20
137,168,20
137,168,20
137,168,20
137,168,20
137,168,20
137,168,20
137,168,20
137,168,20
137,127,20
137,127,20
137,127,20
137,127,20
137,127,20
137,127,20
137,127,20
137,127,20
137,127,20
137,127,20
137,127,20
137,127,20
137,127,20
137,126,20
137,126,20
137,126,20
137,126,20
137,126,20
137,126,20
137,126,20
137,126,20
137,126,20
137,126,20
137,126,20
137,126,20
137,126,20
137,126,20
137,126,20
137,126,20
117,94,20
117,94,20
117,94,20
117,94,20
117,94,20
117,94,20
117,94,20
117,94,20
117,94,20
117,94,20
117,94,20
117,94,20
117,94,20
117,94,20
117,94,20
117,94,20
117,94,20
117,94,20
117,94,20
117,94,20
117,94,20
117,94,20
117,114,20
117,114,20
117,114,20
117,114,20
117,114,20
117,114,20
117,114,20
117,114,20
117,114,20
117,114,20
117,114,20
117,114,20
117,114,20
117,114,20
117,114,20
117,114,20
117,114,20
117,114,20
117,114,20
117,130,20
117,130,20
117,130,20
117,130,20
117,130,20
117,130,20
117,130,20
117,130,20
117,91,20
117,91,20
117,91,20
117,91,20
117,91,20
117,91,20
117,91,20
117,91,20
117,91,20
117,91,20
117,91,20
117,91,20
117,91,20
117,91,20
117,91,20
117,91,20
117,91,20
117,91,20
117,91,20
117,91,20
117,91,20
117,91,20
117,91,20
117,91,20
117,91,20
117,91,20
117,91,20
117,91,20
117,111,20
117,111,20
117,111,20
117,111,20
117,111,20
117,111,20
117,111,20
117,111,20
117,117,20
117,117,20
117,117,20
117,117,20
117,117,20
117,117,20
117,129,20
117,129,20
117,129,20
117,129,20
117,129,20
117,129,20
117,129,20
117,129,20
117,129,20
117,162,20
117,162,20
117,162,20
117,162,20
117,162,20
117,162,20
117,162,20
117,162,20
117,162,20
117,162,20
117,162,20
117,162,20
117,162,20
117,162,20
117,162,20
117,162,20
117,162,20
117,162,20
117,162,20
117,162,20
117,162,20
117,162,20
117,162,20
117,162,20
117,162,20
117,162,20
117,162,20
117,162,20
117,162,20
117,162,20
117,162,20
117,162,20
117,162,20
117,162,20
117,162,20
117,162,20
117,162,20
117,162,20
117,162,20
117,162,20
117,162,20
117,162,20
117,162,20
117,162,20
117,162,20
117,162,20
117,162,20
117,162,20
117,162,20
117,162,20
117,162,20
117,130,20
117,130,20
117,130,20
117,130,20
117,130,20
117,130,20
117,130,20
117,130,20
117,130,20
117,130,20
117,130,20
117,130,20
117,83,20
117,83,20
117,83,20
117,83,20
117,83,20
117,83,20
117,83,20
117,83,20
117,83,20
117,83,20
117,83,20
117,100,20
117,100,20
117,100,20
117,100,20
117,100,20
117,100,20
117,100,20
117,100,20
117,100,20
117,100,20
117,100,20
117,100,20
117,100,20
117,100,20
117,100,20
117,100,20
117,100,20
117,100,20
117,100,20
117,100,20
117,100,20
117,100,20
117,100,20
117,100,20
117,100,20
117,100,20
117,100,20
117,100,20
117,100,20
117,100,20
117,100,20
117,100,20
117,100,20
117,100,20
117,100,20
117,100,20
117,100,20
117,100,20
117,100,20
117,100,20
117,100,20
117,100,20
117,100,20
117,100,20
117,100,20
117,100,20
117,100,20
117,100,20
117,100,20
117,129,20
117,129,20
117,129,20
117,129,20
117,129,20
117,129,20
117,129,20
117,129,20
117,129,20
117,129,20
117,129,20
117,129,20
117,129,20
117,129,20
117,117,20
117,117,20
117,117,20
117,117,20
117,117,20
117,117,20
117,117,20
117,117,20
117,117,20
117,117,20
157,153,20
157,153,20
157,153,20
157,153,20
157,153,20
157,153,20
157,169,20
157,169,20
157,169,20
157,169,20
157,169,20
157,169,20
157,169,20
157,169,20
157,169,20
157,169,20
157,169,20
157,169,20
157,169,20
157,169,20
157,169,20
157,169,20
157,155,20
157,155,20
157,155,20
157,155,20
157,155,20
157,155,20
157,155,20
157,155,20
157,155,20
157,155,20
157,155,20
157,155,20
157,155,20
157,155,20
157,155,20
157,155,20
157,155,20
157,155,20
157,181,20
157,181,20
157,181,20
157,181,20
157,181,20
157,181,20
157,181,20
157,181,20
157,181,20
157,171,20
157,171,20
157,171,20
157,171,20
157,171,20
157,171,20
157,171,20
157,171,20
157,171,20
157,171,20
157,171,20
157,171,20
157,171,20
157,171,20
157,171,20
157,171,20
157,171,20
157,171,20
157,171,20
157,171,20
157,171,20
157,171,20
157,171,20
157,171,20
157,171,20
157,171,20
157,121,20
157,121,20
157,121,20
157,121,20
157,121,20
157,121,20
157,121,20
157,121,20
157,121,20
157,121,20
157,121,20
157,121,20
157,121,20
157,121,20
157,121,20
157,121,20
157,121,20
157,121,20
157,121,20
157,121,20
157,121,20
157,121,20
157,121,20
157,144,20
157,144,20
157,144,20
157,144,20
157,144,20
157,144,20
157,144,20
157,144,20
157,144,20
157,144,20
157,144,20
157,144,20
157,144,20
157,144,20
157,144,20
157,144,20
157,144,20
157,144,20
157,160,20
157,160,20
157,160,20
157,160,20
157,160,20
157,160,20
157,160,20
157,160,20
157,160,20
157,160,20
157,160,20
157,160,20
157,160,20
157,160,20
157,160,20
157,160,20
157,160,20
157,160,20
157,160,20
157,160,20
157,160,20
157,160,20
157,160,20
157,160,20
157,160,20
157,160,20
157,160,20
157,160,20
157,160,20
157,158,20
157,158,20
157,158,20
157,158,20
157,158,20
157,158,20
157,158,20
157,158,20
157,158,20
157,158,20
157,158,20
157,158,20
157,158,20
157,158,20
157,158,20
157,158,20
157,158,20
157,158,20
157,158,20
157,158,20
157,158,20
157,157,20
157,157,20
157,157,20
157,157,20
157,157,20
157,157,20
157,157,20
157,135,20
157,135,20
157,135,20
157,135,20
157,135,20
157,135,20
157,135,20
157,135,20
157,135,20
157,135,20
157,135,20
157,135,20
157,135,20
157,135,20
157,135,20
157,135,20
157,151,20
157,151,20
157,151,20
157,151,20
157,151,20
157,151,20
157,151,20
157,151,20
157,151,20
157,151,20
157,151,20
157,151,20
157,151,20
157,151,20
157,151,20
157,151,20
157,151,20
157,151,20
157,120,20
157,120,20
157,120,20
157,120,20
157,120,20
157,120,20
157,120,20
157,120,20
157,120,20
157,120,20
157,120,20
157,120,20
157,120,20
157,120,20
157,120,20
157,120,20
157,120,20
157,120,20
137,135,20
137,135,20
137,135,20
137,135,20
137,135,20
137,135,20
137,150,20
137,150,20
137,150,20
137,150,20
137,150,20
137,150,20
137,150,20
137,150,20
137,150,20
137,150,20
137,150,20
137,150,20
137,150,20
137,150,20
137,150,20
137,150,20
137,150,20
137,150,20
137,150,20
137,150,20
137,150,20
137,150,20
137,150,20
137,150,20
137,150,20
137,150,20
137,150,20
137,139,20
137,139,20
137,139,20
137,139,20
137,139,20
137,139,20
137,139,20
137,139,20
137,139,20
137,139,20
137,139,20
137,139,20
137,139,20
137,139,20
137,139,20
137,139,20
137,139,20
137,139,20
137,139,20
137,139,20
137,139,20
137,139,20
137,139,20
137,139,20
137,139,20
137,139,20
137,139,20
137,139,20
137,139,20
137,139,20
137,139,20
137,149,20
137,149,20
137,149,20
137,149,20
137,149,20
137,149,20
137,149,20
137,149,20
137,149,20
137,153,20
137,153,20
137,153,20
137,153,20
137,153,20
137,153,20
137,153,20
137,153,20
137,153,20
137,153,20
137,153,20
137,153,20
137,123,20
137,123,20
137,123,20
137,123,20
137,123,20
137,123,20
137,123,20
137,123,20
137,123,20
137,123,20
137,123,20
137,123,20
137,123,20
137,147,20
137,147,20
137,147,20
137,147,20
137,147,20
137,147,20
137,147,20
137,147,20
137,147,20
137,147,20
137,147,20
137,137,20
137,137,20
137,137,20
137,137,20
137,137,20
137,137,20
137,137,20
137,137,20
137,137,20
137,139,20
137,139,20
137,139,20
137,139,20
137,139,20
137,139,20
137,139,20
137,139,20
137,139,20
137,139,20
137,139,20
137,139,20
137,139,20
137,139,20
137,139,20
137,108,20
137,108,20
137,108,20
137,108,20
137,108,20
137,108,20
137,108,20
137,108,20
137,108,20
137,111,20
137,111,20
137,111,20
137,111,20
137,111,20
137,111,20
137,111,20
137,111,20
137,111,20
137,111,20
137,111,20
137,111,20
137,111,20
137,111,20
137,111,20
137,111,20
137,111,20
137,111,20
137,111,20
137,111,20
137,111,20
137,111,20
137,111,20
137,111,20
137,111,20
137,111,20
137,111,20
137,111,20
137,191,20
137,191,20
137,191,20
137,191,20
137,191,20
137,191,20
137,191,20
137,191,20
137,191,20
137,191,20
137,191,20
137,191,20
137,191,20
137,191,20
137,142,20
137,142,20
137,142,20
137,142,20
137,142,20
137,142,20
137,142,20
137,142,20
137,142,20
137,142,20
137,142,20
137,142,20
137,142,20
137,142,20
137,142,20
137,142,20
137,142,20
137,142,20
137,142,20
137,142,20
137,142,20
137,142,20
137,142,20
137,142,20
137,142,20
137,142,20
157,132,20
157,132,20
157,132,20
157,132,20
157,132,20
157,132,20
157,132,20
157,132,20
157,177,20
157,177,20
157,177,20
157,177,20
157,177,20
157,177,20
157,177,20
157,177,20
157,177,20
157,177,20
157,177,20
157,137,20
157,137,20
157,137,20
157,137,20
157,137,20
157,137,20
157,137,20
157,137,20
157,137,20
157,137,20
157,137,20
157,137,20
157,137,20
157,137,20
157,137,20
157,137,20
157,137,20
157,137,20
157,137,20
157,137,20
157,129,20
157,129,20
157,129,20
157,129,20
157,129,20
157,129,20
157,129,20
157,129,20
157,129,20
157,129,20
157,129,20
157,129,20
157,129,20
157,129,20
157,129,20
157,129,20
157,129,20
157,129,20
157,129,20
157,129,20
157,129,20
157,129,20
157,129,20
157,136,20
157,136,20
157,136,20
157,136,20
157,136,20
157,136,20
157,136,20
157,136,20
157,136,20
157,136,20
157,136,20
157,136,20
157,136,20
157,136,20
157,136,20
157,136,20
157,136,20
157,136,20
157,136,20
157,136,20
157,136,20
157,136,20
157,136,20
157,136,20
157,136,20
157,136,20
157,136,20
157,136,20
157,136,20
157,136,20
157,136,20
157,136,20
157,136,20
157,136,20
157,136,20
157,136,20
157,157,20
157,157,20
157,157,20
157,157,20
157,157,20
157,157,20
157,157,20
157,157,20
157,157,20
157,157,20
157,157,20
157,157,20
157,157,20
157,153,20
157,153,20
157,153,20
157,153,20
157,153,20
157,153,20
157,153,20
157,153,20
157,153,20
157,153,20
157,153,20
157,153,20
157,153,20
157,153,20
157,156,20
157,156,20
157,156,20
157,156,20
157,156,20
157,156,20
157,156,20
157,156,20
157,156,20
157,156,20
157,156,20
157,156,20
157,156,20
157,155,20
157,155,20
157,155,20
157,155,20
157,155,20
157,155,20
157,146,20
157,146,20
157,146,20
157,146,20
157,146,20
157,146,20
157,146,20
157,146,20
157,146,20
157,203,20
157,203,20
157,203,20
157,203,20
157,203,20
157,203,20
157,203,20
157,203,20
157,180,20
157,180,20
157,180,20
157,180,20
157,180,20
157,180,20
157,180,20
157,180,20
157,180,20
157,180,20
157,180,20
157,180,20
157,180,20
157,180,20
157,180,20
157,180,20
157,180,20
157,180,20
157,137,20
157,137,20
157,137,20
157,137,20
157,137,20
157,137,20
157,137,20
157,137,20
157,137,20
157,137,20
157,137,20
157,137,20
157,137,20
157,161,20
157,161,20
157,161,20
157,161,20
157,161,20
157,161,20
157,161,20
157,161,20
157,161,20
157,161,20
157,161,20
157,161,20
157,161,20
157,140,20
157,140,20
157,140,20
157,140,20
157,140,20
157,140,20
157,140,20
157,140,20
157,153,20
157,153,20
157,153,20
157,153,20
157,153,20
157,153,20
157,153,20
157,153,20
157,153,20
157,153,20
157,153,20
157,153,20
157,153,20
157,153,20
157,153,20
157,153,20
157,153,20
157,153,20
157,153,20
157,153,20
157,153,20
157,153,20
157,153,20
157,153,20
157,153,20
157,153,20
117,123,20
117,123,20
117,123,20
117,123,20
117,123,20
117,123,20
117,123,20
117,123,20
117,123,20
117,123,20
117,123,20
117,123,20
117,123,20
117,123,20
117,123,20
117,123,20
117,93,20
117,93,20
117,93,20
117,93,20
117,93,20
117,93,20
117,93,20
117,93,20
117,93,20
117,93,20
117,93,20
117,93,20
117,93,20
117,90,20
117,90,20
117,90,20
117,90,20
117,90,20
117,90,20
117,90,20
117,90,20
117,90,20
117,90,20
117,90,20
117,90,20
117,90,20
117,90,20
117,90,20
117,90,20
117,90,20
117,90,20
117,90,20
117,90,20
117,90,20
117,90,20
117,90,20
117,90,20
117,90,20
117,90,20
117,90,20
117,90,20
117,130,20
117,130,20
117,130,20
117,130,20
117,130,20
117,130,20
117,130,20
117,130,20
117,130,20
117,130,20
117,130,20
117,130,20
117,130,20
117,130,20
117,130,20
117,130,20
117,130,20
117,130,20
117,130,20
117,130,20
117,130,20
117,130,20
117,130,20
117,130,20
117,130,20
117,130,20
117,153,20
117,153,20
117,153,20
117,153,20
117,153,20
117,153,20
117,153,20
117,136,20
117,136,20
117,136,20
117,136,20
117,136,20
117,136,20
117,123,20
117,123,20
117,123,20
117,123,20
117,123,20
117,123,20
117,123,20
117,123,20
117,113,20
117,113,20
117,113,20
117,113,20
117,113,20
117,113,20
117,113,20
117,113,20
117,113,20
117,113,20
117,113,20
117,113,20
117,113,20
117,113,20
117,113,20
117,113,20
117,113,20
117,113,20
117,113,20
117,113,20
117,113,20
117,113,20
117,113,20
117,113,20
117,113,20
117,113,20
117,126,20
117,126,20
117,126,20
117,126,20
117,126,20
117,126,20
117,126,20
117,126,20
117,126,20
117,126,20
117,126,20
117,126,20
117,126,20
117,126,20
117,126,20
117,126,20
117,126,20
117,126,20
117,126,20
117,126,20
117,126,20
117,126,20
117,126,20
117,126,20
117,126,20
117,126,20
117,126,20
117,106,20
117,106,20
117,106,20
117,106,20
117,106,20
117,106,20
117,106,20
117,106,20
117,106,20
117,106,20
117,106,20
117,106,20
117,106,20
117,106,20
117,106,20
117,106,20
117,106,20
117,106,20
117,106,20
117,106,20
117,106,20
117,106,20
117,106,20
117,106,20
117,106,20
117,106,20
117,106,20
117,106,20
117,106,20
117,106,20
117,106,20
117,106,20
117,106,20
117,106,20
117,97,20
117,97,20
117,97,20
117,97,20
117,97,20
117,97,20
117,97,20
117,97,20
117,97,20
117,97,20
117,97,20
117,97,20
117,97,20
117,97,20
117,97,20
117,97,20
117,97,20
117,97,20
117,97,20
117,97,20
117,97,20
117,121,20
117,121,20
117,121,20
117,121,20
117,121,20
117,121,20
117,121,20
117,121,20
117,121,20
117,109,20
117,109,20
117,109,20
117,109,20
117,109,20
117,109,20
117,109,20
117,109,20
117,109,20
117,109,20
117,109,20
117,109,20
117,109,20
117,109,20
147,181,20
147,181,20
147,181,20
147,181,20
147,181,20
147,181,20
147,181,20
147,181,20
147,181,20
147,181,20
147,139,20
147,139,20
147,139,20
147,139,20
147,139,20
147,139,20
147,139,20
147,139,20
147,139,20
147,139,20
147,130,20
147,130,20
147,130,20
147,130,20
147,130,20
147,130,20
147,130,20
147,130,20
147,130,20
147,130,20
147,130,20
147,130,20
147,144,20
147,144,20
147,144,20
147,144,20
147,144,20
147,144,20
147,144,20
147,144,20
147,144,20
147,144,20
147,144,20
147,151,20
147,151,20
147,151,20
147,151,20
147,151,20
147,151,20
147,151,20
147,151,20
147,151,20
147,151,20
147,151,20
147,151,20
147,151,20
147,151,20
147,151,20
147,151,20
147,150,20
147,150,20
147,150,20
147,150,20
147,150,20
147,150,20
147,150,20
147,150,20
147,150,20
147,150,20
147,150,20
147,150,20
147,150,20
147,150,20
147,150,20
147,150,20
147,150,20
147,150,20
147,150,20
147,150,20
147,150,20
147,150,20
147,136,20
147,136,20
147,136,20
147,136,20
147,136,20
147,136,20
147,136,20
147,136,20
147,136,20
147,136,20
147,136,20
147,136,20
147,136,20
147,136,20
147,136,20
147,136,20
147,136,20
147,136,20
147,136,20
147,136,20
147,138,20
147,138,20
147,138,20
147,138,20
147,138,20
147,138,20
147,138,20
147,138,20
147,138,20
147,138,20
147,138,20
147,138,20
147,138,20
147,138,20
147,138,20
147,138,20
147,138,20
147,138,20
147,138,20
147,138,20
147,138,20
147,138,20
147,138,20
147,138,20
147,138,20
147,138,20
147,138,20
147,138,20
147,160,20
147,160,20
147,160,20
147,160,20
147,160,20
147,160,20
147,160,20
147,160,20
147,160,20
147,160,20
147,160,20
147,160,20
147,155,20
147,155,20
147,155,20
147,155,20
147,155,20
147,155,20
147,155,20
147,155,20
147,155,20
147,155,20
147,155,20
147,155,20
147,155,20
147,155,20
147,155,20
147,155,20
147,155,20
147,155,20
147,155,20
147,189,20
147,189,20
147,189,20
147,189,20
147,189,20
147,189,20
147,189,20
147,189,20
147,189,20
147,189,20
147,189,20
147,189,20
147,189,20
147,189,20
147,189,20
147,189,20
147,189,20
147,189,20
147,189,20
147,189,20
147,189,20
147,189,20
147,189,20
147,189,20
147,189,20
147,131,20
147,131,20
147,131,20
147,131,20
147,131,20
147,131,20
147,131,20
147,131,20
147,131,20
147,131,20
147,131,20
147,131,20
177,174,20
177,174,20
177,174,20
177,174,20
177,174,20
177,174,20
177,174,20
177,174,20
177,174,20
177,207,20
177,207,20
177,207,20
177,207,20
177,207,20
177,207,20
177,207,20
177,207,20
177,207,20
177,181,20
177,181,20
177,181,20
177,181,20
177,181,20
177,181,20
177,181,20
177,181,20
177,181,20
177,181,20
177,181,20
177,181,20
177,181,20
177,181,20
177,181,20
177,181,20
177,181,20
177,181,20
177,181,20
177,181,20
177,171,20
177,171,20
177,171,20
177,171,20
177,171,20
177,171,20
177,171,20
177,171,20
177,171,20
177,171,20
177,171,20
177,171,20
177,171,20
177,171,20
177,171,20
177,171,20
177,171,20
177,171,20
177,171,20
177,171,20
177,176,20
177,176,20
177,176,20
177,176,20
177,176,20
177,176,20
177,170,20
177,170,20
177,170,20
177,170,20
177,170,20
177,170,20
177,170,20
177,170,20
177,170,20
177,170,20
177,170,20
177,170,20
177,170,20
177,170,20
177,170,20
177,170,20
177,170,20
177,170,20
177,170,20
177,170,20
177,170,20
177,170,20
177,170,20
177,170,20
177,170,20
177,170,20
177,170,20
177,170,20
177,170,20
177,170,20
177,170,20
177,170,20
177,170,20
177,170,20
177,170,20
177,170,20
177,170,20
177,170,20
177,170,20
177,170,20
177,170,20
177,170,20
177,177,20
177,177,20
177,177,20
177,177,20
177,177,20
177,177,20
177,177,20
177,177,20
177,177,20
177,177,20
177,177,20
177,203,20
177,203,20
177,203,20
177,203,20
177,203,20
177,203,20
177,203,20
177,203,20
177,218,20
177,218,20
177,218,20
177,218,20
177,218,20
177,218,20
177,218,20
177,218,20
177,218,20
177,218,20
177,218,20
177,218,20
177,218,20
177,218,20
177,218,20
177,218,20
177,218,20
177,218,20
177,218,20
177,218,20
177,218,20
177,218,20
177,218,20
177,218,20
177,218,20
177,218,20
177,218,20
177,218,20
177,218,20
177,218,20
177,218,20
177,218,20
177,218,20
177,218,20
177,218,20
177,218,20
177,218,20
177,218,20
177,218,20
177,218,20
177,218,20
177,218,20
177,218,20
177,218,20
177,218,20
177,218,20
177,218,20
177,218,20
177,218,20
177,218,20
177,218,20
177,218,20
177,218,20
177,218,20
177,218,20
177,182,20
177,182,20
177,182,20
177,182,20
177,182,20
177,182,20
177,182,20
177,182,20
177,182,20
177,182,20
177,182,20
177,182,20
177,182,20
177,182,20
177,182,20
177,182,20
177,182,20
177,182,20
177,182,20
177,182,20
177,182,20
177,182,20
177,182,20
177,182,20
177,182,20
177,182,20
177,163,20
177,163,20
177,163,20
177,163,20
177,163,20
177,163,20
177,163,20
177,163,20
177,163,20
177,163,20
177,163,20
177,163,20
177,163,20
177,163,20
177,163,20
177,163,20
177,163,20
177,163,20
177,163,20
217,191,20
217,191,20
217,191,20
217,191,20
217,191,20
217,191,20
217,191,20
217,191,20
217,191,20
217,191,20
217,229,20
217,229,20
217,229,20
217,229,20
217,229,20
217,229,20
217,229,20
217,229,20
217,229,20
217,229,20
217,229,20
217,229,20
217,229,20
217,229,20
217,229,20
217,229,20
217,229,20
217,229,20
217,229,20
217,229,20
217,229,20
217,229,20
217,229,20
217,229,20
217,229,20
217,229,20
217,229,20
217,229,20
217,229,20
217,229,20
217,229,20
217,229,20
217,229,20
217,229,20
217,229,20
217,229,20
217,229,20
217,229,20
217,229,20
217,229,20
217,229,20
217,229,20
217,229,20
217,229,20
217,229,20
217,229,20
217,229,20
217,246,20
217,246,20
217,246,20
217,246,20
217,246,20
217,246,20
217,186,20
217,186,20
217,186,20
217,186,20
217,186,20
217,186,20
217,186,20
217,186,20
217,186,20
217,186,20
217,186,20
217,186,20
217,186,20
217,186,20
217,186,20
217,186,20
217,186,20
217,186,20
217,186,20
217,186,20
217,199,20
217,199,20
217,199,20
217,199,20
217,199,20
217,199,20
217,199,20
217,199,20
217,199,20
217,199,20
217,199,20
217,199,20
217,199,20
217,199,20
217,199,20
217,199,20
217,199,20
217,199,20
217,199,20
217,199,20
217,199,20
217,199,20
217,199,20
217,199,20
217,199,20
217,199,20
217,199,20
217,199,20
217,199,20
217,199,20
217,199,20
217,199,20
217,199,20
217,199,20
217,199,20
217,199,20
217,195,20
217,195,20
217,195,20
217,195,20
217,195,20
217,195,20
217,195,20
217,236,20
217,236,20
217,236,20
217,236,20
217,236,20
217,236,20
217,236,20
217,236,20
217,236,20
217,236,20
217,236,20
217,236,20
217,236,20
217,236,20
217,236,20
217,236,20
217,236,20
217,236,20
217,236,20
217,236,20
217,236,20
217,236,20
217,236,20
217,236,20
217,236,20
217,236,20
217,236,20
217,236,20
217,236,20
217,236,20
217,236,20
217,236,20
217,236,20
217,236,20
217,236,20
217,236,20
217,236,20
217,201,20
217,201,20
217,201,20
217,201,20
217,201,20
217,201,20
217,201,20
217,201,20
217,201,20
217,201,20
217,230,20
217,230,20
217,230,20
217,230,20
217,230,20
217,230,20
217,230,20
217,230,20
217,230,20
217,230,20
217,230,20
217,230,20
217,230,20
217,230,20
217,230,20
217,230,20
217,230,20
217,230,20
217,230,20
217,230,20
217,230,20
217,230,20
217,230,20
217,230,20
217,230,20
217,230,20
217,230,20
217,230,20
217,230,20
217,230,20
217,230,20
217,230,20
217,230,20
217,230,20
217,230,20
217,230,20
217,230,20
217,230,20
217,230,20
217,230,20
217,230,20
217,211,20
217,211,20
217,211,20
217,211,20
217,211,20
217,211,20
217,201,20
217,201,20
217,201,20
217,201,20
217,201,20
217,201,20
217,201,20
217,201,20
217,201,20
217,201,20
217,201,20
217,201,20
217,201,20
217,201,20
217,201,20
217,201,20
217,201,20
237,208,20
237,208,20
237,208,20
237,208,20
237,208,20
237,208,20
237,208,20
237,208,20
237,208,20
237,208,20
237,208,20
237,208,20
237,211,20
237,211,20
237,211,20
237,211,20
237,211,20
237,211,20
237,211,20
237,240,20
237,240,20
237,240,20
237,240,20
237,240,20
237,240,20
237,240,20
237,240,20
237,240,20
237,240,20
237,240,20
237,240,20
237,240,20
237,240,20
237,240,20
237,240,20
237,240,20
237,240,20
237,240,20
237,262,20
237,262,20
237,262,20
237,262,20
237,262,20
237,262,20
237,262,20
237,262,20
237,262,20
237,262,20
237,262,20
237,262,20
237,262,20
237,262,20
237,262,20
237,262,20
237,262,20
237,262,20
237,262,20
237,262,20
237,262,20
237,262,20
237,262,20
237,262,20
237,226,20
237,226,20
237,226,20
237,226,20
237,226,20
237,226,20
237,226,20
237,226,20
237,226,20
237,226,20
237,226,20
237,226,20
237,226,20
237,255,20
237,255,20
237,255,20
237,255,20
237,255,20
237,255,20
237,255,20
237,255,20
237,255,20
237,255,20
237,255,20
237,255,20
237,255,20
237,255,20
237,255,20
237,255,20
237,255,20
237,255,20
237,255,20
237,255,20
237,255,20
237,255,20
237,255,20
237,255,20
237,255,20
237,255,20
237,255,20
237,238,20
237,238,20
237,238,20
237,238,20
237,238,20
237,238,20
237,238,20
237,238,20
237,238,20
237,238,20
237,238,20
237,238,20
237,238,20
237,238,20
237,238,20
237,238,20
237,238,20
237,238,20
237,238,20
237,238,20
237,238,20
237,238,20
237,238,20
237,238,20
237,238,20
237,238,20
237,238,20
237,238,20
237,238,20
237,238,20
237,238,20
237,238,20
237,238,20
237,238,20
237,238,20
237,238,20
237,252,20
237,252,20
237,252,20
237,252,20
237,252,20
237,252,20
237,252,20
237,252,20
237,252,20
237,252,20
237,252,20
237,252,20
237,231,20
237,231,20
237,231,20
237,231,20
237,231,20
237,231,20
237,231,20
237,231,20
237,231,20
237,231,20
237,231,20
237,231,20
237,231,20
237,231,20
237,231,20
237,231,20
237,231,20
237,231,20
237,231,20
237,231,20
237,231,20
237,231,20
237,231,20
237,231,20
237,231,20
237,231,20
237,231,20
237,231,20
237,231,20
237,231,20
237,231,20
237,231,20
237,231,20
237,231,20
237,231,20
237,204,20
237,204,20
237,204,20
237,204,20
237,204,20
237,204,20
237,204,20
237,204,20
237,204,20
237,204,20
237,204,20
237,204,20
237,204,20
237,204,20
237,204,20
237,204,20
237,204,20
237,204,20
237,204,20
237,204,20
237,204,20
237,204,20
237,204,20
237,204,20
237,204,20
237,204,20
237,204,20
237,204,20
237,204,20
237,204,20
237,204,20
237,204,20
237,204,20
237,204,20
237,204,20
237,234,20
237,234,20
237,234,20
237,234,20
237,234,20
237,234,20
237,234,20
237,234,20
237,234,20
277,270,20
277,270,20
277,270,20
277,270,20
277,270,20
277,270,20
277,270,20
277,270,20
277,270,20
277,270,20
277,270,20
277,270,20
277,270,20
277,270,20
277,270,20
277,270,20
277,270,20
277,270,20
277,295,20
277,295,20
277,295,20
277,295,20
277,295,20
277,295,20
277,320,20
277,320,20
277,320,20
277,320,20
277,320,20
277,320,20
277,320,20
277,320,20
277,320,20
277,320,20
277,320,20
277,320,20
277,320,20
277,320,20
277,320,20
277,320,20
277,285,20
277,285,20
277,285,20
277,285,20
277,285,20
277,285,20
277,285,20
277,285,20
277,285,20
277,285,20
277,285,20
277,285,20
277,285,20
277,285,20
277,285,20
277,285,20
277,285,20
277,285,20
277,285,20
277,285,20
277,285,20
277,285,20
277,285,20
277,285,20
277,285,20
277,285,20
277,285,20
277,285,20
277,285,20
277,285,20
277,293,20
277,293,20
277,293,20
277,293,20
277,293,20
277,293,20
277,293,20
277,293,20
277,293,20
277,293,20
277,259,20
277,259,20
277,259,20
277,259,20
277,259,20
277,259,20
277,259,20
277,259,20
277,259,20
277,276,20
277,276,20
277,276,20
277,276,20
277,276,20
277,276,20
277,276,20
277,276,20
277,276,20
277,276,20
277,276,20
277,276,20
277,276,20
277,276,20
277,276,20
277,276,20
277,276,20
277,276,20
277,276,20
277,276,20
277,276,20
277,276,20
277,303,20
277,303,20
277,303,20
277,303,20
277,303,20
277,303,20
277,303,20
277,303,20
277,303,20
277,303,20
277,303,20
277,303,20
277,303,20
277,303,20
277,303,20
277,303,20
277,303,20
277,303,20
277,303,20
277,303,20
277,303,20
277,303,20
277,275,20
277,275,20
277,275,20
277,275,20
277,275,20
277,275,20
277,275,20
277,275,20
277,275,20
277,275,20
277,275,20
277,275,20
277,275,20
277,275,20
277,275,20
277,275,20
277,275,20
277,275,20
277,275,20
277,275,20
277,251,20
277,251,20
277,251,20
277,251,20
277,251,20
277,251,20
277,251,20
277,295,20
277,295,20
277,295,20
277,295,20
277,295,20
277,295,20
277,295,20
277,295,20
277,295,20
277,295,20
277,299,20
277,299,20
277,299,20
277,299,20
277,299,20
277,299,20
277,299,20
277,299,20
277,299,20
277,299,20
277,299,20
277,299,20
277,299,20
277,299,20
277,299,20
277,299,20
277,299,20
277,299,20
277,299,20
277,299,20
277,299,20
277,299,20
277,299,20
277,299,20
277,299,20
277,299,20
277,299,20
277,299,20
277,299,20
277,299,20
277,299,20
277,299,20
277,299,20
277,299,20
277,299,20
277,288,20
277,288,20
277,288,20
277,288,20
277,288,20
277,288,20
277,288,20
277,288,20
277,288,20
277,288,20
277,288,20
277,288,20
277,288,20
277,288,20
277,288,20
277,288,20
277,288,20
277,288,20
277,288,20
277,288,20
277,288,20
277,288,20
277,288,20
277,288,20
277,267,20
277,267,20
277,267,20
277,267,20
277,267,20
277,267,20
277,267,20
277,267,20
277,267,20
277,267,20
277,267,20
277,267,20
277,267,20
277,267,20
277,267,20
277,267,20
277,267,20
277,267,20
277,267,20
277,298,20
277,298,20
277,298,20
277,298,20
277,298,20
277,298,20
277,298,20
277,298,20
277,309,20
277,309,20
277,309,20
277,309,20
277,309,20
277,309,20
277,309,20
277,281,20
277,281,20
277,281,20
277,281,20
277,281,20
277,281,20
277,281,20
277,281,20
277,281,20
277,303,20
277,303,20
277,303,20
277,303,20
277,303,20
277,303,20
277,303,20
277,303,20
277,303,20
277,303,20
277,303,20
277,303,20
277,303,20
277,287,20
277,287,20
277,287,20
277,287,20
277,287,20
277,287,20
277,287,20
277,287,20
277,287,20
307,344,20
307,344,20
307,344,20
307,344,20
307,344,20
307,344,20
307,344,20
307,344,20
307,344,20
307,344,20
307,344,20
307,344,20
307,344,20
307,344,20
307,344,20
307,344,20
307,344,20
307,344,20
307,344,20
307,344,20
307,344,20
307,344,20
307,344,20
307,344,20
307,344,20
307,344,20
307,344,20
307,344,20
307,344,20
307,344,20
307,344,20
307,344,20
307,286,20
307,286,20
307,286,20
307,286,20
307,286,20
307,286,20
307,286,20
307,286,20
307,329,20
307,329,20
307,329,20
307,329,20
307,329,20
307,329,20
307,329,20
307,329,20
307,329,20
307,329,20
307,329,20
307,329,20
307,329,20
307,329,20
307,329,20
307,329,20
307,329,20
307,329,20
307,329,20
307,329,20
307,329,20
307,329,20
307,329,20
307,329,20
307,329,20
307,329,20
307,329,20
307,329,20
307,329,20
307,329,20
307,329,20
307,329,20
307,329,20
307,329,20
307,329,20
307,329,20
307,329,20
307,329,20
307,329,20
307,329,20
307,329,20
307,329,20
307,329,20
307,329,20
307,329,20
307,329,20
307,329,20
307,329,20
307,329,20
307,329,20
307,329,20
307,329,20
307,329,20
307,329,20
307,329,20
307,292,20
307,292,20
307,292,20
307,292,20
307,292,20
307,292,20
307,292,20
307,292,20
307,292,20
307,325,20
307,325,20
307,325,20
307,325,20
307,325,20
307,325,20
307,325,20
307,325,20
307,325,20
307,325,20
307,325,20
307,325,20
307,325,20
307,325,20
307,325,20
307,325,20
307,325,20
307,325,20
307,325,20
307,325,20
307,325,20
307,325,20
307,325,20
307,325,20
307,325,20
307,325,20
307,325,20
307,325,20
307,325,20
307,325,20
307,325,20
307,325,20
307,325,20
307,325,20
307,325,20
307,325,20
307,325,20
307,325,20
307,325,20
307,325,20
347,8,20
347,8,20
347,8,20
347,8,20
347,8,20
347,8,20
347,8,20
347,8,20
347,8,20
347,8,20
347,8,20
347,8,20
347,8,20
347,8,20
347,8,20
347,8,20
347,309,20
347,309,20
347,309,20
347,309,20
347,309,20
347,309,20
347,309,20
347,309,20
347,309,20
347,294,20
347,294,20
347,294,20
347,294,20
347,294,20
347,294,20
347,294,20
347,294,20
347,294,20
347,294,20
347,294,20
347,294,20
347,332,20
347,332,20
347,332,20
347,332,20
347,332,20
347,332,20
347,332,20
347,332,20
347,332,20
347,332,20
347,332,20
347,332,20
347,332,20
347,332,20
347,332,20
347,332,20
347,332,20
347,332,20
347,332,20
347,332,20
347,332,20
347,332,20
347,332,20
347,332,20
347,332,20
347,332,20
347,332,20
347,332,20
347,332,20
347,332,20
347,332,20
347,332,20
347,332,20
347,332,20
347,354,20
347,354,20
347,354,20
347,354,20
347,354,20
347,354,20
347,354,20
347,354,20
347,354,20
347,354,20
347,354,20
347,354,20
347,354,20
347,354,20
347,319,20
347,319,20
347,319,20
347,319,20
347,319,20
347,319,20
347,319,20
347,319,20
347,319,20
347,319,20
347,319,20
347,342,20
347,342,20
347,342,20
347,342,20
347,342,20
347,342,20
347,342,20
347,342,20
347,342,20
347,342,20
347,359,20
347,359,20
347,359,20
347,359,20
347,359,20
347,359,20
347,359,20
347,359,20
347,359,20
347,359,20
347,359,20
347,359,20
347,359,20
347,359,20
347,359,20
347,359,20
347,359,20
347,359,20
347,359,20
347,359,20
347,359,20
347,359,20
347,359,20
347,359,20
347,359,20
347,359,20
347,359,20
347,359,20
347,359,20
347,359,20
347,359,20
347,359,20
347,359,20
347,359,20
347,359,20
347,359,20
347,359,20
347,359,20
347,359,20
347,359,20
347,359,20
347,359,20
347,359,20
347,359,20
347,359,20
347,359,20
347,359,20
347,359,20
347,359,20
347,359,20
347,359,20
347,323,20
347,323,20
347,323,20
347,323,20
347,323,20
347,323,20
347,323,20
347,323,20
347,323,20
347,323,20
347,323,20
347,323,20
347,323,20
347,323,20
347,323,20
347,323,20
347,323,20
347,323,20
347,323,20
347,323,20
347,323,20
347,323,20
347,323,20
347,323,20
347,323,20
347,323,20
347,323,20
347,323,20
347,323,20
347,323,20
347,323,20
347,323,20
347,323,20
347,323,20
347,323,20
347,323,20
347,323,20
347,323,20
347,323,20
347,323,20
347,323,20
347,323,20
347,323,20
347,323,20
347,323,20
347,323,20
347,323,20
347,323,20
347,323,20
347,323,20
347,323,20
347,323,20
347,323,20
347,323,20
347,323,20
347,323,20
347,323,20
347,326,20
347,326,20
347,326,20
347,326,20
347,326,20
347,326,20
347,326,20
347,326,20
347,326,20
347,326,20
347,326,20
347,326,20
347,326,20
347,326,20
347,326,20
347,336,20
347,336,20
347,336,20
347,336,20
347,336,20
347,336,20
347,336,20
347,336,20
347,336,20
347,336,20
347,336,20
347,336,20
347,336,20
347,336,20
347,336,20
347,336,20
347,336,20
347,336,20
347,336,20
347,336,20
347,336,20
347,336,20
347,336,20
347,336,20
347,336,20
347,336,20
347,336,20
347,336,20
347,336,20
347,336,20
347,336,20
347,336,20
347,336,20
347,336,20
347,336,20
347,336,20
347,15,20
347,15,20
347,15,20
347,15,20
347,15,20
347,15,20
347,15,20
347,15,20
347,15,20
347,15,20
347,15,20
347,15,20
347,15,20
347,15,20
347,15,20
347,15,20
347,15,20
347,15,20
347,15,20
347,15,20
347,15,20
347,15,20
347,15,20
347,15,20
347,15,20
347,15,20
347,15,20
347,339,20
347,339,20
347,339,20
347,339,20
347,339,20
347,339,20
347,339,20
347,339,20
347,339,20
347,339,20
347,339,20
347,339,20
347,339,20
347,339,20
347,339,20
347,339,20
347,339,20
347,339,20
347,339,20
347,339,20
347,339,20
347,26,20
347,26,20
347,26,20
347,26,20
347,26,20
347,26,20
347,2,20
347,2,20
347,2,20
347,2,20
347,2,20
347,2,20
347,2,20
347,2,20
347,2,20
347,2,20
347,10,20
347,10,20
347,10,20
347,10,20
347,10,20
347,10,20
347,10,20
347,10,20
347,10,20
347,10,20
347,10,20
347,10,20
347,10,20
347,10,20
347,10,20
347,10,20
347,10,20
347,10,20
347,10,20
347,10,20
347,10,20
347,10,20
347,10,20
347,10,20
7,8,20
7,8,20
7,8,20
7,8,20
7,8,20
7,8,20
7,8,20
7,8,20
7,8,20
7,8,20
7,8,20
7,8,20
7,8,20
7,8,20
7,8,20
7,8,20
7,8,20
7,8,20
7,8,20
7,8,20
7,8,20
7,8,20
7,8,20
7,8,20
7,8,20
7,8,20
7,8,20
7,8,20
7,8,20
7,8,20
7,8,20
7,8,20
7,8,20
7,8,20
7,8,20
7,344,20
7,344,20
7,344,20
7,344,20
7,344,20
7,344,20
7,344,20
7,344,20
7,344,20
7,344,20
7,344,20
7,344,20
7,344,20
7,8,20
7,8,20
7,8,20
7,8,20
7,8,20
7,8,20
7,8,20
7,8,20
7,8,20
7,8,20
7,8,20
7,8,20
7,8,20
7,42,20
7,42,20
7,42,20
7,42,20
7,42,20
7,42,20
7,42,20
7,42,20
7,42,20
7,42,20
7,42,20
7,42,20
7,42,20
7,42,20
7,42,20
7,42,20
7,42,20
7,42,20
7,42,20
7,42,20
7,42,20
7,42,20
7,42,20
7,42,20
7,15,20
7,15,20
7,15,20
7,15,20
7,15,20
7,15,20
7,15,20
7,15,20
7,15,20
7,15,20
7,15,20
7,15,20
7,15,20
7,15,20
7,15,20
7,15,20
7,15,20
7,23,20
7,23,20
7,23,20
7,23,20
7,23,20
7,23,20
7,23,20
7,23,20
7,23,20
7,74,20
7,74,20
7,74,20
7,74,20
7,74,20
7,74,20
7,74,20
7,74,20
7,74,20
7,74,20
7,74,20
7,74,20
7,338,20
7,338,20
7,338,20
7,338,20
7,338,20
7,338,20
7,338,20
7,338,20
7,338,20
7,338,20
7,338,20
7,338,20
7,358,20
7,358,20
7,358,20
7,358,20
7,358,20
7,358,20
7,358,20
7,358,20
7,358,20
7,358,20
7,358,20
7,358,20
7,358,20
7,358,20
7,358,20
7,358,20
7,358,20
7,358,20
7,358,20
7,358,20
7,358,20
7,19,20
7,19,20
7,19,20
7,19,20
7,19,20
7,19,20
7,19,20
7,19,20
7,19,20
7,19,20
7,19,20
7,19,20
7,19,20
7,19,20
7,19,20
7,19,20
7,19,20
7,19,20
7,19,20
7,343,20
7,343,20
7,343,20
7,343,20
7,343,20
7,343,20
7,343,20
7,343,20
7,343,20
7,343,20
7,343,20
7,343,20
7,343,20
7,343,20
7,343,20
7,343,20
7,343,20
7,343,20
7,343,20
7,6,20
7,6,20
7,6,20
7,6,20
7,6,20
7,6,20
7,6,20
7,6,20
7,6,20
7,6,20
347,355,20
347,355,20
347,355,20
347,355,20
347,355,20
347,355,20
347,355,20
347,355,20
347,355,20
347,355,20
347,355,20
347,355,20
347,355,20
347,355,20
347,355,20
347,355,20
347,355,20
347,355,20
347,355,20
347,355,20
347,355,20
347,4,20
347,4,20
347,4,20
347,4,20
347,4,20
347,4,20
347,4,20
347,4,20
347,4,20
347,4,20
347,4,20
347,4,20
347,4,20
347,336,20
347,336,20
347,336,20
347,336,20
347,336,20
347,336,20
347,336,20
347,336,20
347,336,20
347,336,20
347,336,20
347,336,20
347,336,20
347,336,20
347,336,20
347,336,20
347,336,20
347,336,20
347,336,20
347,336,20
347,336,20
347,336,20
347,336,20
347,336,20
347,336,20
347,336,20
347,336,20
347,336,20
347,336,20
347,336,20
347,336,20
347,336,20
347,336,20
347,336,20
347,336,20
347,336,20
347,336,20
347,336,20
347,336,20
347,336,20
347,336,20
347,336,20
347,336,20
347,336,20
347,336,20
347,336,20
347,336,20
347,336,20
347,336,20
347,324,20
347,324,20
347,324,20
347,324,20
347,324,20
347,324,20
347,324,20
347,324,20
347,324,20
347,324,20
347,324,20
347,324,20
347,333,20
347,333,20
347,333,20
347,333,20
347,333,20
347,333,20
347,333,20
347,338,20
347,338,20
347,338,20
347,338,20
347,338,20
347,338,20
347,338,20
347,338,20
347,338,20
347,338,20
347,338,20
347,338,20
347,338,20
347,338,20
347,338,20
347,338,20
347,338,20
347,338,20
347,338,20
347,338,20
347,338,20
347,338,20
347,338,20
347,338,20
347,338,20
347,338,20
347,338,20
347,338,20
347,338,20
347,338,20
347,338,20
347,338,20
347,338,20
347,338,20
347,338,20
347,342,20
347,342,20
347,342,20
347,342,20
347,342,20
347,342,20
347,342,20
347,342,20
347,342,20
347,342,20
347,342,20
347,342,20
347,342,20
347,342,20
347,342,20
347,342,20
347,342,20
347,342,20
347,342,20
347,342,20
347,342,20
347,342,20
347,342,20
347,21,20
347,21,20
347,21,20
347,21,20
347,21,20
347,21,20
347,21,20
347,351,20
347,351,20
347,351,20
347,351,20
347,351,20
347,351,20
347,351,20
347,351,20
347,351,20
347,335,20
347,335,20
347,335,20
347,335,20
347,335,20
347,335,20
347,335,20
347,335,20
347,335,20
347,335,20
347,335,20
347,335,20
347,335,20
347,335,20
347,335,20
347,335,20
347,335,20
347,11,20
347,11,20
347,11,20
347,11,20
347,11,20
347,11,20
347,11,20
347,11,20
347,11,20
347,11,20
347,11,20
347,11,20
347,11,20
347,11,20
347,11,20
347,11,20
347,11,20
347,11,20
347,11,20
347,11,20
347,11,20
347,11,20
347,11,20
347,11,20
347,11,20
347,11,20
347,359,20
347,359,20
347,359,20
347,359,20
347,359,20
347,359,20
347,359,20
347,359,20
347,359,20
347,359,20
347,359,20
347,308,20
347,308,20
347,308,20
347,308,20
347,308,20
347,308,20
347,308,20
347,308,20
347,308,20
347,308,20
347,308,20
347,308,20
7,26,20
7,26,20
7,26,20
7,26,20
7,26,20
7,26,20
7,26,20
7,26,20
7,26,20
7,26,20
7,26,20
7,26,20
7,26,20
7,26,20
7,26,20
7,26,20
7,26,20
7,26,20
7,26,20
7,26,20
7,13,20
7,13,20
7,13,20
7,13,20
7,13,20
7,13,20
7,13,20
7,13,20
7,13,20
7,13,20
7,13,20
7,13,20
7,13,20
7,13,20
7,13,20
7,13,20
7,13,20
7,13,20
7,13,20
7,13,20
7,13,20
7,13,20
7,13,20
7,13,20
7,13,20
7,13,20
7,13,20
7,13,20
7,13,20
7,13,20
7,13,20
7,13,20
7,13,20
7,13,20
7,13,20
7,13,20
7,13,20
7,13,20
7,13,20
7,13,20
7,13,20
7,13,20
7,13,20
7,13,20
7,13,20
7,13,20
7,13,20
7,13,20
7,13,20
7,347,20
7,347,20
7,347,20
7,347,20
7,347,20
7,347,20
7,347,20
7,347,20
7,347,20
7,347,20
7,347,20
7,347,20
7,347,20
7,347,20
7,347,20
7,347,20
7,347,20
7,347,20
7,347,20
7,347,20
7,347,20
7,347,20
7,347,20
7,347,20
7,347,20
7,347,20
7,347,20
7,347,20
7,347,20
7,6,20
7,6,20
7,6,20
7,6,20
7,6,20
7,6,20
7,6,20
7,6,20
7,6,20
7,6,20
7,6,20
7,6,20
7,6,20
7,6,20
7,6,20
7,6,20
7,6,20
7,6,20
7,6,20
7,6,20
7,6,20
7,6,20
327,337,20
327,337,20
327,337,20
327,337,20
327,337,20
327,337,20
327,337,20
327,337,20
327,337,20
327,337,20
327,337,20
327,337,20
327,337,20
327,337,20
327,337,20
327,337,20
327,337,20
327,337,20
327,337,20
327,337,20
327,337,20
327,337,20
327,337,20
327,337,20
327,329,20
327,329,20
327,329,20
327,329,20
327,329,20
327,329,20
327,329,20
327,329,20
327,329,20
327,329,20
327,329,20
327,329,20
327,329,20
327,329,20
327,329,20
327,329,20
327,329,20
327,329,20
327,329,20
327,329,20
327,329,20
327,329,20
327,329,20
327,329,20
327,329,20
327,329,20
327,329,20
327,329,20
327,329,20
327,329,20
327,329,20
327,329,20
327,329,20
327,329,20
327,329,20
327,339,20
327,339,20
327,339,20
327,339,20
327,339,20
327,339,20
327,339,20
327,339,20
327,339,20
327,339,20
327,339,20
327,339,20
327,339,20
327,339,20
327,339,20
327,339,20
327,339,20
327,339,20
327,323,20
327,323,20
327,323,20
327,323,20
327,323,20
327,323,20
327,323,20
327,323,20
327,323,20
327,323,20
327,323,20
327,323,20
327,323,20
327,323,20
327,323,20
327,323,20
327,323,20
327,323,20
327,323,20
327,323,20
327,323,20
327,323,20
327,323,20
327,323,20
327,323,20
327,323,20
327,323,20
327,323,20
327,323,20
327,323,20
327,323,20
327,323,20
327,343,20
327,343,20
327,343,20
327,343,20
327,343,20
327,343,20
327,343,20
327,343,20
327,343,20
327,343,20
327,340,20
327,340,20
327,340,20
327,340,20
327,340,20
327,340,20
327,340,20
327,340,20
327,340,20
327,340,20
327,340,20
327,310,20
327,310,20
327,310,20
327,310,20
327,310,20
327,310,20
327,310,20
327,310,20
327,310,20
327,310,20
327,310,20
327,326,20
327,326,20
327,326,20
327,326,20
327,326,20
327,326,20
327,326,20
327,326,20
327,326,20
327,326,20
327,326,20
327,326,20
327,326,20
327,326,20
327,326,20
327,326,20
327,326,20
327,326,20
327,326,20
327,326,20
327,326,20
327,326,20
327,326,20
327,326,20
327,355,20
327,355,20
327,355,20
327,355,20
327,355,20
327,355,20
327,355,20
327,355,20
327,355,20
327,336,20
327,336,20
327,336,20
327,336,20
327,336,20
327,336,20
327,336,20
327,336,20
327,336,20
327,336,20
327,336,20
327,336,20
327,336,20
327,336,20
327,336,20
327,336,20
327,336,20
327,336,20
327,336,20
327,336,20
327,336,20
327,336,20
327,336,20
327,336,20
327,336,20
327,336,20
327,336,20
327,355,20
327,355,20
327,355,20
327,355,20
327,355,20
327,355,20
327,355,20
327,355,20
327,355,20
327,355,20
327,355,20
327,355,20
327,355,20
327,355,20
327,355,20
327,355,20
327,355,20
327,355,20
327,355,20
327,318,20
327,318,20
327,318,20
327,318,20
327,318,20
327,318,20
327,318,20
327,331,20
327,331,20
327,331,20
327,331,20
327,331,20
327,331,20
327,331,20
327,331,20
327,331,20
327,331,20
327,331,20
327,331,20
327,331,20
327,331,20
327,331,20
327,331,20
327,331,20
327,331,20
327,331,20
327,331,20
327,331,20
327,331,20
327,331,20
327,331,20
327,331,20
327,331,20
327,331,20
327,331,20
327,331,20
327,331,20
327,331,20
327,331,20
327,331,20
327,331,20
327,348,20
327,348,20
327,348,20
327,348,20
327,348,20
327,348,20
327,348,20
327,348,20
327,348,20
327,348,20
327,348,20
287,322,20
287,322,20
287,322,20
287,322,20
287,322,20
287,322,20
287,322,20
287,322,20
287,322,20
287,322,20
287,322,20
287,322,20
287,322,20
287,264,20
287,264,20
287,264,20
287,264,20
287,264,20
287,264,20
287,264,20
287,282,20
287,282,20
287,282,20
287,282,20
287,282,20
287,282,20
287,282,20
287,282,20
287,282,20
287,282,20
287,282,20
287,282,20
287,282,20
287,282,20
287,282,20
287,282,20
287,282,20
287,282,20
287,282,20
287,282,20
287,282,20
287,282,20
287,321,20
287,321,20
287,321,20
287,321,20
287,321,20
287,321,20
287,321,20
287,321,20
287,321,20
287,321,20
287,321,20
287,321,20
287,321,20
287,321,20
287,321,20
287,321,20
287,321,20
287,321,20
287,321,20
287,272,20
287,272,20
287,272,20
287,272,20
287,272,20
287,272,20
287,272,20
287,272,20
287,272,20
287,272,20
287,272,20
287,253,20
287,253,20
287,253,20
287,253,20
287,253,20
287,253,20
287,253,20
287,253,20
287,253,20
287,253,20
287,253,20
287,253,20
287,253,20
287,253,20
287,253,20
287,253,20
287,253,20
287,253,20
287,253,20
287,253,20
287,253,20
287,253,20
287,253,20
287,253,20
287,253,20
287,253,20
287,253,20
287,253,20
287,253,20
287,253,20
287,253,20
287,253,20
287,253,20
287,253,20
287,253,20
287,253,20
287,253,20
287,253,20
287,253,20
287,253,20
287,253,20
287,253,20
287,253,20
287,253,20
287,253,20
287,253,20
287,253,20
287,253,20
287,253,20
287,253,20
287,253,20
287,253,20
287,253,20
287,253,20
287,253,20
287,253,20
287,253,20
287,253,20
287,253,20
287,302,20
287,302,20
287,302,20
287,302,20
287,302,20
287,302,20
287,302,20
287,327,20
287,327,20
287,327,20
287,327,20
287,327,20
287,327,20
287,327,20
287,327,20
287,327,20
287,327,20
287,327,20
287,327,20
287,327,20
287,327,20
287,327,20
287,327,20
287,327,20
287,327,20
287,327,20
287,327,20
287,327,20
287,327,20
287,327,20
287,327,20
287,327,20
287,327,20
287,327,20
287,327,20
287,327,20
287,327,20
287,327,20
287,327,20
287,327,20
287,327,20
287,327,20
287,327,20
287,327,20
287,327,20
287,327,20
287,327,20
287,327,20
287,327,20
287,327,20
287,327,20
287,327,20
287,327,20
287,327,20
287,327,20
287,327,20
287,327,20
287,327,20
287,327,20
287,327,20
287,254,20
287,254,20
287,254,20
287,254,20
287,254,20
287,254,20
287,254,20
287,254,20
287,254,20
287,319,20
287,319,20
287,319,20
287,319,20
287,319,20
287,319,20
287,306,20
287,306,20
287,306,20
287,306,20
287,306,20
287,306,20
287,306,20
287,306,20
287,306,20
287,306,20
287,306,20
287,306,20
287,306,20
287,306,20
287,306,20
287,306,20
287,306,20
287,306,20
287,306,20
287,306,20
287,306,20
287,306,20
287,306,20
287,306,20
287,306,20
287,306,20
287,306,20
287,306,20
287,306,20
287,306,20
287,306,20
287,306,20
287,306,20
287,316,20
287,316,20
287,316,20
287,316,20
287,316,20
287,316,20
287,316,20
287,316,20
287,316,20
287,316,20
287,316,20
287,316,20
287,316,20
287,316,20
287,316,20
287,316,20
287,316,20
287,316,20
287,316,20
287,316,20
287,316,20
287,316,20
287,316,20
287,316,20
287,316,20
287,316,20
287,316,20
287,316,20
287,316,20
287,316,20
287,316,20
287,316,20
287,316,20
287,293,20
287,293,20
287,293,20
287,293,20
287,293,20
287,293,20
287,293,20
287,293,20
287,293,20
287,293,20
287,294,20
287,294,20
287,294,20
287,294,20
287,294,20
287,294,20
287,294,20
287,294,20
287,294,20
287,294,20
287,294,20
287,294,20
287,294,20
287,294,20
287,294,20
287,294,20
287,294,20
287,294,20
287,294,20
287,294,20
287,294,20
287,294,20
287,294,20
287,294,20
287,294,20
287,294,20
287,294,20
287,294,20
287,294,20
267,259,20
267,259,20
267,259,20
267,259,20
267,259,20
267,259,20
267,259,20
267,259,20
267,259,20
267,259,20
267,259,20
267,259,20
267,259,20
267,259,20
267,259,20
267,259,20
267,259,20
267,259,20
267,259,20
267,259,20
267,259,20
267,259,20
267,259,20
267,291,20
267,291,20
267,291,20
267,291,20
267,291,20
267,291,20
267,291,20
267,291,20
267,291,20
267,247,20
267,247,20
267,247,20
267,247,20
267,247,20
267,247,20
267,247,20
267,247,20
267,247,20
267,247,20
267,247,20
267,247,20
267,247,20
267,247,20
267,247,20
267,247,20
267,247,20
267,247,20
267,247,20
267,261,20
267,261,20
267,261,20
267,261,20
267,261,20
267,261,20
267,261,20
267,279,20
267,279,20
267,279,20
267,279,20
267,279,20
267,279,20
267,279,20
267,279,20
267,279,20
267,279,20
267,279,20
267,279,20
267,279,20
267,279,20
267,279,20
267,301,20
267,301,20
267,301,20
267,301,20
267,301,20
267,301,20
267,301,20
267,301,20
267,301,20
267,304,20
267,304,20
267,304,20
267,304,20
267,304,20
267,304,20
267,304,20
267,304,20
267,304,20
267,304,20
267,304,20
267,304,20
267,304,20
267,304,20
267,275,20
267,275,20
267,275,20
267,275,20
267,275,20
267,275,20
267,275,20
267,275,20
267,275,20
267,275,20
267,275,20
267,298,20
267,298,20
267,298,20
267,298,20
267,298,20
267,298,20
267,298,20
267,298,20
267,298,20
267,298,20
267,298,20
267,298,20
267,298,20
267,298,20
267,298,20
267,298,20
267,298,20
267,298,20
267,298,20
267,298,20
267,298,20
267,298,20
267,298,20
267,298,20
267,298,20
267,298,20
267,298,20
267,298,20
267,298,20
267,272,20
267,272,20
267,272,20
267,272,20
267,272,20
267,272,20
267,272,20
267,272,20
267,272,20
267,272,20
267,272,20
267,272,20
267,272,20
267,272,20
267,272,20
267,272,20
267,272,20
267,272,20
267,272,20
267,272,20
267,283,20
267,283,20
267,283,20
267,283,20
267,283,20
267,283,20
267,283,20
267,283,20
267,283,20
267,283,20
267,283,20
267,283,20
267,283,20
267,283,20
267,283,20
267,283,20
267,283,20
267,283,20
267,283,20
267,283,20
267,283,20
267,283,20
267,283,20
267,273,20
267,273,20
267,273,20
267,273,20
267,273,20
267,273,20
267,273,20
267,273,20
267,273,20
267,273,20
267,273,20
267,273,20
267,273,20
267,273,20
267,273,20
267,273,20
267,273,20
267,273,20
267,273,20
267,273,20
267,273,20
267,273,20
267,273,20
267,273,20
267,253,20
267,253,20
267,253,20
267,253,20
267,253,20
267,253,20
267,253,20
267,253,20
267,253,20
267,253,20
267,253,20
267,253,20
267,253,20
267,253,20
267,253,20
267,269,20
267,269,20
267,269,20
267,269,20
267,269,20
267,269,20
267,269,20
267,269,20
267,269,20
267,269,20
267,269,20
267,269,20
267,269,20
267,269,20
267,269,20
267,269,20
307,272,20
307,272,20
307,272,20
307,272,20
307,272,20
307,272,20
307,272,20
307,272,20
307,272,20
307,272,20
307,272,20
307,272,20
307,272,20
307,272,20
307,272,20
307,334,20
307,334,20
307,334,20
307,334,20
307,334,20
307,334,20
307,334,20
307,334,20
307,334,20
307,334,20
307,334,20
307,334,20
307,334,20
307,334,20
307,334,20
307,334,20
307,334,20
307,334,20
307,334,20
307,334,20
307,334,20
307,334,20
307,334,20
307,334,20
307,334,20
307,334,20
307,334,20
307,334,20
307,334,20
307,334,20
307,334,20
307,334,20
307,334,20
307,334,20
307,334,20
307,334,20
307,334,20
307,334,20
307,334,20
307,334,20
307,334,20
307,334,20
307,334,20
307,334,20
307,334,20
307,334,20
307,324,20
307,324,20
307,324,20
307,324,20
307,324,20
307,324,20
307,324,20
307,324,20
307,324,20
307,324,20
307,324,20
307,324,20
307,324,20
307,324,20
307,324,20
307,324,20
307,324,20
307,324,20
307,324,20
307,324,20
307,324,20
307,324,20
307,324,20
307,324,20
307,324,20
307,324,20
307,324,20
307,324,20
307,324,20
307,324,20
307,324,20
307,324,20
307,324,20
307,324,20
307,324,20
307,324,20
307,324,20
307,324,20
307,324,20
307,324,20
307,324,20
307,324,20
307,324,20
307,324,20
307,286,20
307,286,20
307,286,20
307,286,20
307,286,20
307,286,20
307,286,20
307,286,20
307,286,20
307,286,20
307,286,20
307,286,20
307,286,20
307,286,20
307,286,20
307,286,20
307,286,20
307,286,20
307,286,20
307,286,20
307,286,20
307,286,20
307,286,20
307,286,20
307,286,20
307,286,20
307,286,20
307,286,20
307,286,20
307,286,20
307,286,20
307,286,20
307,298,20
307,298,20
307,298,20
307,298,20
307,298,20
307,298,20
307,298,20
307,298,20
307,298,20
307,298,20
307,298,20
307,298,20
307,298,20
307,298,20
307,298,20
307,298,20
307,298,20
307,298,20
307,298,20
307,298,20
307,298,20
307,298,20
307,298,20
307,298,20
307,298,20
307,321,20
307,321,20
307,321,20
307,321,20
307,321,20
307,321,20
307,321,20
307,287,20
307,287,20
307,287,20
307,287,20
307,287,20
307,287,20
307,287,20
307,287,20
307,287,20
307,287,20
307,287,20
307,287,20
307,287,20
307,287,20
307,287,20
307,287,20
307,287,20
307,287,20
307,287,20
307,287,20
307,287,20
307,287,20
307,287,20
307,287,20
307,287,20
307,287,20
347,351,20
347,351,20
347,351,20
347,351,20
347,351,20
347,351,20
347,351,20
347,351,20
347,351,20
347,351,20
347,2,20
347,2,20
347,2,20
347,2,20
347,2,20
347,2,20
347,2,20
347,2,20
347,2,20
347,2,20
347,2,20
347,2,20
347,2,20
347,2,20
347,2,20
347,2,20
347,2,20
347,2,20
347,2,20
347,2,20
347,2,20
347,2,20
347,2,20
347,2,20
347,2,20
347,2,20
347,2,20
347,2,20
347,2,20
347,2,20
347,311,20
347,311,20
347,311,20
347,311,20
347,311,20
347,311,20
347,311,20
347,311,20
347,311,20
347,311,20
347,319,20
347,319,20
347,319,20
347,319,20
347,319,20
347,319,20
347,319,20
347,319,20
347,337,20
347,337,20
347,337,20
347,337,20
347,337,20
347,337,20
347,337,20
347,337,20
347,337,20
347,337,20
347,337,20
347,337,20
347,337,20
347,337,20
347,337,20
347,337,20
347,337,20
347,352,20
347,352,20
347,352,20
347,352,20
347,352,20
347,352,20
347,352,20
347,352,20
347,352,20
347,352,20
347,352,20
347,352,20
347,352,20
347,352,20
347,345,20
347,345,20
347,345,20
347,345,20
347,345,20
347,345,20
347,345,20
347,345,20
347,345,20
347,345,20
347,345,20
347,345,20
347,345,20
347,345,20
347,345,20
347,345,20
347,345,20
347,345,20
347,345,20
347,345,20
347,345,20
347,345,20
347,345,20
347,345,20
347,345,20
347,345,20
347,345,20
347,343,20
347,343,20
347,343,20
347,343,20
347,343,20
347,343,20
347,343,20
347,343,20
347,343,20
347,343,20
347,343,20
347,343,20
347,343,20
347,343,20
347,317,20
347,317,20
347,317,20
347,317,20
347,317,20
347,317,20
347,317,20
347,317,20
347,317,20
347,317,20
347,317,20
347,317,20
347,317,20
347,317,20
347,317,20
347,317,20
347,317,20
347,317,20
347,317,20
347,317,20
347,317,20
347,317,20
347,317,20
347,317,20
347,317,20
347,317,20
347,317,20
347,317,20
347,317,20
347,317,20
347,317,20
347,317,20
347,317,20
347,317,20
347,317,20
347,317,20
347,317,20
347,317,20
347,317,20
347,317,20
347,317,20
347,317,20
347,317,20
347,317,20
347,317,20
347,317,20
347,317,20
347,9,20
347,9,20
347,9,20
347,9,20
347,9,20
347,9,20
347,9,20
347,9,20
347,9,20
347,9,20
347,9,20
347,9,20
347,9,20
347,9,20
347,9,20
347,9,20
347,9,20
347,9,20
347,9,20
347,9,20
347,9,20
347,9,20
317,332,20
317,332,20
317,332,20
317,332,20
317,332,20
317,332,20
317,332,20
317,332,20
317,332,20
317,332,20
317,332,20
317,332,20
317,332,20
317,332,20
317,332,20
317,332,20
317,332,20
317,4,20
317,4,20
317,4,20
317,4,20
317,4,20
317,4,20
317,4,20
317,4,20
317,4,20
317,4,20
317,4,20
317,4,20
317,4,20
317,4,20
317,4,20
317,4,20
317,4,20
317,4,20
317,4,20
317,4,20
317,4,20
317,4,20
317,329,20
317,329,20
317,329,20
317,329,20
317,329,20
317,329,20
317,329,20
317,329,20
317,329,20
317,329,20
317,329,20
317,329,20
317,329,20
317,329,20
317,329,20
317,329,20
317,329,20
317,329,20
317,329,20
317,329,20
317,329,20
317,329,20
317,329,20
317,329,20
317,329,20
317,329,20
317,329,20
317,329,20
317,329,20
317,329,20
317,329,20
317,329,20
317,329,20
317,329,20
317,329,20
317,329,20
317,329,20
317,329,20
317,329,20
317,329,20
317,329,20
317,329,20
317,329,20
317,329,20
317,329,20
317,329,20
317,329,20
317,329,20
317,329,20
317,329,20
317,329,20
317,329,20
317,329,20
317,320,20
317,320,20
317,320,20
317,320,20
317,320,20
317,320,20
317,320,20
317,320,20
317,320,20
317,320,20
317,320,20
317,320,20
317,320,20
317,320,20
317,320,20
317,320,20
317,320,20
317,320,20
317,320,20
317,320,20
317,320,20
317,309,20
317,309,20
317,309,20
317,309,20
317,309,20
317,309,20
317,309,20
317,309,20
317,309,20
317,309,20
317,309,20
317,309,20
317,309,20
317,309,20
317,309,20
317,309,20
317,309,20
317,309,20
317,309,20
317,309,20
317,309,20
317,309,20
317,309,20
317,309,20
317,309,20
317,309,20
317,309,20
317,309,20
317,309,20
317,309,20
317,309,20
317,309,20
317,309,20
317,309,20
317,309,20
317,309,20
317,309,20
317,309,20
317,309,20
317,309,20
317,270,20
317,270,20
317,270,20
317,270,20
317,270,20
317,270,20
317,270,20
317,270,20
317,270,20
317,270,20
317,270,20
297,300,20
297,300,20
297,300,20
297,300,20
297,300,20
297,300,20
297,300,20
297,300,20
297,300,20
297,300,20
297,300,20
297,300,20
297,300,20
297,300,20
297,300,20
297,300,20
297,300,20
297,300,20
297,300,20
297,300,20
297,300,20
297,300,20
297,300,20
297,300,20
297,300,20
297,300,20
297,300,20
297,300,20
297,300,20
297,300,20
297,300,20
297,300,20
297,300,20
297,300,20
297,300,20
297,300,20
297,300,20
297,300,20
297,300,20
297,300,20
297,300,20
297,300,20
297,320,20
297,320,20
297,320,20
297,320,20
297,320,20
297,320,20
297,320,20
297,320,20
297,320,20
297,274,20
297,274,20
297,274,20
297,274,20
297,274,20
297,274,20
297,274,20
297,274,20
297,274,20
297,274,20
297,274,20
297,274,20
297,274,20
297,274,20
297,274,20
297,274,20
297,274,20
297,283,20
297,283,20
297,283,20
297,283,20
297,283,20
297,283,20
297,283,20
297,283,20
297,283,20
297,283,20
297,283,20
297,283,20
297,283,20
297,283,20
297,283,20
297,283,20
297,283,20
297,283,20
297,283,20
297,283,20
297,283,20
297,283,20
297,283,20
297,283,20
297,283,20
297,283,20
297,283,20
297,283,20
297,283,20
297,283,20
297,283,20
297,283,20
297,283,20
297,245,20
297,245,20
297,245,20
297,245,20
297,245,20
297,245,20
297,277,20
297,277,20
297,277,20
297,277,20
297,277,20
297,277,20
297,277,20
297,277,20
297,296,20
297,296,20
297,296,20
297,296,20
297,296,20
297,296,20
297,296,20
297,296,20
297,296,20
297,296,20
297,296,20
297,286,20
297,286,20
297,286,20
297,286,20
297,286,20
297,286,20
297,286,20
297,286,20
297,286,20
297,286,20
297,286,20
297,286,20
297,286,20
297,286,20
297,286,20
297,286,20
297,286,20
297,286,20
297,286,20
297,286,20
297,286,20
297,286,20
297,286,20
297,286,20
297,286,20
297,286,20
297,286,20
297,286,20
297,286,20
297,286,20
297,284,20
297,284,20
297,284,20
297,284,20
297,284,20
297,284,20
297,284,20
297,284,20
297,284,20
297,284,20
297,284,20
297,284,20
297,284,20
297,284,20
297,284,20
297,284,20
297,284,20
297,284,20
297,284,20
297,289,20
297,289,20
297,289,20
297,289,20
297,289,20
297,289,20
297,289,20
297,289,20
297,289,20
297,289,20
297,289,20
297,289,20
297,289,20
297,289,20
297,289,20
297,289,20
297,289,20
297,289,20
297,289,20
297,289,20
297,289,20
297,289,20
297,289,20
297,289,20
297,289,20
297,289,20
297,289,20
297,289,20
297,289,20
297,289,20
297,289,20
297,289,20
297,289,20
297,289,20
297,289,20
297,289,20
297,289,20
297,289,20
297,289,20
297,289,20
297,289,20
297,289,20
297,289,20
257,228,20
257,228,20
257,228,20
257,228,20
257,228,20
257,228,20
257,228,20
257,228,20
257,246,20
257,246,20
257,246,20
257,246,20
257,246,20
257,246,20
257,246,20
257,246,20
257,246,20
257,246,20
257,246,20
257,246,20
257,246,20
257,246,20
257,257,20
257,257,20
257,257,20
257,257,20
257,257,20
257,257,20
257,257,20
257,257,20
257,257,20
257,257,20
257,256,20
257,256,20
257,256,20
257,256,20
257,256,20
257,256,20
257,256,20
257,256,20
257,256,20
257,216,20
257,216,20
257,216,20
257,216,20
257,216,20
257,216,20
257,216,20
257,216,20
257,259,20
257,259,20
257,259,20
257,259,20
257,259,20
257,259,20
257,259,20
257,259,20
257,259,20
257,259,20
257,259,20
257,275,20
257,275,20
257,275,20
257,275,20
257,275,20
257,275,20
257,275,20
257,275,20
257,275,20
257,275,20
257,275,20
257,275,20
257,275,20
257,275,20
257,275,20
257,275,20
257,275,20
257,275,20
257,275,20
257,275,20
257,275,20
257,275,20
257,275,20
257,275,20
257,275,20
257,275,20
257,275,20
257,275,20
257,275,20
257,275,20
257,275,20
257,275,20
257,275,20
257,275,20
257,275,20
257,275,20
257,275,20
257,275,20
257,275,20
257,275,20
257,275,20
257,275,20
257,275,20
257,275,20
257,275,20
257,290,20
257,290,20
257,290,20
257,290,20
257,290,20
257,290,20
257,290,20
257,290,20
257,225,20
257,225,20
257,225,20
257,225,20
257,225,20
257,225,20
257,225,20
257,225,20
257,225,20
257,225,20
257,278,20
257,278,20
257,278,20
257,278,20
257,278,20
257,278,20
257,278,20
257,278,20
257,278,20
257,278,20
257,278,20
257,278,20
257,278,20
257,278,20
257,278,20
257,278,20
257,278,20
257,278,20
257,278,20
257,278,20
257,278,20
257,278,20
257,278,20
257,233,20
257,233,20
257,233,20
257,233,20
257,233,20
257,233,20
257,233,20
257,233,20
257,233,20
257,233,20
257,233,20
257,233,20
257,233,20
257,233,20
257,233,20
257,233,20
257,233,20
257,233,20
257,233,20
257,233,20
257,233,20
257,233,20
257,233,20
257,233,20
257,233,20
257,233,20
257,233,20
257,233,20
257,233,20
257,233,20
257,233,20
257,233,20
257,233,20
257,233,20
257,233,20
257,233,20
257,233,20
257,233,20
257,233,20
257,233,20
257,233,20
257,233,20
257,233,20
257,233,20
257,233,20
257,233,20
257,233,20
257,233,20
257,233,20
257,233,20
257,233,20
257,231,20
257,231,20
257,231,20
257,231,20
257,231,20
257,231,20
287,298,20
287,298,20
287,298,20
287,298,20
287,298,20
287,298,20
287,298,20
287,298,20
287,281,20
287,281,20
287,281,20
287,281,20
287,281,20
287,281,20
287,281,20
287,281,20
287,281,20
287,281,20
287,281,20
287,281,20
287,281,20
287,281,20
287,258,20
287,258,20
287,258,20
287,258,20
287,258,20
287,258,20
287,258,20
287,258,20
287,258,20
287,258,20
287,258,20
287,258,20
287,258,20
287,258,20
287,258,20
287,258,20
287,258,20
287,258,20
287,258,20
287,258,20
287,258,20
287,258,20
287,258,20
287,258,20
287,258,20
287,258,20
287,258,20
287,258,20
287,258,20
287,258,20
287,258,20
287,258,20
287,258,20
287,258,20
287,258,20
287,258,20
287,258,20
287,258,20
287,258,20
287,258,20
287,258,20
287,258,20
287,258,20
287,258,20
287,258,20
287,258,20
287,258,20
287,258,20
287,258,20
287,258,20
287,258,20
287,258,20
287,258,20
287,258,20
287,258,20
287,258,20
287,258,20
287,258,20
287,258,20
287,258,20
287,304,20
287,304,20
287,304,20
287,304,20
287,304,20
287,304,20
287,304,20
287,304,20
287,304,20
287,304,20
287,304,20
287,304,20
287,304,20
287,304,20
287,304,20
287,304,20
287,304,20
287,304,20
287,304,20
287,304,20
287,304,20
287,304,20
287,304,20
287,275,20
287,275,20
287,275,20
287,275,20
287,275,20
287,275,20
287,275,20
287,275,20
287,275,20
287,275,20
287,275,20
287,275,20
287,275,20
287,275,20
287,275,20
287,275,20
287,302,20
287,302,20
287,302,20
287,302,20
287,302,20
287,302,20
287,283,20
287,283,20
287,283,20
287,283,20
287,283,20
287,283,20
287,283,20
287,283,20
287,283,20
287,283,20
287,283,20
287,283,20
287,283,20
287,283,20
287,283,20
287,283,20
287,283,20
287,283,20
287,318,20
287,318,20
287,318,20
287,318,20
287,318,20
287,318,20
287,318,20
287,318,20
287,318,20
287,318,20
287,318,20
287,318,20
287,318,20
287,318,20
287,318,20
287,318,20
287,318,20
257,261,20
257,261,20
257,261,20
257,261,20
257,261,20
257,261,20
257,261,20
257,261,20
257,261,20
257,261,20
257,261,20
257,261,20
257,261,20
257,261,20
257,261,20
257,261,20
257,261,20
257,261,20
257,261,20
257,261,20
257,261,20
257,261,20
257,261,20
257,279,20
257,279,20
257,279,20
257,279,20
257,279,20
257,279,20
257,241,20
257,241,20
257,241,20
257,241,20
257,241,20
257,241,20
257,241,20
257,241,20
257,241,20
257,241,20
257,241,20
257,229,20
257,229,20
257,229,20
257,229,20
257,229,20
257,229,20
257,229,20
257,229,20
257,229,20
257,229,20
257,229,20
257,229,20
257,229,20
257,229,20
257,229,20
257,229,20
257,229,20
257,229,20
257,229,20
257,229,20
257,229,20
257,229,20
257,229,20
257,229,20
257,229,20
257,229,20
257,229,20
257,229,20
257,229,20
257,229,20
257,229,20
257,229,20
257,229,20
257,229,20
257,229,20
257,229,20
257,229,20
257,229,20
257,229,20
257,229,20
257,229,20
257,229,20
257,229,20
257,229,20
257,253,20
257,253,20
257,253,20
257,253,20
257,253,20
257,253,20
257,253,20
257,253,20
257,253,20
257,253,20
257,253,20
257,253,20
257,242,20
257,242,20
257,242,20
257,242,20
257,242,20
257,242,20
257,242,20
257,242,20
257,242,20
257,242,20
257,242,20
257,242,20
257,242,20
257,242,20
257,242,20
257,242,20
257,242,20
257,242,20
257,242,20
257,242,20
257,242,20
257,242,20
257,242,20
257,258,20
257,258,20
257,258,20
257,258,20
257,258,20
257,258,20
257,258,20
257,258,20
257,258,20
257,258,20
257,258,20
257,258,20
257,258,20
257,249,20
257,249,20
257,249,20
257,249,20
257,249,20
257,249,20
257,249,20
257,249,20
257,269,20
257,269,20
257,269,20
257,269,20
257,269,20
257,269,20
257,269,20
257,269,20
257,234,20
257,234,20
257,234,20
257,234,20
257,234,20
257,234,20
257,234,20
257,234,20
257,234,20
257,234,20
257,234,20
257,234,20
257,234,20
257,234,20
257,234,20
257,234,20
257,234,20
257,234,20
257,234,20
257,234,20
257,234,20
257,234,20
257,237,20
257,237,20
257,237,20
257,237,20
257,237,20
257,237,20
257,237,20
257,283,20
257,283,20
257,283,20
257,283,20
257,283,20
257,283,20
257,283,20
257,283,20
257,283,20
257,283,20
257,283,20
257,283,20
257,283,20
257,283,20
257,283,20
257,283,20
257,283,20
257,283,20
257,283,20
257,283,20
257,283,20
257,283,20
257,283,20
257,239,20
257,239,20
257,239,20
257,239,20
257,239,20
257,239,20
257,239,20
257,239,20
257,239,20
257,239,20
257,239,20
257,239,20
257,239,20
257,239,20
257,239,20
257,239,20
257,239,20
257,239,20
257,239,20
257,239,20
257,239,20
257,239,20
257,239,20
257,239,20
257,239,20
257,239,20
257,239,20
257,239,20
257,239,20
257,239,20
287,297,20
287,297,20
287,297,20
287,297,20
287,297,20
287,297,20
287,297,20
287,305,20
287,305,20
287,305,20
287,305,20
287,305,20
287,305,20
287,305,20
287,305,20
287,305,20
287,305,20
287,305,20
287,305,20
287,305,20
287,271,20
287,271,20
287,271,20
287,271,20
287,271,20
287,271,20
287,271,20
287,271,20
287,271,20
287,271,20
287,271,20
287,271,20
287,271,20
287,271,20
287,271,20
287,271,20
287,271,20
287,271,20
287,271,20
287,271,20
287,271,20
287,271,20
287,271,20
287,271,20
287,271,20
287,271,20
287,271,20
287,271,20
287,271,20
287,271,20
287,271,20
287,271,20
287,271,20
287,271,20
287,271,20
287,271,20
287,271,20
287,271,20
287,271,20
287,271,20
287,271,20
287,271,20
287,271,20
287,298,20
287,298,20
287,298,20
287,298,20
287,298,20
287,298,20
287,298,20
287,298,20
287,298,20
287,298,20
287,298,20
287,298,20
287,275,20
287,275,20
287,275,20
287,275,20
287,275,20
287,275,20
287,275,20
287,275,20
287,275,20
287,275,20
287,275,20
287,275,20
287,275,20
287,275,20
287,275,20
287,275,20
287,275,20
287,275,20
287,275,20
287,275,20
287,275,20
287,275,20
287,275,20
287,275,20
287,275,20
287,275,20
287,275,20
287,320,20
287,320,20
287,320,20
287,320,20
287,320,20
287,320,20
287,288,20
287,288,20
287,288,20
287,288,20
287,288,20
287,288,20
287,288,20
287,288,20
287,296,20
287,296,20
287,296,20
287,296,20
287,296,20
287,296,20
287,296,20
287,296,20
287,296,20
287,296,20
287,296,20
287,296,20
287,296,20
287,296,20
287,296,20
287,296,20
287,296,20
287,296,20
287,296,20
287,296,20
287,296,20
287,296,20
287,296,20
287,296,20
287,296,20
287,296,20
287,296,20
287,296,20
287,296,20
287,296,20
287,296,20
287,296,20
287,296,20
287,296,20
287,296,20
287,296,20
287,296,20
287,296,20
287,296,20
287,296,20
287,296,20
287,296,20
287,296,20
287,271,20
287,271,20
287,271,20
287,271,20
287,271,20
287,271,20
287,271,20
287,271,20
287,273,20
287,273,20
287,273,20
287,273,20
287,273,20
287,273,20
287,273,20
287,273,20
287,273,20
287,273,20
287,273,20
287,273,20
287,273,20
287,273,20
287,273,20
287,273,20
287,271,20
287,271,20
287,271,20
287,271,20
287,271,20
287,271,20
287,271,20
257,237,20
257,237,20
257,237,20
257,237,20
257,237,20
257,237,20
257,237,20
257,237,20
257,237,20
257,237,20
257,237,20
257,237,20
257,237,20
257,237,20
257,237,20
257,237,20
257,237,20
257,237,20
257,237,20
257,237,20
257,237,20
257,237,20
257,237,20
257,237,20
257,237,20
257,260,20
257,260,20
257,260,20
257,260,20
257,260,20
257,260,20
257,260,20
257,260,20
257,260,20
257,260,20
257,260,20
257,260,20
257,260,20
257,260,20
257,260,20
257,260,20
257,260,20
257,260,20
257,260,20
257,260,20
257,260,20
257,260,20
257,260,20
257,260,20
257,260,20
257,260,20
257,260,20
257,260,20
257,273,20
257,273,20
257,273,20
257,273,20
257,273,20
257,273,20
257,273,20
257,273,20
257,273,20
257,273,20
257,273,20
257,273,20
257,273,20
257,273,20
257,273,20
257,273,20
257,273,20
257,273,20
257,273,20
257,273,20
257,273,20
257,273,20
257,256,20
257,256,20
257,256,20
257,256,20
257,256,20
257,256,20
257,256,20
257,256,20
257,256,20
257,256,20
257,256,20
257,256,20
257,256,20
257,256,20
257,256,20
257,256,20
257,256,20
257,256,20
257,256,20
257,256,20
257,256,20
257,256,20
257,256,20
257,256,20
257,256,20
257,256,20
257,256,20
257,256,20
257,256,20
257,256,20
257,256,20
257,256,20
257,256,20
257,256,20
257,256,20
257,256,20
257,256,20
257,256,20
257,256,20
257,256,20
257,256,20
257,256,20
257,256,20
257,256,20
257,248,20
257,248,20
257,248,20
257,248,20
257,248,20
257,248,20
257,248,20
257,248,20
257,248,20
257,248,20
257,248,20
257,248,20
257,248,20
257,248,20
257,248,20
257,248,20
257,248,20
257,244,20
257,244,20
257,244,20
257,244,20
257,244,20
257,244,20
257,244,20
257,244,20
257,244,20
257,244,20
257,244,20
257,244,20
257,244,20
257,244,20
257,244,20
257,244,20
257,244,20
257,265,20
257,265,20
257,265,20
257,265,20
257,265,20
257,265,20
257,227,20
257,227,20
257,227,20
257,227,20
257,227,20
257,227,20
257,227,20
257,227,20
257,227,20
257,227,20
257,227,20
257,249,20
257,249,20
257,249,20
257,249,20
257,249,20
257,249,20
257,249,20
257,249,20
257,253,20
257,253,20
257,253,20
257,253,20
257,253,20
257,253,20
257,253,20
257,253,20
257,253,20
257,253,20
257,253,20
257,253,20
257,253,20
257,253,20
257,253,20
257,253,20
257,253,20
257,253,20
257,253,20
257,253,20
257,253,20
257,253,20
257,253,20
257,253,20
257,253,20
257,253,20
257,253,20
257,253,20
257,253,20
257,253,20
257,253,20
257,258,20
257,258,20
257,258,20
257,258,20
257,258,20
257,258,20
257,258,20
257,281,20
257,281,20
257,281,20
257,281,20
257,281,20
257,281,20
257,281,20
257,281,20
257,281,20
257,281,20
257,281,20
257,281,20
257,281,20
257,281,20
257,281,20
257,281,20
257,281,20
257,281,20
257,281,20
257,281,20
257,281,20
257,281,20
257,281,20
257,281,20
257,250,20
257,250,20
257,250,20
257,250,20
257,250,20
257,250,20
257,250,20
257,250,20
257,250,20
257,250,20
257,250,20
227,247,20
227,247,20
227,247,20
227,247,20
227,247,20
227,247,20
227,247,20
227,247,20
227,247,20
227,247,20
227,247,20
227,247,20
227,247,20
227,247,20
227,243,20
227,243,20
227,243,20
227,243,20
227,243,20
227,243,20
227,243,20
227,243,20
227,243,20
227,243,20
227,243,20
227,243,20
227,243,20
227,243,20
227,243,20
227,243,20
227,243,20
227,243,20
227,243,20
227,243,20
227,243,20
227,243,20
227,243,20
227,243,20
227,243,20
227,243,20
227,243,20
227,243,20
227,243,20
227,243,20
227,243,20
227,243,20
227,243,20
227,243,20
227,243,20
227,243,20
227,243,20
227,243,20
227,243,20
227,243,20
227,243,20
227,243,20
227,243,20
227,243,20
227,243,20
227,265,20
227,265,20
227,265,20
227,265,20
227,265,20
227,265,20
227,265,20
227,265,20
227,265,20
227,265,20
227,265,20
227,265,20
227,265,20
227,265,20
227,265,20
227,265,20
227,265,20
227,265,20
227,233,20
227,233,20
227,233,20
227,233,20
227,233,20
227,233,20
227,233,20
227,233,20
227,233,20
227,233,20
227,233,20
227,233,20
227,233,20
227,233,20
227,233,20
227,233,20
227,233,20
227,262,20
227,262,20
227,262,20
227,262,20
227,262,20
227,262,20
227,262,20
227,262,20
227,262,20
227,262,20
227,262,20
227,262,20
227,262,20
227,262,20
227,262,20
227,262,20
227,262,20
227,262,20
227,260,20
227,260,20
227,260,20
227,260,20
227,260,20
227,260,20
227,260,20
227,260,20
227,260,20
227,260,20
227,260,20
227,180,20
227,180,20
227,180,20
227,180,20
227,180,20
227,180,20
227,180,20
227,180,20
227,180,20
227,183,20
227,183,20
227,183,20
227,183,20
227,183,20
227,183,20
227,183,20
227,183,20
227,183,20
227,183,20
227,183,20
227,183,20
227,183,20
227,183,20
227,183,20
227,183,20
227,183,20
227,183,20
227,183,20
227,183,20
227,183,20
227,183,20
227,183,20
227,249,20
227,249,20
227,249,20
227,249,20
227,249,20
227,249,20
227,249,20
227,249,20
227,249,20
227,249,20
227,249,20
227,249,20
227,249,20
227,249,20
227,249,20
227,249,20
227,249,20
227,249,20
227,249,20
227,249,20
227,212,20
227,212,20
227,212,20
227,212,20
227,212,20
227,212,20
227,212,20
227,212,20
227,212,20
227,231,20
227,231,20
227,231,20
227,231,20
227,231,20
227,231,20
227,231,20
227,231,20
227,225,20
227,225,20
227,225,20
227,225,20
227,225,20
227,225,20
227,225,20
227,225,20
227,225,20
227,225,20
227,225,20
227,225,20
227,225,20
227,225,20
227,225,20
227,225,20
227,225,20
227,225,20
227,225,20
227,225,20
227,225,20
227,225,20
227,225,20
227,225,20
227,225,20
227,225,20
227,225,20
227,225,20
227,225,20
227,246,20
227,246,20
227,246,20
227,246,20
227,246,20
227,246,20
227,246,20
227,246,20
227,233,20
227,233,20
227,233,20
227,233,20
227,233,20
227,233,20
227,233,20
227,233,20
227,233,20
227,233,20
227,233,20
227,233,20
227,233,20
227,205,20
227,205,20
227,205,20
227,205,20
227,205,20
227,205,20
227,205,20
227,205,20
227,205,20
227,205,20
227,205,20
227,205,20
227,205,20
227,205,20
227,205,20
227,205,20
227,205,20
227,205,20
227,205,20
227,205,20
227,205,20
227,205,20
227,205,20
227,205,20
227,205,20
227,205,20
227,205,20
227,205,20
227,205,20
227,205,20
227,205,20
227,205,20
227,205,20
227,205,20
227,205,20
227,205,20
247,238,20
247,238,20
247,238,20
247,238,20
247,238,20
247,238,20
247,238,20
247,238,20
247,238,20
247,238,20
247,238,20
247,238,20
247,238,20
247,238,20
247,238,20
247,238,20
247,238,20
247,238,20
247,238,20
247,238,20
247,238,20
247,238,20
247,238,20
247,238,20
247,238,20
247,254,20
247,254,20
247,254,20
247,254,20
247,254,20
247,254,20
247,254,20
247,269,20
247,269,20
247,269,20
247,269,20
247,269,20
247,269,20
247,269,20
247,269,20
247,269,20
247,269,20
247,265,20
247,265,20
247,265,20
247,265,20
247,265,20
247,265,20
247,239,20
247,239,20
247,239,20
247,239,20
247,239,20
247,239,20
247,219,20
247,219,20
247,219,20
247,219,20
247,219,20
247,219,20
247,219,20
247,219,20
247,219,20
247,219,20
247,219,20
247,219,20
247,219,20
247,219,20
247,219,20
247,219,20
247,219,20
247,219,20
247,219,20
247,219,20
247,219,20
247,219,20
247,219,20
247,219,20
247,219,20
247,219,20
247,270,20
247,270,20
247,270,20
247,270,20
247,270,20
247,270,20
247,270,20
247,270,20
247,270,20
247,270,20
247,270,20
247,270,20
247,270,20
247,270,20
247,270,20
247,270,20
247,270,20
247,270,20
247,270,20
247,270,20
247,270,20
247,270,20
247,270,20
247,270,20
247,270,20
247,270,20
247,270,20
247,270,20
247,270,20
247,270,20
247,270,20
247,270,20
247,270,20
247,270,20
247,270,20
247,270,20
247,270,20
247,270,20
247,270,20
247,270,20
247,270,20
247,270,20
247,270,20
247,270,20
247,270,20
247,270,20
247,270,20
247,270,20
247,270,20
247,270,20
247,270,20
247,270,20
247,270,20
247,270,20
247,270,20
247,240,20
247,240,20
247,240,20
247,240,20
247,240,20
247,240,20
247,240,20
247,240,20
247,247,20
247,247,20
247,247,20
247,247,20
247,247,20
247,247,20
247,247,20
247,247,20
247,247,20
247,247,20
247,247,20
247,247,20
247,247,20
247,247,20
217,224,20
217,224,20
217,224,20
217,224,20
217,224,20
217,224,20
217,224,20
217,224,20
217,224,20
217,224,20
217,224,20
217,224,20
217,224,20
217,197,20
217,197,20
217,197,20
217,197,20
217,197,20
217,197,20
217,197,20
217,197,20
217,197,20
217,197,20
217,197,20
217,197,20
217,197,20
217,197,20
217,197,20
217,197,20
217,183,20
217,183,20
217,183,20
217,183,20
217,183,20
217,183,20
217,183,20
217,183,20
217,183,20
217,183,20
217,183,20
217,183,20
217,183,20
217,183,20
217,183,20
217,183,20
217,183,20
217,231,20
217,231,20
217,231,20
217,231,20
217,231,20
217,231,20
217,231,20
217,231,20
217,231,20
217,231,20
217,231,20
217,231,20
217,231,20
217,231,20
217,231,20
217,231,20
217,226,20
217,226,20
217,226,20
217,226,20
217,226,20
217,226,20
217,226,20
217,226,20
217,226,20
217,226,20
217,226,20
217,226,20
217,226,20
217,226,20
217,226,20
217,226,20
217,240,20
217,240,20
217,240,20
217,240,20
217,240,20
217,240,20
217,240,20
217,240,20
217,240,20
217,240,20
217,240,20
217,240,20
217,240,20
217,240,20
217,240,20
217,240,20
217,240,20
217,240,20
217,240,20
217,240,20
217,240,20
217,240,20
217,240,20
217,240,20
217,240,20
217,240,20
217,240,20
217,240,20
217,240,20
217,240,20
217,240,20
217,240,20
217,236,20
217,236,20
217,236,20
217,236,20
217,236,20
217,236,20
217,236,20
217,236,20
217,236,20
217,236,20
217,236,20
217,236,20
217,236,20
217,236,20
217,236,20
217,236,20
217,236,20
217,236,20
217,236,20
217,236,20
217,236,20
217,236,20
217,236,20
217,236,20
217,236,20
217,236,20
217,236,20
217,236,20
217,236,20
217,236,20
217,236,20
217,236,20
217,236,20
217,236,20
217,202,20
217,202,20
217,202,20
217,202,20
217,202,20
217,202,20
217,202,20
217,202,20
217,202,20
217,202,20
217,202,20
217,209,20
217,209,20
217,209,20
217,209,20
217,209,20
217,209,20
217,209,20
217,209,20
217,209,20
217,209,20
247,247,20
247,247,20
247,247,20
247,247,20
247,247,20
247,247,20
247,247,20
247,247,20
247,247,20
247,247,20
247,228,20
247,228,20
247,228,20
247,228,20
247,228,20
247,228,20
247,228,20
247,228,20
247,228,20
247,228,20
247,228,20
247,228,20
247,228,20
247,228,20
247,228,20
247,228,20
247,228,20
247,228,20
247,228,20
247,228,20
247,228,20
247,228,20
247,228,20
247,228,20
247,279,20
247,279,20
247,279,20
247,279,20
247,279,20
247,279,20
247,279,20
247,279,20
247,279,20
247,279,20
247,279,20
247,279,20
247,279,20
247,279,20
247,279,20
247,279,20
247,279,20
247,279,20
247,279,20
247,279,20
247,279,20
247,279,20
247,279,20
247,279,20
247,279,20
247,279,20
247,279,20
247,279,20
247,279,20
247,279,20
247,279,20
247,279,20
247,279,20
247,279,20
247,279,20
247,279,20
247,279,20
247,279,20
247,279,20
247,279,20
247,279,20
247,279,20
247,279,20
247,279,20
247,279,20
247,279,20
247,279,20
247,279,20
247,279,20
247,279,20
247,279,20
247,279,20
247,279,20
247,279,20
247,279,20
247,279,20
247,245,20
247,245,20
247,245,20
247,245,20
247,245,20
247,245,20
247,245,20
247,245,20
247,245,20
247,245,20
247,245,20
247,245,20
247,245,20
247,245,20
247,245,20
247,245,20
247,248,20
247,248,20
247,248,20
247,248,20
247,248,20
247,248,20
247,248,20
247,248,20
247,248,20
247,248,20
247,248,20
247,248,20
247,248,20
247,248,20
247,248,20
247,248,20
247,248,20
247,248,20
247,248,20
247,248,20
247,248,20
247,248,20
247,248,20
247,248,20
247,248,20
247,248,20
247,248,20
247,217,20
247,217,20
247,217,20
247,217,20
247,217,20
247,217,20
247,217,20
247,217,20
247,217,20
247,217,20
247,217,20
247,217,20
247,217,20
247,217,20
247,217,20
247,217,20
247,217,20
247,217,20
247,217,20
247,217,20
247,217,20
247,217,20
247,217,20
247,217,20
247,217,20
247,217,20
247,217,20
247,217,20
247,217,20
247,217,20
247,217,20
247,217,20
247,217,20
247,217,20
247,217,20
287,287,20
287,287,20
287,287,20
287,287,20
287,287,20
287,287,20
287,287,20
287,260,20
287,260,20
287,260,20
287,260,20
287,260,20
287,260,20
287,260,20
287,260,20
287,260,20
287,260,20
287,260,20
287,260,20
287,260,20
287,260,20
287,260,20
287,260,20
287,260,20
287,260,20
287,260,20
287,260,20
287,260,20
287,260,20
287,260,20
287,260,20
287,260,20
287,260,20
287,260,20
287,260,20
287,260,20
287,260,20
287,260,20
287,260,20
287,260,20
287,260,20
287,260,20
287,260,20
287,260,20
287,260,20
287,260,20
287,260,20
287,260,20
287,260,20
287,260,20
287,260,20
287,260,20
287,260,20
287,260,20
287,260,20
287,260,20
287,260,20
287,260,20
287,260,20
287,260,20
287,260,20
287,260,20
287,255,20
287,255,20
287,255,20
287,255,20
287,255,20
287,255,20
287,255,20
287,255,20
287,273,20
287,273,20
287,273,20
287,273,20
287,273,20
287,273,20
287,273,20
287,273,20
287,273,20
287,273,20
287,273,20
287,273,20
287,273,20
287,273,20
287,273,20
287,273,20
287,273,20
287,273,20
287,273,20
287,273,20
287,287,20
287,287,20
287,287,20
287,287,20
287,287,20
287,287,20
287,287,20
287,287,20
287,287,20
287,287,20
287,287,20
287,287,20
287,287,20
287,287,20
287,287,20
287,287,20
287,320,20
287,320,20
287,320,20
287,320,20
287,320,20
287,320,20
287,320,20
287,320,20
287,320,20
287,320,20
287,320,20
287,320,20
287,320,20
287,320,20
287,320,20
287,320,20
287,320,20
287,320,20
287,320,20
287,320,20
287,320,20
287,320,20
287,320,20
287,320,20
287,320,20
287,320,20
287,320,20
287,320,20
287,320,20
287,320,20
287,320,20
287,303,20
287,303,20
287,303,20
287,303,20
287,303,20
287,303,20
287,303,20
287,303,20
287,303,20
287,303,20
287,303,20
287,303,20
287,303,20
287,303,20
287,303,20
287,303,20
287,303,20
287,318,20
287,318,20
287,318,20
287,318,20
287,318,20
287,318,20
287,318,20
287,318,20
287,318,20
287,318,20
287,318,20
287,292,20
287,292,20
287,292,20
287,292,20
287,292,20
287,292,20
287,292,20
287,292,20
287,292,20
287,292,20
287,292,20
287,292,20
287,292,20
287,292,20
287,292,20
287,292,20
287,292,20
287,292,20
287,292,20
287,292,20
287,292,20
287,292,20
287,292,20
287,292,20
287,292,20
287,292,20
287,292,20
287,307,20
287,307,20
287,307,20
287,307,20
287,307,20
287,307,20
287,307,20
287,307,20
287,307,20
287,307,20
287,307,20
287,256,20
287,256,20
287,256,20
287,256,20
287,256,20
287,256,20
287,256,20
287,256,20
287,256,20
287,256,20
287,256,20
287,256,20
287,256,20
287,256,20
287,256,20
287,256,20
287,256,20
287,273,20
287,273,20
287,273,20
287,273,20
287,273,20
287,273,20
287,273,20
287,273,20
287,273,20
287,273,20
327,327,20
327,327,20
327,327,20
327,327,20
327,327,20
327,327,20
327,327,20
327,327,20
327,327,20
327,327,20
327,327,20
327,327,20
327,327,20
327,327,20
327,327,20
327,327,20
327,327,20
327,327,20
327,327,20
327,327,20
327,337,20
327,337,20
327,337,20
327,337,20
327,337,20
327,337,20
327,337,20
327,337,20
327,337,20
327,337,20
327,337,20
327,337,20
327,337,20
327,337,20
327,337,20
327,337,20
327,337,20
327,337,20
327,337,20
327,337,20
327,337,20
327,337,20
327,337,20
327,337,20
327,337,20
327,337,20
327,337,20
327,337,20
327,337,20
327,337,20
327,337,20
327,314,20
327,314,20
327,314,20
327,314,20
327,314,20
327,314,20
327,314,20
327,314,20
327,325,20
327,325,20
327,325,20
327,325,20
327,325,20
327,325,20
327,325,20
327,325,20
327,325,20
327,325,20
327,325,20
327,325,20
327,325,20
327,325,20
327,325,20
327,325,20
327,325,20
327,325,20
327,325,20
327,325,20
327,325,20
327,325,20
327,325,20
327,325,20
327,325,20
327,325,20
327,325,20
327,325,20
327,298,20
327,298,20
327,298,20
327,298,20
327,298,20
327,298,20
327,324,20
327,324,20
327,324,20
327,324,20
327,324,20
327,324,20
327,324,20
327,324,20
327,324,20
327,324,20
327,324,20
327,324,20
327,324,20
327,324,20
327,324,20
327,324,20
327,324,20
327,324,20
327,324,20
327,324,20
327,324,20
327,324,20
327,324,20
327,324,20
327,324,20
327,324,20
327,324,20
327,324,20
327,324,20
327,324,20
327,324,20
327,324,20
327,324,20
327,324,20
327,324,20
327,324,20
327,324,20
327,324,20
327,324,20
327,324,20
327,324,20
327,324,20
327,324,20
327,338,20
327,338,20
327,338,20
327,338,20
327,338,20
327,338,20
327,338,20
327,338,20
327,338,20
327,338,20
327,338,20
327,338,20
327,338,20
327,338,20
327,338,20
327,338,20
327,338,20
327,338,20
327,338,20
327,338,20
327,338,20
327,338,20
327,338,20
327,338,20
327,338,20
327,302,20
327,302,20
327,302,20
327,302,20
327,302,20
327,302,20
327,302,20
327,294,20
327,294,20
327,294,20
327,294,20
327,294,20
327,294,20
327,294,20
327,294,20
327,294,20
327,294,20
327,294,20
327,294,20
327,294,20
327,294,20
327,294,20
327,294,20
327,294,20
327,294,20
327,294,20
327,294,20
327,294,20
327,294,20
327,294,20
327,294,20
327,294,20
327,294,20
327,294,20
327,294,20
327,294,20
327,336,20
327,336,20
327,336,20
327,336,20
327,336,20
327,336,20
327,336,20
327,336,20
327,336,20
327,336,20
327,336,20
327,336,20
327,336,20
327,336,20
327,336,20
327,336,20
327,336,20
327,336,20
327,336,20
327,336,20
327,336,20
327,336,20
327,330,20
327,330,20
327,330,20
327,330,20
327,330,20
327,330,20
327,330,20
327,330,20
327,330,20
327,330,20
327,330,20
327,330,20
327,330,20
327,330,20
327,330,20
327,330,20
327,330,20
327,330,20
357,349,20
357,349,20
357,349,20
357,349,20
357,349,20
357,349,20
357,349,20
357,349,20
357,349,20
357,349,20
357,349,20
357,349,20
357,349,20
357,349,20
357,349,20
357,349,20
357,349,20
357,349,20
357,349,20
357,349,20
357,349,20
357,349,20
357,349,20
357,356,20
357,356,20
357,356,20
357,356,20
357,356,20
357,356,20
357,356,20
357,356,20
357,356,20
357,356,20
357,356,20
357,356,20
357,356,20
357,356,20
357,354,20
357,354,20
357,354,20
357,354,20
357,354,20
357,354,20
357,354,20
357,354,20
357,354,20
357,354,20
357,354,20
357,354,20
357,354,20
357,354,20
357,354,20
357,354,20
357,354,20
357,354,20
357,354,20
357,354,20
357,354,20
357,354,20
357,354,20
357,354,20
357,354,20
357,354,20
357,354,20
357,354,20
357,354,20
357,354,20
357,354,20
357,354,20
357,354,20
357,354,20
357,354,20
357,354,20
357,354,20
357,354,20
357,354,20
357,354,20
357,354,20
357,354,20
357,354,20
357,354,20
357,354,20
357,354,20
357,354,20
357,354,20
357,354,20
357,354,20
357,354,20
357,354,20
357,354,20
357,354,20
357,9,20
357,9,20
357,9,20
357,9,20
357,9,20
357,9,20
357,9,20
357,9,20
357,9,20
357,9,20
357,9,20
357,9,20
357,9,20
357,9,20
357,9,20
357,9,20
357,9,20
357,9,20
357,9,20
357,9,20
357,9,20
357,0,20
357,0,20
357,0,20
357,0,20
357,0,20
357,0,20
357,0,20
357,0,20
357,0,20
357,0,20
357,0,20
357,0,20
357,0,20
357,0,20
357,0,20
357,0,20
357,0,20
357,0,20
357,0,20
357,0,20
357,0,20
357,0,20
357,0,20
357,0,20
357,0,20
357,0,20
357,0,20
357,0,20
357,0,20
357,0,20
357,0,20
357,0,20
357,0,20
357,0,20
357,0,20
357,0,20
357,0,20
357,0,20
357,0,20
357,0,20
357,0,20
357,0,20
357,0,20
357,11,20
357,11,20
357,11,20
357,11,20
357,11,20
357,11,20
357,11,20
357,11,20
357,321,20
357,321,20
357,321,20
357,321,20
357,321,20
357,321,20
357,321,20
357,321,20
357,321,20
357,321,20
357,321,20
357,321,20
357,321,20
357,321,20
357,321,20
357,321,20
357,321,20
357,321,20
357,321,20
357,5,20
357,5,20
357,5,20
357,5,20
357,5,20
357,5,20
357,5,20
357,5,20
357,5,20
357,5,20
357,5,20
357,5,20
357,5,20
357,5,20
357,5,20
357,347,20
357,347,20
357,347,20
357,347,20
357,347,20
357,347,20
357,347,20
357,347,20
357,347,20
357,15,20
357,15,20
357,15,20
357,15,20
357,15,20
357,15,20
357,15,20
357,15,20
357,15,20
357,15,20
357,15,20
357,15,20
357,15,20
357,15,20
357,15,20
357,15,20
357,15,20
357,15,20
357,15,20
357,15,20
357,15,20
357,15,20
357,15,20
357,15,20
357,15,20
357,15,20
357,15,20
357,15,20
357,15,20
357,15,20
357,15,20
357,15,20
337,355,20
337,355,20
337,355,20
337,355,20
337,355,20
337,355,20
337,355,20
337,355,20
337,355,20
337,355,20
337,355,20
337,355,20
337,355,20
337,355,20
337,355,20
337,355,20
337,355,20
337,355,20
337,355,20
337,355,20
337,355,20
337,355,20
337,355,20
337,355,20
337,355,20
337,355,20
337,355,20
337,355,20
337,355,20
337,355,20
337,355,20
337,355,20
337,355,20
337,340,20
337,340,20
337,340,20
337,340,20
337,340,20
337,340,20
337,340,20
337,340,20
337,340,20
337,340,20
337,340,20
337,340,20
337,340,20
337,340,20
337,340,20
337,340,20
337,340,20
337,340,20
337,340,20
337,340,20
337,340,20
337,340,20
337,340,20
337,340,20
337,340,20
337,320,20
337,320,20
337,320,20
337,320,20
337,320,20
337,320,20
337,320,20
337,320,20
337,320,20
337,320,20
337,6,20
337,6,20
337,6,20
337,6,20
337,6,20
337,6,20
337,6,20
337,6,20
337,6,20
337,6,20
337,6,20
337,6,20
337,6,20
337,6,20
337,6,20
337,6,20
337,6,20
337,6,20
337,6,20
337,6,20
337,6,20
337,6,20
337,6,20
337,6,20
337,6,20
337,357,20
337,357,20
337,357,20
337,357,20
337,357,20
337,357,20
337,357,20
337,357,20
337,357,20
337,357,20
337,357,20
337,331,20
337,331,20
337,331,20
337,331,20
337,331,20
337,331,20
337,331,20
337,334,20
337,334,20
337,334,20
337,334,20
337,334,20
337,334,20
337,334,20
337,334,20
337,334,20
337,334,20
337,334,20
337,334,20
337,334,20
337,334,20
337,334,20
337,334,20
337,334,20
337,334,20
337,334,20
337,334,20
337,334,20
337,334,20
337,334,20
337,334,20
337,334,20
337,334,20
337,334,20
337,334,20
337,334,20
337,334,20
337,334,20
337,334,20
337,335,20
337,335,20
337,335,20
337,335,20
337,335,20
337,335,20
337,335,20
337,335,20
337,335,20
337,335,20
337,335,20
337,335,20
337,335,20
337,335,20
337,335,20
337,335,20
337,335,20
337,335,20
337,335,20
337,335,20
337,335,20
337,335,20
337,335,20
337,335,20
337,335,20
337,335,20
337,335,20
337,335,20
337,335,20
337,335,20
337,4,20
337,4,20
337,4,20
337,4,20
337,4,20
337,4,20
337,4,20
337,4,20
337,4,20
337,4,20
337,4,20
337,4,20
337,4,20
337,4,20
337,4,20
337,4,20
337,4,20
337,4,20
337,359,20
337,359,20
337,359,20
337,359,20
337,359,20
337,359,20
337,359,20
337,359,20
337,359,20
337,334,20
337,334,20
337,334,20
337,334,20
337,334,20
337,334,20
337,334,20
337,334,20
337,334,20
337,334,20
337,334,20
337,334,20
337,334,20
337,349,20
337,349,20
337,349,20
337,349,20
337,349,20
337,349,20
337,337,20
337,337,20
337,337,20
337,337,20
337,337,20
337,337,20
337,337,20
337,337,20
337,334,20
337,334,20
337,334,20
337,334,20
337,334,20
337,334,20
337,334,20
337,334,20
337,334,20
337,334,20
337,334,20
337,334,20
337,334,20
337,334,20
337,334,20
337,334,20
337,334,20
337,334,20
337,334,20
337,334,20
337,334,20
337,334,20
337,334,20
337,334,20
337,334,20
337,330,20
337,330,20
337,330,20
337,330,20
337,330,20
337,330,20
337,330,20
337,330,20
17,26,20
17,26,20
17,26,20
17,26,20
17,26,20
17,26,20
17,26,20
17,26,20
17,26,20
17,26,20
17,26,20
17,26,20
17,38,20
17,38,20
17,38,20
17,38,20
17,38,20
17,38,20
17,38,20
17,10,20
17,10,20
17,10,20
17,10,20
17,10,20
17,10,20
17,10,20
17,10,20
17,10,20
17,348,20
17,348,20
17,348,20
17,348,20
17,348,20
17,348,20
17,348,20
17,348,20
17,348,20
17,348,20
17,348,20
17,348,20
17,348,20
17,348,20
17,348,20
17,348,20
17,348,20
17,348,20
17,348,20
17,348,20
17,348,20
17,348,20
17,348,20
17,348,20
17,348,20
17,348,20
17,348,20
17,348,20
17,348,20
17,348,20
17,348,20
17,348,20
17,348,20
17,348,20
17,348,20
17,348,20
17,348,20
17,348,20
17,348,20
17,348,20
17,8,20
17,8,20
17,8,20
17,8,20
17,8,20
17,8,20
17,8,20
17,8,20
17,43,20
17,43,20
17,43,20
17,43,20
17,43,20
17,43,20
17,43,20
17,43,20
17,43,20
17,43,20
17,43,20
17,43,20
17,43,20
17,9,20
17,9,20
17,9,20
17,9,20
17,9,20
17,9,20
17,9,20
17,9,20
17,9,20
17,9,20
17,34,20
17,34,20
17,34,20
17,34,20
17,34,20
17,34,20
17,34,20
17,34,20
17,34,20
17,34,20
17,34,20
17,34,20
17,34,20
17,34,20
17,34,20
17,34,20
17,34,20
17,34,20
17,42,20
17,42,20
17,42,20
17,42,20
17,42,20
17,42,20
17,42,20
17,42,20
17,42,20
17,42,20
17,42,20
17,42,20
17,42,20
17,12,20
17,12,20
17,12,20
17,12,20
17,12,20
17,12,20
17,12,20
17,12,20
17,12,20
17,12,20
17,12,20
17,12,20
17,12,20
17,26,20
17,26,20
17,26,20
17,26,20
17,26,20
17,26,20
17,26,20
17,26,20
17,26,20
17,26,20
17,26,20
17,26,20
17,13,20
17,13,20
17,13,20
17,13,20
17,13,20
17,13,20
17,13,20
17,13,20
17,13,20
17,13,20
17,13,20
17,13,20
17,13,20
17,13,20
17,13,20
17,13,20
17,13,20
17,13,20
17,13,20
17,13,20
17,13,20
17,13,20
17,13,20
17,13,20
17,13,20
17,13,20
17,13,20
17,13,20
17,13,20
17,13,20
17,13,20
17,13,20
17,13,20
17,13,20
17,13,20
337,325,20
337,325,20
337,325,20
337,325,20
337,325,20
337,325,20
337,325,20
337,325,20
337,325,20
337,325,20
337,325,20
337,325,20
337,325,20
337,325,20
337,325,20
337,325,20
337,325,20
337,325,20
337,325,20
337,325,20
337,325,20
337,325,20
337,325,20
337,325,20
337,325,20
337,325,20
337,325,20
337,325,20
337,329,20
337,329,20
337,329,20
337,329,20
337,329,20
337,329,20
337,329,20
337,329,20
337,329,20
337,329,20
337,329,20
337,329,20
337,329,20
337,329,20
337,329,20
337,329,20
337,329,20
337,329,20
337,351,20
337,351,20
337,351,20
337,351,20
337,351,20
337,351,20
337,351,20
337,351,20
337,351,20
337,351,20
337,351,20
337,351,20
337,351,20
337,351,20
337,351,20
337,351,20
337,351,20
337,351,20
337,351,20
337,351,20
337,351,20
337,351,20
337,351,20
337,351,20
337,351,20
337,351,20
337,351,20
337,351,20
337,351,20
337,351,20
337,351,20
337,351,20
337,351,20
337,351,20
337,313,20
337,313,20
337,313,20
337,313,20
337,313,20
337,313,20
337,313,20
337,313,20
337,331,20
337,331,20
337,331,20
337,331,20
337,331,20
337,331,20
337,331,20
337,331,20
337,331,20
337,331,20
337,331,20
337,331,20
337,331,20
337,331,20
337,331,20
337,331,20
337,331,20
337,331,20
337,331,20
337,331,20
337,331,20
337,322,20
337,322,20
337,322,20
337,322,20
337,322,20
337,322,20
337,322,20
337,322,20
337,322,20
337,322,20
337,322,20
337,322,20
337,322,20
337,322,20
337,322,20
337,322,20
337,322,20
337,322,20
337,322,20
337,322,20
337,322,20
337,322,20
337,322,20
337,322,20
337,322,20
337,322,20
337,322,20
337,322,20
337,322,20
337,322,20
337,322,20
337,322,20
337,322,20
337,322,20
337,322,20
337,322,20
337,322,20
337,322,20
337,322,20
337,322,20
337,322,20
337,322,20
337,322,20
337,322,20
337,322,20
337,322,20
337,319,20
337,319,20
337,319,20
337,319,20
337,319,20
337,319,20
337,319,20
337,319,20
337,319,20
337,319,20
337,319,20
337,319,20
337,319,20
337,319,20
337,319,20
337,319,20
337,319,20
337,319,20
337,319,20
337,319,20
337,4,20
337,4,20
337,4,20
337,4,20
337,4,20
337,4,20
337,4,20
337,4,20
337,4,20
337,4,20
337,4,20
337,4,20
337,4,20
337,4,20
337,4,20
337,4,20
337,4,20
337,4,20
337,4,20
337,4,20
337,4,20
337,4,20
337,4,20
337,302,20
337,302,20
337,302,20
337,302,20
337,302,20
337,302,20
337,302,20
337,302,20
337,302,20
337,302,20
337,302,20
337,302,20
337,302,20
337,302,20
337,302,20
337,302,20
337,302,20
337,302,20
337,302,20
337,302,20
337,328,20
337,328,20
337,328,20
337,328,20
337,328,20
337,328,20
337,328,20
337,328,20
337,328,20
337,328,20
337,38,20
337,38,20
337,38,20
337,38,20
337,38,20
337,38,20
337,38,20
337,38,20
337,38,20
337,38,20
337,38,20
337,38,20
337,38,20
337,38,20
337,38,20
337,38,20
337,38,20
337,38,20
337,38,20
337,38,20
337,38,20
337,289,20
337,289,20
337,289,20
337,289,20
337,289,20
337,289,20
337,289,20
337,289,20
337,289,20
337,289,20
337,289,20
337,289,20
337,289,20
337,289,20
337,289,20
337,289,20
337,289,20
337,289,20
337,289,20
337,289,20
337,289,20
337,337,20
337,337,20
337,337,20
337,337,20
337,337,20
337,337,20
337,337,20
337,337,20
337,337,20
337,337,20
337,337,20
317,335,20
317,335,20
317,335,20
317,335,20
317,335,20
317,335,20
317,335,20
317,335,20
317,335,20
317,335,20
317,335,20
317,335,20
317,335,20
317,335,20
317,335,20
317,335,20
317,335,20
317,335,20
317,335,20
317,335,20
317,335,20
317,335,20
317,335,20
317,335,20
317,335,20
317,335,20
317,335,20
317,335,20
317,335,20
317,335,20
317,335,20
317,335,20
317,335,20
317,335,20
317,335,20
317,335,20
317,335,20
317,335,20
317,335,20
317,335,20
317,335,20
317,335,20
317,335,20
317,335,20
317,309,20
317,309,20
317,309,20
317,309,20
317,309,20
317,309,20
317,309,20
317,309,20
317,309,20
317,309,20
317,309,20
317,340,20
317,340,20
317,340,20
317,340,20
317,340,20
317,340,20
317,340,20
317,340,20
317,340,20
317,340,20
317,340,20
317,340,20
317,340,20
317,340,20
317,340,20
317,340,20
317,340,20
317,340,20
317,340,20
317,340,20
317,340,20
317,340,20
317,340,20
317,340,20
317,325,20
317,325,20
317,325,20
317,325,20
317,325,20
317,325,20
317,325,20
317,325,20
317,325,20
317,325,20
317,325,20
317,325,20
317,325,20
317,325,20
317,325,20
317,325,20
317,325,20
317,325,20
317,325,20
317,325,20
317,325,20
317,325,20
317,325,20
317,325,20
317,325,20
317,325,20
317,325,20
317,325,20
317,325,20
317,325,20
317,325,20
317,325,20
317,325,20
317,325,20
317,325,20
317,325,20
317,325,20
317,325,20
317,325,20
317,325,20
317,350,20
317,350,20
317,350,20
317,350,20
317,350,20
317,350,20
317,320,20
317,320,20
317,320,20
317,320,20
317,320,20
317,320,20
317,320,20
317,320,20
317,320,20
317,320,20
317,320,20
317,320,20
317,320,20
317,320,20
317,320,20
317,320,20
317,320,20
317,320,20
317,309,20
317,309,20
317,309,20
317,309,20
317,309,20
317,309,20
317,309,20
317,309,20
317,309,20
317,309,20
317,309,20
317,309,20
317,309,20
317,309,20
317,309,20
317,309,20
317,309,20
317,309,20
317,309,20
317,21,20
317,21,20
317,21,20
317,21,20
317,21,20
317,21,20
317,21,20
317,312,20
317,312,20
317,312,20
317,312,20
317,312,20
317,312,20
317,312,20
317,312,20
317,312,20
317,312,20
317,312,20
317,312,20
317,312,20
317,312,20
317,312,20
317,312,20
317,312,20
317,312,20
317,312,20
317,312,20
317,312,20
317,312,20
317,312,20
317,312,20
317,312,20
317,312,20
287,292,20
287,292,20
287,292,20
287,292,20
287,292,20
287,292,20
287,292,20
287,292,20
287,292,20
287,292,20
287,292,20
287,292,20
287,292,20
287,292,20
287,292,20
287,292,20
287,292,20
287,292,20
287,292,20
287,292,20
287,292,20
287,292,20
287,292,20
287,292,20
287,292,20
287,292,20
287,292,20
287,292,20
287,292,20
287,292,20
287,292,20
287,292,20
287,292,20
287,292,20
287,292,20
287,292,20
287,281,20
287,281,20
287,281,20
287,281,20
287,281,20
287,281,20
287,281,20
287,281,20
287,281,20
287,281,20
287,281,20
287,281,20
287,281,20
287,281,20
287,281,20
287,281,20
287,281,20
287,281,20
287,281,20
287,281,20
287,281,20
287,281,20
287,281,20
287,281,20
287,281,20
287,281,20
287,281,20
287,281,20
287,281,20
287,281,20
287,281,20
287,281,20
287,281,20
287,281,20
287,281,20
287,281,20
287,281,20
287,281,20
287,281,20
287,281,20
287,281,20
287,281,20
287,281,20
287,281,20
287,281,20
287,281,20
287,281,20
287,281,20
287,281,20
287,271,20
287,271,20
287,271,20
287,271,20
287,271,20
287,271,20
287,271,20
287,271,20
287,271,20
287,271,20
287,271,20
287,297,20
287,297,20
287,297,20
287,297,20
287,297,20
287,297,20
287,297,20
287,297,20
287,297,20
287,297,20
287,297,20
287,297,20
287,297,20
287,297,20
287,297,20
287,297,20
287,297,20
287,297,20
287,297,20
287,297,20
287,297,20
287,297,20
287,297,20
287,297,20
287,297,20
287,297,20
287,297,20
287,297,20
287,297,20
287,297,20
287,297,20
287,297,20
287,297,20
287,279,20
287,279,20
287,279,20
287,279,20
287,279,20
287,279,20
287,279,20
287,279,20
287,279,20
287,279,20
287,279,20
287,279,20
287,279,20
287,283,20
287,283,20
287,283,20
287,283,20
287,283,20
287,283,20
287,283,20
287,283,20
287,283,20
287,283,20
287,283,20
287,283,20
287,283,20
287,283,20
287,283,20
287,283,20
287,283,20
287,283,20
287,283,20
287,283,20
287,283,20
287,283,20
287,283,20
287,283,20
287,283,20
287,283,20
287,283,20
287,283,20
287,283,20
287,283,20
287,283,20
287,283,20
287,283,20
287,283,20
287,283,20
287,283,20
287,283,20
287,283,20
287,283,20
287,320,20
287,320,20
287,320,20
287,320,20
287,320,20
287,320,20
287,320,20
267,258,20
267,258,20
267,258,20
267,258,20
267,258,20
267,258,20
267,258,20
267,258,20
267,258,20
267,258,20
267,258,20
267,258,20
267,258,20
267,258,20
267,258,20
267,258,20
267,258,20
267,258,20
267,258,20
267,258,20
267,258,20
267,258,20
267,258,20
267,258,20
267,258,20
267,258,20
267,258,20
267,258,20
267,258,20
267,258,20
267,258,20
267,258,20
267,258,20
267,258,20
267,276,20
267,276,20
267,276,20
267,276,20
267,276,20
267,276,20
267,276,20
267,276,20
267,276,20
267,276,20
267,276,20
267,276,20
267,276,20
267,276,20
267,276,20
267,276,20
267,276,20
267,276,20
267,276,20
267,276,20
267,276,20
267,276,20
267,276,20
267,276,20
267,276,20
267,276,20
267,276,20
267,276,20
267,287,20
267,287,20
267,287,20
267,287,20
267,287,20
267,287,20
267,287,20
267,287,20
267,287,20
267,287,20
267,287,20
267,287,20
267,287,20
267,287,20
267,287,20
267,287,20
267,287,20
267,287,20
267,287,20
267,287,20
267,287,20
267,287,20
267,287,20
267,287,20
267,287,20
267,287,20
267,287,20
267,287,20
267,287,20
267,287,20
267,287,20
267,287,20
267,287,20
267,264,20
267,264,20
267,264,20
267,264,20
267,264,20
267,264,20
267,264,20
267,263,20
267,263,20
267,263,20
267,263,20
267,263,20
267,263,20
267,263,20
267,263,20
267,263,20
267,263,20
267,263,20
267,263,20
267,263,20
267,263,20
267,263,20
267,263,20
267,263,20
267,263,20
267,263,20
267,263,20
267,269,20
267,269,20
267,269,20
267,269,20
267,269,20
267,269,20
267,269,20
267,269,20
267,269,20
267,269,20
267,269,20
267,269,20
267,269,20
267,297,20
267,297,20
267,297,20
267,297,20
267,297,20
267,297,20
267,297,20
267,297,20
267,272,20
267,272,20
267,272,20
267,272,20
267,272,20
267,272,20
267,272,20
267,272,20
267,272,20
267,271,20
267,271,20
267,271,20
267,271,20
267,271,20
267,271,20
267,271,20
267,271,20
267,271,20
267,271,20
267,271,20
267,271,20
267,271,20
267,271,20
267,271,20
267,271,20
267,271,20
267,271,20
267,271,20
267,271,20
267,271,20
267,271,20
267,271,20
267,271,20
267,271,20
267,271,20
267,271,20
267,271,20
267,271,20
267,271,20
267,288,20
267,288,20
267,288,20
267,288,20
267,288,20
267,288,20
267,250,20
267,250,20
267,250,20
267,250,20
267,250,20
267,250,20
267,250,20
267,250,20
227,230,20
227,230,20
227,230,20
227,230,20
227,230,20
227,230,20
227,230,20
227,230,20
227,230,20
227,230,20
227,230,20
227,230,20
227,230,20
227,230,20
227,230,20
227,230,20
227,230,20
227,230,20
227,230,20
227,230,20
227,210,20
227,210,20
227,210,20
227,210,20
227,210,20
227,210,20
227,210,20
227,210,20
227,210,20
227,210,20
227,210,20
227,210,20
227,210,20
227,210,20
227,210,20
227,210,20
227,210,20
227,210,20
227,210,20
227,210,20
227,210,20
227,238,20
227,238,20
227,238,20
227,238,20
227,238,20
227,238,20
227,238,20
227,238,20
227,238,20
227,238,20
227,238,20
227,238,20
227,238,20
227,238,20
227,238,20
227,238,20
227,238,20
227,238,20
227,238,20
227,238,20
227,238,20
227,238,20
227,238,20
227,238,20
227,238,20
227,238,20
227,211,20
227,211,20
227,211,20
227,211,20
227,211,20
227,211,20
227,211,20
227,224,20
227,224,20
227,224,20
227,224,20
227,224,20
227,224,20
227,224,20
227,224,20
227,224,20
227,224,20
227,224,20
227,224,20
227,224,20
227,224,20
227,224,20
227,224,20
227,224,20
227,224,20
227,224,20
227,224,20
227,224,20
227,224,20
227,224,20
227,238,20
227,238,20
227,238,20
227,238,20
227,238,20
227,238,20
227,238,20
227,238,20
227,238,20
227,238,20
227,238,20
227,238,20
227,247,20
227,247,20
227,247,20
227,247,20
227,247,20
227,247,20
227,247,20
227,247,20
227,259,20
227,259,20
227,259,20
227,259,20
227,259,20
227,259,20
227,259,20
227,259,20
227,259,20
227,259,20
227,259,20
227,259,20
227,259,20
227,259,20
227,259,20
227,259,20
227,259,20
227,259,20
227,259,20
227,259,20
227,259,20
227,259,20
227,259,20
227,259,20
227,259,20
227,259,20
227,259,20
227,259,20
227,259,20
227,259,20
227,259,20
227,259,20
227,259,20
227,259,20
227,259,20
227,194,20
227,194,20
227,194,20
227,194,20
227,194,20
227,194,20
227,194,20
227,194,20
227,194,20
227,194,20
227,194,20
227,194,20
227,238,20
227,238,20
227,238,20
227,238,20
227,238,20
227,238,20
227,238,20
227,238,20
227,238,20
227,238,20
227,238,20
227,238,20
227,238,20
227,238,20
227,238,20
227,238,20
227,238,20
227,238,20
227,238,20
227,238,20
227,238,20
227,238,20
227,238,20
227,238,20
227,244,20
227,244,20
227,244,20
227,244,20
227,244,20
227,244,20
227,244,20
227,244,20
227,244,20
227,244,20
227,244,20
227,244,20
227,244,20
227,244,20
227,244,20
227,244,20
227,244,20
227,244,20
227,244,20
227,244,20
227,244,20
227,244,20
227,244,20
227,244,20
227,244,20
227,244,20
227,244,20
227,244,20
227,244,20
227,244,20
227,244,20
227,244,20
227,244,20
227,244,20
227,244,20
227,240,20
227,240,20
227,240,20
227,240,20
227,240,20
227,240,20
227,240,20
227,240,20
227,240,20
227,240,20
227,240,20
227,240,20
227,240,20
227,240,20
227,240,20
227,240,20
227,240,20
227,240,20
227,240,20
227,240,20
227,240,20
227,240,20
227,200,20
227,200,20
227,200,20
227,200,20
227,200,20
227,200,20
227,200,20
227,200,20
227,200,20
227,200,20
227,200,20
227,200,20
187,167,20
187,167,20
187,167,20
187,167,20
187,167,20
187,167,20
187,167,20
187,167,20
187,167,20
187,167,20
187,167,20
187,167,20
187,167,20
187,167,20
187,167,20
187,167,20
187,167,20
187,167,20
187,167,20
187,167,20
187,167,20
187,167,20
187,167,20
187,167,20
187,167,20
187,167,20
187,167,20
187,167,20
187,167,20
187,187,20
187,187,20
187,187,20
187,187,20
187,187,20
187,187,20
187,187,20
187,187,20
187,187,20
187,187,20
187,187,20
187,187,20
187,187,20
187,187,20
187,187,20
187,187,20
187,187,20
187,187,20
187,187,20
187,187,20
187,187,20
187,187,20
187,187,20
187,187,20
187,187,20
187,187,20
187,187,20
187,187,20
187,187,20
187,187,20
187,187,20
187,187,20
187,169,20
187,169,20
187,169,20
187,169,20
187,169,20
187,169,20
187,169,20
187,169,20
187,169,20
187,185,20
187,185,20
187,185,20
187,185,20
187,185,20
187,185,20
187,185,20
187,185,20
187,185,20
187,185,20
187,185,20
187,185,20
187,185,20
187,185,20
187,185,20
187,185,20
187,185,20
187,185,20
187,185,20
187,185,20
187,185,20
187,185,20
187,185,20
187,185,20
187,185,20
187,185,20
187,185,20
187,185,20
187,185,20
187,185,20
187,185,20
187,185,20
187,185,20
187,185,20
187,185,20
187,185,20
187,185,20
187,185,20
187,185,20
187,185,20
187,185,20
187,185,20
187,185,20
187,185,20
187,141,20
187,141,20
187,141,20
187,141,20
187,141,20
187,141,20
187,141,20
187,141,20
187,141,20
187,141,20
187,141,20
187,141,20
187,141,20
187,141,20
187,141,20
187,141,20
187,141,20
187,156,20
187,156,20
187,156,20
187,156,20
187,156,20
187,156,20
187,156,20
187,156,20
187,156,20
187,156,20
187,156,20
187,156,20
187,156,20
187,156,20
187,156,20
